UNID,NoteID,ParentUNID,Created,Modified,LastUpdatedBy,Attachments,RequesterKey,Name,Rank,DODAAC,UIC,UnitName,Role,Phone,Email,CreatedDate,LookupKey
75634932A5C9F1EC3FDABC005702DAE1,B0A,,01/23/2012 09:50:48,01/23/2012 09:50:48,CN=Theodore Blankenship/OU=TroopSupport/O=DLA,,WX8FA6~c.ostrowski,Carl Ostrowski-Lane,GS-09,WX8FA6,WW8YBA,1st Special Forces Group (Airborne),Protocol Officer,(302) 555-1171,carl.ostrowski.mil@example.mil,01/23/2012,WX8FA6~C.OSTROWSKI
9C25FEB320AD0B7802B38B6FC9E9B625,B0E,,12/08/2018 12:11:06,12/08/2018 12:11:06,CN=Lorraine Whitcombe/OU=CHPSID/O=TACOM,,WH3P1L~p.zimmerly,Patricia Zimmerly,SFC,WH3P1L,W0G1Y0,U.S. Army Human Resources Command,Protocol Officer,(410) 555-1462,patricia.zimmerly.mil@example.mil,12/08/2018,WH3P1L~P.ZIMMERLY
4596717B5D519A91F8A8CE236C80E0ED,B12,,01/30/2019 15:10:49,01/30/2019 15:10:49,CN=Theodore Blankenship/OU=TroopSupport/O=DLA,,WN4V1D~m.saldivar,Melissa Saldivar,SFC,WN4V1D,WW92EA,34th Infantry Division (Minnesota Army National Guard),Supply Sergeant,(540) 555-1818,melissa.saldivar.mil@example.mil,01/30/2019,WN4V1D~M.SALDIVAR
C3F1ED415D4BAC6E8A42A21A6622E2BD,B16,,03/28/2010 17:59:10,03/28/2010 17:59:10,CN=Lorraine Whitcombe/OU=CHPSID/O=TACOM,,WEKX1S~j.beddingfield,Joshua Beddingfield,SFC,WEKX1S,W9LMPA,"3rd Brigade Combat Team, 82nd Airborne Division",Protocol Officer,(215) 555-1811,joshua.beddingfield.mil@example.mil,03/28/2010,WEKX1S~J.BEDDINGFIELD
56453C4997D898D2F549C84D2EC0273F,B1A,,09/08/2010 11:00:31,09/08/2010 11:00:31,CN=Ret Hamlin/OU=CHPSID/O=TACOM,,WS36CV~a.isherwood,Angela Isherwood,CW2,WS36CV,WE4TTA,XVIII Airborne Corps Headquarters and Headquarters Battalion,S4,(540) 555-1514,angela.isherwood.mil@example.mil,09/08/2010,WS36CV~A.ISHERWOOD
61AA1F0DAF79A9B0D6A61ECEC6BE9B1B,B1E,,10/20/2014 10:32:49,10/20/2014 10:32:49,CN=Ret Hamlin/OU=CHPSID/O=TACOM,,WLJR6V~m.ellsworthy,Mark Ellsworthy,GS-09,WLJR6V,WZFPDA,U.S. Army Communications-Electronics Command,S4,(540) 555-1900,mark.ellsworthy.mil@example.mil,10/20/2014,WLJR6V~M.ELLSWORTHY
9EFB24D63868D2DDB4653DDE5C36779A,B22,,12/17/2007 12:59:03,12/17/2007 12:59:03,CN=Lorraine Whitcombe/OU=CHPSID/O=TACOM,,WWY02J~j.quarterman,Jessica Quarterman,SSG,WWY02J,WQT35A,"3rd Armored Brigade Combat Team, 1st Armored Division",Unit Commander,(302) 555-1471,jessica.quarterman.mil@example.mil,12/17/2007,WWY02J~J.QUARTERMAN
8B97101267F1DA2D1DC059FCEDA7E7E0,B26,,02/27/2026 13:05:33,02/27/2026 13:05:33,CN=Ret Hamlin/OU=CHPSID/O=TACOM,,WHU4WF~h.quinonez,Heather Quinonez,SGT,WHU4WF,WFAB70,"2nd Brigade Combat Team, 82nd Airborne Division",Property Book Officer,(410) 555-1578,heather.quinonez.mil@example.mil,02/27/2026,WHU4WF~H.QUINONEZ
64CB5610F56FDAF827C6652D752197E2,B2A,,03/06/2020 12:42:57,03/06/2020 12:42:57,CN=Theodore Blankenship/OU=TroopSupport/O=DLA,,WBM3V6~t.marrowbridge,Timothy Marrowbridge,MSG,WBM3V6,W8PC8A,"3rd Infantry Brigade Combat Team, 25th Infantry Division",Unit Commander,(302) 555-1472,timothy.marrowbridge.mil@example.mil,03/06/2020,WBM3V6~T.MARROWBRIDGE
889590990D16F516D9D81C57C8CE1174,B2E,,03/02/2017 07:08:50,03/02/2017 07:08:50,CN=Theodore Blankenship/OU=TroopSupport/O=DLA,,WBM3V6~b.underhill,Brandon Underhill-Voss,SFC,WBM3V6,W8PC8A,"3rd Infantry Brigade Combat Team, 25th Infantry Division",Unit Commander,(302) 555-1252,brandon.underhill.mil@example.mil,03/02/2017,WBM3V6~B.UNDERHILL
8903820E8AB52861D3103837047E76BA,B32,,12/19/2005 12:00:42,12/19/2005 12:00:42,CN=Lorraine Whitcombe/OU=CHPSID/O=TACOM,,WJMM59~r.northway,Ryan Northway,2LT,WJMM59,WT44KA,"3rd Infantry Brigade Combat Team, 10th Mountain Division",Supply Sergeant,(484) 555-1411,ryan.northway.mil@example.mil,12/19/2005,WJMM59~R.NORTHWAY
24C7B23C56782AA9FA7DBEC87D06E794,B36,,06/09/2018 12:32:36,06/09/2018 12:32:36,CN=Dwayne Petrakis/OU=CHPSID/O=TACOM,,W351T4~j.pemberley,James Pemberley,SFC,W351T4,WHNH8A,3rd U.S. Infantry Regiment (The Old Guard),Property Book Officer,(410) 555-1105,james.pemberley.mil@example.mil,06/09/2018,W351T4~J.PEMBERLEY
3B31B07A4641540255A3934E3B432F88,B3A,,05/23/2005 12:27:04,05/23/2005 12:27:04,CN=Ret Hamlin/OU=CHPSID/O=TACOM,,W3HFA3~c.norquist,Carol Norquist,CPT,W3HFA3,W4PPHA,28th Infantry Division (Pennsylvania Army National Guard),Protocol Officer,(267) 555-1091,carol.norquist.mil@example.mil,05/23/2005,W3HFA3~C.NORQUIST
2819B5C248ACF51FB90DD1E8D17E9801,B3E,,10/28/2010 09:59:53,10/28/2010 09:59:53,CN=Lorraine Whitcombe/OU=CHPSID/O=TACOM,,W3JPW6~j.hollinbeck,Jennifer Hollinbeck,MAJ,W3JPW6,WQDL80,"2nd Armored Brigade Combat Team, 1st Cavalry Division",Unit Commander,(215) 555-1134,jennifer.hollinbeck.mil@example.mil,10/28/2010,W3JPW6~J.HOLLINBECK
9FCA2DBDB06FDD6E23DAE458F22AB68C,B42,,08/31/2020 15:52:58,08/31/2020 15:52:58,CN=Lorraine Whitcombe/OU=CHPSID/O=TACOM,,WG43NM~c.stroudmoor,Carol Stroudmoor,CW2,WG43NM,W5XU10,20th Engineer Brigade (Combat) (Airborne),Supply Sergeant,(717) 555-1290,carol.stroudmoor.mil@example.mil,08/31/2020,WG43NM~C.STROUDMOOR
103400B1CC1DD8C8217521CB01E69767,B46,,08/20/2020 14:14:55,08/20/2020 14:14:55,CN=Theodore Blankenship/OU=TroopSupport/O=DLA,,WQB1WS~s.castellanos,Sarah Castellanos,SGT,WQB1WS,W4LVU0,41st Field Artillery Brigade,Other,(410) 555-1359,sarah.castellanos.mil@example.mil,08/20/2020,WQB1WS~S.CASTELLANOS
38EB252FBDCFB70C540445D8E24458DB,B4A,,06/04/2025 13:15:23,06/04/2025 13:15:23,CN=Dwayne Petrakis/OU=CHPSID/O=TACOM,,WSL7SS~a.delgadillo,Anthony Delgadillo,CW2,WSL7SS,W72TJ0,32nd Army Air and Missile Defense Command,Supply Sergeant,(267) 555-1069,anthony.delgadillo.mil@example.mil,06/04/2025,WSL7SS~A.DELGADILLO
85284921B706F960524E5078C14240CF,B4E,,06/30/2026 07:42:33,06/30/2026 07:42:33,CN=Dwayne Petrakis/OU=CHPSID/O=TACOM,,WSPEAM~c.ahlquist,Christopher Ahlquist-Bane,CW2,WSPEAM,WLS87A,4th Infantry Division Sustainment Brigade,Other,(267) 555-1374,christopher.ahlquist.mil@example.mil,06/30/2026,WSPEAM~C.AHLQUIST
02E20FA15C513D919EC0BAF6A345EB2A,B52,,12/06/2021 12:33:56,12/06/2021 12:33:56,CN=Dwayne Petrakis/OU=CHPSID/O=TACOM,,WXYU7G~g.greaves,Gary Greaves-Tolan,2LT,WXYU7G,WHG29A,"2nd Infantry Brigade Combat Team, 25th Infantry Division",Executive Officer,(267) 555-1098,gary.greaves.mil@example.mil,12/06/2021,WXYU7G~G.GREAVES
66BFBC58A58E9CEE17B33CA887D38C6F,B56,,07/28/2014 17:49:50,07/28/2014 17:49:50,CN=Dwayne Petrakis/OU=CHPSID/O=TACOM,,W3Z4SG~h.ostrowski,Helen Ostrowski-Lane,MAJ,W3Z4SG,WQZP2A,18th Field Artillery Brigade,S4,(717) 555-1262,helen.ostrowski.mil@example.mil,07/28/2014,W3Z4SG~H.OSTROWSKI
28284B3C06F6F5D00428C7097725A503,B5A,,01/31/2019 09:16:21,01/31/2019 09:16:21,CN=Lorraine Whitcombe/OU=CHPSID/O=TACOM,,WVUTXQ~l.underhill,Luis Underhill-Voss,CW2,WVUTXQ,W0QRDA,17th Field Artillery Brigade,Unit Commander,(610) 555-1168,luis.underhill.mil@example.mil,01/31/2019,WVUTXQ~L.UNDERHILL
96A067E41CBBE0F7B8765BE72849B2F0,B5E,,12/24/2004 08:38:29,12/24/2004 08:38:29,CN=Lorraine Whitcombe/OU=CHPSID/O=TACOM,,W3HFA3~k.zimmerly,Karen Zimmerly,MSG,W3HFA3,W4PPHA,28th Infantry Division (Pennsylvania Army National Guard),S4,(610) 555-1755,karen.zimmerly.mil@example.mil,12/24/2004,W3HFA3~K.ZIMMERLY
3CD88CEB20D5731BE4DE6C1A3E729705,B62,,08/09/2025 07:13:48,08/09/2025 07:13:48,CN=Ret Hamlin/OU=CHPSID/O=TACOM,,WH3P1L~d.thornbury,Darnell Thornbury,GS-09,WH3P1L,W0G1Y0,U.S. Army Human Resources Command,Property Book Officer,(610) 555-1263,darnell.thornbury.mil@example.mil,08/09/2025,WH3P1L~D.THORNBURY
5C6F45CC8999BB19BC42FB364E54D527,B66,,10/23/2009 12:03:12,10/23/2009 12:03:12,CN=Ret Hamlin/OU=CHPSID/O=TACOM,,W53EJL~m.fairweather,Michael Fairweather,SFC,W53EJL,WTDFEA,U.S. Army Sustainment Command,S4,(717) 555-1523,michael.fairweather.mil@example.mil,10/23/2009,W53EJL~M.FAIRWEATHER
BFE3F6204BCA085982146DEB2E376585,B6A,,01/27/2017 15:31:56,01/27/2017 15:31:56,CN=Dwayne Petrakis/OU=CHPSID/O=TACOM,,W8YAN7~j.quimbley,Jeffrey Quimbley,MAJ,W8YAN7,W65260,"3rd Armored Brigade Combat Team, 4th Infantry Division",Supply Sergeant,(610) 555-1778,jeffrey.quimbley.mil@example.mil,01/27/2017,W8YAN7~J.QUIMBLEY
250D824A10047F2B84A872DD9B4968B4,B6E,,11/29/2015 08:32:31,11/29/2015 08:32:31,CN=Theodore Blankenship/OU=TroopSupport/O=DLA,,W4FZXV~t.ostrowski,Thomas Ostrowski-Lane,SGT,W4FZXV,WU0RUA,U.S. Army Special Operations Command,Supply Sergeant,(717) 555-1220,thomas.ostrowski.mil@example.mil,11/29/2015,W4FZXV~T.OSTROWSKI
1AC44E92917B11298A6AFB6EFCED4BFC,B72,,02/09/2023 14:21:56,02/09/2023 14:21:56,CN=Theodore Blankenship/OU=TroopSupport/O=DLA,,WAY862~s.jessup,Stephanie Jessup-Kane,MAJ,WAY862,WZV67A,12th Combat Aviation Brigade,Executive Officer,(856) 555-1498,stephanie.jessup.mil@example.mil,02/09/2023,WAY862~S.JESSUP
1B0C8D6570F81E8A0835F602CB4695CD,B76,,04/25/2012 11:46:41,04/25/2012 11:46:41,CN=Lorraine Whitcombe/OU=CHPSID/O=TACOM,,WMPNRL~b.gastrelle,Brian Gastrelle,1LT,WMPNRL,W634H0,"1st Stryker Brigade Combat Team, 2nd Infantry Division",Property Book Officer,(610) 555-1069,brian.gastrelle.mil@example.mil,04/25/2012,WMPNRL~B.GASTRELLE
639E6119391C94FC73759C8638269090,B7A,,05/21/2016 10:42:35,05/21/2016 10:42:35,CN=Dwayne Petrakis/OU=CHPSID/O=TACOM,,WGHC22~j.jarvinen,Jamal Jarvinen-Roe,1SG,WGHC22,WQB57A,"2nd Stryker Brigade Combat Team, 2nd Infantry Division",S4,(215) 555-1450,jamal.jarvinen.mil@example.mil,05/21/2016,WGHC22~J.JARVINEN
5C6BB124395A5AD34F697355A13F8B10,B7E,,06/17/2018 13:55:48,06/17/2018 13:55:48,CN=Lorraine Whitcombe/OU=CHPSID/O=TACOM,,WJW2AJ~r.norquist,Raymond Norquist,1LT,WJW2AJ,WEN32A,13th Armored Corps Sustainment Command,Executive Officer,(717) 555-1570,raymond.norquist.mil@example.mil,06/17/2018,WJW2AJ~R.NORQUIST
095E164AB5652DBAE772648A0E690601,B82,,04/05/2024 10:38:50,04/05/2024 10:38:50,CN=Lorraine Whitcombe/OU=CHPSID/O=TACOM,,W02D75~r.tarquinio,Ruth Tarquinio,MSG,W02D75,WZQ3WA,29th Infantry Division (Virginia Army National Guard),S4,(410) 555-1967,ruth.tarquinio.mil@example.mil,04/05/2024,W02D75~R.TARQUINIO
A1C4BAF8334CB16BA4E568CC86CB765C,B86,,10/11/2017 16:22:59,10/11/2017 16:22:59,CN=Ret Hamlin/OU=CHPSID/O=TACOM,,WTM604~a.benavidez,Arthur Benavidez-Cruz,MAJ,WTM604,W85WKA,U.S. Army Training and Doctrine Command,Unit Commander,(703) 555-1127,arthur.benavidez.mil@example.mil,10/11/2017,WTM604~A.BENAVIDEZ
2E71B08937704944A52AE7B12FAD2B4E,B8A,,03/20/2024 13:03:50,03/20/2024 13:03:50,CN=Ret Hamlin/OU=CHPSID/O=TACOM,,WA1PJJ~h.saldivar,Hector Saldivar,GS-11,WA1PJJ,W17FJA,75th Field Artillery Brigade,S4,(215) 555-1446,hector.saldivar.mil@example.mil,03/20/2024,WA1PJJ~H.SALDIVAR
BE9F8B4E4A9C19266ABB1A49FA480D4B,B8E,,03/21/2023 11:49:48,03/21/2023 11:49:48,CN=Lorraine Whitcombe/OU=CHPSID/O=TACOM,,W60RK6~w.yarrowdale,Walter Yarrowdale,GS-11,W60RK6,WY08M0,25th Combat Aviation Brigade,Protocol Officer,(703) 555-1151,walter.yarrowdale.mil@example.mil,03/21/2023,W60RK6~W.YARROWDALE
E7369B5ECD3D68C5134BAEBCEC010D36,B92,,06/20/2015 13:45:54,06/20/2015 13:45:54,CN=Lorraine Whitcombe/OU=CHPSID/O=TACOM,,WHVUZQ~s.isherwood,Sarah Isherwood,GS-11,WHVUZQ,WB6EMA,Fires Center of Excellence,Property Book Officer,(717) 555-1572,sarah.isherwood.mil@example.mil,06/20/2015,WHVUZQ~S.ISHERWOOD
90DDCC07F976764135312CC24F603FD6,B96,,01/23/2013 15:45:17,01/23/2013 15:45:17,CN=Dwayne Petrakis/OU=CHPSID/O=TACOM,,W5TEG5~b.iverstone,Betty Iverstone,GS-09,W5TEG5,WJDE4A,"2nd Armored Brigade Combat Team, 1st Infantry Division",S4,(856) 555-1215,betty.iverstone.mil@example.mil,01/23/2013,W5TEG5~B.IVERSTONE
ECB8B2858130EC206BAF3903A77DBEFB,B9A,,02/13/2018 15:38:37,02/13/2018 15:38:37,CN=Dwayne Petrakis/OU=CHPSID/O=TACOM,,WMPNRL~w.jessup,William Jessup-Kane,GS-11,WMPNRL,W634H0,"1st Stryker Brigade Combat Team, 2nd Infantry Division",Executive Officer,(610) 555-1655,william.jessup.mil@example.mil,02/13/2018,WMPNRL~W.JESSUP
876138CDAE6881E5DD3A3AAD08F81040,B9E,,07/27/2019 16:59:48,07/27/2019 16:59:48,CN=Theodore Blankenship/OU=TroopSupport/O=DLA,,WFTYWM~b.galbreath,Brandon Galbreath,CPT,WFTYWM,WR84JA,412th Theater Engineer Command (Army Reserve),Supply Sergeant,(410) 555-1528,brandon.galbreath.mil@example.mil,07/27/2019,WFTYWM~B.GALBREATH
823377B9553D3077DA75EA95FEA4D606,BA2,,03/23/2015 17:31:09,03/23/2015 17:31:09,CN=Theodore Blankenship/OU=TroopSupport/O=DLA,,WEMDTS~s.kestleman,Sandra Kestleman,SGT,WEMDTS,WVSGSA,56th Stryker Brigade Combat Team (Pennsylvania Army National Guard),Executive Officer,(703) 555-1320,sandra.kestleman.mil@example.mil,03/23/2015,WEMDTS~S.KESTLEMAN
02DCBE3E46AFC6F5A61C3B8CC059E961,BA6,,03/08/2006 17:57:28,03/08/2006 17:57:28,CN=Lorraine Whitcombe/OU=CHPSID/O=TACOM,,WX8FA6~l.altamirano,Linda Altamirano-Diaz,SGT,WX8FA6,WW8YBA,1st Special Forces Group (Airborne),S4,(302) 555-1367,linda.altamirano.mil@example.mil,03/08/2006,WX8FA6~L.ALTAMIRANO
CD997BD1C2AAC4AE31CF38B312FFC8AB,BAA,,10/22/2024 16:06:37,10/22/2024 16:06:37,CN=Lorraine Whitcombe/OU=CHPSID/O=TACOM,,WGDZ6P~b.lockridge,Betty Lockridge,CW2,WGDZ6P,WHDZFA,35th Signal Brigade,Unit Commander,(717) 555-1824,betty.lockridge.mil@example.mil,10/22/2024,WGDZ6P~B.LOCKRIDGE
BB17000F7DA617FC6C566DAE9E8A31E1,BAE,,07/06/2004 17:41:25,07/06/2004 17:41:25,CN=Dwayne Petrakis/OU=CHPSID/O=TACOM,,W06EHL~j.ostrowski,Jose Ostrowski-Lane,CW2,W06EHL,W0V2G0,U.S. Army Materiel Command,Other,(484) 555-1043,jose.ostrowski.mil@example.mil,07/06/2004,W06EHL~J.OSTROWSKI
88FDB2D4914BDC17BD79446F74AE6804,BB2,,11/27/2023 13:18:39,11/27/2023 13:18:39,CN=Ret Hamlin/OU=CHPSID/O=TACOM,,WFTYWM~m.greaves,Melissa Greaves-Tolan,2LT,WFTYWM,WR84JA,412th Theater Engineer Command (Army Reserve),Unit Commander,(540) 555-1600,melissa.greaves.mil@example.mil,11/27/2023,WFTYWM~M.GREAVES
3F312D2736D0D67D29DE1B7C68C93701,BB6,,12/24/2012 08:43:02,12/24/2012 08:43:02,CN=Ret Hamlin/OU=CHPSID/O=TACOM,,WFTYWM~a.fairweather,Amanda Fairweather,1LT,WFTYWM,WR84JA,412th Theater Engineer Command (Army Reserve),Executive Officer,(610) 555-1225,amanda.fairweather.mil@example.mil,12/24/2012,WFTYWM~A.FAIRWEATHER
1348303F8D04489A572D76A8D7642C2F,BBA,,07/24/2023 09:24:04,07/24/2023 09:24:04,CN=Ret Hamlin/OU=CHPSID/O=TACOM,,WH3P1L~l.oakhurst,Linda Oakhurst-Pell,1SG,WH3P1L,W0G1Y0,U.S. Army Human Resources Command,Executive Officer,(703) 555-1476,linda.oakhurst.mil@example.mil,07/24/2023,WH3P1L~L.OAKHURST
491E3E470CF31BF9AA86F22BCE75990E,BBE,,01/01/2016 12:30:30,01/01/2016 12:30:30,CN=Theodore Blankenship/OU=TroopSupport/O=DLA,,WJMM59~s.dellacroix,Susan Dellacroix,CPT,WJMM59,WT44KA,"3rd Infantry Brigade Combat Team, 10th Mountain Division",Supply Sergeant,(540) 555-1549,susan.dellacroix.mil@example.mil,01/01/2016,WJMM59~S.DELLACROIX
456A8A2E50752879E7858E5DC4318B68,BC2,,11/22/2025 08:37:52,11/22/2025 08:37:52,CN=Ret Hamlin/OU=CHPSID/O=TACOM,,WS36CV~d.mackelvane,David Mackelvane,CW2,WS36CV,WE4TTA,XVIII Airborne Corps Headquarters and Headquarters Battalion,Other,(302) 555-1580,david.mackelvane.mil@example.mil,11/22/2025,WS36CV~D.MACKELVANE
E00C37810BFFC2679758623284AA8FCF,BC6,,03/27/2025 07:56:00,03/27/2025 07:56:00,CN=Ret Hamlin/OU=CHPSID/O=TACOM,,WUB92Z~r.sallisaw,Ralph Sallisaw,CPT,WUB92Z,WJ25M0,U.S. Army Forces Command,S4,(856) 555-1966,ralph.sallisaw.mil@example.mil,03/27/2025,WUB92Z~R.SALLISAW
AEE8D91E1A61E951A45F16A521D33611,BCA,,11/25/2011 08:13:02,11/25/2011 08:13:02,CN=Theodore Blankenship/OU=TroopSupport/O=DLA,,WB6MMZ~r.yellowley,Ruth Yellowley,1SG,WB6MMZ,W1PBUA,3rd Special Forces Group (Airborne),Unit Commander,(540) 555-1874,ruth.yellowley.mil@example.mil,11/25/2011,WB6MMZ~R.YELLOWLEY
6E60B15B2A766B5BCB3D6BF99352F043,BCE,,09/02/2016 16:30:48,09/02/2016 16:30:48,CN=Ret Hamlin/OU=CHPSID/O=TACOM,,WJMJXA~j.xanthopoulos,James Xanthopoulos,GS-11,WJMJXA,W4RSJA,35th Air Defense Artillery Brigade,Other,(215) 555-1131,james.xanthopoulos.mil@example.mil,09/02/2016,WJMJXA~J.XANTHOPOULOS
192322E4E0798BDDFCE70E8C8BA1C34C,BD2,,02/20/2005 12:51:56,02/20/2005 12:51:56,CN=Ret Hamlin/OU=CHPSID/O=TACOM,,WAWUE2~h.stanwycke,Howard Stanwycke,CW2,WAWUE2,WB489A,11th Air Defense Artillery Brigade,Property Book Officer,(703) 555-1485,howard.stanwycke.mil@example.mil,02/20/2005,WAWUE2~H.STANWYCKE
CF2AE933D116C5B0B4FF7AA5A6ECF0B0,BD6,,08/17/2026 11:04:24,08/17/2026 11:04:24,CN=Ret Hamlin/OU=CHPSID/O=TACOM,,WR3QJ7~n.yellowley,Norman Yellowley,CW2,WR3QJ7,WMP99A,"2nd Infantry Brigade Combat Team, 11th Airborne Division",Executive Officer,(717) 555-1283,norman.yellowley.mil@example.mil,08/17/2026,WR3QJ7~N.YELLOWLEY
69D3E4A19064E2E274E3124CA3E7A4EB,BDA,,11/22/2025 08:22:01,11/22/2025 08:22:01,CN=Dwayne Petrakis/OU=CHPSID/O=TACOM,,W3HUF4~m.montgomerie,Matthew Montgomerie,SFC,W3HUF4,WMZ09A,Aviation Center of Excellence,Supply Sergeant,(302) 555-1780,matthew.montgomerie.mil@example.mil,11/22/2025,W3HUF4~M.MONTGOMERIE
2886203C7DCEF5071FA526ACE8E5C631,BDE,,11/02/2009 16:12:20,11/02/2009 16:12:20,CN=Theodore Blankenship/OU=TroopSupport/O=DLA,,WVLFGZ~a.washington,Angela Washington-Pryce,1LT,WVLFGZ,WEKP2A,Intelligence Center of Excellence,Unit Commander,(717) 555-1250,angela.washington.mil@example.mil,11/02/2009,WVLFGZ~A.WASHINGTON
BC9E66BD7CDAD3431094E4999D27123D,BE2,,12/23/2007 17:01:58,12/23/2007 17:01:58,CN=Lorraine Whitcombe/OU=CHPSID/O=TACOM,,WB1YZF~h.okonkwo,Helen Okonkwo-Bell,GS-09,WB1YZF,WG0UVA,"2nd Infantry Brigade Combat Team, 10th Mountain Division",Supply Sergeant,(215) 555-1727,helen.okonkwo.mil@example.mil,12/23/2007,WB1YZF~H.OKONKWO
E303DE38EB2361A3C0247A2C766495F1,BE6,,07/30/2023 16:01:37,07/30/2023 16:01:37,CN=Theodore Blankenship/OU=TroopSupport/O=DLA,,WGPVZG~b.palomares,Barbara Palomares,1LT,WGPVZG,W5T4LA,1st Information Operations Command (Land),Protocol Officer,(484) 555-1566,barbara.palomares.mil@example.mil,07/30/2023,WGPVZG~B.PALOMARES
5C0422745E5FB113C6DE8E7A0F8A0C1F,BEA,,11/30/2006 16:33:44,11/30/2006 16:33:44,CN=Theodore Blankenship/OU=TroopSupport/O=DLA,,W5KNYG~m.coldwater,Margaret Coldwater,1LT,W5KNYG,W08YQ0,"1st Armored Brigade Combat Team, 1st Infantry Division",Unit Commander,(717) 555-1306,margaret.coldwater.mil@example.mil,11/30/2006,W5KNYG~M.COLDWATER
B0910DD00A74F7A72430D86A5E8FB609,BEE,,11/05/2025 11:51:02,11/05/2025 11:51:02,CN=Dwayne Petrakis/OU=CHPSID/O=TACOM,,WR3QJ7~j.northway,Joshua Northway,1LT,WR3QJ7,WMP99A,"2nd Infantry Brigade Combat Team, 11th Airborne Division",Property Book Officer,(610) 555-1797,joshua.northway.mil@example.mil,11/05/2025,WR3QJ7~J.NORTHWAY
55F1732EAD9BD0A8D03AE51BFB8415DB,BF2,,10/13/2016 13:47:16,10/13/2016 13:47:16,CN=Dwayne Petrakis/OU=CHPSID/O=TACOM,,WYEX1M~e.jaramillo,Earl Jaramillo,MAJ,WYEX1M,WN6YE0,3rd Combat Aviation Brigade,Other,(610) 555-1725,earl.jaramillo.mil@example.mil,10/13/2016,WYEX1M~E.JARAMILLO
4A8DD1FD3284BAD4F66C44827035DB9B,BF6,,03/28/2024 08:33:42,03/28/2024 08:33:42,CN=Ret Hamlin/OU=CHPSID/O=TACOM,,WA1PJJ~j.rathbourne,Jamal Rathbourne,2LT,WA1PJJ,W17FJA,75th Field Artillery Brigade,Property Book Officer,(215) 555-1812,jamal.rathbourne.mil@example.mil,03/28/2024,WA1PJJ~J.RATHBOURNE
28FC44237CD72036C7619216E835BCC9,BFA,,06/26/2012 12:22:53,06/26/2012 12:22:53,CN=Ret Hamlin/OU=CHPSID/O=TACOM,,W351T4~a.gastrelle,Angela Gastrelle,MAJ,W351T4,WHNH8A,3rd U.S. Infantry Regiment (The Old Guard),Property Book Officer,(410) 555-1644,angela.gastrelle.mil@example.mil,06/26/2012,W351T4~A.GASTRELLE
EC4DB66898C212AC34A01A073A2450C9,BFE,,12/04/2011 07:45:04,12/04/2011 07:45:04,CN=Theodore Blankenship/OU=TroopSupport/O=DLA,,WUB92Z~s.underhill,Sarah Underhill-Voss,2LT,WUB92Z,WJ25M0,U.S. Army Forces Command,Protocol Officer,(717) 555-1522,sarah.underhill.mil@example.mil,12/04/2011,WUB92Z~S.UNDERHILL
D1E4C0FAA7774B741010E43A09AAD9F2,C02,,12/30/2013 14:39:51,12/30/2013 14:39:51,CN=Theodore Blankenship/OU=TroopSupport/O=DLA,,WA1PJJ~t.gastrelle,Thomas Gastrelle,SSG,WA1PJJ,W17FJA,75th Field Artillery Brigade,S4,(703) 555-1678,thomas.gastrelle.mil@example.mil,12/30/2013,WA1PJJ~T.GASTRELLE
9B894FC5DE7A0B259A2FB8BDA82DE3D8,C06,,07/10/2009 10:41:00,07/10/2009 10:41:00,CN=Lorraine Whitcombe/OU=CHPSID/O=TACOM,,W60RK6~t.escobedo,Tyler Escobedo-Ruiz,CPT,W60RK6,WY08M0,25th Combat Aviation Brigade,Supply Sergeant,(717) 555-1126,tyler.escobedo.mil@example.mil,07/10/2009,W60RK6~T.ESCOBEDO
06DB8C1C8A9420B75E9212EB2EAF5F79,C0A,,10/17/2017 09:19:07,10/17/2017 09:19:07,CN=Lorraine Whitcombe/OU=CHPSID/O=TACOM,,W4FZXV~d.wexcombe,Daniel Wexcombe,GS-09,W4FZXV,WU0RUA,U.S. Army Special Operations Command,Protocol Officer,(610) 555-1883,daniel.wexcombe.mil@example.mil,10/17/2017,W4FZXV~D.WEXCOMBE
0DE909E57E0EC35415F5C5D289DAF92D,C0E,,12/10/2024 16:21:55,12/10/2024 16:21:55,CN=Theodore Blankenship/OU=TroopSupport/O=DLA,,WFC6YB~r.isherwood,Richard Isherwood,SGT,WFC6YB,WGRMU0,3rd Cavalry Regiment,Unit Commander,(703) 555-1048,richard.isherwood.mil@example.mil,12/10/2024,WFC6YB~R.ISHERWOOD
5D04C485B443767FFFB03791FCF0C4C7,C12,,04/23/2004 13:30:06,04/23/2004 13:30:06,CN=Ret Hamlin/OU=CHPSID/O=TACOM,,W351T4~s.prendergast,Stephanie Prendergast,1SG,W351T4,WHNH8A,3rd U.S. Infantry Regiment (The Old Guard),Property Book Officer,(215) 555-1504,stephanie.prendergast.mil@example.mil,04/23/2004,W351T4~S.PRENDERGAST
46F7506D6AB5562E927C8A44EA6E0863,C16,,06/16/2006 14:43:28,06/16/2006 14:43:28,CN=Dwayne Petrakis/OU=CHPSID/O=TACOM,,W3HFA3~n.stroudmoor,Norman Stroudmoor,SFC,W3HFA3,W4PPHA,28th Infantry Division (Pennsylvania Army National Guard),S4,(215) 555-1167,norman.stroudmoor.mil@example.mil,06/16/2006,W3HFA3~N.STROUDMOOR
BC5E6BF11278F174727DC8C36519C52B,C1A,,05/07/2025 11:38:38,05/07/2025 11:38:38,CN=Dwayne Petrakis/OU=CHPSID/O=TACOM,,WLFTTS~b.kirkbride,Brian Kirkbride,GS-09,WLFTTS,WYSH30,5th Special Forces Group (Airborne),Other,(856) 555-1089,brian.kirkbride.mil@example.mil,05/07/2025,WLFTTS~B.KIRKBRIDE
7CAE8F9660D88FB31C6C004418B29A5D,C1E,,10/31/2015 08:59:48,10/31/2015 08:59:48,CN=Ret Hamlin/OU=CHPSID/O=TACOM,,WSPEAM~h.lattimore,Hector Lattimore,GS-09,WSPEAM,WLS87A,4th Infantry Division Sustainment Brigade,Property Book Officer,(717) 555-1328,hector.lattimore.mil@example.mil,10/31/2015,WSPEAM~H.LATTIMORE
6AE119A07E22C694586167857868A9C6,C22,,08/08/2019 08:07:32,08/08/2019 08:07:32,CN=Ret Hamlin/OU=CHPSID/O=TACOM,,WYPMAA~c.lockridge,Carl Lockridge,MSG,WYPMAA,WZRBG0,10th Combat Aviation Brigade,Unit Commander,(703) 555-1065,carl.lockridge.mil@example.mil,08/08/2019,WYPMAA~C.LOCKRIDGE
548618B2C5F87BFF4FB9AFDEAA950486,C26,,08/29/2018 17:04:54,08/29/2018 17:04:54,CN=Lorraine Whitcombe/OU=CHPSID/O=TACOM,,WWQWYR~m.dunmore,Mary Dunmore-Vey,MAJ,WWQWYR,WZW010,173rd Airborne Brigade,Protocol Officer,(717) 555-1013,mary.dunmore.mil@example.mil,08/29/2018,WWQWYR~M.DUNMORE
2B1B4CC3248874F844FEB89FCA3C30ED,C2A,,07/17/2024 08:42:29,07/17/2024 08:42:29,CN=Lorraine Whitcombe/OU=CHPSID/O=TACOM,,WB6MMZ~p.templeton,Patricia Templeton-Ash,SSG,WB6MMZ,W1PBUA,3rd Special Forces Group (Airborne),Other,(717) 555-1341,patricia.templeton.mil@example.mil,07/17/2024,WB6MMZ~P.TEMPLETON
D46B8AA9DCC86AC8CA9D5BDACE70F415,C2E,,05/11/2010 14:05:21,05/11/2010 14:05:21,CN=Theodore Blankenship/OU=TroopSupport/O=DLA,,WLFTTS~r.galbreath,Robert Galbreath,1LT,WLFTTS,WYSH30,5th Special Forces Group (Airborne),Other,(302) 555-1542,robert.galbreath.mil@example.mil,05/11/2010,WLFTTS~R.GALBREATH
5E3505DCC1813238AD840382720FB36B,C32,,01/16/2007 15:03:44,01/16/2007 15:03:44,CN=Theodore Blankenship/OU=TroopSupport/O=DLA,,WH8FHT~j.benavidez,Justin Benavidez-Cruz,2LT,WH8FHT,W02N6A,"1st Armored Brigade Combat Team, 3rd Infantry Division",Supply Sergeant,(302) 555-1247,justin.benavidez.mil@example.mil,01/16/2007,WH8FHT~J.BENAVIDEZ
07886478D81EC84F19E20FA80D741419,C36,,09/27/2004 08:58:23,09/27/2004 08:58:23,CN=Lorraine Whitcombe/OU=CHPSID/O=TACOM,,WSL7SS~s.norquist,Steven Norquist,GS-09,WSL7SS,W72TJ0,32nd Army Air and Missile Defense Command,Property Book Officer,(302) 555-1455,steven.norquist.mil@example.mil,09/27/2004,WSL7SS~S.NORQUIST
D5329CC1150C89DF92108BBD7AC66AA9,C3A,,10/09/2019 08:31:44,10/09/2019 08:31:44,CN=Lorraine Whitcombe/OU=CHPSID/O=TACOM,,W9P3AU~n.barrowclough,Nancy Barrowclough,CPT,W9P3AU,W18MTA,Cyber Center of Excellence,S4,(610) 555-1611,nancy.barrowclough.mil@example.mil,10/09/2019,W9P3AU~N.BARROWCLOUGH
7A936CA0EEB9387ADFDE837BE69AB2E5,C3E,,10/31/2023 09:56:49,10/31/2023 09:56:49,CN=Ret Hamlin/OU=CHPSID/O=TACOM,,WG43NM~h.ingersby,Harold Ingersby,CW2,WG43NM,W5XU10,20th Engineer Brigade (Combat) (Airborne),Unit Commander,(703) 555-1561,harold.ingersby.mil@example.mil,10/31/2023,WG43NM~H.INGERSBY
A0AAFF569288A373C81431893070DA03,C42,,07/25/2020 13:53:10,07/25/2020 13:53:10,CN=Ret Hamlin/OU=CHPSID/O=TACOM,,WAY862~t.ledesma,Thomas Ledesma-Ortiz,1LT,WAY862,WZV67A,12th Combat Aviation Brigade,Supply Sergeant,(610) 555-1367,thomas.ledesma.mil@example.mil,07/25/2020,WAY862~T.LEDESMA
C5C27D06C5EF9C911F72A008F6290215,C46,,08/26/2022 16:05:01,08/26/2022 16:05:01,CN=Ret Hamlin/OU=CHPSID/O=TACOM,,WA1PJJ~s.mackelvane,Stephanie Mackelvane,CPT,WA1PJJ,W17FJA,75th Field Artillery Brigade,Property Book Officer,(484) 555-1504,stephanie.mackelvane.mil@example.mil,08/26/2022,WA1PJJ~S.MACKELVANE
E31CFD131BB34788C941920F4BC21DB9,C4A,,01/04/2014 17:50:44,01/04/2014 17:50:44,CN=Lorraine Whitcombe/OU=CHPSID/O=TACOM,,WM4T7K~b.figueroa,Betty Figueroa-Paz,SSG,WM4T7K,W9WCNA,35th Infantry Division (Kansas Army National Guard),Unit Commander,(703) 555-1636,betty.figueroa.mil@example.mil,01/04/2014,WM4T7K~B.FIGUEROA
8D3AB063BADA94190C042CDAE4AB778A,C4E,,10/08/2013 07:19:29,10/08/2013 07:19:29,CN=Dwayne Petrakis/OU=CHPSID/O=TACOM,,W1CEU2~e.nethercott,Eugene Nethercott,2LT,W1CEU2,WEDAH0,99th Readiness Division (Army Reserve),Executive Officer,(703) 555-1525,eugene.nethercott.mil@example.mil,10/08/2013,W1CEU2~E.NETHERCOTT
840FC4409AAE6C119B77E938D241EFBE,C52,,01/08/2008 17:55:02,01/08/2008 17:55:02,CN=Ret Hamlin/OU=CHPSID/O=TACOM,,WGMVLT~a.maldonado,Amanda Maldonado-Vega,2LT,WGMVLT,WSECT0,"2nd Stryker Brigade Combat Team, 4th Infantry Division",Property Book Officer,(856) 555-1619,amanda.maldonado.mil@example.mil,01/08/2008,WGMVLT~A.MALDONADO
35A771709644FC1A82F03E49188D7EB9,C56,,09/10/2015 14:00:38,09/10/2015 14:00:38,CN=Ret Hamlin/OU=CHPSID/O=TACOM,,WG43NM~j.fairweather,Jose Fairweather,MAJ,WG43NM,W5XU10,20th Engineer Brigade (Combat) (Airborne),Executive Officer,(717) 555-1200,jose.fairweather.mil@example.mil,09/10/2015,WG43NM~J.FAIRWEATHER
D3687B122467D18D52D1196D57598622,C5A,,02/21/2022 14:03:39,02/21/2022 14:03:39,CN=Ret Hamlin/OU=CHPSID/O=TACOM,,WZG4U0~v.fortenbury,Virginia Fortenbury,GS-09,WZG4U0,WNQ5QA,36th Infantry Division (Texas Army National Guard),Property Book Officer,(717) 555-1200,virginia.fortenbury.mil@example.mil,02/21/2022,WZG4U0~V.FORTENBURY
4E16EEDF72FC7CCB8FE6CE0933DB9121,C5E,,06/25/2018 11:44:23,06/25/2018 11:44:23,CN=Dwayne Petrakis/OU=CHPSID/O=TACOM,,WGPVZG~d.mackelvane,Dorothy Mackelvane,1SG,WGPVZG,W5T4LA,1st Information Operations Command (Land),Supply Sergeant,(856) 555-1009,dorothy.mackelvane.mil@example.mil,06/25/2018,WGPVZG~D.MACKELVANE
38853D9C8AA2A82D6D88846CC107F731,C62,,12/08/2025 08:57:59,12/08/2025 08:57:59,CN=Theodore Blankenship/OU=TroopSupport/O=DLA,,WYEX1M~l.ashcroft,Lisa Ashcroft-Mayne,1SG,WYEX1M,WN6YE0,3rd Combat Aviation Brigade,S4,(610) 555-1709,lisa.ashcroft.mil@example.mil,12/08/2025,WYEX1M~L.ASHCROFT
ECF6F2B4643A4608FE782BA88EBE1606,C66,,08/10/2019 13:10:05,08/10/2019 13:10:05,CN=Dwayne Petrakis/OU=CHPSID/O=TACOM,,WWQWYR~j.yellowley,Jessica Yellowley,CW2,WWQWYR,WZW010,173rd Airborne Brigade,Unit Commander,(703) 555-1836,jessica.yellowley.mil@example.mil,08/10/2019,WWQWYR~J.YELLOWLEY
152C4CCEFA0A5BFC5C05B95D0C8DCA6A,C6A,,01/23/2014 11:58:01,01/23/2014 11:58:01,CN=Dwayne Petrakis/OU=CHPSID/O=TACOM,,WAHNPF~a.hinojosa,Andrew Hinojosa-Mata,CPT,WAHNPF,WS4NNA,82nd Airborne Division Sustainment Brigade,S4,(484) 555-1377,andrew.hinojosa.mil@example.mil,01/23/2014,WAHNPF~A.HINOJOSA
D9A50728BF797CDCC63AFF3994DF0191,C6E,,04/15/2025 09:18:51,04/15/2025 09:18:51,CN=Lorraine Whitcombe/OU=CHPSID/O=TACOM,,WTXVTW~w.zellinger,Walter Zellinger,2LT,WTXVTW,W04SMA,2nd Cavalry Regiment,Protocol Officer,(302) 555-1093,walter.zellinger.mil@example.mil,04/15/2025,WTXVTW~W.ZELLINGER
9E819D03DDF5232280F723FF5E0B6F53,C72,,03/11/2005 09:01:47,03/11/2005 09:01:47,CN=Dwayne Petrakis/OU=CHPSID/O=TACOM,,WGMVLT~a.hinojosa,Andre Hinojosa-Mata,1LT,WGMVLT,WSECT0,"2nd Stryker Brigade Combat Team, 4th Infantry Division",Property Book Officer,(267) 555-1353,andre.hinojosa.mil@example.mil,03/11/2005,WGMVLT~A.HINOJOSA
4D78B6A40060EF3C56178BB3942648A6,C76,,07/05/2013 09:36:49,07/05/2013 09:36:49,CN=Dwayne Petrakis/OU=CHPSID/O=TACOM,,WD9RVP~d.trevino,David Trevino-Hale,SSG,WD9RVP,WR1LGA,U.S. Army Tank-automotive and Armaments Command,Supply Sergeant,(484) 555-1800,david.trevino.mil@example.mil,07/05/2013,WD9RVP~D.TREVINO
F07965C15065E893F0FEA9C30FCB76F0,C7A,,01/17/2020 09:34:10,01/17/2020 09:34:10,CN=Ret Hamlin/OU=CHPSID/O=TACOM,,WQB1WS~s.kirkbride,Stephanie Kirkbride,1LT,WQB1WS,W4LVU0,41st Field Artillery Brigade,Property Book Officer,(302) 555-1589,stephanie.kirkbride.mil@example.mil,01/17/2020,WQB1WS~S.KIRKBRIDE
D96E7D7D5845B2DE508C922D51020229,C7E,,04/22/2015 14:38:35,04/22/2015 14:38:35,CN=Ret Hamlin/OU=CHPSID/O=TACOM,,WGK2VA~c.wickersham,Christopher Wickersham,CPT,WGK2VA,WSV490,United States Military Academy,Property Book Officer,(856) 555-1768,christopher.wickersham.mil@example.mil,04/22/2015,WGK2VA~C.WICKERSHAM
030EC0FF169A0AD658D23E3B525A203C,C82,,06/04/2019 07:45:07,06/04/2019 07:45:07,CN=Dwayne Petrakis/OU=CHPSID/O=TACOM,,WGPVZG~w.lindquarry,Walter Lindquarry,SSG,WGPVZG,W5T4LA,1st Information Operations Command (Land),Protocol Officer,(610) 555-1349,walter.lindquarry.mil@example.mil,06/04/2019,WGPVZG~W.LINDQUARRY
9781EF4F278DE7F8627DD041C64D2FC6,C86,,01/20/2016 12:44:42,01/20/2016 12:44:42,CN=Dwayne Petrakis/OU=CHPSID/O=TACOM,,WMPNRL~e.beddingfield,Elizabeth Beddingfield,MSG,WMPNRL,W634H0,"1st Stryker Brigade Combat Team, 2nd Infantry Division",Other,(215) 555-1790,elizabeth.beddingfield.mil@example.mil,01/20/2016,WMPNRL~E.BEDDINGFIELD
DB8DB26BE6E03FCE7D190E1019FA6D24,C8A,,03/02/2007 07:25:25,03/02/2007 07:25:25,CN=Ret Hamlin/OU=CHPSID/O=TACOM,,WHVUZQ~c.quennevile,Carol Quennevile,SFC,WHVUZQ,WB6EMA,Fires Center of Excellence,Unit Commander,(267) 555-1224,carol.quennevile.mil@example.mil,03/02/2007,WHVUZQ~C.QUENNEVILE
DEABB39802A63FAAE1E6A002CF2F6625,C8E,,10/20/2012 11:23:12,10/20/2012 11:23:12,CN=Theodore Blankenship/OU=TroopSupport/O=DLA,,WK6Q1Y~t.tarquinio,Thomas Tarquinio,2LT,WK6Q1Y,WTA8D0,"3rd Battalion, 75th Ranger Regiment",Executive Officer,(703) 555-1590,thomas.tarquinio.mil@example.mil,10/20/2012,WK6Q1Y~T.TARQUINIO
E1F89437102B5D7B7AC08275A4F0C255,C92,,04/19/2024 14:44:16,04/19/2024 14:44:16,CN=Theodore Blankenship/OU=TroopSupport/O=DLA,,WGHC22~j.beddingfield,Jessica Beddingfield,SGT,WGHC22,WQB57A,"2nd Stryker Brigade Combat Team, 2nd Infantry Division",Property Book Officer,(267) 555-1756,jessica.beddingfield.mil@example.mil,04/19/2024,WGHC22~J.BEDDINGFIELD
6963F88976C464E6F7B96FB6221A4B32,C96,,09/23/2006 15:20:42,09/23/2006 15:20:42,CN=Ret Hamlin/OU=CHPSID/O=TACOM,,WD9RVP~j.montgomerie,Joshua Montgomerie,2LT,WD9RVP,WR1LGA,U.S. Army Tank-automotive and Armaments Command,Executive Officer,(610) 555-1370,joshua.montgomerie.mil@example.mil,09/23/2006,WD9RVP~J.MONTGOMERIE
8FB14C3EC164D66F09F5479344400B32,C9A,,08/11/2015 11:00:07,08/11/2015 11:00:07,CN=Lorraine Whitcombe/OU=CHPSID/O=TACOM,,WA1PJJ~c.dellacroix,Charles Dellacroix,1LT,WA1PJJ,W17FJA,75th Field Artillery Brigade,S4,(302) 555-1692,charles.dellacroix.mil@example.mil,08/11/2015,WA1PJJ~C.DELLACROIX
55B1B4152D16C4D027840D9FE58C653C,C9E,,01/11/2007 13:42:55,01/11/2007 13:42:55,CN=Ret Hamlin/OU=CHPSID/O=TACOM,,WXJ2V3~h.iverstone,Harold Iverstone,1LT,WXJ2V3,WP01BA,"2nd Armored Brigade Combat Team, 3rd Infantry Division",Property Book Officer,(703) 555-1346,harold.iverstone.mil@example.mil,01/11/2007,WXJ2V3~H.IVERSTONE
3F00D76D3EA5D115E1A4F837ADB17488,CA2,,10/04/2005 16:27:10,10/04/2005 16:27:10,CN=Dwayne Petrakis/OU=CHPSID/O=TACOM,,W3Z4SG~n.vosburgh,Nicole Vosburgh,MAJ,W3Z4SG,WQZP2A,18th Field Artillery Brigade,Property Book Officer,(410) 555-1213,nicole.vosburgh.mil@example.mil,10/04/2005,W3Z4SG~N.VOSBURGH
F5196A0C5B51F9B7C3A1AC219582AAA2,CA6,,02/15/2010 16:17:11,02/15/2010 16:17:11,CN=Ret Hamlin/OU=CHPSID/O=TACOM,,WJMJXA~c.umberlake,Carol Umberlake,SGT,WJMJXA,W4RSJA,35th Air Defense Artillery Brigade,Other,(703) 555-1885,carol.umberlake.mil@example.mil,02/15/2010,WJMJXA~C.UMBERLAKE
D38C2FF424A7F22301A62C9820745791,CAA,,04/18/2026 10:42:00,04/18/2026 10:42:00,CN=Lorraine Whitcombe/OU=CHPSID/O=TACOM,,W8YAN7~m.urquhart,Mildred Urquhart,MAJ,W8YAN7,W65260,"3rd Armored Brigade Combat Team, 4th Infantry Division",Property Book Officer,(267) 555-1445,mildred.urquhart.mil@example.mil,04/18/2026,W8YAN7~M.URQUHART
3DCFBAC1A25302703E01D8B992FA7AB2,CAE,,06/28/2024 09:10:14,06/28/2024 09:10:14,CN=Ret Hamlin/OU=CHPSID/O=TACOM,,WS0W7Z~a.yarrowdale,Anthony Yarrowdale,SFC,WS0W7Z,W3SE1A,V Corps Headquarters and Headquarters Battalion,Protocol Officer,(215) 555-1267,anthony.yarrowdale.mil@example.mil,06/28/2024,WS0W7Z~A.YARROWDALE
85F66E3932FB0E38CA982BCA80BF2A26,CB2,,11/22/2021 15:45:53,11/22/2021 15:45:53,CN=Dwayne Petrakis/OU=CHPSID/O=TACOM,,WV7HV8~w.kirkbride,William Kirkbride,MSG,WV7HV8,WEKSBA,101st Combat Aviation Brigade,S4,(610) 555-1190,william.kirkbride.mil@example.mil,11/22/2021,WV7HV8~W.KIRKBRIDE
34CA1CBCF48BDAE9DD49A358451575CE,CB6,,11/05/2015 11:09:15,11/05/2015 11:09:15,CN=Lorraine Whitcombe/OU=CHPSID/O=TACOM,,WXJ2V3~r.cartlewood,Robert Cartlewood,SFC,WXJ2V3,WP01BA,"2nd Armored Brigade Combat Team, 3rd Infantry Division",Executive Officer,(856) 555-1530,robert.cartlewood.mil@example.mil,11/05/2015,WXJ2V3~R.CARTLEWOOD
C09332CE5C37E4D277A1FB94FD9B612A,CBA,,06/02/2009 07:45:49,06/02/2009 07:45:49,CN=Lorraine Whitcombe/OU=CHPSID/O=TACOM,,WUB92Z~t.reyes,Tyler Reyes-Almonte,1LT,WUB92Z,WJ25M0,U.S. Army Forces Command,Property Book Officer,(703) 555-1763,tyler.reyes.mil@example.mil,06/02/2009,WUB92Z~T.REYES
8A29BC824344A7E7946E7A89FDC0DC99,CBE,,03/24/2017 14:03:08,03/24/2017 14:03:08,CN=Dwayne Petrakis/OU=CHPSID/O=TACOM,,W60RK6~a.lockridge,Anthony Lockridge,1LT,W60RK6,WY08M0,25th Combat Aviation Brigade,Unit Commander,(717) 555-1860,anthony.lockridge.mil@example.mil,03/24/2017,W60RK6~A.LOCKRIDGE
6E01BBCCDA58A01BB34E5F20BC129F90,CC2,,01/24/2010 07:45:49,01/24/2010 07:45:49,CN=Ret Hamlin/OU=CHPSID/O=TACOM,,WH9EE8~s.jarvinen,Sandra Jarvinen-Roe,SSG,WH9EE8,WRD9YA,1st Armored Division Headquarters and Headquarters Battalion,Property Book Officer,(856) 555-1396,sandra.jarvinen.mil@example.mil,01/24/2010,WH9EE8~S.JARVINEN
DB80A6B82655F86B7776C32924ED6498,CC6,,03/29/2019 10:19:34,03/29/2019 10:19:34,CN=Theodore Blankenship/OU=TroopSupport/O=DLA,,WWCT1F~l.ellsworthy,Linda Ellsworthy,MSG,WWCT1F,WN4QPA,8th Theater Sustainment Command,Other,(610) 555-1498,linda.ellsworthy.mil@example.mil,03/29/2019,WWCT1F~L.ELLSWORTHY
C18AB3BA073A9EA0BE840852F6997BDB,CCA,,07/01/2016 09:01:36,07/01/2016 09:01:36,CN=Ret Hamlin/OU=CHPSID/O=TACOM,,W4FZXV~r.mackelvane,Robert Mackelvane,GS-09,W4FZXV,WU0RUA,U.S. Army Special Operations Command,Supply Sergeant,(302) 555-1407,robert.mackelvane.mil@example.mil,07/01/2016,W4FZXV~R.MACKELVANE
686447FBD48D570459A5E678DCC87729,CCE,,04/25/2018 08:08:50,04/25/2018 08:08:50,CN=Lorraine Whitcombe/OU=CHPSID/O=TACOM,,WZSV83~j.oakhurst,Jennifer Oakhurst-Pell,1LT,WZSV83,WDSVTA,U.S. Army Cyber Command,S4,(856) 555-1142,jennifer.oakhurst.mil@example.mil,04/25/2018,WZSV83~J.OAKHURST
1E3EB3A89ECE7C69E9722043A97612AB,CD2,,02/05/2007 10:23:19,02/05/2007 10:23:19,CN=Dwayne Petrakis/OU=CHPSID/O=TACOM,,WS98D3~r.ashcroft,Richard Ashcroft-Mayne,MSG,WS98D3,WH49TA,21st Theater Sustainment Command,Executive Officer,(703) 555-1597,richard.ashcroft.mil@example.mil,02/05/2007,WS98D3~R.ASHCROFT
43332BA8E58B0EDEA42392C4B4DB10E6,CD6,,02/18/2023 10:22:09,02/18/2023 10:22:09,CN=Ret Hamlin/OU=CHPSID/O=TACOM,,W1UU27~d.wickersham,Dorothy Wickersham,MSG,W1UU27,WDJYCA,"1st Stryker Brigade Combat Team, 1st Armored Division",Executive Officer,(302) 555-1918,dorothy.wickersham.mil@example.mil,02/18/2023,W1UU27~D.WICKERSHAM
FACC2471704AAE111FC7675549C20528,CDA,,09/23/2019 11:21:32,09/23/2019 11:21:32,CN=Dwayne Petrakis/OU=CHPSID/O=TACOM,,WGDZ6P~n.delgadillo,Nicole Delgadillo,GS-09,WGDZ6P,WHDZFA,35th Signal Brigade,S4,(856) 555-1858,nicole.delgadillo.mil@example.mil,09/23/2019,WGDZ6P~N.DELGADILLO
8355D072571816A875F78297E78BA3F5,CDE,,03/13/2008 16:18:22,03/13/2008 16:18:22,CN=Ret Hamlin/OU=CHPSID/O=TACOM,,WYPMAA~d.benavidez,Donna Benavidez-Cruz,1LT,WYPMAA,WZRBG0,10th Combat Aviation Brigade,Protocol Officer,(484) 555-1300,donna.benavidez.mil@example.mil,03/13/2008,WYPMAA~D.BENAVIDEZ
331BF12CDD268A4C3F37A6A5076A9154,CE2,,10/28/2010 12:26:18,10/28/2010 12:26:18,CN=Lorraine Whitcombe/OU=CHPSID/O=TACOM,,W3JPW6~e.yamaguchi,Elizabeth Yamaguchi-Orr,CW2,W3JPW6,WQDL80,"2nd Armored Brigade Combat Team, 1st Cavalry Division",Property Book Officer,(302) 555-1783,elizabeth.yamaguchi.mil@example.mil,10/28/2010,W3JPW6~E.YAMAGUCHI
65C4D068BA63DBB79E14736131A0C491,CE6,,09/23/2004 11:22:00,09/23/2004 11:22:00,CN=Dwayne Petrakis/OU=CHPSID/O=TACOM,,WUB92Z~h.xanthopoulos,Harold Xanthopoulos,SGT,WUB92Z,WJ25M0,U.S. Army Forces Command,Executive Officer,(215) 555-1162,harold.xanthopoulos.mil@example.mil,09/23/2004,WUB92Z~H.XANTHOPOULOS
E969BCAFC045C5774572813F930A2A1C,CEA,,10/18/2004 07:07:35,10/18/2004 07:07:35,CN=Ret Hamlin/OU=CHPSID/O=TACOM,,WV7HV8~m.delgadillo,Marcus Delgadillo,1SG,WV7HV8,WEKSBA,101st Combat Aviation Brigade,S4,(540) 555-1303,marcus.delgadillo.mil@example.mil,10/18/2004,WV7HV8~M.DELGADILLO
13455B9C6021AB1B7F50B0CC02B45410,CEE,,07/20/2015 09:47:55,07/20/2015 09:47:55,CN=Lorraine Whitcombe/OU=CHPSID/O=TACOM,,WRX6K8~h.whitlock,Helen Whitlock-Bay,1LT,WRX6K8,WPAKM0,"1st Armored Brigade Combat Team, 1st Cavalry Division",Protocol Officer,(856) 555-1142,helen.whitlock.mil@example.mil,07/20/2015,WRX6K8~H.WHITLOCK
B7BCA4BE0BFC35C57FA18AF66EA4C50A,CF2,,06/21/2019 16:49:44,06/21/2019 16:49:44,CN=Lorraine Whitcombe/OU=CHPSID/O=TACOM,,W4FZXV~m.delgadillo,Matthew Delgadillo,SGT,W4FZXV,WU0RUA,U.S. Army Special Operations Command,Executive Officer,(610) 555-1226,matthew.delgadillo.mil@example.mil,06/21/2019,W4FZXV~M.DELGADILLO
704CDD376414675B68656A103D39294B,CF6,,08/31/2018 09:31:25,08/31/2018 09:31:25,CN=Dwayne Petrakis/OU=CHPSID/O=TACOM,,WR3QJ7~m.galbreath,Matthew Galbreath,SGT,WR3QJ7,WMP99A,"2nd Infantry Brigade Combat Team, 11th Airborne Division",Supply Sergeant,(703) 555-1034,matthew.galbreath.mil@example.mil,08/31/2018,WR3QJ7~M.GALBREATH
F18F16AB5B5E6FA50942C008933B114C,CFA,,01/18/2016 09:55:11,01/18/2016 09:55:11,CN=Lorraine Whitcombe/OU=CHPSID/O=TACOM,,W60RK6~s.castellanos,Stephanie Castellanos,SGT,W60RK6,WY08M0,25th Combat Aviation Brigade,S4,(717) 555-1411,stephanie.castellanos.mil@example.mil,01/18/2016,W60RK6~S.CASTELLANOS
DE325ED1D0BF66393C93017DC2673F48,CFE,,11/02/2025 11:54:19,11/02/2025 11:54:19,CN=Lorraine Whitcombe/OU=CHPSID/O=TACOM,,W02D75~m.villanueva,Michael Villanueva-Cox,CPT,W02D75,WZQ3WA,29th Infantry Division (Virginia Army National Guard),Unit Commander,(484) 555-1017,michael.villanueva.mil@example.mil,11/02/2025,W02D75~M.VILLANUEVA
DC7D93CF16BA0C77E9B05F119A8920B6,D02,,09/22/2022 11:26:50,09/22/2022 11:26:50,CN=Ret Hamlin/OU=CHPSID/O=TACOM,,W3HFA3~j.villanueva,Jeffrey Villanueva-Cox,MAJ,W3HFA3,W4PPHA,28th Infantry Division (Pennsylvania Army National Guard),Protocol Officer,(410) 555-1336,jeffrey.villanueva.mil@example.mil,09/22/2022,W3HFA3~J.VILLANUEVA
C5E1B522FF5F1969A67C1D05090F3038,D06,,05/07/2004 14:35:13,05/07/2004 14:35:13,CN=Ret Hamlin/OU=CHPSID/O=TACOM,,WSL7SS~w.greaves,Walter Greaves-Tolan,1LT,WSL7SS,W72TJ0,32nd Army Air and Missile Defense Command,Executive Officer,(215) 555-1144,walter.greaves.mil@example.mil,05/07/2004,WSL7SS~W.GREAVES
5771B8C18A2CADED5100589D02436A75,D0A,,12/30/2021 16:40:34,12/30/2021 16:40:34,CN=Theodore Blankenship/OU=TroopSupport/O=DLA,,W60RK6~t.ashcroft,Tyler Ashcroft-Mayne,CW2,W60RK6,WY08M0,25th Combat Aviation Brigade,Executive Officer,(302) 555-1913,tyler.ashcroft.mil@example.mil,12/30/2021,W60RK6~T.ASHCROFT
2A90A140041E8FF2BAE1137151A1D548,D0E,,03/23/2013 09:16:55,03/23/2013 09:16:55,CN=Dwayne Petrakis/OU=CHPSID/O=TACOM,,WQJABD~r.jessup,Ruth Jessup-Kane,SSG,WQJABD,WBFCGA,"1st Infantry Brigade Combat Team, 11th Airborne Division",Unit Commander,(610) 555-1302,ruth.jessup.mil@example.mil,03/23/2013,WQJABD~R.JESSUP
4E8C8CCAF0D401FD09CB24C1F51A1910,D12,,12/16/2022 16:04:32,12/16/2022 16:04:32,CN=Dwayne Petrakis/OU=CHPSID/O=TACOM,,WBM3V6~r.umberlake,Raymond Umberlake,1LT,WBM3V6,W8PC8A,"3rd Infantry Brigade Combat Team, 25th Infantry Division",Executive Officer,(215) 555-1399,raymond.umberlake.mil@example.mil,12/16/2022,WBM3V6~R.UMBERLAKE
EB469A20E1F76B2207EF63DDC4F41A04,D16,,03/25/2022 15:59:31,03/25/2022 15:59:31,CN=Theodore Blankenship/OU=TroopSupport/O=DLA,,WV7Y9L~g.greaves,Gary Greaves-Tolan,1SG,WV7Y9L,W9V520,38th Infantry Division (Indiana Army National Guard),Executive Officer,(610) 555-1183,gary.greaves.mil@example.mil,03/25/2022,WV7Y9L~G.GREAVES
DAFF53F13AE8C4E9124E5EAB2BE8A20A,D1A,,01/18/2018 07:29:30,01/18/2018 07:29:30,CN=Theodore Blankenship/OU=TroopSupport/O=DLA,,WBM3V6~t.ingersby,Timothy Ingersby,CW2,WBM3V6,W8PC8A,"3rd Infantry Brigade Combat Team, 25th Infantry Division",S4,(540) 555-1818,timothy.ingersby.mil@example.mil,01/18/2018,WBM3V6~T.INGERSBY
3255F3B6B0668D1F0CDF6B9C6624D5A0,D1E,,06/07/2015 16:09:47,06/07/2015 16:09:47,CN=Lorraine Whitcombe/OU=CHPSID/O=TACOM,,WAHNPF~m.pettiford,Melissa Pettiford,MAJ,WAHNPF,WS4NNA,82nd Airborne Division Sustainment Brigade,Other,(484) 555-1104,melissa.pettiford.mil@example.mil,06/07/2015,WAHNPF~M.PETTIFORD
0E816B6A85CADBE23FC656DD59876DB5,D22,,09/15/2018 11:36:22,09/15/2018 11:36:22,CN=Lorraine Whitcombe/OU=CHPSID/O=TACOM,,W8ZMAK~l.xanthopoulos,Leonard Xanthopoulos,SGT,W8ZMAK,W8258A,593rd Expeditionary Sustainment Command,Unit Commander,(856) 555-1930,leonard.xanthopoulos.mil@example.mil,09/15/2018,W8ZMAK~L.XANTHOPOULOS
7A1946982EE797704408949A6EBDDEBD,D26,,01/04/2015 13:36:52,01/04/2015 13:36:52,CN=Theodore Blankenship/OU=TroopSupport/O=DLA,,W3HFA3~k.beddingfield,Kevin Beddingfield,1SG,W3HFA3,W4PPHA,28th Infantry Division (Pennsylvania Army National Guard),Unit Commander,(267) 555-1497,kevin.beddingfield.mil@example.mil,01/04/2015,W3HFA3~K.BEDDINGFIELD
0BBB9B0F1E2D0C824C46A09FCFB41308,D2A,,05/16/2019 09:02:29,05/16/2019 09:02:29,CN=Ret Hamlin/OU=CHPSID/O=TACOM,,WWY02J~h.delgadillo,Heather Delgadillo,GS-09,WWY02J,WQT35A,"3rd Armored Brigade Combat Team, 1st Armored Division",Executive Officer,(410) 555-1108,heather.delgadillo.mil@example.mil,05/16/2019,WWY02J~H.DELGADILLO
7E0B4AA1EDC27DE93A414B7A888D7AFC,D2E,,05/24/2026 10:35:23,05/24/2026 10:35:23,CN=Lorraine Whitcombe/OU=CHPSID/O=TACOM,,WS98D3~k.jessup,Karen Jessup-Kane,SSG,WS98D3,WH49TA,21st Theater Sustainment Command,Property Book Officer,(540) 555-1488,karen.jessup.mil@example.mil,05/24/2026,WS98D3~K.JESSUP
87C5F3B99165C4BDCE8C5C2DAFD5726B,D32,,05/18/2004 10:20:44,05/18/2004 10:20:44,CN=Dwayne Petrakis/OU=CHPSID/O=TACOM,,WD9RVP~c.umberlake,Carol Umberlake,GS-11,WD9RVP,WR1LGA,U.S. Army Tank-automotive and Armaments Command,Unit Commander,(856) 555-1027,carol.umberlake.mil@example.mil,05/18/2004,WD9RVP~C.UMBERLAKE
3A9CC434B647B2F057CA76D5E529D757,D36,,04/10/2007 17:21:19,04/10/2007 17:21:19,CN=Lorraine Whitcombe/OU=CHPSID/O=TACOM,,WH9EE8~t.bramwold,Thomas Bramwold,SGT,WH9EE8,WRD9YA,1st Armored Division Headquarters and Headquarters Battalion,Property Book Officer,(267) 555-1848,thomas.bramwold.mil@example.mil,04/10/2007,WH9EE8~T.BRAMWOLD
0B7289FAE390623DB90DCC0E759F77D2,D3A,,01/15/2012 13:54:30,01/15/2012 13:54:30,CN=Dwayne Petrakis/OU=CHPSID/O=TACOM,,WJMJXA~d.kellerhaus,Darnell Kellerhaus,SGT,WJMJXA,W4RSJA,35th Air Defense Artillery Brigade,Executive Officer,(703) 555-1621,darnell.kellerhaus.mil@example.mil,01/15/2012,WJMJXA~D.KELLERHAUS
B4C21D11495D8FCF5016E6C9D2EF378E,D3E,,06/04/2020 16:31:06,06/04/2020 16:31:06,CN=Dwayne Petrakis/OU=CHPSID/O=TACOM,,WSGFDA~b.wickersham,Brandon Wickersham,2LT,WSGFDA,WXWR70,U.S. Army Aviation and Missile Command,Property Book Officer,(215) 555-1384,brandon.wickersham.mil@example.mil,06/04/2020,WSGFDA~B.WICKERSHAM
A4C52EC429A281705BE16CE8655F4878,D42,,04/21/2011 08:22:23,04/21/2011 08:22:23,CN=Theodore Blankenship/OU=TroopSupport/O=DLA,,WEZAQC~b.vandermolen,Brian Vandermolen,1LT,WEZAQC,WLARAA,528th Sustainment Brigade (Special Operations) (Airborne),Protocol Officer,(215) 555-1057,brian.vandermolen.mil@example.mil,04/21/2011,WEZAQC~B.VANDERMOLEN
267208CF6A696B17094BB0A7C05ECEC1,D46,,09/09/2020 17:28:56,09/09/2020 17:28:56,CN=Lorraine Whitcombe/OU=CHPSID/O=TACOM,,WX4KEC~r.crandall,Ruth Crandall-Mott,CW2,WX4KEC,WFWE4A,"1st Brigade Combat Team, 101st Airborne Division (Air Assault)",Supply Sergeant,(856) 555-1994,ruth.crandall.mil@example.mil,09/09/2020,WX4KEC~R.CRANDALL
B6404198D672FCB3F8919E1168940A29,D4A,,04/19/2021 12:46:37,04/19/2021 12:46:37,CN=Theodore Blankenship/OU=TroopSupport/O=DLA,,W275B5~a.dellacroix,Andrew Dellacroix,SGT,W275B5,WFA07A,88th Readiness Division (Army Reserve),Executive Officer,(302) 555-1664,andrew.dellacroix.mil@example.mil,04/19/2021,W275B5~A.DELLACROIX
93B590D3B7AC81097DE94016C0F867E7,D4E,,05/10/2010 14:03:24,05/10/2010 14:03:24,CN=Lorraine Whitcombe/OU=CHPSID/O=TACOM,,WV7HV8~e.oakhurst,Elizabeth Oakhurst-Pell,SSG,WV7HV8,WEKSBA,101st Combat Aviation Brigade,Other,(410) 555-1433,elizabeth.oakhurst.mil@example.mil,05/10/2010,WV7HV8~E.OAKHURST
4CE40DDC58313793A959B160045F18AC,D52,,04/19/2020 11:20:17,04/19/2020 11:20:17,CN=Lorraine Whitcombe/OU=CHPSID/O=TACOM,,WB8QWH~w.bramwold,Walter Bramwold,1SG,WB8QWH,W3TWRA,81st Readiness Division (Army Reserve),Property Book Officer,(610) 555-1578,walter.bramwold.mil@example.mil,04/19/2020,WB8QWH~W.BRAMWOLD
56FBF3AB1D8D5FBE4E9E442F2884E74F,D56,,04/17/2008 07:06:19,04/17/2008 07:06:19,CN=Dwayne Petrakis/OU=CHPSID/O=TACOM,,W0YT57~j.galbreath,Jamal Galbreath,1SG,W0YT57,WYJ510,"3rd Armored Brigade Combat Team, 1st Cavalry Division",Other,(540) 555-1393,jamal.galbreath.mil@example.mil,04/17/2008,W0YT57~J.GALBREATH
7CA616397E90AA71D500DA0B8BB41841,D5A,,08/15/2019 13:19:10,08/15/2019 13:19:10,CN=Dwayne Petrakis/OU=CHPSID/O=TACOM,,WWQWYR~c.gastrelle,Carl Gastrelle,CW2,WWQWYR,WZW010,173rd Airborne Brigade,Unit Commander,(856) 555-1319,carl.gastrelle.mil@example.mil,08/15/2019,WWQWYR~C.GASTRELLE
7D1BC53BCFE64FEA414DD39E237F132B,D5E,,03/08/2009 12:32:40,03/08/2009 12:32:40,CN=Theodore Blankenship/OU=TroopSupport/O=DLA,,W1UU27~m.wickersham,Melissa Wickersham,GS-09,W1UU27,WDJYCA,"1st Stryker Brigade Combat Team, 1st Armored Division",Unit Commander,(540) 555-1175,melissa.wickersham.mil@example.mil,03/08/2009,W1UU27~M.WICKERSHAM
88C1074772C18D50B1B4357A9F4582BE,D62,,12/13/2022 15:39:43,12/13/2022 15:39:43,CN=Theodore Blankenship/OU=TroopSupport/O=DLA,,WHU4WF~s.saldivar,Susan Saldivar,CW2,WHU4WF,WFAB70,"2nd Brigade Combat Team, 82nd Airborne Division",Supply Sergeant,(610) 555-1631,susan.saldivar.mil@example.mil,12/13/2022,WHU4WF~S.SALDIVAR
13F62A1B052ECCA33D705756156E6D19,D66,,01/23/2007 07:40:05,01/23/2007 07:40:05,CN=Dwayne Petrakis/OU=CHPSID/O=TACOM,,WRB6ZV~j.ashcroft,Jessica Ashcroft-Mayne,MAJ,WRB6ZV,WKK4R0,95th Civil Affairs Brigade (Airborne),Unit Commander,(302) 555-1591,jessica.ashcroft.mil@example.mil,01/23/2007,WRB6ZV~J.ASHCROFT
387633BD1EF9C197B6A7593A91E079A6,D6A,,12/23/2022 07:04:16,12/23/2022 07:04:16,CN=Dwayne Petrakis/OU=CHPSID/O=TACOM,,W41BBB~j.trevino,James Trevino-Hale,2LT,W41BBB,WQQ330,"2nd Battalion, 75th Ranger Regiment",Protocol Officer,(703) 555-1709,james.trevino.mil@example.mil,12/23/2022,W41BBB~J.TREVINO
D6F7E24E0EA657728D87B201474ACF4B,D6E,,07/21/2019 12:32:40,07/21/2019 12:32:40,CN=Dwayne Petrakis/OU=CHPSID/O=TACOM,,WSGFDA~m.fennimark,Mary Fennimark,2LT,WSGFDA,WXWR70,U.S. Army Aviation and Missile Command,Executive Officer,(302) 555-1466,mary.fennimark.mil@example.mil,07/21/2019,WSGFDA~M.FENNIMARK
80FECECA8B8AFE01DCD8F120667E8174,D72,,07/28/2007 12:36:35,07/28/2007 12:36:35,CN=Theodore Blankenship/OU=TroopSupport/O=DLA,,W4MCNQ~b.mackelvane,Brandon Mackelvane,1SG,W4MCNQ,WAVYC0,7th Special Forces Group (Airborne),Protocol Officer,(610) 555-1139,brandon.mackelvane.mil@example.mil,07/28/2007,W4MCNQ~B.MACKELVANE
FC7CD3AB176A7F886E482CA8A8864A0B,D76,,11/06/2008 08:14:12,11/06/2008 08:14:12,CN=Ret Hamlin/OU=CHPSID/O=TACOM,,WAWUE2~d.jaramillo,Darnell Jaramillo,MAJ,WAWUE2,WB489A,11th Air Defense Artillery Brigade,Other,(410) 555-1675,darnell.jaramillo.mil@example.mil,11/06/2008,WAWUE2~D.JARAMILLO
A6DA690EF053DDE4FBF6939B229E4324,D7A,,04/03/2009 16:39:09,04/03/2009 16:39:09,CN=Lorraine Whitcombe/OU=CHPSID/O=TACOM,,WA1PJJ~h.fennimark,Helen Fennimark,SFC,WA1PJJ,W17FJA,75th Field Artillery Brigade,Protocol Officer,(410) 555-1293,helen.fennimark.mil@example.mil,04/03/2009,WA1PJJ~H.FENNIMARK
1837F26471A3C2A4EA3960BAE245CF18,D7E,,02/16/2005 13:37:02,02/16/2005 13:37:02,CN=Lorraine Whitcombe/OU=CHPSID/O=TACOM,,WGK2VA~d.hollinbeck,David Hollinbeck,GS-11,WGK2VA,WSV490,United States Military Academy,Property Book Officer,(540) 555-1763,david.hollinbeck.mil@example.mil,02/16/2005,WGK2VA~D.HOLLINBECK
D957183EB411288A2F4529C9268427D4,D82,,03/29/2018 11:17:12,03/29/2018 11:17:12,CN=Lorraine Whitcombe/OU=CHPSID/O=TACOM,,W1CEU2~a.gastrelle,Angela Gastrelle,1LT,W1CEU2,WEDAH0,99th Readiness Division (Army Reserve),Property Book Officer,(610) 555-1248,angela.gastrelle.mil@example.mil,03/29/2018,W1CEU2~A.GASTRELLE
22EE701ED0EB5A3CD7B80FB1B0E392AE,D86,,12/07/2019 15:39:08,12/07/2019 15:39:08,CN=Ret Hamlin/OU=CHPSID/O=TACOM,,WFTYWM~k.lockridge,Karen Lockridge,MAJ,WFTYWM,WR84JA,412th Theater Engineer Command (Army Reserve),Unit Commander,(703) 555-1195,karen.lockridge.mil@example.mil,12/07/2019,WFTYWM~K.LOCKRIDGE
C77BE2D2C8A4F1E1FD85EAD92531559D,D8A,,03/10/2013 09:45:25,03/10/2013 09:45:25,CN=Ret Hamlin/OU=CHPSID/O=TACOM,,WH9EE8~e.pettiford,Ernesto Pettiford,1SG,WH9EE8,WRD9YA,1st Armored Division Headquarters and Headquarters Battalion,Unit Commander,(703) 555-1610,ernesto.pettiford.mil@example.mil,03/10/2013,WH9EE8~E.PETTIFORD
8F86B1314F8615D5CC3A1625918E3F72,D8E,,11/13/2009 12:56:34,11/13/2009 12:56:34,CN=Ret Hamlin/OU=CHPSID/O=TACOM,,WXYU7G~h.umberlake,Helen Umberlake,CW2,WXYU7G,WHG29A,"2nd Infantry Brigade Combat Team, 25th Infantry Division",Unit Commander,(484) 555-1467,helen.umberlake.mil@example.mil,11/13/2009,WXYU7G~H.UMBERLAKE
0C4FB1725369AB82B7F4988555343C56,D92,,12/23/2011 07:53:09,12/23/2011 07:53:09,CN=Lorraine Whitcombe/OU=CHPSID/O=TACOM,,W9GNZX~r.urquhart,Raymond Urquhart,MSG,W9GNZX,WRYMNA,1st Cavalry Division Sustainment Brigade,Other,(484) 555-1262,raymond.urquhart.mil@example.mil,12/23/2011,W9GNZX~R.URQUHART
A796FF5B8C2CB66CFE92109702FBDAB9,D96,,10/02/2022 17:39:16,10/02/2022 17:39:16,CN=Theodore Blankenship/OU=TroopSupport/O=DLA,,WV7HV8~h.marrowbridge,Helen Marrowbridge,1LT,WV7HV8,WEKSBA,101st Combat Aviation Brigade,S4,(215) 555-1899,helen.marrowbridge.mil@example.mil,10/02/2022,WV7HV8~H.MARROWBRIDGE
57B9F6AF6995AFAAEC7D2EFBD3FE2255,D9A,,12/07/2018 08:22:20,12/07/2018 08:22:20,CN=Dwayne Petrakis/OU=CHPSID/O=TACOM,,WWY02J~r.barrowclough,Ruth Barrowclough,2LT,WWY02J,WQT35A,"3rd Armored Brigade Combat Team, 1st Armored Division",Property Book Officer,(267) 555-1448,ruth.barrowclough.mil@example.mil,12/07/2018,WWY02J~R.BARROWCLOUGH
C0A581D2D4F8BD5D403AC7E36E526B8B,D9E,,11/04/2015 09:36:06,11/04/2015 09:36:06,CN=Dwayne Petrakis/OU=CHPSID/O=TACOM,,WEKX1S~e.abernook,Earl Abernook,2LT,WEKX1S,W9LMPA,"3rd Brigade Combat Team, 82nd Airborne Division",S4,(703) 555-1613,earl.abernook.mil@example.mil,11/04/2015,WEKX1S~E.ABERNOOK
12B5B65B02DF18A91D7558A7A8AF7344,DA2,,03/24/2020 11:20:25,03/24/2020 11:20:25,CN=Dwayne Petrakis/OU=CHPSID/O=TACOM,,WAY862~l.yellowley,Luis Yellowley,2LT,WAY862,WZV67A,12th Combat Aviation Brigade,Executive Officer,(856) 555-1765,luis.yellowley.mil@example.mil,03/24/2020,WAY862~L.YELLOWLEY
6412036E8FAC0AD55F46458C1004ADAC,DA6,,10/29/2017 16:21:37,10/29/2017 16:21:37,CN=Theodore Blankenship/OU=TroopSupport/O=DLA,,WERXB3~k.vandermolen,Karen Vandermolen,SFC,WERXB3,WPDTK0,"1st Stryker Brigade Combat Team, 4th Infantry Division",S4,(540) 555-1880,karen.vandermolen.mil@example.mil,10/29/2017,WERXB3~K.VANDERMOLEN
783B266CCC6E0F1F86EF11F8739BE53F,DAA,,01/26/2011 17:19:37,01/26/2011 17:19:37,CN=Ret Hamlin/OU=CHPSID/O=TACOM,,WBM3V6~a.palomares,Arthur Palomares,MSG,WBM3V6,W8PC8A,"3rd Infantry Brigade Combat Team, 25th Infantry Division",Property Book Officer,(703) 555-1398,arthur.palomares.mil@example.mil,01/26/2011,WBM3V6~A.PALOMARES
1FA73EBD123814E7E57C8BCFA7908BA6,DAE,,02/03/2023 13:34:39,02/03/2023 13:34:39,CN=Lorraine Whitcombe/OU=CHPSID/O=TACOM,,WMPNRL~c.nethercott,Carl Nethercott,SGT,WMPNRL,W634H0,"1st Stryker Brigade Combat Team, 2nd Infantry Division",Supply Sergeant,(410) 555-1983,carl.nethercott.mil@example.mil,02/03/2023,WMPNRL~C.NETHERCOTT
DF19BC33562066A7C56629984739D6F8,DB2,,01/24/2021 10:18:57,01/24/2021 10:18:57,CN=Lorraine Whitcombe/OU=CHPSID/O=TACOM,,W6AB4P~m.trevino,Michael Trevino-Hale,1LT,W6AB4P,WJPGUA,1st Theater Sustainment Command,Other,(215) 555-1280,michael.trevino.mil@example.mil,01/24/2021,W6AB4P~M.TREVINO
546C40437120ED5E10D29F6002E04BA5,DB6,,07/07/2011 09:14:29,07/07/2011 09:14:29,CN=Ret Hamlin/OU=CHPSID/O=TACOM,,WJMJXA~n.figueroa,Norman Figueroa-Paz,GS-11,WJMJXA,W4RSJA,35th Air Defense Artillery Brigade,Other,(302) 555-1455,norman.figueroa.mil@example.mil,07/07/2011,WJMJXA~N.FIGUEROA
D587836E00596F10C6692B36153B1DC4,DBA,,11/21/2023 14:05:19,11/21/2023 14:05:19,CN=Ret Hamlin/OU=CHPSID/O=TACOM,,WAHNPF~a.wickersham,Andrew Wickersham,CPT,WAHNPF,WS4NNA,82nd Airborne Division Sustainment Brigade,Protocol Officer,(610) 555-1883,andrew.wickersham.mil@example.mil,11/21/2023,WAHNPF~A.WICKERSHAM
FDD89184A2CF451D0F4FAAE6665B15FB,DBE,,09/23/2022 14:55:53,09/23/2022 14:55:53,CN=Theodore Blankenship/OU=TroopSupport/O=DLA,,WYWFQJ~n.fortenbury,Nancy Fortenbury,CW2,WYWFQJ,WP9FKA,Sustainment Center of Excellence,Protocol Officer,(215) 555-1324,nancy.fortenbury.mil@example.mil,09/23/2022,WYWFQJ~N.FORTENBURY
91F8E420BDF326B364285F760AD9BEEF,DC2,,06/20/2016 07:45:32,06/20/2016 07:45:32,CN=Ret Hamlin/OU=CHPSID/O=TACOM,,W7UTLQ~j.pettiford,Jessica Pettiford,GS-11,W7UTLQ,WFFJWA,III Armored Corps Headquarters and Headquarters Battalion,Property Book Officer,(410) 555-1560,jessica.pettiford.mil@example.mil,06/20/2016,W7UTLQ~J.PETTIFORD
3E65CA1D1D11A1CAD0F903B4DDE15E04,DC6,,09/06/2008 07:37:20,09/06/2008 07:37:20,CN=Dwayne Petrakis/OU=CHPSID/O=TACOM,,WH3P1L~r.ledesma,Raymond Ledesma-Ortiz,SSG,WH3P1L,W0G1Y0,U.S. Army Human Resources Command,Other,(717) 555-1899,raymond.ledesma.mil@example.mil,09/06/2008,WH3P1L~R.LEDESMA
D93AF16D3E8FA94DA6C1E1E3504CB818,DCA,,07/18/2014 13:02:31,07/18/2014 13:02:31,CN=Ret Hamlin/OU=CHPSID/O=TACOM,,WS0W7Z~h.barrowclough,Hector Barrowclough,GS-11,WS0W7Z,W3SE1A,V Corps Headquarters and Headquarters Battalion,S4,(610) 555-1949,hector.barrowclough.mil@example.mil,07/18/2014,WS0W7Z~H.BARROWCLOUGH
D0DE8AACA620089D69E2E83E8227C5A5,DCE,,07/15/2026 15:21:14,07/15/2026 15:21:14,CN=Dwayne Petrakis/OU=CHPSID/O=TACOM,,WZSRSX~b.ashcroft,Betty Ashcroft-Mayne,CW2,WZSRSX,WJG26A,"2nd Armored Brigade Combat Team, 1st Armored Division",S4,(215) 555-1534,betty.ashcroft.mil@example.mil,07/15/2026,WZSRSX~B.ASHCROFT
AB301555FB2DD4E0676DED014F5688A9,DD2,,08/14/2018 10:19:02,08/14/2018 10:19:02,CN=Dwayne Petrakis/OU=CHPSID/O=TACOM,,W8ZMAK~t.altamirano,Terrence Altamirano-Diaz,SGT,W8ZMAK,W8258A,593rd Expeditionary Sustainment Command,Property Book Officer,(856) 555-1960,terrence.altamirano.mil@example.mil,08/14/2018,W8ZMAK~T.ALTAMIRANO
F7701086B756B589CB3543E7BB37DD7F,DD6,,06/15/2019 15:07:46,06/15/2019 15:07:46,CN=Lorraine Whitcombe/OU=CHPSID/O=TACOM,,WZMAN8~a.yarrowdale,Anthony Yarrowdale,GS-11,WZMAN8,WDM3SA,116th Infantry Brigade Combat Team (Virginia Army National Guard),Other,(302) 555-1560,anthony.yarrowdale.mil@example.mil,06/15/2019,WZMAN8~A.YARROWDALE
8F8A7949F80B6979CC1E18963505785A,DDA,,11/20/2006 09:45:35,11/20/2006 09:45:35,CN=Ret Hamlin/OU=CHPSID/O=TACOM,,W41BBB~n.oakhurst,Nicole Oakhurst-Pell,GS-11,W41BBB,WQQ330,"2nd Battalion, 75th Ranger Regiment",Unit Commander,(540) 555-1390,nicole.oakhurst.mil@example.mil,11/20/2006,W41BBB~N.OAKHURST
670E58E4831EE33FEA80060EA633C244,DDE,,09/05/2018 13:32:03,09/05/2018 13:32:03,CN=Ret Hamlin/OU=CHPSID/O=TACOM,,WJW2AJ~b.villanueva,Brandon Villanueva-Cox,SGT,WJW2AJ,WEN32A,13th Armored Corps Sustainment Command,S4,(610) 555-1055,brandon.villanueva.mil@example.mil,09/05/2018,WJW2AJ~B.VILLANUEVA
71EA4B9B68BDDA20D828273791C0E6DF,DE2,,06/19/2006 14:42:37,06/19/2006 14:42:37,CN=Theodore Blankenship/OU=TroopSupport/O=DLA,,WCE7HG~l.templeton,Leonard Templeton-Ash,CPT,WCE7HG,WCMHDA,"1st Brigade Combat Team, 82nd Airborne Division",Executive Officer,(410) 555-1587,leonard.templeton.mil@example.mil,06/19/2006,WCE7HG~L.TEMPLETON
213C95B86CDD91729A34684B1B511674,DE6,,09/04/2019 13:56:06,09/04/2019 13:56:06,CN=Dwayne Petrakis/OU=CHPSID/O=TACOM,,WYD5U9~e.sallisaw,Elizabeth Sallisaw,CPT,WYD5U9,W9ZVP0,1st Air Cavalry Brigade,Supply Sergeant,(267) 555-1887,elizabeth.sallisaw.mil@example.mil,09/04/2019,WYD5U9~E.SALLISAW
D75AEFB23E730BCEB7DB660CD3396500,DEA,,09/10/2006 16:16:20,09/10/2006 16:16:20,CN=Dwayne Petrakis/OU=CHPSID/O=TACOM,,WEKX1S~m.ingersby,Matthew Ingersby,GS-09,WEKX1S,W9LMPA,"3rd Brigade Combat Team, 82nd Airborne Division",Unit Commander,(610) 555-1849,matthew.ingersby.mil@example.mil,09/10/2006,WEKX1S~M.INGERSBY
172C32D96EC5B564175E90D045CB4F5E,DEE,,04/08/2023 07:29:09,04/08/2023 07:29:09,CN=Dwayne Petrakis/OU=CHPSID/O=TACOM,,WGHC22~e.stroudmoor,Eugene Stroudmoor,GS-11,WGHC22,WQB57A,"2nd Stryker Brigade Combat Team, 2nd Infantry Division",Supply Sergeant,(717) 555-1393,eugene.stroudmoor.mil@example.mil,04/08/2023,WGHC22~E.STROUDMOOR
5397C9693BB5887A6F92CD2313BAC85D,DF2,,02/09/2017 11:31:48,02/09/2017 11:31:48,CN=Ret Hamlin/OU=CHPSID/O=TACOM,,WGPVZG~t.nakashima,Timothy Nakashima,MAJ,WGPVZG,W5T4LA,1st Information Operations Command (Land),S4,(302) 555-1006,timothy.nakashima.mil@example.mil,02/09/2017,WGPVZG~T.NAKASHIMA
444CDC19F07F45EB30C907420C63A01A,DF6,,10/13/2023 11:01:08,10/13/2023 11:01:08,CN=Theodore Blankenship/OU=TroopSupport/O=DLA,,WD9RVP~d.castellanos,Dorothy Castellanos,GS-11,WD9RVP,WR1LGA,U.S. Army Tank-automotive and Armaments Command,Property Book Officer,(215) 555-1360,dorothy.castellanos.mil@example.mil,10/13/2023,WD9RVP~D.CASTELLANOS
AD3C65E1DF3F3EF1A60B5DFC6CAE2589,DFA,,06/06/2008 14:13:21,06/06/2008 14:13:21,CN=Ret Hamlin/OU=CHPSID/O=TACOM,,WGDZ6P~e.wickersham,Earl Wickersham,1LT,WGDZ6P,WHDZFA,35th Signal Brigade,Other,(484) 555-1072,earl.wickersham.mil@example.mil,06/06/2008,WGDZ6P~E.WICKERSHAM
0FC7DFB0DF075D4F46BC18968614727F,DFE,,08/25/2004 14:51:57,08/25/2004 14:51:57,CN=Dwayne Petrakis/OU=CHPSID/O=TACOM,,W3Z4SG~e.jarvinen,Evelyn Jarvinen-Roe,MSG,W3Z4SG,WQZP2A,18th Field Artillery Brigade,Property Book Officer,(856) 555-1443,evelyn.jarvinen.mil@example.mil,08/25/2004,W3Z4SG~E.JARVINEN
25AE5384542F133640A390E481ECA0E5,E02,,09/04/2019 09:46:05,09/04/2019 09:46:05,CN=Dwayne Petrakis/OU=CHPSID/O=TACOM,,W8YAN7~j.quarterman,Jamal Quarterman,MSG,W8YAN7,W65260,"3rd Armored Brigade Combat Team, 4th Infantry Division",Executive Officer,(717) 555-1038,jamal.quarterman.mil@example.mil,09/04/2019,W8YAN7~J.QUARTERMAN
7889826A7BA5F06163F89612F17B9C93,E06,,10/13/2004 12:22:26,10/13/2004 12:22:26,CN=Dwayne Petrakis/OU=CHPSID/O=TACOM,,WSPEAM~m.maldonado,Marcus Maldonado-Vega,SFC,WSPEAM,WLS87A,4th Infantry Division Sustainment Brigade,S4,(267) 555-1246,marcus.maldonado.mil@example.mil,10/13/2004,WSPEAM~M.MALDONADO
63D550B90C7AF1212352994174A2C6D0,E0A,,06/26/2004 15:31:37,06/26/2004 15:31:37,CN=Dwayne Petrakis/OU=CHPSID/O=TACOM,,WS0W7Z~h.beddingfield,Hector Beddingfield,MAJ,WS0W7Z,W3SE1A,V Corps Headquarters and Headquarters Battalion,Other,(610) 555-1010,hector.beddingfield.mil@example.mil,06/26/2004,WS0W7Z~H.BEDDINGFIELD
68A104E80971130A9046A1368B05E06D,E0E,,10/19/2014 08:34:56,10/19/2014 08:34:56,CN=Theodore Blankenship/OU=TroopSupport/O=DLA,,W5KNYG~a.iverstone,Angela Iverstone,2LT,W5KNYG,W08YQ0,"1st Armored Brigade Combat Team, 1st Infantry Division",Property Book Officer,(540) 555-1713,angela.iverstone.mil@example.mil,10/19/2014,W5KNYG~A.IVERSTONE
AEF9E86990430DEB01800AFB731F1439,E12,,05/10/2026 13:13:28,05/10/2026 13:13:28,CN=Theodore Blankenship/OU=TroopSupport/O=DLA,,WKCHGR~m.jankowitz,Mildred Jankowitz,SFC,WKCHGR,WBPC9A,Medical Center of Excellence,Other,(215) 555-1372,mildred.jankowitz.mil@example.mil,05/10/2026,WKCHGR~M.JANKOWITZ
F32513BE88056298633CA68AEA143985,E16,,11/23/2023 16:29:56,11/23/2023 16:29:56,CN=Ret Hamlin/OU=CHPSID/O=TACOM,,WZSV83~t.barrowclough,Timothy Barrowclough,SFC,WZSV83,WDSVTA,U.S. Army Cyber Command,Supply Sergeant,(610) 555-1000,timothy.barrowclough.mil@example.mil,11/23/2023,WZSV83~T.BARROWCLOUGH
20D6BEA3CE7CEA8BB2D07567F0DB7E51,E1A,,08/24/2015 16:40:19,08/24/2015 16:40:19,CN=Ret Hamlin/OU=CHPSID/O=TACOM,,WCE7HG~b.underhill,Brandon Underhill-Voss,MSG,WCE7HG,WCMHDA,"1st Brigade Combat Team, 82nd Airborne Division",Executive Officer,(610) 555-1290,brandon.underhill.mil@example.mil,08/24/2015,WCE7HG~B.UNDERHILL
A58C6B8D9EF73CC11999C6E32745136B,E1E,,10/29/2025 07:27:24,10/29/2025 07:27:24,CN=Ret Hamlin/OU=CHPSID/O=TACOM,,WCTFKA~t.lindquarry,Thomas Lindquarry,SFC,WCTFKA,W4W4FA,"1st Battalion, 75th Ranger Regiment",Property Book Officer,(484) 555-1915,thomas.lindquarry.mil@example.mil,10/29/2025,WCTFKA~T.LINDQUARRY
E0F22F25799D768460CECBD4798434C7,E22,,07/31/2016 15:24:03,07/31/2016 15:24:03,CN=Lorraine Whitcombe/OU=CHPSID/O=TACOM,,WUB92Z~a.quimbley,Arthur Quimbley,MSG,WUB92Z,WJ25M0,U.S. Army Forces Command,Protocol Officer,(703) 555-1611,arthur.quimbley.mil@example.mil,07/31/2016,WUB92Z~A.QUIMBLEY
AE265D46B37290598D96619F0BB65DE9,E26,,01/10/2026 17:37:49,01/10/2026 17:37:49,CN=Dwayne Petrakis/OU=CHPSID/O=TACOM,,WLFTTS~j.quarterman,Jennifer Quarterman,GS-09,WLFTTS,WYSH30,5th Special Forces Group (Airborne),Property Book Officer,(540) 555-1695,jennifer.quarterman.mil@example.mil,01/10/2026,WLFTTS~J.QUARTERMAN
EDBFC9A95DAC86FF394B727A758C1884,E2A,,12/24/2024 11:43:08,12/24/2024 11:43:08,CN=Theodore Blankenship/OU=TroopSupport/O=DLA,,WERXB3~j.rockwell,Jamal Rockwell-Sayre,2LT,WERXB3,WPDTK0,"1st Stryker Brigade Combat Team, 4th Infantry Division",Property Book Officer,(484) 555-1300,jamal.rockwell.mil@example.mil,12/24/2024,WERXB3~J.ROCKWELL
995BFB599A059CDE5EDB40209FA06FBC,E2E,,02/03/2017 16:24:21,02/03/2017 16:24:21,CN=Lorraine Whitcombe/OU=CHPSID/O=TACOM,,WX8FA6~t.altamirano,Timothy Altamirano-Diaz,CPT,WX8FA6,WW8YBA,1st Special Forces Group (Airborne),S4,(302) 555-1407,timothy.altamirano.mil@example.mil,02/03/2017,WX8FA6~T.ALTAMIRANO
D2B2A88AADD4E851C810BEB6B52F1603,E32,,12/28/2011 16:06:52,12/28/2011 16:06:52,CN=Theodore Blankenship/OU=TroopSupport/O=DLA,,W33EFJ~s.wickersham,Sarah Wickersham,1LT,W33EFJ,WREFYA,Maneuver Center of Excellence,S4,(215) 555-1010,sarah.wickersham.mil@example.mil,12/28/2011,W33EFJ~S.WICKERSHAM
763BED6026769CF9CF4871B923A79B74,E36,,12/23/2022 10:21:32,12/23/2022 10:21:32,CN=Theodore Blankenship/OU=TroopSupport/O=DLA,,WWDD01~w.quimbley,Walter Quimbley,1SG,WWDD01,WVF4GA,16th Military Police Brigade (Airborne),Supply Sergeant,(410) 555-1505,walter.quimbley.mil@example.mil,12/23/2022,WWDD01~W.QUIMBLEY
8C07CD963AADED9FB5BDA1476E48C552,E3A,,02/11/2023 11:14:48,02/11/2023 11:14:48,CN=Lorraine Whitcombe/OU=CHPSID/O=TACOM,,WAWUE2~a.iverstone,Angela Iverstone,SGT,WAWUE2,WB489A,11th Air Defense Artillery Brigade,Protocol Officer,(484) 555-1546,angela.iverstone.mil@example.mil,02/11/2023,WAWUE2~A.IVERSTONE
F72A9F569957598C78DFD59605366EB0,E3E,,03/31/2023 11:20:22,03/31/2023 11:20:22,CN=Ret Hamlin/OU=CHPSID/O=TACOM,,WGDZ6P~r.northway,Ralph Northway,2LT,WGDZ6P,WHDZFA,35th Signal Brigade,Unit Commander,(856) 555-1472,ralph.northway.mil@example.mil,03/31/2023,WGDZ6P~R.NORTHWAY
7D86B3566F5E0F9B68AC6F141668F847,E42,,04/19/2021 07:48:12,04/19/2021 07:48:12,CN=Ret Hamlin/OU=CHPSID/O=TACOM,,WC16QN~t.jarvinen,Tyler Jarvinen-Roe,SSG,WC16QN,W0WFNA,Military District of Washington,Unit Commander,(215) 555-1761,tyler.jarvinen.mil@example.mil,04/19/2021,WC16QN~T.JARVINEN
9C020631CCAAAF8D72357F3814EF79F0,E46,,10/17/2015 07:12:24,10/17/2015 07:12:24,CN=Ret Hamlin/OU=CHPSID/O=TACOM,,WUQZVZ~e.tarquinio,Eugene Tarquinio,1LT,WUQZVZ,WEDH80,278th Armored Cavalry Regiment (Tennessee Army National Guard),S4,(540) 555-1326,eugene.tarquinio.mil@example.mil,10/17/2015,WUQZVZ~E.TARQUINIO
101A52BF4C3D0A6A6EE7C11109CC6DEE,E4A,,06/14/2013 07:33:36,06/14/2013 07:33:36,CN=Lorraine Whitcombe/OU=CHPSID/O=TACOM,,WB6MMZ~b.washington,Brandon Washington-Pryce,GS-11,WB6MMZ,W1PBUA,3rd Special Forces Group (Airborne),Other,(302) 555-1913,brandon.washington.mil@example.mil,06/14/2013,WB6MMZ~B.WASHINGTON
F995BE4DD0301DCBB6C247EAB65039A4,E4E,,01/23/2009 11:05:28,01/23/2009 11:05:28,CN=Lorraine Whitcombe/OU=CHPSID/O=TACOM,,WR3QJ7~b.vandermolen,Barbara Vandermolen,MSG,WR3QJ7,WMP99A,"2nd Infantry Brigade Combat Team, 11th Airborne Division",S4,(703) 555-1035,barbara.vandermolen.mil@example.mil,01/23/2009,WR3QJ7~B.VANDERMOLEN
BE6108F6FCBC3B02B0B89112DCE12829,E52,,11/12/2004 12:19:56,11/12/2004 12:19:56,CN=Lorraine Whitcombe/OU=CHPSID/O=TACOM,,WGHC22~h.lattimore,Howard Lattimore,SSG,WGHC22,WQB57A,"2nd Stryker Brigade Combat Team, 2nd Infantry Division",Unit Commander,(610) 555-1058,howard.lattimore.mil@example.mil,11/12/2004,WGHC22~H.LATTIMORE
D297CCBE472206E9A44DA6A5F42D6698,E56,,07/18/2015 08:14:32,07/18/2015 08:14:32,CN=Ret Hamlin/OU=CHPSID/O=TACOM,,WLJR6V~s.fairweather,Sandra Fairweather,SFC,WLJR6V,WZFPDA,U.S. Army Communications-Electronics Command,Supply Sergeant,(410) 555-1626,sandra.fairweather.mil@example.mil,07/18/2015,WLJR6V~S.FAIRWEATHER
71D9E95D4630D8EBFD0C2841EAA943EE,E5A,,09/04/2006 07:44:43,09/04/2006 07:44:43,CN=Ret Hamlin/OU=CHPSID/O=TACOM,,WW0RPQ~n.montgomerie,Norman Montgomerie,SSG,WW0RPQ,WKYUF0,42nd Infantry Division (New York Army National Guard),Executive Officer,(302) 555-1730,norman.montgomerie.mil@example.mil,09/04/2006,WW0RPQ~N.MONTGOMERIE
6EF90CC71BA45DA083F8CE0A39B731AA,E5E,,04/22/2018 08:12:33,04/22/2018 08:12:33,CN=Lorraine Whitcombe/OU=CHPSID/O=TACOM,,WWCT1F~k.fairweather,Karen Fairweather,1LT,WWCT1F,WN4QPA,8th Theater Sustainment Command,S4,(410) 555-1505,karen.fairweather.mil@example.mil,04/22/2018,WWCT1F~K.FAIRWEATHER
443C75150ABE73AD9F3EF7107DF53BEB,E62,,02/08/2013 14:03:21,02/08/2013 14:03:21,CN=Lorraine Whitcombe/OU=CHPSID/O=TACOM,,WN4V1D~m.ashcroft,Mary Ashcroft-Mayne,SFC,WN4V1D,WW92EA,34th Infantry Division (Minnesota Army National Guard),Other,(267) 555-1044,mary.ashcroft.mil@example.mil,02/08/2013,WN4V1D~M.ASHCROFT
7D168BA10565A36B83955125F751625A,E66,,05/05/2024 11:44:52,05/05/2024 11:44:52,CN=Theodore Blankenship/OU=TroopSupport/O=DLA,,WS0W7Z~b.quinonez,Barbara Quinonez,CPT,WS0W7Z,W3SE1A,V Corps Headquarters and Headquarters Battalion,S4,(610) 555-1049,barbara.quinonez.mil@example.mil,05/05/2024,WS0W7Z~B.QUINONEZ
47EFF99C3F5F3A672C7B44606053F8B8,E6A,,10/07/2009 10:18:32,10/07/2009 10:18:32,CN=Dwayne Petrakis/OU=CHPSID/O=TACOM,,WVLFGZ~n.dunmore,Nancy Dunmore-Vey,CPT,WVLFGZ,WEKP2A,Intelligence Center of Excellence,S4,(215) 555-1603,nancy.dunmore.mil@example.mil,10/07/2009,WVLFGZ~N.DUNMORE
6D61432CEEBA31D6EBF666111BAF29D5,E6E,,08/26/2023 13:12:55,08/26/2023 13:12:55,CN=Theodore Blankenship/OU=TroopSupport/O=DLA,,WZSV83~d.rockwell,Darnell Rockwell-Sayre,MSG,WZSV83,WDSVTA,U.S. Army Cyber Command,S4,(302) 555-1478,darnell.rockwell.mil@example.mil,08/26/2023,WZSV83~D.ROCKWELL
5C1735AE2970B831BFACE4BBAEB6D258,E72,,06/10/2024 13:52:58,06/10/2024 13:52:58,CN=Theodore Blankenship/OU=TroopSupport/O=DLA,,WD9RVP~j.lindquarry,Jennifer Lindquarry,SFC,WD9RVP,WR1LGA,U.S. Army Tank-automotive and Armaments Command,Executive Officer,(267) 555-1180,jennifer.lindquarry.mil@example.mil,06/10/2024,WD9RVP~J.LINDQUARRY
311D72C265478A61D39A89A63331C712,E76,,09/03/2023 11:30:43,09/03/2023 11:30:43,CN=Dwayne Petrakis/OU=CHPSID/O=TACOM,,WK5WLH~s.northway,Susan Northway,GS-11,WK5WLH,W8Z4NA,U.S. Army Band 'Pershing's Own',S4,(410) 555-1139,susan.northway.mil@example.mil,09/03/2023,WK5WLH~S.NORTHWAY
70B0725535023DCEC02AFED1707B849E,E7A,,03/24/2018 16:43:18,03/24/2018 16:43:18,CN=Theodore Blankenship/OU=TroopSupport/O=DLA,,WVUEL3~f.dunmore,Frances Dunmore-Vey,SGT,WVUEL3,WJEAVA,40th Infantry Division (California Army National Guard),S4,(856) 555-1574,frances.dunmore.mil@example.mil,03/24/2018,WVUEL3~F.DUNMORE
2E6E9F28DCBD4CC1CC1069D7FEF80E70,E7E,,06/03/2004 12:39:20,06/03/2004 12:39:20,CN=Ret Hamlin/OU=CHPSID/O=TACOM,,W53EJL~t.quinonez,Timothy Quinonez,GS-11,W53EJL,WTDFEA,U.S. Army Sustainment Command,Protocol Officer,(410) 555-1809,timothy.quinonez.mil@example.mil,06/03/2004,W53EJL~T.QUINONEZ
53106854A87C00C5581AEE86F5F659BA,E82,,08/24/2015 11:18:45,08/24/2015 11:18:45,CN=Dwayne Petrakis/OU=CHPSID/O=TACOM,,WW0RPQ~g.stroudmoor,Gary Stroudmoor,MAJ,WW0RPQ,WKYUF0,42nd Infantry Division (New York Army National Guard),Other,(410) 555-1286,gary.stroudmoor.mil@example.mil,08/24/2015,WW0RPQ~G.STROUDMOOR
B62429B4DEF6056ADB106AFC4385B65D,E86,,06/14/2005 16:50:03,06/14/2005 16:50:03,CN=Lorraine Whitcombe/OU=CHPSID/O=TACOM,,WX8FA6~c.ellingboe,Clarence Ellingboe,SGT,WX8FA6,WW8YBA,1st Special Forces Group (Airborne),Executive Officer,(302) 555-1731,clarence.ellingboe.mil@example.mil,06/14/2005,WX8FA6~C.ELLINGBOE
6335197D8DEE477473117156E9F2FBE6,E8A,,08/13/2009 14:10:42,08/13/2009 14:10:42,CN=Ret Hamlin/OU=CHPSID/O=TACOM,,WB45WG~t.drakeford,Timothy Drakeford,1SG,WB45WG,WWJKBA,U.S. Army Cadet Command,Other,(484) 555-1034,timothy.drakeford.mil@example.mil,08/13/2009,WB45WG~T.DRAKEFORD
9BB39625BCD08648EA8FBC978D66B98B,E8E,,05/31/2016 10:30:50,05/31/2016 10:30:50,CN=Dwayne Petrakis/OU=CHPSID/O=TACOM,,WZSRSX~j.izquierdo,Jessica Izquierdo,SSG,WZSRSX,WJG26A,"2nd Armored Brigade Combat Team, 1st Armored Division",Protocol Officer,(484) 555-1124,jessica.izquierdo.mil@example.mil,05/31/2016,WZSRSX~J.IZQUIERDO
ECAF738A1A65CB8EB897723406AFB01A,E92,,06/15/2013 13:16:12,06/15/2013 13:16:12,CN=Dwayne Petrakis/OU=CHPSID/O=TACOM,,WTXVTW~r.cartlewood,Rafael Cartlewood,1SG,WTXVTW,W04SMA,2nd Cavalry Regiment,Unit Commander,(267) 555-1725,rafael.cartlewood.mil@example.mil,06/15/2013,WTXVTW~R.CARTLEWOOD
B5768084B3EB9698AE5C18D0986224CA,E96,,01/20/2013 11:45:43,01/20/2013 11:45:43,CN=Lorraine Whitcombe/OU=CHPSID/O=TACOM,,WZMAN8~v.vanterpool,Virginia Vanterpool,1LT,WZMAN8,WDM3SA,116th Infantry Brigade Combat Team (Virginia Army National Guard),Other,(717) 555-1305,virginia.vanterpool.mil@example.mil,01/20/2013,WZMAN8~V.VANTERPOOL
7318624038D7650668B711E70A2C3C49,E9A,,12/10/2012 09:32:15,12/10/2012 09:32:15,CN=Ret Hamlin/OU=CHPSID/O=TACOM,,WG43NM~j.quarterman,Jamal Quarterman,MSG,WG43NM,W5XU10,20th Engineer Brigade (Combat) (Airborne),Executive Officer,(856) 555-1692,jamal.quarterman.mil@example.mil,12/10/2012,WG43NM~J.QUARTERMAN
C748F272454C4D86405E329E120582D9,E9E,,02/02/2009 16:04:44,02/02/2009 16:04:44,CN=Theodore Blankenship/OU=TroopSupport/O=DLA,,W5TEG5~h.mackelvane,Hector Mackelvane,1SG,W5TEG5,WJDE4A,"2nd Armored Brigade Combat Team, 1st Infantry Division",Other,(302) 555-1323,hector.mackelvane.mil@example.mil,02/02/2009,W5TEG5~H.MACKELVANE
83C83DA8BA2F58581372B25E504346CB,EA2,,03/28/2008 12:56:43,03/28/2008 12:56:43,CN=Lorraine Whitcombe/OU=CHPSID/O=TACOM,,WJNVDP~s.abernook,Steven Abernook,2LT,WJNVDP,WPBSDA,4th Psychological Operations Group (Airborne),Property Book Officer,(540) 555-1040,steven.abernook.mil@example.mil,03/28/2008,WJNVDP~S.ABERNOOK
5A8995AC25F5B6E47125F0A4877FE77D,EA6,,03/27/2004 16:24:14,03/27/2004 16:24:14,CN=Lorraine Whitcombe/OU=CHPSID/O=TACOM,,WJMJXA~s.fennimark,Steven Fennimark,MSG,WJMJXA,W4RSJA,35th Air Defense Artillery Brigade,Executive Officer,(856) 555-1642,steven.fennimark.mil@example.mil,03/27/2004,WJMJXA~S.FENNIMARK
50791D0A3418115DCF089998B3FDBE41,EAA,,08/17/2024 13:09:36,08/17/2024 13:09:36,CN=Lorraine Whitcombe/OU=CHPSID/O=TACOM,,WFC6YB~c.castellanos,Charles Castellanos,1SG,WFC6YB,WGRMU0,3rd Cavalry Regiment,Unit Commander,(410) 555-1018,charles.castellanos.mil@example.mil,08/17/2024,WFC6YB~C.CASTELLANOS
FE8C6E96F9E256E021666D3215B4CCA8,EAE,,06/22/2026 15:26:49,06/22/2026 15:26:49,CN=Lorraine Whitcombe/OU=CHPSID/O=TACOM,,WLJR6V~s.reyes,Sandra Reyes-Almonte,MSG,WLJR6V,WZFPDA,U.S. Army Communications-Electronics Command,Protocol Officer,(717) 555-1530,sandra.reyes.mil@example.mil,06/22/2026,WLJR6V~S.REYES
C1D250D277CB43D1FB0E9B0AB5443049,EB2,,01/04/2022 13:51:12,01/04/2022 13:51:12,CN=Dwayne Petrakis/OU=CHPSID/O=TACOM,,WZMAN8~p.norquist,Patricia Norquist,1SG,WZMAN8,WDM3SA,116th Infantry Brigade Combat Team (Virginia Army National Guard),Property Book Officer,(703) 555-1332,patricia.norquist.mil@example.mil,01/04/2022,WZMAN8~P.NORQUIST
266F28CB9D33C0975DE422FCB87E2938,EB6,,03/03/2011 07:05:01,03/03/2011 07:05:01,CN=Ret Hamlin/OU=CHPSID/O=TACOM,,WHU4WF~m.norquist,Michael Norquist,CPT,WHU4WF,WFAB70,"2nd Brigade Combat Team, 82nd Airborne Division",S4,(856) 555-1241,michael.norquist.mil@example.mil,03/03/2011,WHU4WF~M.NORQUIST
C9CB25682D0FB1A9C57F931B9853A38E,EBA,,11/15/2010 16:23:55,11/15/2010 16:23:55,CN=Ret Hamlin/OU=CHPSID/O=TACOM,,WV7HV8~d.mackelvane,David Mackelvane,MSG,WV7HV8,WEKSBA,101st Combat Aviation Brigade,Unit Commander,(302) 555-1991,david.mackelvane.mil@example.mil,11/15/2010,WV7HV8~D.MACKELVANE
76AE925B7CC4B19A464FCF872969904E,EBE,,09/06/2009 09:55:27,09/06/2009 09:55:27,CN=Theodore Blankenship/OU=TroopSupport/O=DLA,,W9P3AU~n.ellingboe,Norman Ellingboe,CPT,W9P3AU,W18MTA,Cyber Center of Excellence,Supply Sergeant,(302) 555-1548,norman.ellingboe.mil@example.mil,09/06/2009,W9P3AU~N.ELLINGBOE
93D68876B602E2CB110698B1303D58CD,EC2,,07/22/2006 13:32:30,07/22/2006 13:32:30,CN=Dwayne Petrakis/OU=CHPSID/O=TACOM,,WW0RPQ~a.villanueva,Andre Villanueva-Cox,2LT,WW0RPQ,WKYUF0,42nd Infantry Division (New York Army National Guard),Other,(484) 555-1869,andre.villanueva.mil@example.mil,07/22/2006,WW0RPQ~A.VILLANUEVA
5B338163DDAD3CB475CC340B352B0C9E,EC6,,01/14/2026 14:34:32,01/14/2026 14:34:32,CN=Lorraine Whitcombe/OU=CHPSID/O=TACOM,,WFC6YB~a.izquierdo,Anthony Izquierdo,SFC,WFC6YB,WGRMU0,3rd Cavalry Regiment,Unit Commander,(267) 555-1121,anthony.izquierdo.mil@example.mil,01/14/2026,WFC6YB~A.IZQUIERDO
16379FF99E284558C9DC80128412939F,ECA,,09/27/2022 12:43:15,09/27/2022 12:43:15,CN=Lorraine Whitcombe/OU=CHPSID/O=TACOM,,W3JPW6~k.guajardo,Kevin Guajardo,SGT,W3JPW6,WQDL80,"2nd Armored Brigade Combat Team, 1st Cavalry Division",S4,(410) 555-1604,kevin.guajardo.mil@example.mil,09/27/2022,W3JPW6~K.GUAJARDO
885B7FA551E0CD42351541A442A03492,ECE,,10/15/2004 10:28:22,10/15/2004 10:28:22,CN=Dwayne Petrakis/OU=CHPSID/O=TACOM,,WJNVDP~r.yarrowdale,Ralph Yarrowdale,GS-09,WJNVDP,WPBSDA,4th Psychological Operations Group (Airborne),Property Book Officer,(410) 555-1046,ralph.yarrowdale.mil@example.mil,10/15/2004,WJNVDP~R.YARROWDALE
20C80116ADD510A0F0EBF880A09A142F,ED2,,09/22/2010 10:59:41,09/22/2010 10:59:41,CN=Lorraine Whitcombe/OU=CHPSID/O=TACOM,,W3JPW6~t.figueroa,Terrence Figueroa-Paz,CPT,W3JPW6,WQDL80,"2nd Armored Brigade Combat Team, 1st Cavalry Division",Property Book Officer,(703) 555-1492,terrence.figueroa.mil@example.mil,09/22/2010,W3JPW6~T.FIGUEROA
67D74B0C82FB922599D372F3722FB76F,ED6,,08/14/2016 13:04:18,08/14/2016 13:04:18,CN=Ret Hamlin/OU=CHPSID/O=TACOM,,W6JHJN~s.galbreath,Steven Galbreath,MSG,W6JHJN,WFYRRA,807th Medical Command (Deployment Support) (Army Reserve),Supply Sergeant,(267) 555-1853,steven.galbreath.mil@example.mil,08/14/2016,W6JHJN~S.GALBREATH
196470009198992A6B527EDB3E107368,EDA,,05/23/2020 10:17:49,05/23/2020 10:17:49,CN=Ret Hamlin/OU=CHPSID/O=TACOM,,WBM3V6~e.northway,Evelyn Northway,MSG,WBM3V6,W8PC8A,"3rd Infantry Brigade Combat Team, 25th Infantry Division",Property Book Officer,(267) 555-1675,evelyn.northway.mil@example.mil,05/23/2020,WBM3V6~E.NORTHWAY
D7E1FD3A822E17C416AB6D1F309A44DB,EDE,,01/08/2012 08:14:03,01/08/2012 08:14:03,CN=Ret Hamlin/OU=CHPSID/O=TACOM,,WWQWYR~p.ahlquist,Patricia Ahlquist-Bane,1LT,WWQWYR,WZW010,173rd Airborne Brigade,S4,(302) 555-1293,patricia.ahlquist.mil@example.mil,01/08/2012,WWQWYR~P.AHLQUIST
7DC734A658B1B95DFC5C00F1E96F921C,EE2,,07/13/2006 14:16:27,07/13/2006 14:16:27,CN=Theodore Blankenship/OU=TroopSupport/O=DLA,,WJW2AJ~a.lindquarry,Andre Lindquarry,MSG,WJW2AJ,WEN32A,13th Armored Corps Sustainment Command,S4,(610) 555-1167,andre.lindquarry.mil@example.mil,07/13/2006,WJW2AJ~A.LINDQUARRY
FF8CF0C851EB5D1EEEC471DB5329C672,EE6,,02/05/2005 13:54:46,02/05/2005 13:54:46,CN=Theodore Blankenship/OU=TroopSupport/O=DLA,,WVE4QZ~n.villanueva,Nancy Villanueva-Cox,SSG,WVE4QZ,WCE510,I Corps Headquarters and Headquarters Battalion,Executive Officer,(302) 555-1988,nancy.villanueva.mil@example.mil,02/05/2005,WVE4QZ~N.VILLANUEVA
F006695067303A39134D170A7B3F8E76,EEA,,08/12/2013 08:28:17,08/12/2013 08:28:17,CN=Theodore Blankenship/OU=TroopSupport/O=DLA,,WG43NM~c.yarrowdale,Carlos Yarrowdale,1SG,WG43NM,W5XU10,20th Engineer Brigade (Combat) (Airborne),Unit Commander,(540) 555-1833,carlos.yarrowdale.mil@example.mil,08/12/2013,WG43NM~C.YARROWDALE
B0041C97D26D1364AD30CA8F7A201C75,EEE,,12/28/2019 17:05:40,12/28/2019 17:05:40,CN=Lorraine Whitcombe/OU=CHPSID/O=TACOM,,WS0W7Z~h.wexcombe,Heather Wexcombe,CPT,WS0W7Z,W3SE1A,V Corps Headquarters and Headquarters Battalion,Protocol Officer,(410) 555-1574,heather.wexcombe.mil@example.mil,12/28/2019,WS0W7Z~H.WEXCOMBE
17AEEF3DC017DF4F70CC7B8CF41107F7,EF2,,09/27/2023 08:45:37,09/27/2023 08:45:37,CN=Dwayne Petrakis/OU=CHPSID/O=TACOM,,WUB92Z~k.thornbury,Karen Thornbury,SGT,WUB92Z,WJ25M0,U.S. Army Forces Command,Unit Commander,(703) 555-1048,karen.thornbury.mil@example.mil,09/27/2023,WUB92Z~K.THORNBURY
862C32B619AA479828C576568C3BE756,EF6,,12/23/2014 12:04:45,12/23/2014 12:04:45,CN=Theodore Blankenship/OU=TroopSupport/O=DLA,,WAY862~p.vanterpool,Patricia Vanterpool,2LT,WAY862,WZV67A,12th Combat Aviation Brigade,Executive Officer,(302) 555-1039,patricia.vanterpool.mil@example.mil,12/23/2014,WAY862~P.VANTERPOOL
970A4556D5365926D5BDBDD3DBDEC8FF,EFA,,10/03/2017 17:50:25,10/03/2017 17:50:25,CN=Lorraine Whitcombe/OU=CHPSID/O=TACOM,,W76JJS~e.hargreave,Earl Hargreave,CPT,W76JJS,WXS5QA,160th Special Operations Aviation Regiment (Airborne),Protocol Officer,(215) 555-1250,earl.hargreave.mil@example.mil,10/03/2017,W76JJS~E.HARGREAVE
3FD2539B0C854FE20BD0B974183F9DC1,EFE,,12/29/2014 12:48:18,12/29/2014 12:48:18,CN=Dwayne Petrakis/OU=CHPSID/O=TACOM,,WTM604~c.drakeford,Carlos Drakeford,CW2,WTM604,W85WKA,U.S. Army Training and Doctrine Command,Property Book Officer,(856) 555-1608,carlos.drakeford.mil@example.mil,12/29/2014,WTM604~C.DRAKEFORD
B371C933E1B9065F8E61BC6D8BBBA415,F02,,11/20/2019 10:32:27,11/20/2019 10:32:27,CN=Ret Hamlin/OU=CHPSID/O=TACOM,,WMPNRL~m.yeardley,Matthew Yeardley,GS-09,WMPNRL,W634H0,"1st Stryker Brigade Combat Team, 2nd Infantry Division",Protocol Officer,(484) 555-1661,matthew.yeardley.mil@example.mil,11/20/2019,WMPNRL~M.YEARDLEY
12E9CF5AA112FBC93CC86CA889880D0C,F06,,08/19/2026 14:10:55,08/19/2026 14:10:55,CN=Dwayne Petrakis/OU=CHPSID/O=TACOM,,WN4V1D~b.jankowitz,Barbara Jankowitz,SFC,WN4V1D,WW92EA,34th Infantry Division (Minnesota Army National Guard),Property Book Officer,(610) 555-1784,barbara.jankowitz.mil@example.mil,08/19/2026,WN4V1D~B.JANKOWITZ
68787AD7AEFC30990716D6F7E59280F9,F0A,,07/06/2017 17:45:44,07/06/2017 17:45:44,CN=Lorraine Whitcombe/OU=CHPSID/O=TACOM,,WLFTTS~d.hinojosa,Dorothy Hinojosa-Mata,1SG,WLFTTS,WYSH30,5th Special Forces Group (Airborne),Executive Officer,(717) 555-1002,dorothy.hinojosa.mil@example.mil,07/06/2017,WLFTTS~D.HINOJOSA
15058E4C02A1730839217F45A36F53DC,F0E,,05/17/2013 13:42:16,05/17/2013 13:42:16,CN=Lorraine Whitcombe/OU=CHPSID/O=TACOM,,WBM3V6~b.palomares,Brandon Palomares,SFC,WBM3V6,W8PC8A,"3rd Infantry Brigade Combat Team, 25th Infantry Division",Protocol Officer,(410) 555-1577,brandon.palomares.mil@example.mil,05/17/2013,WBM3V6~B.PALOMARES
0323DA108B33A1C920CEA8640D4ABD92,F12,,12/30/2017 14:49:39,12/30/2017 14:49:39,CN=Ret Hamlin/OU=CHPSID/O=TACOM,,WK5WLH~n.hollinbeck,Nicole Hollinbeck,CPT,WK5WLH,W8Z4NA,U.S. Army Band 'Pershing's Own',Other,(215) 555-1019,nicole.hollinbeck.mil@example.mil,12/30/2017,WK5WLH~N.HOLLINBECK
12F4453F641E0CA88B8D41F9B11977BA,F16,,12/24/2015 10:28:23,12/24/2015 10:28:23,CN=Dwayne Petrakis/OU=CHPSID/O=TACOM,,WZMAN8~m.ahlquist,Mary Ahlquist-Bane,GS-11,WZMAN8,WDM3SA,116th Infantry Brigade Combat Team (Virginia Army National Guard),S4,(302) 555-1926,mary.ahlquist.mil@example.mil,12/24/2015,WZMAN8~M.AHLQUIST
3F9E69D0AC600D2A961BB83488BB4F86,F1A,,01/13/2014 07:14:53,01/13/2014 07:14:53,CN=Ret Hamlin/OU=CHPSID/O=TACOM,,WTXVTW~a.reyes,Angela Reyes-Almonte,CPT,WTXVTW,W04SMA,2nd Cavalry Regiment,Executive Officer,(856) 555-1919,angela.reyes.mil@example.mil,01/13/2014,WTXVTW~A.REYES
A99ED8BD1D1EE3148D6BFCFA46B64C2E,F1E,,09/24/2004 16:37:59,09/24/2004 16:37:59,CN=Dwayne Petrakis/OU=CHPSID/O=TACOM,,WGHC22~s.yellowley,Susan Yellowley,GS-09,WGHC22,WQB57A,"2nd Stryker Brigade Combat Team, 2nd Infantry Division",Other,(540) 555-1218,susan.yellowley.mil@example.mil,09/24/2004,WGHC22~S.YELLOWLEY
E561BEC7FDBA8EA262002E4B1F9DD4F2,F22,,01/12/2026 10:36:38,01/12/2026 10:36:38,CN=Lorraine Whitcombe/OU=CHPSID/O=TACOM,,W8YAN7~m.hollinbeck,Mary Hollinbeck,MSG,W8YAN7,W65260,"3rd Armored Brigade Combat Team, 4th Infantry Division",Property Book Officer,(410) 555-1261,mary.hollinbeck.mil@example.mil,01/12/2026,W8YAN7~M.HOLLINBECK
CA000F286C027BFFADD8A2AE741D153C,F26,,07/24/2017 07:27:36,07/24/2017 07:27:36,CN=Dwayne Petrakis/OU=CHPSID/O=TACOM,,WK6Q1Y~e.oakhurst,Ernesto Oakhurst-Pell,CW2,WK6Q1Y,WTA8D0,"3rd Battalion, 75th Ranger Regiment",Unit Commander,(717) 555-1845,ernesto.oakhurst.mil@example.mil,07/24/2017,WK6Q1Y~E.OAKHURST
5AEB4F2C1B260B30FEBC5EFD96A6755D,F2A,,04/14/2019 13:24:12,04/14/2019 13:24:12,CN=Lorraine Whitcombe/OU=CHPSID/O=TACOM,,WHVUZQ~j.underhill,Jeffrey Underhill-Voss,MAJ,WHVUZQ,WB6EMA,Fires Center of Excellence,S4,(717) 555-1156,jeffrey.underhill.mil@example.mil,04/14/2019,WHVUZQ~J.UNDERHILL
16C699046C3F37592C5105E33F63A343,F2E,,08/23/2022 09:24:50,08/23/2022 09:24:50,CN=Dwayne Petrakis/OU=CHPSID/O=TACOM,,W53EJL~j.mackelvane,James Mackelvane,SFC,W53EJL,WTDFEA,U.S. Army Sustainment Command,Executive Officer,(302) 555-1308,james.mackelvane.mil@example.mil,08/23/2022,W53EJL~J.MACKELVANE
82D72F9EE587D43B9C87DCAB3F0AF475,F32,,01/10/2023 10:25:55,01/10/2023 10:25:55,CN=Lorraine Whitcombe/OU=CHPSID/O=TACOM,,WN4V1D~l.templeton,Luis Templeton-Ash,MSG,WN4V1D,WW92EA,34th Infantry Division (Minnesota Army National Guard),Unit Commander,(215) 555-1591,luis.templeton.mil@example.mil,01/10/2023,WN4V1D~L.TEMPLETON
5FB260F4E97E4A5A83FD0ADD382714DE,F36,,12/14/2022 13:51:54,12/14/2022 13:51:54,CN=Ret Hamlin/OU=CHPSID/O=TACOM,,WX4KEC~d.hargreave,David Hargreave,MAJ,WX4KEC,WFWE4A,"1st Brigade Combat Team, 101st Airborne Division (Air Assault)",Supply Sergeant,(267) 555-1908,david.hargreave.mil@example.mil,12/14/2022,WX4KEC~D.HARGREAVE
5A73174CD4121029E8AA33C1239E1E86,F3A,,06/21/2008 17:59:44,06/21/2008 17:59:44,CN=Theodore Blankenship/OU=TroopSupport/O=DLA,,WLFTTS~b.vosburgh,Barbara Vosburgh,SSG,WLFTTS,WYSH30,5th Special Forces Group (Airborne),Unit Commander,(717) 555-1417,barbara.vosburgh.mil@example.mil,06/21/2008,WLFTTS~B.VOSBURGH
C0EBD2387AD401F34202812F4B7A5B8D,F3E,,12/15/2019 10:40:00,12/15/2019 10:40:00,CN=Ret Hamlin/OU=CHPSID/O=TACOM,,WYD5U9~v.quimbley,Virginia Quimbley,GS-11,WYD5U9,W9ZVP0,1st Air Cavalry Brigade,Protocol Officer,(215) 555-1480,virginia.quimbley.mil@example.mil,12/15/2019,WYD5U9~V.QUIMBLEY
6802E0D2C306D999EA9C86B890111FAC,F42,,07/04/2025 15:53:49,07/04/2025 15:53:49,CN=Lorraine Whitcombe/OU=CHPSID/O=TACOM,,WSL7SS~e.galbreath,Earl Galbreath,GS-11,WSL7SS,W72TJ0,32nd Army Air and Missile Defense Command,Other,(540) 555-1100,earl.galbreath.mil@example.mil,07/04/2025,WSL7SS~E.GALBREATH
ED53DFB5D9CA6C6D19656CCD7D4196F0,F46,,06/01/2025 08:41:19,06/01/2025 08:41:19,CN=Dwayne Petrakis/OU=CHPSID/O=TACOM,,WS0W7Z~p.guajardo,Patricia Guajardo,SGT,WS0W7Z,W3SE1A,V Corps Headquarters and Headquarters Battalion,Property Book Officer,(610) 555-1429,patricia.guajardo.mil@example.mil,06/01/2025,WS0W7Z~P.GUAJARDO
A8309FF44718B53217F01BD57AAAF791,F4A,,05/22/2014 14:17:18,05/22/2014 14:17:18,CN=Ret Hamlin/OU=CHPSID/O=TACOM,,WWQWYR~m.ahlquist,Michael Ahlquist-Bane,MSG,WWQWYR,WZW010,173rd Airborne Brigade,Supply Sergeant,(717) 555-1555,michael.ahlquist.mil@example.mil,05/22/2014,WWQWYR~M.AHLQUIST
3FA6CA2C4AFA3FC9EE160D3FD0DFF8A0,F4E,,08/22/2019 12:32:07,08/22/2019 12:32:07,CN=Ret Hamlin/OU=CHPSID/O=TACOM,,W3Z4SG~v.delgadillo,Virginia Delgadillo,1SG,W3Z4SG,WQZP2A,18th Field Artillery Brigade,Executive Officer,(215) 555-1247,virginia.delgadillo.mil@example.mil,08/22/2019,W3Z4SG~V.DELGADILLO
BBB59809AED8C766773A95197768DD82,F52,,02/13/2011 07:18:08,02/13/2011 07:18:08,CN=Lorraine Whitcombe/OU=CHPSID/O=TACOM,,W9GNZX~m.yeardley,Marcus Yeardley,SSG,W9GNZX,WRYMNA,1st Cavalry Division Sustainment Brigade,Supply Sergeant,(484) 555-1826,marcus.yeardley.mil@example.mil,02/13/2011,W9GNZX~M.YEARDLEY
408A97024AE786E7BF4ACDF135F94BFB,F56,,11/13/2023 09:20:23,11/13/2023 09:20:23,CN=Ret Hamlin/OU=CHPSID/O=TACOM,,W53EJL~e.quinonez,Earl Quinonez,2LT,W53EJL,WTDFEA,U.S. Army Sustainment Command,Property Book Officer,(302) 555-1085,earl.quinonez.mil@example.mil,11/13/2023,W53EJL~E.QUINONEZ
9FD0EA711BD8401EAA837F1E29BB352A,F5A,,04/14/2015 12:14:56,04/14/2015 12:14:56,CN=Theodore Blankenship/OU=TroopSupport/O=DLA,,WS36CV~r.drakeford,Ruth Drakeford,CW2,WS36CV,WE4TTA,XVIII Airborne Corps Headquarters and Headquarters Battalion,Supply Sergeant,(302) 555-1130,ruth.drakeford.mil@example.mil,04/14/2015,WS36CV~R.DRAKEFORD
1E22529CEC74AEF1C9768B09FAABC82F,F5E,,02/08/2021 11:20:10,02/08/2021 11:20:10,CN=Dwayne Petrakis/OU=CHPSID/O=TACOM,,WM4T7K~t.oakhurst,Tyler Oakhurst-Pell,GS-09,WM4T7K,W9WCNA,35th Infantry Division (Kansas Army National Guard),S4,(703) 555-1841,tyler.oakhurst.mil@example.mil,02/08/2021,WM4T7K~T.OAKHURST
923E18CB4DB26BEBEA74D16AFFD7C3E1,F62,,02/13/2005 09:55:40,02/13/2005 09:55:40,CN=Dwayne Petrakis/OU=CHPSID/O=TACOM,,W275B5~a.zabrowski,Andrew Zabrowski,SFC,W275B5,WFA07A,88th Readiness Division (Army Reserve),Executive Officer,(302) 555-1640,andrew.zabrowski.mil@example.mil,02/13/2005,W275B5~A.ZABROWSKI
156C7B259DBAC582E1601734C4EA6B92,F66,,07/26/2008 15:53:42,07/26/2008 15:53:42,CN=Theodore Blankenship/OU=TroopSupport/O=DLA,,WSNAV8~m.guajardo,Mark Guajardo,CW2,WSNAV8,WU7LRA,377th Theater Sustainment Command (Army Reserve),Property Book Officer,(610) 555-1198,mark.guajardo.mil@example.mil,07/26/2008,WSNAV8~M.GUAJARDO
A1441C89F21EDA5BAD5C840B3D415467,F6A,,10/20/2018 10:20:06,10/20/2018 10:20:06,CN=Dwayne Petrakis/OU=CHPSID/O=TACOM,,WD9RVP~h.lindquarry,Heather Lindquarry,2LT,WD9RVP,WR1LGA,U.S. Army Tank-automotive and Armaments Command,Other,(610) 555-1329,heather.lindquarry.mil@example.mil,10/20/2018,WD9RVP~H.LINDQUARRY
D2730024A49B32CC3AA455F46082624F,F6E,,04/30/2020 10:32:40,04/30/2020 10:32:40,CN=Theodore Blankenship/OU=TroopSupport/O=DLA,,WAY862~n.barrowclough,Norman Barrowclough,2LT,WAY862,WZV67A,12th Combat Aviation Brigade,Other,(610) 555-1292,norman.barrowclough.mil@example.mil,04/30/2020,WAY862~N.BARROWCLOUGH
DF46BFD5CD36B581723F84EEBED0EA96,F72,,08/13/2011 13:19:02,08/13/2011 13:19:02,CN=Ret Hamlin/OU=CHPSID/O=TACOM,,WFC6YB~k.whitlock,Karen Whitlock-Bay,1SG,WFC6YB,WGRMU0,3rd Cavalry Regiment,Unit Commander,(215) 555-1866,karen.whitlock.mil@example.mil,08/13/2011,WFC6YB~K.WHITLOCK
3B5C51C4C7639B0A3C8F12DEA4457251,F76,,04/13/2007 16:35:55,04/13/2007 16:35:55,CN=Dwayne Petrakis/OU=CHPSID/O=TACOM,,WSNAV8~r.ashcroft,Ruth Ashcroft-Mayne,GS-09,WSNAV8,WU7LRA,377th Theater Sustainment Command (Army Reserve),S4,(267) 555-1640,ruth.ashcroft.mil@example.mil,04/13/2007,WSNAV8~R.ASHCROFT
CA011B179909C4130064E44A43E471E2,F7A,,05/15/2017 11:34:14,05/15/2017 11:34:14,CN=Lorraine Whitcombe/OU=CHPSID/O=TACOM,,WA1PJJ~h.northway,Hector Northway,1SG,WA1PJJ,W17FJA,75th Field Artillery Brigade,S4,(703) 555-1461,hector.northway.mil@example.mil,05/15/2017,WA1PJJ~H.NORTHWAY
183BCBB48FDB09AC38BD0DE0B178A8A1,F7E,,10/07/2025 09:21:44,10/07/2025 09:21:44,CN=Ret Hamlin/OU=CHPSID/O=TACOM,,W0YT57~a.ahlquist,Andrew Ahlquist-Bane,GS-09,W0YT57,WYJ510,"3rd Armored Brigade Combat Team, 1st Cavalry Division",Executive Officer,(540) 555-1371,andrew.ahlquist.mil@example.mil,10/07/2025,W0YT57~A.AHLQUIST
D227E60662782317321B078D98D637D5,F82,,09/18/2014 12:49:07,09/18/2014 12:49:07,CN=Dwayne Petrakis/OU=CHPSID/O=TACOM,,W02D75~d.quennevile,David Quennevile,GS-09,W02D75,WZQ3WA,29th Infantry Division (Virginia Army National Guard),S4,(215) 555-1505,david.quennevile.mil@example.mil,09/18/2014,W02D75~D.QUENNEVILE
42CF1D387E1E11B86938FEC7B9AEA971,F86,,05/26/2005 07:22:23,05/26/2005 07:22:23,CN=Ret Hamlin/OU=CHPSID/O=TACOM,,WXYU7G~a.vanterpool,Anthony Vanterpool,SSG,WXYU7G,WHG29A,"2nd Infantry Brigade Combat Team, 25th Infantry Division",Property Book Officer,(302) 555-1155,anthony.vanterpool.mil@example.mil,05/26/2005,WXYU7G~A.VANTERPOOL
AB31CA4CE2B6098FE6AC60A281B52C89,F8A,,11/28/2007 10:17:34,11/28/2007 10:17:34,CN=Ret Hamlin/OU=CHPSID/O=TACOM,,WAY862~b.stanwycke,Brian Stanwycke,1LT,WAY862,WZV67A,12th Combat Aviation Brigade,Protocol Officer,(484) 555-1129,brian.stanwycke.mil@example.mil,11/28/2007,WAY862~B.STANWYCKE
76DAFB6E1CC258B87F21BDDF1BCB8DBB,F8E,,12/06/2004 16:05:15,12/06/2004 16:05:15,CN=Theodore Blankenship/OU=TroopSupport/O=DLA,,WGHC22~j.figueroa,Joshua Figueroa-Paz,2LT,WGHC22,WQB57A,"2nd Stryker Brigade Combat Team, 2nd Infantry Division",Supply Sergeant,(302) 555-1978,joshua.figueroa.mil@example.mil,12/06/2004,WGHC22~J.FIGUEROA
96FCA8B5D91C7C1C568448B7D4E79530,F92,,03/01/2024 13:57:01,03/01/2024 13:57:01,CN=Ret Hamlin/OU=CHPSID/O=TACOM,,WEMDTS~e.nethercott,Ernesto Nethercott,1LT,WEMDTS,WVSGSA,56th Stryker Brigade Combat Team (Pennsylvania Army National Guard),Supply Sergeant,(484) 555-1528,ernesto.nethercott.mil@example.mil,03/01/2024,WEMDTS~E.NETHERCOTT
6F5AA6217A0FC1186859DA1EF91E5F98,F96,,08/14/2012 15:22:45,08/14/2012 15:22:45,CN=Theodore Blankenship/OU=TroopSupport/O=DLA,,WCTFKA~t.zapata,Thomas Zapata-Kell,SFC,WCTFKA,W4W4FA,"1st Battalion, 75th Ranger Regiment",Executive Officer,(540) 555-1709,thomas.zapata.mil@example.mil,08/14/2012,WCTFKA~T.ZAPATA
4039FD2C0153D1F695F2919FDB7B3DA8,F9A,,11/09/2008 13:30:21,11/09/2008 13:30:21,CN=Ret Hamlin/OU=CHPSID/O=TACOM,,WYD5U9~s.bramwold,Sandra Bramwold,1SG,WYD5U9,W9ZVP0,1st Air Cavalry Brigade,Protocol Officer,(215) 555-1459,sandra.bramwold.mil@example.mil,11/09/2008,WYD5U9~S.BRAMWOLD
45F5635691128FEA6A5F046D92663841,F9E,,03/15/2009 14:19:24,03/15/2009 14:19:24,CN=Theodore Blankenship/OU=TroopSupport/O=DLA,,WSGFDA~m.ahlquist,Melissa Ahlquist-Bane,CPT,WSGFDA,WXWR70,U.S. Army Aviation and Missile Command,Property Book Officer,(717) 555-1420,melissa.ahlquist.mil@example.mil,03/15/2009,WSGFDA~M.AHLQUIST
9B52D6C4B8B94F5C069D0C5C86F1B5FA,FA2,,09/01/2009 10:05:42,09/01/2009 10:05:42,CN=Ret Hamlin/OU=CHPSID/O=TACOM,,W3Z4SG~c.vosburgh,Clarence Vosburgh,GS-11,W3Z4SG,WQZP2A,18th Field Artillery Brigade,S4,(856) 555-1638,clarence.vosburgh.mil@example.mil,09/01/2009,W3Z4SG~C.VOSBURGH
B4AB78C087E7DE6068106EAEEB150451,FA6,,05/11/2013 11:55:33,05/11/2013 11:55:33,CN=Dwayne Petrakis/OU=CHPSID/O=TACOM,,W8YAN7~t.marrowbridge,Timothy Marrowbridge,1SG,W8YAN7,W65260,"3rd Armored Brigade Combat Team, 4th Infantry Division",Executive Officer,(610) 555-1185,timothy.marrowbridge.mil@example.mil,05/11/2013,W8YAN7~T.MARROWBRIDGE
1DB438C20783B95942D9BB7235682605,FAA,,09/19/2024 08:14:50,09/19/2024 08:14:50,CN=Dwayne Petrakis/OU=CHPSID/O=TACOM,,WVUTXQ~j.palomares,Jose Palomares,CW2,WVUTXQ,W0QRDA,17th Field Artillery Brigade,Other,(215) 555-1772,jose.palomares.mil@example.mil,09/19/2024,WVUTXQ~J.PALOMARES
DB6ECB28898D59B5C2559612B06DE966,FAE,,05/07/2005 11:46:20,05/07/2005 11:46:20,CN=Dwayne Petrakis/OU=CHPSID/O=TACOM,,WJMJXA~p.figueroa,Patricia Figueroa-Paz,GS-09,WJMJXA,W4RSJA,35th Air Defense Artillery Brigade,Unit Commander,(267) 555-1221,patricia.figueroa.mil@example.mil,05/07/2005,WJMJXA~P.FIGUEROA
AAA3E85699DA5C0975D74832EE06D86E,FB2,,08/18/2009 09:14:12,08/18/2009 09:14:12,CN=Ret Hamlin/OU=CHPSID/O=TACOM,,W8YAN7~d.jankowitz,Darnell Jankowitz,GS-11,W8YAN7,W65260,"3rd Armored Brigade Combat Team, 4th Infantry Division",Executive Officer,(610) 555-1560,darnell.jankowitz.mil@example.mil,08/18/2009,W8YAN7~D.JANKOWITZ
6A5ECAF90F4877B04281BFF01E921E65,FB6,,02/01/2020 09:41:09,02/01/2020 09:41:09,CN=Dwayne Petrakis/OU=CHPSID/O=TACOM,,WGHC22~n.fairweather,Nicole Fairweather,MSG,WGHC22,WQB57A,"2nd Stryker Brigade Combat Team, 2nd Infantry Division",Unit Commander,(717) 555-1815,nicole.fairweather.mil@example.mil,02/01/2020,WGHC22~N.FAIRWEATHER
EF6782000937DD456EFFB836E2A55973,FBA,,12/04/2022 13:28:28,12/04/2022 13:28:28,CN=Ret Hamlin/OU=CHPSID/O=TACOM,,WSGFDA~j.ahlquist,James Ahlquist-Bane,SFC,WSGFDA,WXWR70,U.S. Army Aviation and Missile Command,Other,(267) 555-1943,james.ahlquist.mil@example.mil,12/04/2022,WSGFDA~J.AHLQUIST
BD10140EE4AE0A337827EAB1060B8B27,FBE,,05/20/2014 07:02:07,05/20/2014 07:02:07,CN=Ret Hamlin/OU=CHPSID/O=TACOM,,WYD5U9~l.fortenbury,Lisa Fortenbury,SFC,WYD5U9,W9ZVP0,1st Air Cavalry Brigade,Supply Sergeant,(484) 555-1377,lisa.fortenbury.mil@example.mil,05/20/2014,WYD5U9~L.FORTENBURY
B382D4825BF5D1248EF8C096F70FC5E8,FC2,,05/02/2013 17:05:20,05/02/2013 17:05:20,CN=Dwayne Petrakis/OU=CHPSID/O=TACOM,,WRB6ZV~t.haverstock,Timothy Haverstock,2LT,WRB6ZV,WKK4R0,95th Civil Affairs Brigade (Airborne),Property Book Officer,(610) 555-1256,timothy.haverstock.mil@example.mil,05/02/2013,WRB6ZV~T.HAVERSTOCK
6F1389EB18C97BCC304E92F68FB17F98,FC6,,03/16/2024 15:58:21,03/16/2024 15:58:21,CN=Theodore Blankenship/OU=TroopSupport/O=DLA,,W1CEU2~l.norquist,Leonard Norquist,MSG,W1CEU2,WEDAH0,99th Readiness Division (Army Reserve),Supply Sergeant,(302) 555-1690,leonard.norquist.mil@example.mil,03/16/2024,W1CEU2~L.NORQUIST
CD831105477626B6D2AA0960080DD772,FCA,,06/27/2014 09:11:08,06/27/2014 09:11:08,CN=Theodore Blankenship/OU=TroopSupport/O=DLA,,W33EFJ~a.stanwycke,Angela Stanwycke,1SG,W33EFJ,WREFYA,Maneuver Center of Excellence,Supply Sergeant,(302) 555-1105,angela.stanwycke.mil@example.mil,06/27/2014,W33EFJ~A.STANWYCKE
3D9A5F6B0CD531EC9E408CA928D9D4B9,FCE,,03/29/2023 10:46:29,03/29/2023 10:46:29,CN=Dwayne Petrakis/OU=CHPSID/O=TACOM,,WA1PJJ~t.maldonado,Terrence Maldonado-Vega,2LT,WA1PJJ,W17FJA,75th Field Artillery Brigade,Property Book Officer,(267) 555-1617,terrence.maldonado.mil@example.mil,03/29/2023,WA1PJJ~T.MALDONADO
889F3AACD03A38E17D490EC206D6E010,FD2,,04/22/2011 09:00:09,04/22/2011 09:00:09,CN=Theodore Blankenship/OU=TroopSupport/O=DLA,,WSNAV8~d.delgadillo,Donald Delgadillo,SFC,WSNAV8,WU7LRA,377th Theater Sustainment Command (Army Reserve),Unit Commander,(540) 555-1668,donald.delgadillo.mil@example.mil,04/22/2011,WSNAV8~D.DELGADILLO
8913B2586E2FBA38099D5AC2B4873585,FD6,,01/14/2026 09:15:56,01/14/2026 09:15:56,CN=Dwayne Petrakis/OU=CHPSID/O=TACOM,,WW0RPQ~l.maldonado,Lisa Maldonado-Vega,CW2,WW0RPQ,WKYUF0,42nd Infantry Division (New York Army National Guard),Unit Commander,(484) 555-1763,lisa.maldonado.mil@example.mil,01/14/2026,WW0RPQ~L.MALDONADO
3A5C5E7AE72C3AC09766D41D4B7121E0,FDA,,08/28/2017 10:59:15,08/28/2017 10:59:15,CN=Theodore Blankenship/OU=TroopSupport/O=DLA,,W9GNZX~a.wickersham,Andre Wickersham,SSG,W9GNZX,WRYMNA,1st Cavalry Division Sustainment Brigade,S4,(267) 555-1875,andre.wickersham.mil@example.mil,08/28/2017,W9GNZX~A.WICKERSHAM
0ECF986E83CF4E823A17D42DCCA6BEB0,FDE,,10/19/2018 17:55:21,10/19/2018 17:55:21,CN=Theodore Blankenship/OU=TroopSupport/O=DLA,,W9P3AU~h.lindquarry,Helen Lindquarry,GS-09,W9P3AU,W18MTA,Cyber Center of Excellence,Supply Sergeant,(717) 555-1942,helen.lindquarry.mil@example.mil,10/19/2018,W9P3AU~H.LINDQUARRY
4FEA5614351996EFEFA67FA04C32DC8B,FE2,,09/27/2012 13:30:48,09/27/2012 13:30:48,CN=Theodore Blankenship/OU=TroopSupport/O=DLA,,WX8FA6~j.greaves,Jessica Greaves-Tolan,1SG,WX8FA6,WW8YBA,1st Special Forces Group (Airborne),Unit Commander,(484) 555-1296,jessica.greaves.mil@example.mil,09/27/2012,WX8FA6~J.GREAVES
AD1F2E6AA39514438447FB18A4090C80,FE6,,03/03/2008 13:52:14,03/03/2008 13:52:14,CN=Ret Hamlin/OU=CHPSID/O=TACOM,,W9GNZX~e.jessup,Eugene Jessup-Kane,CW2,W9GNZX,WRYMNA,1st Cavalry Division Sustainment Brigade,Unit Commander,(703) 555-1223,eugene.jessup.mil@example.mil,03/03/2008,W9GNZX~E.JESSUP
8E40EE4D7072B3F70CCC6A5E6E376B42,FEA,,08/08/2020 12:19:06,08/08/2020 12:19:06,CN=Theodore Blankenship/OU=TroopSupport/O=DLA,,WEMDTS~r.zellinger,Robert Zellinger,SGT,WEMDTS,WVSGSA,56th Stryker Brigade Combat Team (Pennsylvania Army National Guard),Executive Officer,(610) 555-1380,robert.zellinger.mil@example.mil,08/08/2020,WEMDTS~R.ZELLINGER
B9B7F5DF09291E1607C79D474FF38AEB,FEE,,08/19/2005 07:34:53,08/19/2005 07:34:53,CN=Theodore Blankenship/OU=TroopSupport/O=DLA,,WXYU7G~a.beddingfield,Andrew Beddingfield,GS-09,WXYU7G,WHG29A,"2nd Infantry Brigade Combat Team, 25th Infantry Division",Supply Sergeant,(215) 555-1634,andrew.beddingfield.mil@example.mil,08/19/2005,WXYU7G~A.BEDDINGFIELD
C6B64742B598C9B25FA324A5E0616318,FF2,,06/08/2007 08:46:05,06/08/2007 08:46:05,CN=Ret Hamlin/OU=CHPSID/O=TACOM,,WUTR9X~e.vandermolen,Earl Vandermolen,CW2,WUTR9X,WW8P5A,108th Air Defense Artillery Brigade,Property Book Officer,(267) 555-1378,earl.vandermolen.mil@example.mil,06/08/2007,WUTR9X~E.VANDERMOLEN
459F6E1AABC4171AE2F1D4B807BE527E,FF6,,10/10/2019 17:04:52,10/10/2019 17:04:52,CN=Theodore Blankenship/OU=TroopSupport/O=DLA,,WY9XCL~a.wexcombe,Andrew Wexcombe,1SG,WY9XCL,W0EHEA,10th Special Forces Group (Airborne),Property Book Officer,(215) 555-1338,andrew.wexcombe.mil@example.mil,10/10/2019,WY9XCL~A.WEXCOMBE
9767EF0B4F092AF17150394F0507286C,FFA,,06/25/2006 16:39:54,06/25/2006 16:39:54,CN=Lorraine Whitcombe/OU=CHPSID/O=TACOM,,WAWUE2~m.zapata,Mary Zapata-Kell,CPT,WAWUE2,WB489A,11th Air Defense Artillery Brigade,Protocol Officer,(540) 555-1355,mary.zapata.mil@example.mil,06/25/2006,WAWUE2~M.ZAPATA
70062DE28094C084F9B1FD4E80F68384,FFE,,02/15/2010 17:03:37,02/15/2010 17:03:37,CN=Dwayne Petrakis/OU=CHPSID/O=TACOM,,W3HUF4~e.coldwater,Evelyn Coldwater,CW2,W3HUF4,WMZ09A,Aviation Center of Excellence,Other,(302) 555-1759,evelyn.coldwater.mil@example.mil,02/15/2010,W3HUF4~E.COLDWATER
0F45645186C9340A2033E88B20776B9C,1002,,04/16/2023 10:33:33,04/16/2023 10:33:33,CN=Lorraine Whitcombe/OU=CHPSID/O=TACOM,,WZG4U0~n.crandall,Nicole Crandall-Mott,MSG,WZG4U0,WNQ5QA,36th Infantry Division (Texas Army National Guard),Executive Officer,(410) 555-1463,nicole.crandall.mil@example.mil,04/16/2023,WZG4U0~N.CRANDALL
D7095C853ABFB4959E1F8015E3B6ECA6,1006,,01/01/2012 08:34:23,01/01/2012 08:34:23,CN=Ret Hamlin/OU=CHPSID/O=TACOM,,WZG4U0~h.kirkbride,Helen Kirkbride,SFC,WZG4U0,WNQ5QA,36th Infantry Division (Texas Army National Guard),Unit Commander,(540) 555-1009,helen.kirkbride.mil@example.mil,01/01/2012,WZG4U0~H.KIRKBRIDE
9A27AB4CA7C45DE187569219FFEA7609,100A,,08/10/2009 17:57:05,08/10/2009 17:57:05,CN=Lorraine Whitcombe/OU=CHPSID/O=TACOM,,W33EFJ~c.rockwell,Christopher Rockwell-Sayre,SSG,W33EFJ,WREFYA,Maneuver Center of Excellence,Protocol Officer,(540) 555-1985,christopher.rockwell.mil@example.mil,08/10/2009,W33EFJ~C.ROCKWELL
1364076FD7388E9EF13673D6F3D3A309,100E,,06/18/2023 11:01:29,06/18/2023 11:01:29,CN=Lorraine Whitcombe/OU=CHPSID/O=TACOM,,WWDD01~c.marrowbridge,Carlos Marrowbridge,SGT,WWDD01,WVF4GA,16th Military Police Brigade (Airborne),Supply Sergeant,(703) 555-1297,carlos.marrowbridge.mil@example.mil,06/18/2023,WWDD01~C.MARROWBRIDGE
47B2C3597F0924681C30AE2AD8CCA5EB,1012,,08/17/2025 08:42:45,08/17/2025 08:42:45,CN=Lorraine Whitcombe/OU=CHPSID/O=TACOM,,WGPVZG~j.ormsbee,Jose Ormsbee,MAJ,WGPVZG,W5T4LA,1st Information Operations Command (Land),Supply Sergeant,(302) 555-1523,jose.ormsbee.mil@example.mil,08/17/2025,WGPVZG~J.ORMSBEE
6F556A3800E9F0C33894DE0FFC6B5436,1016,,01/21/2012 17:31:16,01/21/2012 17:31:16,CN=Lorraine Whitcombe/OU=CHPSID/O=TACOM,,WGMVLT~s.wexcombe,Susan Wexcombe,SGT,WGMVLT,WSECT0,"2nd Stryker Brigade Combat Team, 4th Infantry Division",Unit Commander,(717) 555-1225,susan.wexcombe.mil@example.mil,01/21/2012,WGMVLT~S.WEXCOMBE
84BA08169AED0EDDA6FA59F9BB44479F,101A,,07/16/2021 09:13:44,07/16/2021 09:13:44,CN=Theodore Blankenship/OU=TroopSupport/O=DLA,,WS98D3~w.jankowitz,Walter Jankowitz,CPT,WS98D3,WH49TA,21st Theater Sustainment Command,Supply Sergeant,(717) 555-1318,walter.jankowitz.mil@example.mil,07/16/2021,WS98D3~W.JANKOWITZ
0D30D62C1A3FBF383FBA8D77E148B056,101E,,08/31/2006 15:23:41,08/31/2006 15:23:41,CN=Lorraine Whitcombe/OU=CHPSID/O=TACOM,,WGPVZG~a.crandall,Amanda Crandall-Mott,2LT,WGPVZG,W5T4LA,1st Information Operations Command (Land),Executive Officer,(717) 555-1628,amanda.crandall.mil@example.mil,08/31/2006,WGPVZG~A.CRANDALL
FC99D8A8E3DF70F5FC1F0DFBD9A3FADC,1022,,07/18/2014 09:42:57,07/18/2014 09:42:57,CN=Lorraine Whitcombe/OU=CHPSID/O=TACOM,,WYEX1M~e.rockwell,Earl Rockwell-Sayre,SGT,WYEX1M,WN6YE0,3rd Combat Aviation Brigade,Supply Sergeant,(410) 555-1442,earl.rockwell.mil@example.mil,07/18/2014,WYEX1M~E.ROCKWELL
BFA96FA777E66FE5EE1543DE975656D1,1026,,02/11/2011 17:38:00,02/11/2011 17:38:00,CN=Ret Hamlin/OU=CHPSID/O=TACOM,,WV7Y9L~c.umberlake,Carol Umberlake,GS-09,WV7Y9L,W9V520,38th Infantry Division (Indiana Army National Guard),Property Book Officer,(215) 555-1094,carol.umberlake.mil@example.mil,02/11/2011,WV7Y9L~C.UMBERLAKE
70A0F8D9A35F855E31ADBE2B96C8EE1F,102A,,07/07/2018 08:58:42,07/07/2018 08:58:42,CN=Ret Hamlin/OU=CHPSID/O=TACOM,,W4HAY6~e.beddingfield,Evelyn Beddingfield,GS-11,W4HAY6,W6Z6M0,3rd Infantry Division Sustainment Brigade,Protocol Officer,(703) 555-1154,evelyn.beddingfield.mil@example.mil,07/07/2018,W4HAY6~E.BEDDINGFIELD
98D06449E3D2D3461004C6F61C34683F,102E,,06/02/2024 09:08:39,06/02/2024 09:08:39,CN=Dwayne Petrakis/OU=CHPSID/O=TACOM,,W351T4~j.quimbley,Jennifer Quimbley,1SG,W351T4,WHNH8A,3rd U.S. Infantry Regiment (The Old Guard),S4,(215) 555-1247,jennifer.quimbley.mil@example.mil,06/02/2024,W351T4~J.QUIMBLEY
955E8E6A4DDB70657A96DC585535329D,1032,,10/25/2009 10:37:21,10/25/2009 10:37:21,CN=Theodore Blankenship/OU=TroopSupport/O=DLA,,WM0U6T~c.stanwycke,Clarence Stanwycke,SFC,WM0U6T,W46N00,101st Airborne Division Sustainment Brigade,Protocol Officer,(302) 555-1716,clarence.stanwycke.mil@example.mil,10/25/2009,WM0U6T~C.STANWYCKE
9106C468E957491BD69B5E759EF0021B,1036,,04/21/2014 12:41:59,04/21/2014 12:41:59,CN=Theodore Blankenship/OU=TroopSupport/O=DLA,,WV7Y9L~m.trevino,Melissa Trevino-Hale,CPT,WV7Y9L,W9V520,38th Infantry Division (Indiana Army National Guard),Protocol Officer,(302) 555-1566,melissa.trevino.mil@example.mil,04/21/2014,WV7Y9L~M.TREVINO
FE481E7630B6FE7D1C6475B7DE7001A1,103A,,09/21/2012 14:04:28,09/21/2012 14:04:28,CN=Dwayne Petrakis/OU=CHPSID/O=TACOM,,W3JPW6~a.zabrowski,Angela Zabrowski,MSG,W3JPW6,WQDL80,"2nd Armored Brigade Combat Team, 1st Cavalry Division",Property Book Officer,(540) 555-1650,angela.zabrowski.mil@example.mil,09/21/2012,W3JPW6~A.ZABROWSKI
9EE04F6A8CE1830920767F7DBCB2CEB6,103E,,08/02/2005 09:57:34,08/02/2005 09:57:34,CN=Lorraine Whitcombe/OU=CHPSID/O=TACOM,,WVLFGZ~d.quarterman,Darnell Quarterman,GS-11,WVLFGZ,WEKP2A,Intelligence Center of Excellence,Protocol Officer,(484) 555-1564,darnell.quarterman.mil@example.mil,08/02/2005,WVLFGZ~D.QUARTERMAN
2DD49B9CD370D012D197F81DFD4D73FF,1042,,11/15/2007 16:03:19,11/15/2007 16:03:19,CN=Dwayne Petrakis/OU=CHPSID/O=TACOM,,W3HUF4~a.palomares,Anthony Palomares,MSG,W3HUF4,WMZ09A,Aviation Center of Excellence,Executive Officer,(484) 555-1412,anthony.palomares.mil@example.mil,11/15/2007,W3HUF4~A.PALOMARES
10EED1B17301F61F1AC98963058CA767,1046,,11/21/2019 12:37:51,11/21/2019 12:37:51,CN=Lorraine Whitcombe/OU=CHPSID/O=TACOM,,WWCT1F~r.jarvinen,Raymond Jarvinen-Roe,GS-09,WWCT1F,WN4QPA,8th Theater Sustainment Command,Supply Sergeant,(302) 555-1397,raymond.jarvinen.mil@example.mil,11/21/2019,WWCT1F~R.JARVINEN
62779E3D70DB6BE66DE82B75EF13C1BD,104A,,09/13/2006 16:07:00,09/13/2006 16:07:00,CN=Lorraine Whitcombe/OU=CHPSID/O=TACOM,,WFTYWM~e.umberlake,Ernesto Umberlake,SGT,WFTYWM,WR84JA,412th Theater Engineer Command (Army Reserve),Executive Officer,(410) 555-1044,ernesto.umberlake.mil@example.mil,09/13/2006,WFTYWM~E.UMBERLAKE
267077724B4C815DD11DB00A18A8CBC8,104E,,07/15/2013 08:12:19,07/15/2013 08:12:19,CN=Dwayne Petrakis/OU=CHPSID/O=TACOM,,WUQZVZ~s.stroudmoor,Sandra Stroudmoor,SGT,WUQZVZ,WEDH80,278th Armored Cavalry Regiment (Tennessee Army National Guard),Unit Commander,(540) 555-1637,sandra.stroudmoor.mil@example.mil,07/15/2013,WUQZVZ~S.STROUDMOOR
25A80B7B8E633035849C16F58E1613E2,1052,,03/04/2011 13:27:53,03/04/2011 13:27:53,CN=Dwayne Petrakis/OU=CHPSID/O=TACOM,,WGHC22~e.jaramillo,Eugene Jaramillo,SSG,WGHC22,WQB57A,"2nd Stryker Brigade Combat Team, 2nd Infantry Division",Other,(302) 555-1653,eugene.jaramillo.mil@example.mil,03/04/2011,WGHC22~E.JARAMILLO
E11C59424F01AF9CFFFA43126956116D,1056,,11/03/2006 15:24:13,11/03/2006 15:24:13,CN=Ret Hamlin/OU=CHPSID/O=TACOM,,WRB6ZV~j.wexcombe,Jessica Wexcombe,SFC,WRB6ZV,WKK4R0,95th Civil Affairs Brigade (Airborne),Unit Commander,(267) 555-1819,jessica.wexcombe.mil@example.mil,11/03/2006,WRB6ZV~J.WEXCOMBE
3B417E9B783C99381DA261290D422C2B,105A,,05/11/2009 16:37:30,05/11/2009 16:37:30,CN=Lorraine Whitcombe/OU=CHPSID/O=TACOM,,W8YAN7~k.galbreath,Kevin Galbreath,1LT,W8YAN7,W65260,"3rd Armored Brigade Combat Team, 4th Infantry Division",Supply Sergeant,(267) 555-1967,kevin.galbreath.mil@example.mil,05/11/2009,W8YAN7~K.GALBREATH
485AE1EFE66FA7BDA1315139AE26E764,105E,,05/16/2016 07:05:27,05/16/2016 07:05:27,CN=Ret Hamlin/OU=CHPSID/O=TACOM,,W4MCNQ~t.ashcroft,Tyler Ashcroft-Mayne,SGT,W4MCNQ,WAVYC0,7th Special Forces Group (Airborne),Other,(302) 555-1495,tyler.ashcroft.mil@example.mil,05/16/2016,W4MCNQ~T.ASHCROFT
1672126709A8EA9DBAE2F921A8ABB55B,1062,,06/14/2015 15:41:55,06/14/2015 15:41:55,CN=Ret Hamlin/OU=CHPSID/O=TACOM,,WTDCN9~e.redfearn,Evelyn Redfearn,GS-09,WTDCN9,W1M090,63rd Readiness Division (Army Reserve),Protocol Officer,(717) 555-1226,evelyn.redfearn.mil@example.mil,06/14/2015,WTDCN9~E.REDFEARN
613251C2AE7CA89871082A6C6C320C8E,1066,,08/20/2020 15:12:09,08/20/2020 15:12:09,CN=Theodore Blankenship/OU=TroopSupport/O=DLA,,W3Z4SG~j.rathbourne,Jessica Rathbourne,CW2,W3Z4SG,WQZP2A,18th Field Artillery Brigade,Executive Officer,(703) 555-1731,jessica.rathbourne.mil@example.mil,08/20/2020,W3Z4SG~J.RATHBOURNE
91B7111787AB0D5F88D4C07BD822E5B7,106A,,12/08/2023 16:18:22,12/08/2023 16:18:22,CN=Ret Hamlin/OU=CHPSID/O=TACOM,,W9GNZX~w.whitlock,William Whitlock-Bay,SFC,W9GNZX,WRYMNA,1st Cavalry Division Sustainment Brigade,Other,(302) 555-1559,william.whitlock.mil@example.mil,12/08/2023,W9GNZX~W.WHITLOCK
C33DDF17E8D80A875F470B0B22BB675A,106E,,03/05/2004 10:58:05,03/05/2004 10:58:05,CN=Dwayne Petrakis/OU=CHPSID/O=TACOM,,WUB92Z~b.ellingboe,Brian Ellingboe,SSG,WUB92Z,WJ25M0,U.S. Army Forces Command,Property Book Officer,(484) 555-1687,brian.ellingboe.mil@example.mil,03/05/2004,WUB92Z~B.ELLINGBOE
92B304811BE4E8200B60AA6AE86333F1,1072,,09/09/2008 15:35:43,09/09/2008 15:35:43,CN=Ret Hamlin/OU=CHPSID/O=TACOM,,WP3EBZ~w.vosburgh,Walter Vosburgh,GS-11,WP3EBZ,WX2T3A,TACOM ILSC Clothing and Heraldry PSID,Unit Commander,(215) 555-1933,walter.vosburgh.mil@example.mil,09/09/2008,WP3EBZ~W.VOSBURGH
ED2C78B5E2A1E0D5F300FDBE91C112D5,1076,,03/21/2026 16:55:44,03/21/2026 16:55:44,CN=Dwayne Petrakis/OU=CHPSID/O=TACOM,,WXYU7G~c.jessup,Charles Jessup-Kane,CPT,WXYU7G,WHG29A,"2nd Infantry Brigade Combat Team, 25th Infantry Division",Property Book Officer,(703) 555-1195,charles.jessup.mil@example.mil,03/21/2026,WXYU7G~C.JESSUP
24E59B93C0034BAA2BB7907086AE75FE,107A,,09/10/2012 13:34:59,09/10/2012 13:34:59,CN=Lorraine Whitcombe/OU=CHPSID/O=TACOM,,WB1YZF~k.norquist,Kevin Norquist,SSG,WB1YZF,WG0UVA,"2nd Infantry Brigade Combat Team, 10th Mountain Division",Property Book Officer,(717) 555-1281,kevin.norquist.mil@example.mil,09/10/2012,WB1YZF~K.NORQUIST
8FEEF1F5AE0C7D071573973F69C7F4C0,107E,,11/09/2008 11:52:05,11/09/2008 11:52:05,CN=Lorraine Whitcombe/OU=CHPSID/O=TACOM,,WAY862~g.wickersham,Gary Wickersham,MAJ,WAY862,WZV67A,12th Combat Aviation Brigade,Executive Officer,(717) 555-1205,gary.wickersham.mil@example.mil,11/09/2008,WAY862~G.WICKERSHAM
