UNID,NoteID,ParentUNID,Created,Modified,LastUpdatedBy,Attachments,RequesterID,LastName,Suffix,FirstName,MI,Relationship,VeteranName,Street,City,State,ZIP,Phone,Email,PreferredContact,Source,CreatedDate,AddressVerified,AddressVerifiedDate,LookupKey,DisplayName,DocReaders,MergedInto
F9D39851B63475FA929D55275FDE042D,8FA,,04/03/2011 13:42:55,04/03/2011 13:42:55,CN=Benedetta Kowalczyk/OU=CHPSID/O=TACOM,,RQ000001,Kestleman,,Melissa,D,Son,Helen Kestleman,184 Lincoln St,Newark,NJ,07175,(267) 555-1750,,Mail,Manual,04/03/2011,Yes,,KESTLEMAN|MELISSA|07175,"Kestleman, Melissa D",[TACOM];[CSR];[Admin];[ReadOnlyAudit];LocalDomainServers,
407481D0B9E89B9D8E353467EFE6298B,8FE,,02/11/2009 12:09:20,02/11/2009 12:09:20,CN=Marlene Okafor/OU=CHPSID/O=TACOM,,RQ000002,Jarvinen-Roe,III,Tyler,,Self,Tyler Jarvinen-Roe,2573 Dogwood St,Tampa,FL,33677-9595,,tyler.jarvinen@example.com,Phone,Manual,02/11/2009,Yes,,JARVINEN-ROE|TYLER|33677,"Jarvinen-Roe, Tyler",[TACOM];[CSR];[Admin];[ReadOnlyAudit];LocalDomainServers,
1DE276960690D3773673D5C068F9B660,902,,08/10/2023 16:43:42,08/10/2023 16:43:42,CN=HRC-Transfer/OU=Agents/O=TACOM,,RQ000003,Zabrowski,Jr.,Harold,E,Son,Frances Zabrowski,3989 Armory Ln,Norfolk,VA,23509-4096,(540) 555-1709,,Phone,HRC,08/10/2023,Yes,08/10/2023,ZABROWSKI|HAROLD|23509,"Zabrowski, Harold E",[TACOM];[CSR];[Admin];[ReadOnlyAudit];LocalDomainServers,
21CAE84D98E2D71CF751E6E99AE1315E,906,,11/28/2024 07:44:33,11/28/2024 07:44:33,CN=Benedetta Kowalczyk/OU=CHPSID/O=TACOM,,RQ000004,Nakashima,,Betty,P,Self,Betty P Nakashima,5776 Pershing St Apt 9D,Lawton,OK,73547,(703) 555-1392,betty.nakashima@example.com,Mail,Congressional,11/28/2024,Yes,,NAKASHIMA|BETTY|73547,"Nakashima, Betty P",[TACOM];[CSR];[Admin];[ReadOnlyAudit];LocalDomainServers,
88CCE69EA803DB3606D396DB05BF244B,90A,,04/10/2009 08:15:26,04/10/2009 08:15:26,CN=HRC-Transfer/OU=Agents/O=TACOM,,RQ000005,Greaves-Tolan,Jr.,Daniel,C,Self,Daniel C Greaves-Tolan,2892 Magnolia Ter,Norfolk,VA,23536,(717) 555-1119,daniel.greaves@example.com,Mail,NPRC,04/10/2009,Yes,04/10/2009,GREAVES-TOLAN|DANIEL|23536,"Greaves-Tolan, Daniel C",[TACOM];[CSR];[Admin];[ReadOnlyAudit];LocalDomainServers,
3553A52F124D1300A035DBAA816DE0BF,90E,,10/06/2015 15:39:52,10/06/2015 15:39:52,CN=Ret Hamlin/OU=CHPSID/O=TACOM,,RQ000006,Benavidez-Cruz,,Robert,N,Self,Robert N Benavidez-Cruz,6992 Patton Way,Hartford,CT,06115,(215) 555-1138,robert.benavidez@example.com,Phone,Manual,10/06/2015,No,10/06/2015,BENAVIDEZ-CRUZ|ROBERT|06115,"Benavidez-Cruz, Robert N",[TACOM];[CSR];[Admin];[ReadOnlyAudit];LocalDomainServers,
BA87C8486CC13BE367FE9D84C8E8605C,912,,06/25/2025 14:38:46,06/25/2025 14:38:46,CN=Ret Hamlin/OU=CHPSID/O=TACOM,,RQ000007,Kirkbride,,John,G,Self,John G Kirkbride,5931 Willow St,Trenton,NJ,08618-1582,(267) 555-1782,john.kirkbride@example.com,Phone,Manual,06/25/2025,Yes,06/25/2025,KIRKBRIDE|JOHN|08618,"Kirkbride, John G",[TACOM];[CSR];[Admin];[ReadOnlyAudit];LocalDomainServers,
F9BDEF7BCB8529139032EE3BBC919346,916,,08/11/2010 17:19:39,08/11/2010 17:19:39,CN=HRC-Transfer/OU=Agents/O=TACOM,,RQ000008,Xanthopoulos,III,Donald,T,Self,Donald T Xanthopoulos,7958 Cedar Blvd,Savannah,GA,31430,(410) 555-1787,,Mail,HRC,08/11/2010,No,,XANTHOPOULOS|DONALD|31430,"Xanthopoulos, Donald T",[TACOM];[CSR];[Admin];[ReadOnlyAudit];LocalDomainServers,
7333816F29DF09DEAA9386015FBD8404,91A,,05/11/2023 14:37:52,05/11/2023 14:37:52,CN=HRC-Transfer/OU=Agents/O=TACOM,,RQ000009,Okonkwo-Bell,,Brian,,Self,Brian Okonkwo-Bell,2536 Sycamore Ter,Colorado Springs,CO,80922,,,E-mail,HRC,05/11/2023,Yes,05/11/2023,OKONKWO-BELL|BRIAN|80922,"Okonkwo-Bell, Brian",[TACOM];[CSR];[Admin];[ReadOnlyAudit];LocalDomainServers,
26C4EB7C278510B27BAACCDA02F74FFF,91E,,05/01/2025 16:53:15,05/01/2025 16:53:15,CN=Dwayne Petrakis/OU=CHPSID/O=TACOM,,RQ000010,Kirkbride,Sr.,Justin,,Spouse,Amanda Kirkbride,9877 Hickory Dr,Detroit,MI,48261,(484) 555-1432,justin.kirkbride@example.com,E-mail,Congressional,05/01/2025,Yes,,KIRKBRIDE|JUSTIN|48261,"Kirkbride, Justin",[TACOM];[CSR];[Admin];[ReadOnlyAudit];LocalDomainServers,
75F91B3342E8592A150CE250E6D48F26,922,,01/19/2014 12:03:01,01/19/2014 12:03:01,CN=HRC-Transfer/OU=Agents/O=TACOM,,RQ000011,Dunmore-Vey,,Jose,,Grandchild,Gary Dunmore,2456 Birch Pl Apt 4B,Knoxville,TN,37954,(410) 555-1891,jose.dunmore@example.com,E-mail,HRC,01/19/2014,No,,DUNMORE-VEY|JOSE|37954,"Dunmore-Vey, Jose",[TACOM];[CSR];[Admin];[ReadOnlyAudit];LocalDomainServers,
03CD94EDEC63A110B67B22DB42C15552,926,,03/29/2026 17:33:44,03/29/2026 17:33:44,CN=Renata Vasquez-Holm/OU=CHPSID/O=TACOM,,RQ000012,Vosburgh,,Luis,E,Self,Luis E Vosburgh,3541 Veterans Memorial St Apt 3A,Seattle,WA,98187,(703) 555-1391,,Mail,Manual,03/29/2026,Yes,03/29/2026,VOSBURGH|LUIS|98187,"Vosburgh, Luis E",[TACOM];[CSR];[Admin];[ReadOnlyAudit];LocalDomainServers,
ACC8FE743B323B7C0681BE3F16B43FE2,92A,,04/18/2019 16:00:42,04/18/2019 16:00:42,CN=HRC-Transfer/OU=Agents/O=TACOM,,RQ000013,Kestleman,Jr.,Angela,L,Self,Angela L Kestleman,1217 Willow Ln,Los Angeles,CA,90076,(610) 555-1485,angela.kestleman@example.com,E-mail,HRC,04/18/2019,No,,KESTLEMAN|ANGELA|90076,"Kestleman, Angela L",[TACOM];[CSR];[Admin];[ReadOnlyAudit];LocalDomainServers,
62076B3762CE29CF4FC00101C10BD39C,92E,,04/13/2013 14:32:38,04/13/2013 14:32:38,CN=Renata Vasquez-Holm/OU=CHPSID/O=TACOM,,RQ000014,Trevino-Hale,,Carlos,E,Self,Carlos E Trevino-Hale,8334 Poplar Rd,Indianapolis,IN,46236-7608,,,Mail,Congressional,04/13/2013,No,04/13/2013,TREVINO-HALE|CARLOS|46236,"Trevino-Hale, Carlos E",[TACOM];[CSR];[Admin];[ReadOnlyAudit];LocalDomainServers,
E248D896CD299272239EB1C6C174159F,932,,11/04/2025 17:05:08,11/04/2025 17:05:08,CN=HRC-Transfer/OU=Agents/O=TACOM,,RQ000015,Rockwell-Sayre,Jr.,Brian,S,Spouse,Christopher Rockwell,1361 Juniper Blvd,San Diego,CA,92190,(302) 555-1858,brian.rockwell@example.com,Mail,NPRC,11/04/2025,Yes,,ROCKWELL-SAYRE|BRIAN|92190,"Rockwell-Sayre, Brian S",[TACOM];[CSR];[Admin];[ReadOnlyAudit];LocalDomainServers,
7EA356722550B73956F61AED3EB2FB00,936,,03/11/2023 12:21:53,03/11/2023 12:21:53,CN=Dwayne Petrakis/OU=CHPSID/O=TACOM,,RQ000016,Jankowitz,,Anthony,,Grandchild,Joshua Jankowitz,3382 Laurel Way,Manchester,NH,03110,(410) 555-1516,anthony.jankowitz@example.com,Mail,Congressional,03/11/2023,Yes,03/11/2023,JANKOWITZ|ANTHONY|03110,"Jankowitz, Anthony",[TACOM];[CSR];[Admin];[ReadOnlyAudit];LocalDomainServers,
7583BDA5F361262D298777C3186EC61B,93A,,06/04/2017 09:27:48,06/04/2017 09:27:48,CN=Lorraine Whitcombe/OU=CHPSID/O=TACOM,,RQ000017,Ormsbee,III,Jessica,L,Daughter,Dorothy Ormsbee,9110 Juniper Ct,Colorado Springs,CO,80984-2432,(410) 555-1819,jessica.ormsbee@example.com,Mail,Manual,06/04/2017,Yes,,ORMSBEE|JESSICA|80984,"Ormsbee, Jessica L",[TACOM];[CSR];[Admin];[ReadOnlyAudit];LocalDomainServers,
2D39F86561C9126BA191677EE45EC95D,93E,,11/11/2020 16:52:06,11/11/2020 16:52:06,CN=Benedetta Kowalczyk/OU=CHPSID/O=TACOM,,RQ000018,Northway,III,Stephanie,,Grandchild,William Northway,2591 Madison Dr,El Paso,TX,79990-7467,(703) 555-1127,,Phone,Congressional,11/11/2020,Yes,11/11/2020,NORTHWAY|STEPHANIE|79990,"Northway, Stephanie",[TACOM];[CSR];[Admin];[ReadOnlyAudit];LocalDomainServers,
7DA5C60C22356069CFE8AA9159DB6EC1,942,,07/16/2011 15:31:42,07/16/2011 15:31:42,CN=HRC-Transfer/OU=Agents/O=TACOM,,RQ000019,Barrowclough,Sr.,Harold,,Self,Harold Barrowclough,2888 Armory Pl Apt 31C,Charleston,WV,25326-0591,,harold.barrowclough@example.com,Mail,NPRC,07/16/2011,Yes,07/16/2011,BARROWCLOUGH|HAROLD|25326,"Barrowclough, Harold",[TACOM];[CSR];[Admin];[ReadOnlyAudit];LocalDomainServers,
B5CC2AC2088AD0601C3093B2737729D7,946,,08/23/2006 09:36:52,08/23/2006 09:36:52,CN=HRC-Transfer/OU=Agents/O=TACOM,,RQ000020,Fairweather,Sr.,John,,Son,Joshua Fairweather,9724 Veterans Memorial Dr,Boise,ID,83701,(610) 555-1077,,Mail,HRC,08/23/2006,Yes,,FAIRWEATHER|JOHN|83701,"Fairweather, John",[TACOM];[CSR];[Admin];[ReadOnlyAudit];LocalDomainServers,
03B6EF772B9286485BCE7FB099190F75,94A,,02/11/2012 09:10:13,02/11/2012 09:10:13,CN=Renata Vasquez-Holm/OU=CHPSID/O=TACOM,,RQ000021,Beddingfield,Jr.,Ryan,N,Self,Ryan N Beddingfield,3187 Pershing Pl,Salt Lake City,UT,84194,(410) 555-1591,,Mail,Congressional,02/11/2012,No,02/11/2012,BEDDINGFIELD|RYAN|84194,"Beddingfield, Ryan N",[TACOM];[CSR];[Admin];[ReadOnlyAudit];LocalDomainServers,
0EFFC1EBA1592AEEBB1CEAA32339B47A,94E,,11/23/2009 11:30:42,11/23/2009 11:30:42,CN=Lorraine Whitcombe/OU=CHPSID/O=TACOM,,RQ000022,Hinojosa-Mata,,Jose,,Grandchild,Jessica Hinojosa,1316 Dogwood Way,Denver,CO,80258-1617,(610) 555-1112,,Mail,Congressional,11/23/2009,Yes,11/23/2009,HINOJOSA-MATA|JOSE|80258,"Hinojosa-Mata, Jose",[TACOM];[CSR];[Admin];[ReadOnlyAudit];LocalDomainServers,
9B630A2C301D662DBAB741B2F5522230,952,,04/16/2014 08:49:21,04/16/2014 08:49:21,CN=HRC-Transfer/OU=Agents/O=TACOM,,RQ000023,Rockwell-Sayre,,Earl,,Spouse,Virginia Rockwell,6431 Cedar St,Huntsville,AL,35831,(703) 555-1545,earl.rockwell@example.com,Mail,NPRC,04/16/2014,Yes,,ROCKWELL-SAYRE|EARL|35831,"Rockwell-Sayre, Earl",[TACOM];[CSR];[Admin];[ReadOnlyAudit];LocalDomainServers,
E987E6526AA5D8E87A39A4F6506EC0D8,956,,05/19/2010 14:54:51,05/19/2010 14:54:51,CN=HRC-Transfer/OU=Agents/O=TACOM,,RQ000024,Vosburgh,,Angela,,Self,Angela Vosburgh,676 Chestnut Way,Los Angeles,CA,90065,,angela.vosburgh@example.com,Phone,HRC,05/19/2010,Yes,,VOSBURGH|ANGELA|90065,"Vosburgh, Angela",[TACOM];[CSR];[Admin];[ReadOnlyAudit];LocalDomainServers,
EB9D2DAD51EE86E0D9E043DA6F9DE829,95A,,05/08/2022 08:37:02,05/08/2022 08:37:02,CN=HRC-Transfer/OU=Agents/O=TACOM,,RQ000025,Wickersham,III,Karen,L,Spouse,Jessica Wickersham,6336 Willow Ter,Fort Wayne,IN,46815,(703) 555-1955,,E-mail,HRC,05/08/2022,No,05/08/2022,WICKERSHAM|KAREN|46815,"Wickersham, Karen L",[TACOM];[CSR];[Admin];[ReadOnlyAudit];LocalDomainServers,
FCBDACB38EBE4313E520C6527EA668A2,95E,,10/15/2016 16:58:30,10/15/2016 16:58:30,CN=HRC-Transfer/OU=Agents/O=TACOM,,RQ000026,Benavidez-Cruz,III,Anthony,,Sibling,Andre Benavidez,6277 Juniper Blvd,Dayton,OH,45469-1942,(610) 555-1671,anthony.benavidez@example.com,Mail,HRC,10/15/2016,Yes,,BENAVIDEZ-CRUZ|ANTHONY|45469,"Benavidez-Cruz, Anthony",[TACOM];[CSR];[Admin];[ReadOnlyAudit];LocalDomainServers,
1BF7FCA2165E0F4F54AEB56668A105D1,962,,10/22/2017 07:58:41,10/22/2017 07:58:41,CN=HRC-Transfer/OU=Agents/O=TACOM,,RQ000027,Beddingfield,III,Helen,M,Son,Timothy Beddingfield,3856 Spruce St,Scranton,PA,18560-7979,(410) 555-1039,helen.beddingfield@example.com,Mail,NPRC,10/22/2017,No,10/22/2017,BEDDINGFIELD|HELEN|18560,"Beddingfield, Helen M",[TACOM];[CSR];[Admin];[ReadOnlyAudit];LocalDomainServers,
1DAF74AFE5FEC86ABD51166D283F2AF2,966,,03/24/2005 08:56:25,03/24/2005 08:56:25,CN=HRC-Transfer/OU=Agents/O=TACOM,,RQ000028,Benavidez-Cruz,,Patricia,C,Daughter,Brandon Benavidez,3142 Birch Ct Apt 36B,Killeen,TX,76549,(540) 555-1101,patricia.benavidez@example.com,Mail,NPRC,03/24/2005,Yes,,BENAVIDEZ-CRUZ|PATRICIA|76549,"Benavidez-Cruz, Patricia C",[TACOM];[CSR];[Admin];[ReadOnlyAudit];LocalDomainServers,
717D9E2C7AFCD38F39553CC33D638CE1,96A,,01/08/2016 11:00:19,01/08/2016 11:00:19,CN=HRC-Transfer/OU=Agents/O=TACOM,,RQ000029,Fennimark,,Linda,S,Self,Linda S Fennimark,3069 Cedar Ct,Louisville,KY,40249,(484) 555-1466,,Mail,HRC,01/08/2016,No,01/08/2016,FENNIMARK|LINDA|40249,"Fennimark, Linda S",[TACOM];[CSR];[Admin];[ReadOnlyAudit];LocalDomainServers,
4173C7ECDC2252C38418F2C987557480,96E,,08/01/2007 13:17:07,08/01/2007 13:17:07,CN=HRC-Transfer/OU=Agents/O=TACOM,,RQ000030,Coldwater,III,Nancy,E,Self,Nancy E Coldwater,3737 Lincoln Ln,Hartford,CT,06183,(717) 555-1988,,E-mail,HRC,08/01/2007,No,,COLDWATER|NANCY|06183,"Coldwater, Nancy E",[TACOM];[CSR];[Admin];[ReadOnlyAudit];LocalDomainServers,
04E2B5E2E48175FC703233A412D6BEDF,972,,05/04/2026 17:00:00,05/04/2026 17:00:00,CN=HRC-Transfer/OU=Agents/O=TACOM,,RQ000031,Redfearn,Jr.,Donald,C,Self,Donald C Redfearn,3510 Birch Way,Anchorage,AK,99511,,donald.redfearn@example.com,Mail,HRC,05/04/2026,Yes,05/04/2026,REDFEARN|DONALD|99511,"Redfearn, Donald C",[TACOM];[CSR];[Admin];[ReadOnlyAudit];LocalDomainServers,
F0BC649D55CE037D19FF0B436D8469F4,976,,07/10/2015 17:08:51,07/10/2015 17:08:51,CN=Dwayne Petrakis/OU=CHPSID/O=TACOM,,RQ000032,Escobedo-Ruiz,,Charles,W,Son,Ruth Escobedo,8940 Poplar Ter,Killeen,TX,76502-8946,(540) 555-1460,,Mail,Manual,07/10/2015,Yes,07/10/2015,ESCOBEDO-RUIZ|CHARLES|76502,"Escobedo-Ruiz, Charles W",[TACOM];[CSR];[Admin];[ReadOnlyAudit];LocalDomainServers,
80D4DA96E4C045564426918B1DF27AEF,97A,,02/01/2007 09:54:54,02/01/2007 09:54:54,CN=HRC-Transfer/OU=Agents/O=TACOM,,RQ000033,Wickersham,Sr.,James,H,Daughter,Heather Wickersham,1038 Elm Dr,Sacramento,CA,95812-3359,(267) 555-1645,james.wickersham@example.com,Phone,HRC,02/01/2007,No,,WICKERSHAM|JAMES|95812,"Wickersham, James H",[TACOM];[CSR];[Admin];[ReadOnlyAudit];LocalDomainServers,
83E1B7A26083B974A4AAA1ABB0D69673,97E,,03/11/2026 07:08:49,03/11/2026 07:08:49,CN=Marlene Okafor/OU=CHPSID/O=TACOM,,RQ000034,Fortenbury,,Heather,,Self,Heather Fortenbury,8192 Bradley Ln,Chicago,IL,60636,,,Mail,Manual,03/11/2026,Yes,03/11/2026,FORTENBURY|HEATHER|60636,"Fortenbury, Heather",[TACOM];[CSR];[Admin];[ReadOnlyAudit];LocalDomainServers,
B1C105443AEAB907B41C4817880CE6E7,982,,05/26/2018 11:54:48,05/26/2018 11:54:48,CN=HRC-Transfer/OU=Agents/O=TACOM,,RQ000035,Pemberley,Sr.,Jeffrey,,Self,Jeffrey Pemberley,1513 Madison Ct,Minneapolis,MN,55485,(215) 555-1519,,Mail,HRC,05/26/2018,Yes,05/26/2018,PEMBERLEY|JEFFREY|55485,"Pemberley, Jeffrey",[TACOM];[CSR];[Admin];[ReadOnlyAudit];LocalDomainServers,
96009FF33259D6FB971393A8095A837D,986,,05/04/2005 15:22:34,05/04/2005 15:22:34,CN=Benedetta Kowalczyk/OU=CHPSID/O=TACOM,,RQ000036,Quennevile,,Angela,T,Self,Angela T Quennevile,2643 Elm Pl,Seattle,WA,98131-7348,(410) 555-1420,angela.quennevile@example.com,E-mail,Congressional,05/04/2005,Yes,05/04/2005,QUENNEVILE|ANGELA|98131,"Quennevile, Angela T",[TACOM];[CSR];[Admin];[ReadOnlyAudit];LocalDomainServers,
29968397B34E6E69C17F9C76D5F532C2,98A,,05/02/2018 08:40:08,05/02/2018 08:40:08,CN=Renata Vasquez-Holm/OU=CHPSID/O=TACOM,,RQ000037,Zabrowski,,Matthew,B,Son,Mary Zabrowski,5265 Madison Way Apt 3C,Los Angeles,CA,90072,(540) 555-1117,,E-mail,Congressional,05/02/2018,No,05/02/2018,ZABROWSKI|MATTHEW|90072,"Zabrowski, Matthew B",[TACOM];[CSR];[Admin];[ReadOnlyAudit];LocalDomainServers,
8C29F9C123B6D839892D4C9BDC3F2D44,98E,,08/09/2013 10:24:14,08/09/2013 10:24:14,CN=Dwayne Petrakis/OU=CHPSID/O=TACOM,,RQ000038,Altamirano-Diaz,,Charles,L,Son,William Altamirano,5367 Poplar Ter,Jackson,MS,39226,(856) 555-1428,charles.altamirano@example.com,E-mail,Congressional,08/09/2013,Yes,,ALTAMIRANO-DIAZ|CHARLES|39226,"Altamirano-Diaz, Charles L",[TACOM];[CSR];[Admin];[ReadOnlyAudit];LocalDomainServers,
2FF52D0B1F4312AE2215FE9CDAB22DA9,992,,05/25/2020 12:50:51,05/25/2020 12:50:51,CN=HRC-Transfer/OU=Agents/O=TACOM,,RQ000039,Kestleman,III,Norman,A,Spouse,Norman Kestleman,2641 Elm St,Grand Rapids,MI,49552,(302) 555-1070,,E-mail,HRC,05/25/2020,No,05/25/2020,KESTLEMAN|NORMAN|49552,"Kestleman, Norman A",[TACOM];[CSR];[Admin];[ReadOnlyAudit];LocalDomainServers,
4802A3C276AB569F433B69A5E2559111,996,,04/10/2010 11:52:51,04/10/2010 11:52:51,CN=HRC-Transfer/OU=Agents/O=TACOM,,RQ000040,Fortenbury,,Jennifer,G,Son,Susan Fortenbury,6430 Magnolia Ln Apt 34B,Worcester,MA,01621,(703) 555-1160,jennifer.fortenbury@example.com,Mail,NPRC,04/10/2010,Yes,04/10/2010,FORTENBURY|JENNIFER|01621,"Fortenbury, Jennifer G",[TACOM];[CSR];[Admin];[ReadOnlyAudit];LocalDomainServers,
B195F8FAE8CF412D79601FF6E0B314C5,99A,,02/16/2007 11:27:37,02/16/2007 11:27:37,CN=Lorraine Whitcombe/OU=CHPSID/O=TACOM,,RQ000041,Urquhart,Jr.,Terrence,,Sibling,James Urquhart,7691 Maple Ave,Cleveland,OH,44109,(215) 555-1350,terrence.urquhart@example.com,Phone,Manual,02/16/2007,No,02/16/2007,URQUHART|TERRENCE|44109,"Urquhart, Terrence",[TACOM];[CSR];[Admin];[ReadOnlyAudit];LocalDomainServers,
64BA7C87CEA3CD091BC537DAB7F94013,99E,,03/07/2020 10:49:25,03/07/2020 10:49:25,CN=HRC-Transfer/OU=Agents/O=TACOM,,RQ000042,Stanwycke,III,Sarah,N,Son,Joshua Stanwycke,1722 Lincoln Ct,Chicago,IL,60669,(302) 555-1445,,E-mail,HRC,03/07/2020,No,03/07/2020,STANWYCKE|SARAH|60669,"Stanwycke, Sarah N",[TACOM];[CSR];[Admin];[ReadOnlyAudit];LocalDomainServers,
FB79E23EDC50287AC82EAAABA25931AF,9A2,,05/16/2017 12:00:23,05/16/2017 12:00:23,CN=Benedetta Kowalczyk/OU=CHPSID/O=TACOM,,RQ000043,Quarterman,Jr.,Amanda,S,Self,Amanda S Quarterman,5962 Walnut St,Manchester,NH,03149,,amanda.quarterman@example.com,E-mail,Manual,05/16/2017,Yes,05/16/2017,QUARTERMAN|AMANDA|03149,"Quarterman, Amanda S",[TACOM];[CSR];[Admin];[ReadOnlyAudit];LocalDomainServers,
B02D9C5FE0E0D6834C021888303D363E,9A6,,11/04/2014 11:43:14,11/04/2014 11:43:14,CN=HRC-Transfer/OU=Agents/O=TACOM,,RQ000044,Benavidez-Cruz,Sr.,Harold,C,Self,Harold C Benavidez-Cruz,4461 Marshall St,Salt Lake City,UT,84191,(540) 555-1888,,E-mail,HRC,11/04/2014,Yes,11/04/2014,BENAVIDEZ-CRUZ|HAROLD|84191,"Benavidez-Cruz, Harold C",[TACOM];[CSR];[Admin];[ReadOnlyAudit];LocalDomainServers,
5AF81070FD56A86AC6A15D2B250A959E,9AA,,11/28/2020 09:02:53,11/28/2020 09:02:53,CN=HRC-Transfer/OU=Agents/O=TACOM,,RQ000045,Urquhart,Jr.,Daniel,F,Self,Daniel F Urquhart,3337 Willow Ct,Denver,CO,80200,(610) 555-1476,,Mail,HRC,11/28/2020,No,,URQUHART|DANIEL|80200,"Urquhart, Daniel F",[TACOM];[CSR];[Admin];[ReadOnlyAudit];LocalDomainServers,
E48068EF6B8084F187E368C9957F6F89,9AE,,05/28/2018 17:24:22,05/28/2018 17:24:22,CN=HRC-Transfer/OU=Agents/O=TACOM,,RQ000046,Fortenbury,,Nancy,F,Self,Nancy F Fortenbury,6852 Pershing Rd,Buffalo,NY,14294-4432,(717) 555-1755,nancy.fortenbury@example.com,Mail,NPRC,05/28/2018,Yes,,FORTENBURY|NANCY|14294,"Fortenbury, Nancy F",[TACOM];[CSR];[Admin];[ReadOnlyAudit];LocalDomainServers,
792A765B2FF738FE8DA10C029C70BFF3,9B2,,12/15/2018 15:33:16,12/15/2018 15:33:16,CN=HRC-Transfer/OU=Agents/O=TACOM,,RQ000047,Vosburgh,Jr.,Evelyn,M,Self,Evelyn M Vosburgh,4705 Dogwood Ln,Portland,ME,04132,(484) 555-1109,evelyn.vosburgh@example.com,E-mail,NPRC,12/15/2018,Yes,12/15/2018,VOSBURGH|EVELYN|04132,"Vosburgh, Evelyn M",[TACOM];[CSR];[Admin];[ReadOnlyAudit];LocalDomainServers,
BE03F10DCD9BBF7018212B626C2B41F9,9B6,,04/17/2014 10:20:55,04/17/2014 10:20:55,CN=Lorraine Whitcombe/OU=CHPSID/O=TACOM,,RQ000048,Templeton-Ash,,Justin,J,Son,Brian Templeton,1127 Spruce St,Los Angeles,CA,90052,,justin.templeton@example.com,Mail,Congressional,04/17/2014,No,,TEMPLETON-ASH|JUSTIN|90052,"Templeton-Ash, Justin J",[TACOM];[CSR];[Admin];[ReadOnlyAudit];LocalDomainServers,
844C4F1CE9C0CEF4DB337B846ED89364,9BA,,03/21/2008 16:19:53,03/21/2008 16:19:53,CN=Lorraine Whitcombe/OU=CHPSID/O=TACOM,,RQ000049,Isherwood,,Sarah,B,Self,Sarah B Isherwood,3924 Lincoln Pl,Sacramento,CA,95814,(717) 555-1223,,Phone,Congressional,03/21/2008,Yes,03/21/2008,ISHERWOOD|SARAH|95814,"Isherwood, Sarah B",[TACOM];[CSR];[Admin];[ReadOnlyAudit];LocalDomainServers,
C8DB7785796DCC487953B6EEF6694C5C,9BE,,12/09/2024 12:35:13,12/09/2024 12:35:13,CN=Lorraine Whitcombe/OU=CHPSID/O=TACOM,,RQ000050,Whitlock-Bay,,Heather,T,Sibling,Susan Whitlock,2900 Spruce St,Cheyenne,WY,82086-9920,,,Mail,Manual,12/09/2024,Yes,,WHITLOCK-BAY|HEATHER|82086,"Whitlock-Bay, Heather T",[TACOM];[CSR];[Admin];[ReadOnlyAudit];LocalDomainServers,
4E1DC9F172CE2A87F8459935E53F89DB,9C2,,05/29/2024 17:38:45,05/29/2024 17:38:45,CN=HRC-Transfer/OU=Agents/O=TACOM,,RQ000051,Underhill-Voss,,Charles,N,Self,Charles N Underhill-Voss,6144 Birch Ter,Charlotte,NC,28226,(610) 555-1285,charles.underhill@example.com,Phone,HRC,05/29/2024,No,,UNDERHILL-VOSS|CHARLES|28226,"Underhill-Voss, Charles N",[TACOM];[CSR];[Admin];[ReadOnlyAudit];LocalDomainServers,
C0187D785A004E9286F2C3ACCBBF2A5C,9C6,,06/10/2026 17:51:14,06/10/2026 17:51:14,CN=HRC-Transfer/OU=Agents/O=TACOM,,RQ000052,Castellanos,III,Sarah,B,Self,Sarah B Castellanos,8388 Maple St Apt 7B,Syracuse,NY,13276,,,Phone,HRC,06/10/2026,Yes,,CASTELLANOS|SARAH|13276,"Castellanos, Sarah B",[TACOM];[CSR];[Admin];[ReadOnlyAudit];LocalDomainServers,
62B452C557AD55B977B1884FE07AAAC6,9CA,,10/23/2011 16:35:46,10/23/2011 16:35:46,CN=Lorraine Whitcombe/OU=CHPSID/O=TACOM,,RQ000053,Altamirano-Diaz,Sr.,Kevin,,Self,Kevin Altamirano-Diaz,1715 Cedar Dr,Fort Wayne,IN,46842,(610) 555-1603,,Phone,Congressional,10/23/2011,Yes,10/23/2011,ALTAMIRANO-DIAZ|KEVIN|46842,"Altamirano-Diaz, Kevin",[TACOM];[CSR];[Admin];[ReadOnlyAudit];LocalDomainServers,
1B7037FF6FC4B938E82D4AB0AFF32EA7,9CE,,08/05/2009 15:11:02,08/05/2009 15:11:02,CN=HRC-Transfer/OU=Agents/O=TACOM,,RQ000054,Zimmerly,Jr.,Jessica,G,Spouse,Donna Zimmerly,3566 Bradley Pl,Denver,CO,80206-0406,,,Phone,NPRC,08/05/2009,Yes,08/05/2009,ZIMMERLY|JESSICA|80206,"Zimmerly, Jessica G",[TACOM];[CSR];[Admin];[ReadOnlyAudit];LocalDomainServers,
96DB44B48D43809061274916C736BCF9,9D2,,08/01/2020 07:32:06,08/01/2020 07:32:06,CN=HRC-Transfer/OU=Agents/O=TACOM,,RQ000055,Barrowclough Jr.,Sr.,Harold,,Self,Harold Barrowclough,2888 Armory Pl Apt 31C,Charleston,WV,25326-0591,,harold.barrowclough@example.com,Mail,HRC,08/01/2020,No,,BARROWCLOUGH JR.|HAROLD|25326,"Barrowclough Jr., Harold",[TACOM];[CSR];[Admin];[ReadOnlyAudit];LocalDomainServers,
A6F36769C2061643A2C446E77E0227FD,9D6,,08/05/2009 07:57:57,08/05/2009 07:57:57,CN=HRC-Transfer/OU=Agents/O=TACOM,,RQ000056,Quennevile,Jr.,Donald,L,Son,Virginia Quennevile,5618 Bradley Ter,Pensacola,FL,32571,,,Mail,HRC,08/05/2009,Yes,,QUENNEVILE|DONALD|32571,"Quennevile, Donald L",[TACOM];[CSR];[Admin];[ReadOnlyAudit];LocalDomainServers,
C7288448A8103026F4CDB46D58FCD773,9DA,,02/15/2015 07:31:50,02/15/2015 07:31:50,CN=Dwayne Petrakis/OU=CHPSID/O=TACOM,,RQ000057,Wickersham,,Melissa,F,Daughter,Clarence Wickersham,7925 Elm Dr,Minneapolis,MN,55492,(717) 555-1455,melissa.wickersham@example.com,Mail,Manual,02/15/2015,No,02/15/2015,WICKERSHAM|MELISSA|55492,"Wickersham, Melissa F",[TACOM];[CSR];[Admin];[ReadOnlyAudit];LocalDomainServers,
04594D595DD47DDE9C3D2EC041B83BA7,9DE,,01/15/2012 09:51:43,01/15/2012 09:51:43,CN=HRC-Transfer/OU=Agents/O=TACOM,,RQ000058,Hinojosa-Mata,Jr.,Amanda,C,Son,Brian Hinojosa,9331 Eisenhower Blvd,Sacramento,CA,95859,(410) 555-1923,amanda.hinojosa@example.com,Mail,HRC,01/15/2012,No,01/15/2012,HINOJOSA-MATA|AMANDA|95859,"Hinojosa-Mata, Amanda C",[TACOM];[CSR];[Admin];[ReadOnlyAudit];LocalDomainServers,
43407999065339EA2B9DE50F8FFC1D1C,9E2,,12/15/2023 12:37:54,12/15/2023 12:37:54,CN=HRC-Transfer/OU=Agents/O=TACOM,,RQ000059,Zimmerly,,Steven,,Son,Kevin Zimmerly,7827 Maple Blvd,Anchorage,AK,99578,(215) 555-1392,,Phone,HRC,12/15/2023,No,12/15/2023,ZIMMERLY|STEVEN|99578,"Zimmerly, Steven",[TACOM];[CSR];[Admin];[ReadOnlyAudit];LocalDomainServers,
3373E74743B95A7CA3B323C90903D408,9E6,,01/09/2017 10:17:17,01/09/2017 10:17:17,CN=Marlene Okafor/OU=CHPSID/O=TACOM,,RQ000060,Crandall-Mott,Jr.,Virginia,H,Self,Virginia H Crandall-Mott,7650 Madison Ln,Charleston,WV,25303,(717) 555-1796,,E-mail,Congressional,01/09/2017,Yes,01/09/2017,CRANDALL-MOTT|VIRGINIA|25303,"Crandall-Mott, Virginia H",[TACOM];[CSR];[Admin];[ReadOnlyAudit];LocalDomainServers,
6EEB10F6DDE4740BA0C9945BAD68B9B3,9EA,,11/01/2015 10:49:24,11/01/2015 10:49:24,CN=Dwayne Petrakis/OU=CHPSID/O=TACOM,,RQ000061,Saldivar,Jr.,Sarah,D,Self,Sarah D Saldivar,6752 Lincoln Blvd,Omaha,NE,68174,(856) 555-1936,,Phone,Manual,11/01/2015,Yes,,SALDIVAR|SARAH|68174,"Saldivar, Sarah D",[TACOM];[CSR];[Admin];[ReadOnlyAudit];LocalDomainServers,
36691530702BDED13645503F97BA94CF,9EE,,08/24/2021 17:11:33,08/24/2021 17:11:33,CN=Benedetta Kowalczyk/OU=CHPSID/O=TACOM,,RQ000062,Tarquinio,,Mary,,Self,Mary Tarquinio,6759 Eisenhower Dr,Seattle,WA,98109,(856) 555-1047,,Mail,Congressional,08/24/2021,Yes,08/24/2021,TARQUINIO|MARY|98109,"Tarquinio, Mary",[TACOM];[CSR];[Admin];[ReadOnlyAudit];LocalDomainServers,
32DA429F6BA69E79F9FB5D4BA3C7C3CE,9F2,,07/08/2022 12:08:17,07/08/2022 12:08:17,CN=Renata Vasquez-Holm/OU=CHPSID/O=TACOM,,RQ000063,Lockridge,,Ryan,F,Daughter,Mildred Lockridge,9250 Chestnut Pl Apt 21A,Pittsburgh,PA,15240,(717) 555-1227,ryan.lockridge@example.com,Phone,Manual,07/08/2022,Yes,,LOCKRIDGE|RYAN|15240,"Lockridge, Ryan F",[TACOM];[CSR];[Admin];[ReadOnlyAudit];LocalDomainServers,
0DBD7B5D06866BCC93A291369EB40D71,9F6,,07/14/2019 13:43:42,07/14/2019 13:43:42,CN=Lorraine Whitcombe/OU=CHPSID/O=TACOM,,RQ000064,Ostrowski-Lane,,Helen,,Self,Helen Ostrowski-Lane,5046 Washington Ct,Wheeling,WV,26038,(703) 555-1497,,Mail,Manual,07/14/2019,Yes,07/14/2019,OSTROWSKI-LANE|HELEN|26038,"Ostrowski-Lane, Helen",[TACOM];[CSR];[Admin];[ReadOnlyAudit];LocalDomainServers,
0CC83F6E5B068C18B61B7A476DE74444,9FA,,03/07/2015 07:31:16,03/07/2015 07:31:16,CN=Renata Vasquez-Holm/OU=CHPSID/O=TACOM,,RQ000065,Lindquarry,,Matthew,J,Self,Matthew J Lindquarry,1132 Patton Pl Apt 40D,Seattle,WA,98167-2730,(410) 555-1425,matthew.lindquarry@example.com,Mail,Congressional,03/07/2015,Yes,03/07/2015,LINDQUARRY|MATTHEW|98167,"Lindquarry, Matthew J",[TACOM];[CSR];[Admin];[ReadOnlyAudit];LocalDomainServers,
B439C21B97BCD9963E441171F6622581,9FE,,06/11/2009 16:53:26,06/11/2009 16:53:26,CN=HRC-Transfer/OU=Agents/O=TACOM,,RQ000066,Fairweather,,Ralph,R,Self,Ralph R Fairweather,6488 Madison Rd,Cheyenne,WY,82087-9871,(215) 555-1442,,Phone,HRC,06/11/2009,No,06/11/2009,FAIRWEATHER|RALPH|82087,"Fairweather, Ralph R",[TACOM];[CSR];[Admin];[ReadOnlyAudit];LocalDomainServers,
3F259C72C2DE9676EB00E2BA604E15A4,A02,,06/07/2011 08:58:10,06/07/2011 08:58:10,CN=HRC-Transfer/OU=Agents/O=TACOM,,RQ000067,Quimbley,Jr.,Eugene,,Self,Eugene Quimbley,6623 Birch Pl,Wheeling,WV,26005,,eugene.quimbley@example.com,Phone,HRC,06/07/2011,Yes,,QUIMBLEY|EUGENE|26005,"Quimbley, Eugene",[TACOM];[CSR];[Admin];[ReadOnlyAudit];LocalDomainServers,
3F2DB0598B0F64C7298E3621A48D75B3,A06,,10/17/2005 11:51:25,10/17/2005 11:51:25,CN=Renata Vasquez-Holm/OU=CHPSID/O=TACOM,,RQ000068,Palomares,III,Carl,H,Son,Elizabeth Palomares,6322 Willow Ave,Lawton,OK,73598,(215) 555-1280,carl.palomares@example.com,E-mail,Manual,10/17/2005,No,10/17/2005,PALOMARES|CARL|73598,"Palomares, Carl H",[TACOM];[CSR];[Admin];[ReadOnlyAudit];LocalDomainServers,
A117070FD62284C7749AB79800C9BDB8,A0A,,12/28/2015 17:05:40,12/28/2015 17:05:40,CN=HRC-Transfer/OU=Agents/O=TACOM,,RQ000069,Jarvinen-Roe Jr.,III,Tyler,,Self,Tyler Jarvinen-Roe,2573 Dogwood St,Tampa,FL,33677-9595,,tyler.jarvinen@example.com,Phone,HRC,12/28/2015,No,,JARVINEN-ROE JR.|TYLER|33677,"Jarvinen-Roe Jr., Tyler",[TACOM];[CSR];[Admin];[ReadOnlyAudit];LocalDomainServers,
5577930CDF201A64BEF470611E866CF1,A0E,,09/11/2006 16:15:03,09/11/2006 16:15:03,CN=HRC-Transfer/OU=Agents/O=TACOM,,RQ000070,Pettiford,Sr.,Stephanie,E,Self,Stephanie E Pettiford,7357 Dogwood St,Richmond,VA,23258-4711,(610) 555-1751,stephanie.pettiford@example.com,Mail,HRC,09/11/2006,Yes,09/11/2006,PETTIFORD|STEPHANIE|23258,"Pettiford, Stephanie E",[TACOM];[CSR];[Admin];[ReadOnlyAudit];LocalDomainServers,
6A6747B865A86F2FC609D10F92485DE8,A12,,03/14/2018 15:11:03,03/14/2018 15:11:03,CN=Lorraine Whitcombe/OU=CHPSID/O=TACOM,,RQ000071,Yamaguchi-Orr,,Helen,B,Self,Helen B Yamaguchi-Orr,8628 Poplar Ln,Nashville,TN,37271,(267) 555-1353,,Mail,Congressional,03/14/2018,No,,YAMAGUCHI-ORR|HELEN|37271,"Yamaguchi-Orr, Helen B",[TACOM];[CSR];[Admin];[ReadOnlyAudit];LocalDomainServers,
D4A1268D248DFED4EAA4FB9DF8B31D82,A16,,03/27/2009 13:39:59,03/27/2009 13:39:59,CN=Dwayne Petrakis/OU=CHPSID/O=TACOM,,RQ000072,Isherwood,,Norman,,Self,Norman Isherwood,3899 Bradley St,St. Louis,MO,63158,,,Mail,Manual,03/27/2009,Yes,03/27/2009,ISHERWOOD|NORMAN|63158,"Isherwood, Norman",[TACOM];[CSR];[Admin];[ReadOnlyAudit];LocalDomainServers,
3D494E75CC63AEB3B6FA823BDC761FD6,A1A,,03/19/2018 11:45:04,03/19/2018 11:45:04,CN=HRC-Transfer/OU=Agents/O=TACOM,,RQ000073,Bramwold,,Carl,E,Self,Carl E Bramwold,2877 Marshall Pl,Trenton,NJ,08626,(717) 555-1372,carl.bramwold@example.com,Phone,HRC,03/19/2018,Yes,03/19/2018,BRAMWOLD|CARL|08626,"Bramwold, Carl E",[TACOM];[CSR];[Admin];[ReadOnlyAudit];LocalDomainServers,
D642DE1F865203762DF20263DA8BEA15,A1E,,12/03/2008 11:17:43,12/03/2008 11:17:43,CN=HRC-Transfer/OU=Agents/O=TACOM,,RQ000074,Ostrowski-Lane,Sr.,Norman,,Son,Charles Ostrowski,6347 Jefferson Pl,Burlington,VT,05406,(540) 555-1406,norman.ostrowski@example.com,E-mail,HRC,12/03/2008,No,12/03/2008,OSTROWSKI-LANE|NORMAN|05406,"Ostrowski-Lane, Norman",[TACOM];[CSR];[Admin];[ReadOnlyAudit];LocalDomainServers,
1BEA194FDF47D116D1745CD9BAC5E0FE,A22,,07/01/2025 10:23:08,07/01/2025 10:23:08,CN=HRC-Transfer/OU=Agents/O=TACOM,,RQ000075,Yarrowdale,,Rafael,H,Grandchild,Luis Yarrowdale,8977 Juniper Rd,Hartford,CT,06146-7430,(540) 555-1618,,Mail,HRC,07/01/2025,No,,YARROWDALE|RAFAEL|06146,"Yarrowdale, Rafael H",[TACOM];[CSR];[Admin];[ReadOnlyAudit];LocalDomainServers,
9303D1C5D34EA8C11497890018311BE4,A26,,10/19/2007 16:09:14,10/19/2007 16:09:14,CN=Lorraine Whitcombe/OU=CHPSID/O=TACOM,,RQ000076,Sallisaw,,Luis,,Grandchild,Thomas Sallisaw,6485 Ridgway Ave,Jacksonville,FL,32294,(717) 555-1960,,E-mail,Congressional,10/19/2007,No,,SALLISAW|LUIS|32294,"Sallisaw, Luis",[TACOM];[CSR];[Admin];[ReadOnlyAudit];LocalDomainServers,
9DC3A987A70DFE0067AE4EFA73DEA313,A2A,,09/28/2019 12:54:15,09/28/2019 12:54:15,CN=Marlene Okafor/OU=CHPSID/O=TACOM,,RQ000077,Nakashima,III,Kevin,F,Daughter,Rafael Nakashima,6576 Magnolia Rd,Las Vegas,NV,89154,(856) 555-1308,kevin.nakashima@example.com,Mail,Congressional,09/28/2019,No,09/28/2019,NAKASHIMA|KEVIN|89154,"Nakashima, Kevin F",[TACOM];[CSR];[Admin];[ReadOnlyAudit];LocalDomainServers,
8D9FC097DE3F3E032BB786E6F203C66F,A2E,,10/23/2025 09:32:06,10/23/2025 09:32:06,CN=HRC-Transfer/OU=Agents/O=TACOM,,RQ000078,Kirkbride Jr.,,John,G,Self,John G Kirkbride,5931 Willow St,Trenton,NJ,08618-1582,(267) 555-1782,john.kirkbride@example.com,Phone,NPRC,10/23/2025,No,,KIRKBRIDE JR.|JOHN|08618,"Kirkbride Jr., John",[TACOM];[CSR];[Admin];[ReadOnlyAudit];LocalDomainServers,RQ000007
B8CDD398DAA8D6774204BC4067C6759A,A32,,06/21/2006 12:46:22,06/21/2006 12:46:22,CN=HRC-Transfer/OU=Agents/O=TACOM,,RQ000079,Cartlewood,,Patricia,P,Daughter,Barbara Cartlewood,3682 Dogwood Blvd,Honolulu,HI,96894,(717) 555-1425,,E-mail,HRC,06/21/2006,Yes,,CARTLEWOOD|PATRICIA|96894,"Cartlewood, Patricia P",[TACOM];[CSR];[Admin];[ReadOnlyAudit];LocalDomainServers,
79F9B0638903A1E408A8E7C9F05601C9,A36,,02/13/2005 12:38:44,02/13/2005 12:38:44,CN=Lorraine Whitcombe/OU=CHPSID/O=TACOM,,RQ000080,Nethercott,Sr.,Mildred,T,Spouse,Heather Nethercott,9490 Cedar St,Memphis,TN,38160,(410) 555-1283,,Mail,Congressional,02/13/2005,No,,NETHERCOTT|MILDRED|38160,"Nethercott, Mildred T",[TACOM];[CSR];[Admin];[ReadOnlyAudit];LocalDomainServers,
C13687C7795B30E55ED30D0BF1543C7F,A3A,,01/09/2018 07:21:52,01/09/2018 07:21:52,CN=HRC-Transfer/OU=Agents/O=TACOM,,RQ000081,Ledesma-Ortiz,,Angela,C,Self,Angela C Ledesma-Ortiz,2716 Patton Ave,St. Louis,MO,63145-7370,(410) 555-1988,,E-mail,HRC,01/09/2018,Yes,01/09/2018,LEDESMA-ORTIZ|ANGELA|63145,"Ledesma-Ortiz, Angela C",[TACOM];[CSR];[Admin];[ReadOnlyAudit];LocalDomainServers,
B8DE7D7FEA40632F612EE9FF48F871D9,A3E,,10/11/2015 12:24:01,10/11/2015 12:24:01,CN=Benedetta Kowalczyk/OU=CHPSID/O=TACOM,,RQ000082,Jessup-Kane,,James,M,Self,James M Jessup-Kane,6313 Juniper St Apt 35D,Sacramento,CA,95822,(267) 555-1533,,Mail,Congressional,10/11/2015,Yes,,JESSUP-KANE|JAMES|95822,"Jessup-Kane, James M",[TACOM];[CSR];[Admin];[ReadOnlyAudit];LocalDomainServers,
B8780A866A60F7E40F4247820181D6B6,A42,,12/24/2015 11:28:56,12/24/2015 11:28:56,CN=Benedetta Kowalczyk/OU=CHPSID/O=TACOM,,RQ000083,Drakeford,Sr.,Walter,A,Self,Walter A Drakeford,5523 Birch Blvd,Boise,ID,83719,(703) 555-1159,,Phone,Manual,12/24/2015,No,12/24/2015,DRAKEFORD|WALTER|83719,"Drakeford, Walter A",[TACOM];[CSR];[Admin];[ReadOnlyAudit];LocalDomainServers,
5D38245EA3A1ED24621B6E4989E04F06,A46,,07/09/2009 13:56:40,07/09/2009 13:56:40,CN=HRC-Transfer/OU=Agents/O=TACOM,,RQ000084,Washington-Pryce,Jr.,Eugene,L,Sibling,Linda Washington,1850 Laurel Ln,Fayetteville,NC,28339,,,Phone,HRC,07/09/2009,Yes,,WASHINGTON-PRYCE|EUGENE|28339,"Washington-Pryce, Eugene L",[TACOM];[CSR];[Admin];[ReadOnlyAudit];LocalDomainServers,
3D301BE57723E9601A1E410898C192CF,A4A,,08/20/2024 07:53:15,08/20/2024 07:53:15,CN=HRC-Transfer/OU=Agents/O=TACOM,,RQ000085,Delgadillo,Jr.,Christopher,,Spouse,Justin Delgadillo,1976 Willow Way,Worcester,MA,01644,(410) 555-1851,,Mail,HRC,08/20/2024,Yes,08/20/2024,DELGADILLO|CHRISTOPHER|01644,"Delgadillo, Christopher",[TACOM];[CSR];[Admin];[ReadOnlyAudit];LocalDomainServers,
CDAF805A91721D317E1373EBA75C28B4,A4E,,10/19/2007 16:39:35,10/19/2007 16:39:35,CN=HRC-Transfer/OU=Agents/O=TACOM,,RQ000086,Gastrelle,,Clarence,R,Sibling,Raymond Gastrelle,7983 Laurel St,Boise,ID,83720,(215) 555-1921,,E-mail,NPRC,10/19/2007,Yes,10/19/2007,GASTRELLE|CLARENCE|83720,"Gastrelle, Clarence R",[TACOM];[CSR];[Admin];[ReadOnlyAudit];LocalDomainServers,
786E1AF2A3B43F7EF9157A59016A4299,A52,,02/19/2012 12:51:22,02/19/2012 12:51:22,CN=Marlene Okafor/OU=CHPSID/O=TACOM,,RQ000087,Jaramillo,,Susan,D,Self,Susan D Jaramillo,1522 Jefferson Ave,Boise,ID,83743,(484) 555-1799,,Mail,Congressional,02/19/2012,Yes,02/19/2012,JARAMILLO|SUSAN|83743,"Jaramillo, Susan D",[TACOM];[CSR];[Admin];[ReadOnlyAudit];LocalDomainServers,
B7FE05F30504CC10EF45D1894CBDDB71,A56,,10/14/2019 07:55:45,10/14/2019 07:55:45,CN=Benedetta Kowalczyk/OU=CHPSID/O=TACOM,,RQ000088,Benavidez-Cruz,,Heather,B,Son,Daniel Benavidez,9439 Juniper Ct Apt 18C,Des Moines,IA,50301-3607,(484) 555-1200,heather.benavidez@example.com,E-mail,Congressional,10/14/2019,No,10/14/2019,BENAVIDEZ-CRUZ|HEATHER|50301,"Benavidez-Cruz, Heather B",[TACOM];[CSR];[Admin];[ReadOnlyAudit];LocalDomainServers,
73C1826DA0727D6B917A7B4B23BB0AD1,A5A,,11/06/2018 15:32:40,11/06/2018 15:32:40,CN=HRC-Transfer/OU=Agents/O=TACOM,,RQ000089,Galbreath,Jr.,Charles,,Daughter,Margaret Galbreath,5893 Spruce Ln,Syracuse,NY,13241,(856) 555-1928,charles.galbreath@example.com,Mail,NPRC,11/06/2018,Yes,,GALBREATH|CHARLES|13241,"Galbreath, Charles",[TACOM];[CSR];[Admin];[ReadOnlyAudit];LocalDomainServers,
81B10508350B02869E84B62DBDC9A631,A5E,,06/27/2010 08:09:29,06/27/2010 08:09:29,CN=HRC-Transfer/OU=Agents/O=TACOM,,RQ000090,Galbreath,Sr.,Steven,N,Daughter,Terrence Galbreath,2161 Sycamore Ln,Orlando,FL,32824-8933,(540) 555-1379,steven.galbreath@example.com,E-mail,HRC,06/27/2010,Yes,06/27/2010,GALBREATH|STEVEN|32824,"Galbreath, Steven N",[TACOM];[CSR];[Admin];[ReadOnlyAudit];LocalDomainServers,
B87A0D4172F3FF607485EC6150CE96FE,A62,,02/19/2017 16:47:57,02/19/2017 16:47:57,CN=Ret Hamlin/OU=CHPSID/O=TACOM,,RQ000091,Northway,Jr.,Carol,,Self,Carol Northway,4489 Jefferson Ter,Phoenix,AZ,85093-9663,(717) 555-1523,carol.northway@example.com,Phone,Manual,02/19/2017,Yes,02/19/2017,NORTHWAY|CAROL|85093,"Northway, Carol",[TACOM];[CSR];[Admin];[ReadOnlyAudit];LocalDomainServers,
BB787FC6EB3BD58D59CACF6B4E7F1F6A,A66,,06/08/2006 09:03:46,06/08/2006 09:03:46,CN=HRC-Transfer/OU=Agents/O=TACOM,,RQ000092,Yarrowdale,Sr.,Jose,N,Spouse,Robert Yarrowdale,8597 Elm Ct,Memphis,TN,38106,(410) 555-1465,jose.yarrowdale@example.com,Phone,HRC,06/08/2006,Yes,06/08/2006,YARROWDALE|JOSE|38106,"Yarrowdale, Jose N",[TACOM];[CSR];[Admin];[ReadOnlyAudit];LocalDomainServers,
B547782EFDB8BFB27B4D098D0D9F236E,A6A,,01/13/2011 16:18:57,01/13/2011 16:18:57,CN=HRC-Transfer/OU=Agents/O=TACOM,,RQ000093,Palomares,III,Carl,H,Son,Elizabeth Palomares,6322 Willow Ave,Lawton,OK,73598-3471,(215) 555-1280,carl.palomares@example.com,E-mail,HRC,01/13/2011,No,,PALOMARES|CARL|73598,"Palomares, Carl",[TACOM];[CSR];[Admin];[ReadOnlyAudit];LocalDomainServers,
5A187DA25C051C54A5BCF6C93B70F41D,A6E,,08/10/2021 14:09:45,08/10/2021 14:09:45,CN=HRC-Transfer/OU=Agents/O=TACOM,,RQ000094,Templeton-Ash,III,David,F,Self,David F Templeton-Ash,2667 Walnut Ave,Houston,TX,77070,(215) 555-1221,,Phone,HRC,08/10/2021,Yes,,TEMPLETON-ASH|DAVID|77070,"Templeton-Ash, David F",[TACOM];[CSR];[Admin];[ReadOnlyAudit];LocalDomainServers,
63D7A8259CCF2146E73A79F5A5A99D9E,A72,,02/21/2005 10:20:37,02/21/2005 10:20:37,CN=HRC-Transfer/OU=Agents/O=TACOM,,RQ000095,Quennevile,,Marcus,K,Spouse,Arthur Quennevile,4827 Juniper Pl,Buffalo,NY,14267-4599,(267) 555-1054,marcus.quennevile@example.com,Mail,NPRC,02/21/2005,Yes,,QUENNEVILE|MARCUS|14267,"Quennevile, Marcus K",[TACOM];[CSR];[Admin];[ReadOnlyAudit];LocalDomainServers,
72C3FB774C63CCD48C7541699DEDC4C6,A76,,11/04/2016 14:15:37,11/04/2016 14:15:37,CN=Marlene Okafor/OU=CHPSID/O=TACOM,,RQ000096,Tarquinio,III,Dorothy,,Self,Dorothy Tarquinio,3330 Veterans Memorial Ter,Manchester,NH,03139,(703) 555-1131,dorothy.tarquinio@example.com,Mail,Manual,11/04/2016,Yes,11/04/2016,TARQUINIO|DOROTHY|03139,"Tarquinio, Dorothy",[TACOM];[CSR];[Admin];[ReadOnlyAudit];LocalDomainServers,
60BC5209421D8D07545941D15CA1DF28,A7A,,02/27/2021 09:08:17,02/27/2021 09:08:17,CN=HRC-Transfer/OU=Agents/O=TACOM,,RQ000097,Northway,Jr.,Carol Jr,,Self,Carol Northway,4489 Jefferson Ter,Phoenix,AZ,85093-9663,(717) 555-1523,carol.northway@example.com,Phone,HRC,02/27/2021,No,,NORTHWAY|CAROL JR|85093,"Northway, Carol Jr",[TACOM];[CSR];[Admin];[ReadOnlyAudit];LocalDomainServers,
3B8C65EF27BFD9A07950499DFDC66BB3,A7E,,05/31/2019 17:52:43,05/31/2019 17:52:43,CN=HRC-Transfer/OU=Agents/O=TACOM,,RQ000098,Rathbourne,III,Stephanie,J,Self,Stephanie J Rathbourne,4731 Madison Ter,Providence,RI,02939,(610) 555-1668,,E-mail,HRC,05/31/2019,Yes,,RATHBOURNE|STEPHANIE|02939,"Rathbourne, Stephanie J",[TACOM];[CSR];[Admin];[ReadOnlyAudit];LocalDomainServers,
26A467A4C595DF68CD5873254A75A1D0,A82,,01/23/2019 17:39:04,01/23/2019 17:39:04,CN=HRC-Transfer/OU=Agents/O=TACOM,,RQ000099,Hargreave,III,Mark,C,Self,Mark C Hargreave,990 Magnolia St,Tacoma,WA,98419-4024,(302) 555-1811,mark.hargreave@example.com,Phone,HRC,01/23/2019,Yes,01/23/2019,HARGREAVE|MARK|98419,"Hargreave, Mark C",[TACOM];[CSR];[Admin];[ReadOnlyAudit];LocalDomainServers,
DEB73E3439CDB1F3FCA618EC72F6BF4C,A86,,10/11/2025 17:51:27,10/11/2025 17:51:27,CN=Marlene Okafor/OU=CHPSID/O=TACOM,,RQ000100,Pemberley,,Barbara,N,Son,Jeffrey Pemberley,4118 Ridgway Ln,Portland,OR,97269,(215) 555-1320,barbara.pemberley@example.com,Mail,Manual,10/11/2025,No,,PEMBERLEY|BARBARA|97269,"Pemberley, Barbara N",[TACOM];[CSR];[Admin];[ReadOnlyAudit];LocalDomainServers,
A0E483ECEE8B9E2B278560DFBCCC631A,A8A,,06/11/2026 08:46:13,06/11/2026 08:46:13,CN=HRC-Transfer/OU=Agents/O=TACOM,,RQ000101,REDFEARN,Jr.,Donald,C,Self,Donald C Redfearn,3510 Birch Way,Anchorage,AK,99511,,donald.redfearn@example.com,Mail,NPRC,06/11/2026,No,,REDFEARN|DONALD|99511,"REDFEARN, Donald",[TACOM];[CSR];[Admin];[ReadOnlyAudit];LocalDomainServers,
700C0236CBBFD7BA18238710BEA03E33,A8E,,03/09/2012 14:44:05,03/09/2012 14:44:05,CN=HRC-Transfer/OU=Agents/O=TACOM,,RQ000102,Vandermolen,Sr.,Susan,,Self,Susan Vandermolen,8783 Eisenhower Rd,San Antonio,TX,78216-5659,,,Phone,HRC,03/09/2012,Yes,03/09/2012,VANDERMOLEN|SUSAN|78216,"Vandermolen, Susan",[TACOM];[CSR];[Admin];[ReadOnlyAudit];LocalDomainServers,
70D600046092C6051D62DA3861E769AC,A92,,03/02/2004 16:45:12,03/02/2004 16:45:12,CN=HRC-Transfer/OU=Agents/O=TACOM,,RQ000103,Iverstone,,Marcus,L,Self,Marcus L Iverstone,2451 Ridgway Ave,Hartford,CT,06176,(410) 555-1902,,Mail,NPRC,03/02/2004,Yes,03/02/2004,IVERSTONE|MARCUS|06176,"Iverstone, Marcus L",[TACOM];[CSR];[Admin];[ReadOnlyAudit];LocalDomainServers,
C7AEA903B6BF1183627CB1271CE0BD6C,A96,,03/05/2014 07:36:00,03/05/2014 07:36:00,CN=HRC-Transfer/OU=Agents/O=TACOM,,RQ000104,GASTRELLE,,Clarence,R,Sibling,Raymond Gastrelle,7983 Laurel St,Boise,ID,83720,(215) 555-1921,,E-mail,NPRC,03/05/2014,No,,GASTRELLE|CLARENCE|83720,"GASTRELLE, Clarence",[TACOM];[CSR];[Admin];[ReadOnlyAudit];LocalDomainServers,
0670C2357BD63C9044BCF2A0A56BFA76,A9A,,04/23/2004 10:04:39,04/23/2004 10:04:39,CN=HRC-Transfer/OU=Agents/O=TACOM,,RQ000105,Abernook,,Terrence,R,Self,Terrence R Abernook,677 Dogwood Rd Apt 35B,Raleigh,NC,27677,(717) 555-1380,terrence.abernook@example.com,Phone,NPRC,04/23/2004,Yes,04/23/2004,ABERNOOK|TERRENCE|27677,"Abernook, Terrence R",[TACOM];[CSR];[Admin];[ReadOnlyAudit];LocalDomainServers,
8CF5C5BD5185BFD013C23A34F9483D2A,A9E,,06/08/2016 17:56:28,06/08/2016 17:56:28,CN=Marlene Okafor/OU=CHPSID/O=TACOM,,RQ000106,Abernook,,Stephanie,W,Self,Stephanie W Abernook,2190 Laurel Rd,Los Angeles,CA,90079,(410) 555-1446,stephanie.abernook@example.com,Phone,Congressional,06/08/2016,No,06/08/2016,ABERNOOK|STEPHANIE|90079,"Abernook, Stephanie W",[TACOM];[CSR];[Admin];[ReadOnlyAudit];LocalDomainServers,
E27605DA54EB66EB075241FD2E498890,AA2,,07/19/2009 12:53:35,07/19/2009 12:53:35,CN=HRC-Transfer/OU=Agents/O=TACOM,,RQ000107,Palomares,Jr.,Marcus,,Sibling,Clarence Palomares,1044 Jefferson Ter,Wheeling,WV,26076,,,E-mail,HRC,07/19/2009,No,07/19/2009,PALOMARES|MARCUS|26076,"Palomares, Marcus",[TACOM];[CSR];[Admin];[ReadOnlyAudit];LocalDomainServers,
767C6918F703CAC91C4D154B71718B0E,AA6,,06/23/2017 14:39:47,06/23/2017 14:39:47,CN=HRC-Transfer/OU=Agents/O=TACOM,,RQ000108,Trevino-Hale,,Elizabeth,K,Self,Elizabeth K Trevino-Hale,7722 Patton Ct,Providence,RI,02907-3345,(484) 555-1981,,Mail,HRC,06/23/2017,Yes,06/23/2017,TREVINO-HALE|ELIZABETH|02907,"Trevino-Hale, Elizabeth K",[TACOM];[CSR];[Admin];[ReadOnlyAudit];LocalDomainServers,
9F4C8B4065C61180519EA06ACD950750,AAA,,11/30/2016 11:11:27,11/30/2016 11:11:27,CN=Ret Hamlin/OU=CHPSID/O=TACOM,,RQ000109,Northway,,Matthew,A,Self,Matthew A Northway,3234 Laurel Dr,Colorado Springs,CO,80929,(610) 555-1156,matthew.northway@example.com,Mail,Congressional,11/30/2016,Yes,11/30/2016,NORTHWAY|MATTHEW|80929,"Northway, Matthew A",[TACOM];[CSR];[Admin];[ReadOnlyAudit];LocalDomainServers,
B82069C19CD649E00408B18978BE696C,AAE,,05/18/2013 10:07:27,05/18/2013 10:07:27,CN=HRC-Transfer/OU=Agents/O=TACOM,,RQ000110,Escobedo-Ruiz,Sr.,Betty,E,Sibling,Christopher Escobedo,7140 Armory Ter,Jackson,MS,39213,(410) 555-1717,,Mail,NPRC,05/18/2013,Yes,,ESCOBEDO-RUIZ|BETTY|39213,"Escobedo-Ruiz, Betty E",[TACOM];[CSR];[Admin];[ReadOnlyAudit];LocalDomainServers,
F13CB1FD4E5B0593898293A4BBA52117,AB2,,03/30/2011 11:27:35,03/30/2011 11:27:35,CN=HRC-Transfer/OU=Agents/O=TACOM,,RQ000111,Ellsworthy,Jr.,Margaret,,Spouse,Anthony Ellsworthy,3159 Willow Ct,Billings,MT,59194-7842,(610) 555-1019,,Mail,HRC,03/30/2011,Yes,03/30/2011,ELLSWORTHY|MARGARET|59194,"Ellsworthy, Margaret",[TACOM];[CSR];[Admin];[ReadOnlyAudit];LocalDomainServers,
F90E39AD78A9CA39F8060473EE7184BC,AB6,,03/04/2007 15:26:08,03/04/2007 15:26:08,CN=HRC-Transfer/OU=Agents/O=TACOM,,RQ000112,Zellinger,III,Amanda,N,Self,Amanda N Zellinger,8414 Maple Ln,Tacoma,WA,98411,,amanda.zellinger@example.com,Mail,HRC,03/04/2007,Yes,03/04/2007,ZELLINGER|AMANDA|98411,"Zellinger, Amanda N",[TACOM];[CSR];[Admin];[ReadOnlyAudit];LocalDomainServers,
0662B36092A002177CC807CDDC4F4A9B,ABA,,04/01/2026 10:12:34,04/01/2026 10:12:34,CN=HRC-Transfer/OU=Agents/O=TACOM,,RQ000113,Northway,Jr.,Carol Jr Jr,,Self,Carol Northway,4489 Jefferson Ter,Phoenix,AZ,85093-9663,(717) 555-1523,carol.northway@example.com,Phone,HRC,04/01/2026,No,,NORTHWAY|CAROL JR JR|85093,"Northway, Carol Jr Jr",[TACOM];[CSR];[Admin];[ReadOnlyAudit];LocalDomainServers,RQ000097
37CC9D3D12C2879FCB9AC25A77256764,ABE,,03/10/2012 07:34:51,03/10/2012 07:34:51,CN=HRC-Transfer/OU=Agents/O=TACOM,,RQ000114,Castellanos,Jr.,Dorothy,H,Self,Dorothy H Castellanos,4533 Marshall Ter,Columbus,GA,31972,(267) 555-1949,dorothy.castellanos@example.com,Mail,HRC,03/10/2012,No,,CASTELLANOS|DOROTHY|31972,"Castellanos, Dorothy H",[TACOM];[CSR];[Admin];[ReadOnlyAudit];LocalDomainServers,
C13F78C83A28001AC935E59E35356BBD,AC2,,03/13/2017 08:06:55,03/13/2017 08:06:55,CN=HRC-Transfer/OU=Agents/O=TACOM,,RQ000115,Stroudmoor,III,Ryan,L,Self,Ryan L Stroudmoor,4824 Armory St,San Antonio,TX,78256,(856) 555-1056,ryan.stroudmoor@example.com,Mail,HRC,03/13/2017,Yes,03/13/2017,STROUDMOOR|RYAN|78256,"Stroudmoor, Ryan L",[TACOM];[CSR];[Admin];[ReadOnlyAudit];LocalDomainServers,
2B285876E900A19B9E160B26250FD795,AC6,,10/16/2005 10:28:05,10/16/2005 10:28:05,CN=Dwayne Petrakis/OU=CHPSID/O=TACOM,,RQ000116,Whitlock-Bay,,Marcus,F,Self,Marcus F Whitlock-Bay,180 Dogwood Ave,Albuquerque,NM,87112-0148,,marcus.whitlock@example.com,E-mail,Manual,10/16/2005,Yes,10/16/2005,WHITLOCK-BAY|MARCUS|87112,"Whitlock-Bay, Marcus F",[TACOM];[CSR];[Admin];[ReadOnlyAudit];LocalDomainServers,
4489161E858B77FC2AA82CE7F7324C65,ACA,,12/11/2005 16:59:31,12/11/2005 16:59:31,CN=HRC-Transfer/OU=Agents/O=TACOM,,RQ000117,Ellingboe,III,Lisa,L,Self,Lisa L Ellingboe,5008 Eisenhower Pl,Anchorage,AK,99591,,lisa.ellingboe@example.com,Mail,HRC,12/11/2005,No,12/11/2005,ELLINGBOE|LISA|99591,"Ellingboe, Lisa L",[TACOM];[CSR];[Admin];[ReadOnlyAudit];LocalDomainServers,
F59D6DAA350F814D4DEE813FF1F901EB,ACE,,09/17/2012 11:46:22,09/17/2012 11:46:22,CN=HRC-Transfer/OU=Agents/O=TACOM,,RQ000118,Lattimore,III,Matthew,,Sibling,Anthony Lattimore,9357 Patton Blvd,Minneapolis,MN,55460,,,Mail,NPRC,09/17/2012,No,09/17/2012,LATTIMORE|MATTHEW|55460,"Lattimore, Matthew",[TACOM];[CSR];[Admin];[ReadOnlyAudit];LocalDomainServers,
6D14E671271AB4132730B628EC53A2C2,AD2,,09/16/2025 10:14:40,09/16/2025 10:14:40,CN=Renata Vasquez-Holm/OU=CHPSID/O=TACOM,,RQ000119,Washington-Pryce,,Ryan,T,Self,Ryan T Washington-Pryce,6746 Poplar St Apt 36C,Toledo,OH,43644,(484) 555-1266,ryan.washington@example.com,Mail,Manual,09/16/2025,No,,WASHINGTON-PRYCE|RYAN|43644,"Washington-Pryce, Ryan T",[TACOM];[CSR];[Admin];[ReadOnlyAudit];LocalDomainServers,
3428F5B3C2A2735A99E0B2FB7CB430C6,AD6,,09/03/2008 11:53:23,09/03/2008 11:53:23,CN=HRC-Transfer/OU=Agents/O=TACOM,,RQ000120,Whitlock-Bay,Jr.,Melissa,,Sibling,Howard Whitlock,3510 Madison Rd,Syracuse,NY,13226-0010,,melissa.whitlock@example.com,Mail,NPRC,09/03/2008,No,09/03/2008,WHITLOCK-BAY|MELISSA|13226,"Whitlock-Bay, Melissa",[TACOM];[CSR];[Admin];[ReadOnlyAudit];LocalDomainServers,
2DF0A97C424DA01BE2A4E3D5B8F0B7D0,ADA,,10/04/2006 13:35:19,10/04/2006 13:35:19,CN=HRC-Transfer/OU=Agents/O=TACOM,,RQ000121,Maldonado-Vega,Sr.,Angela,B,Spouse,Darnell Maldonado,4392 Bradley Ave Apt 26A,Philadelphia,PA,19195,(703) 555-1125,,Mail,HRC,10/04/2006,Yes,,MALDONADO-VEGA|ANGELA|19195,"Maldonado-Vega, Angela B",[TACOM];[CSR];[Admin];[ReadOnlyAudit];LocalDomainServers,
EA6353D2091A74F981414D4BB3772ACA,ADE,,01/14/2012 10:47:47,01/14/2012 10:47:47,CN=HRC-Transfer/OU=Agents/O=TACOM,,RQ000122,Jarvinen-Roe,,Mildred,W,Son,Susan Jarvinen,8912 Walnut St Apt 35B,Trenton,NJ,08699,(215) 555-1627,,Phone,NPRC,01/14/2012,Yes,01/14/2012,JARVINEN-ROE|MILDRED|08699,"Jarvinen-Roe, Mildred W",[TACOM];[CSR];[Admin];[ReadOnlyAudit];LocalDomainServers,
2F36EFF5FD91EA9020BE16D6B123DC4C,AE2,,06/18/2018 12:28:13,06/18/2018 12:28:13,CN=HRC-Transfer/OU=Agents/O=TACOM,,RQ000123,Ullswater,III,Anthony,,Parent,John Ullswater,266 Walnut St,St. Louis,MO,63140,(215) 555-1667,,Phone,HRC,06/18/2018,Yes,,ULLSWATER|ANTHONY|63140,"Ullswater, Anthony",[TACOM];[CSR];[Admin];[ReadOnlyAudit];LocalDomainServers,
A5B1EDE398A270E1C6F299F2AE36DE47,AE6,,01/01/2008 11:53:39,01/01/2008 11:53:39,CN=Ret Hamlin/OU=CHPSID/O=TACOM,,RQ000124,Quennevile,,Norman,,Son,Frances Quennevile,629 Patton Blvd,Houston,TX,77043,(302) 555-1541,norman.quennevile@example.com,E-mail,Manual,01/01/2008,Yes,,QUENNEVILE|NORMAN|77043,"Quennevile, Norman",[TACOM];[CSR];[Admin];[ReadOnlyAudit];LocalDomainServers,
695F39BD280AD22CA58F18AF4609FA1D,AEA,,11/25/2011 16:38:41,11/25/2011 16:38:41,CN=HRC-Transfer/OU=Agents/O=TACOM,,RQ000125,Isherwood,,Lisa,,Son,Brian Isherwood,8332 Hickory Dr,Boston,MA,02191,(856) 555-1406,lisa.isherwood@example.com,Mail,HRC,11/25/2011,Yes,,ISHERWOOD|LISA|02191,"Isherwood, Lisa",[TACOM];[CSR];[Admin];[ReadOnlyAudit];LocalDomainServers,
7D696BED077E4F5E8EA19D53802F0C3D,AEE,,04/02/2026 07:30:37,04/02/2026 07:30:37,CN=HRC-Transfer/OU=Agents/O=TACOM,,RQ000126,Rockwell-Sayre Jr.,Jr.,Brian,S,Spouse,Christopher Rockwell,1361 Juniper Blvd,San Diego,CA,92190,(302) 555-1858,brian.rockwell@example.com,Mail,HRC,04/02/2026,No,,ROCKWELL-SAYRE JR.|BRIAN|92190,"Rockwell-Sayre Jr., Brian",[TACOM];[CSR];[Admin];[ReadOnlyAudit];LocalDomainServers,RQ000015
D61BB9E0C8FE8645D95DC75CCED9957A,AF2,,08/13/2009 09:23:24,08/13/2009 09:23:24,CN=Marlene Okafor/OU=CHPSID/O=TACOM,,RQ000127,Nethercott,Jr.,Arthur,F,Self,Arthur F Nethercott,9478 Marshall Blvd,Milwaukee,WI,53271,(703) 555-1128,,E-mail,Manual,08/13/2009,No,,NETHERCOTT|ARTHUR|53271,"Nethercott, Arthur F",[TACOM];[CSR];[Admin];[ReadOnlyAudit];LocalDomainServers,
9060CCC5D37F94C33624B50800A345D1,AF6,,03/17/2017 08:43:27,03/17/2017 08:43:27,CN=HRC-Transfer/OU=Agents/O=TACOM,,RQ000128,Bramwold,III,Hector,G,Self,Hector G Bramwold,2089 Maple St,Fresno,CA,93724,(215) 555-1850,hector.bramwold@example.com,Mail,HRC,03/17/2017,Yes,,BRAMWOLD|HECTOR|93724,"Bramwold, Hector G",[TACOM];[CSR];[Admin];[ReadOnlyAudit];LocalDomainServers,
3FA6330ECBAB3922DD81D9AC843CC865,AFA,,06/03/2025 17:31:28,06/03/2025 17:31:28,CN=Dwayne Petrakis/OU=CHPSID/O=TACOM,,RQ000129,Rockwell-Sayre,III,Helen,,Spouse,Rafael Rockwell,8362 Eisenhower St,Grand Rapids,MI,49500,(410) 555-1474,helen.rockwell@example.com,Phone,Manual,06/03/2025,Yes,,ROCKWELL-SAYRE|HELEN|49500,"Rockwell-Sayre, Helen",[TACOM];[CSR];[Admin];[ReadOnlyAudit];LocalDomainServers,
42403CF011A2F5C53DF31187FA61A0DF,AFE,,08/12/2005 11:56:23,08/12/2005 11:56:23,CN=HRC-Transfer/OU=Agents/O=TACOM,,RQ000130,Vandermolen,III,Mary,B,Grandchild,Daniel Vandermolen,8602 Lincoln St Apt 14B,Omaha,NE,68170,,,Mail,HRC,08/12/2005,Yes,08/12/2005,VANDERMOLEN|MARY|68170,"Vandermolen, Mary B",[TACOM];[CSR];[Admin];[ReadOnlyAudit];LocalDomainServers,
04C020C5653298CFD78C3E167C714644,B02,,11/06/2024 08:45:52,11/06/2024 08:45:52,CN=HRC-Transfer/OU=Agents/O=TACOM,,RQ000131,Tarquinio,,Evelyn,K,Parent,Ralph Tarquinio,5276 Spruce Ct,Newark,NJ,07145-3056,(540) 555-1005,evelyn.tarquinio@example.com,Mail,HRC,11/06/2024,No,11/06/2024,TARQUINIO|EVELYN|07145,"Tarquinio, Evelyn K",[TACOM];[CSR];[Admin];[ReadOnlyAudit];LocalDomainServers,
6C6725E601BFB0E0E40069711C1C9BBC,B06,,09/22/2012 14:12:05,09/22/2012 14:12:05,CN=HRC-Transfer/OU=Agents/O=TACOM,,RQ000132,Iverstone,Jr.,Amanda,,Daughter,Carl Iverstone,7186 Cedar St,Charlotte,NC,28270,(610) 555-1132,amanda.iverstone@example.com,Mail,NPRC,09/22/2012,Yes,09/22/2012,IVERSTONE|AMANDA|28270,"Iverstone, Amanda",[TACOM];[CSR];[Admin];[ReadOnlyAudit];LocalDomainServers,
036283FFA3B9CC5B843EA6006216A3F0,B0A,,07/29/2005 16:39:54,07/29/2005 16:39:54,CN=Lorraine Whitcombe/OU=CHPSID/O=TACOM,,RQ000133,Ellsworthy,,Jeffrey,,Self,Jeffrey Ellsworthy,9116 Poplar St,Seattle,WA,98176,(717) 555-1172,,Phone,Congressional,07/29/2005,Yes,07/29/2005,ELLSWORTHY|JEFFREY|98176,"Ellsworthy, Jeffrey",[TACOM];[CSR];[Admin];[ReadOnlyAudit];LocalDomainServers,
50097111F032489A5B1803C24F9DF6B1,B0E,,12/10/2012 09:32:28,12/10/2012 09:32:28,CN=HRC-Transfer/OU=Agents/O=TACOM,,RQ000134,Thornbury,,Andrew,L,Daughter,Eugene Thornbury,3536 Jefferson Pl,Sacramento,CA,95898,(610) 555-1664,andrew.thornbury@example.com,Mail,NPRC,12/10/2012,Yes,12/10/2012,THORNBURY|ANDREW|95898,"Thornbury, Andrew L",[TACOM];[CSR];[Admin];[ReadOnlyAudit];LocalDomainServers,
4C01FDB812D5EF5C3F96D118D8AD66C3,B12,,07/21/2009 10:09:10,07/21/2009 10:09:10,CN=HRC-Transfer/OU=Agents/O=TACOM,,RQ000135,Gastrelle,,Clarence,A,Daughter,Linda Gastrelle,9352 Madison St,Knoxville,TN,37909,(717) 555-1979,clarence.gastrelle@example.com,Mail,NPRC,07/21/2009,No,07/21/2009,GASTRELLE|CLARENCE|37909,"Gastrelle, Clarence A",[TACOM];[CSR];[Admin];[ReadOnlyAudit];LocalDomainServers,
6891C449044686AC9BEB27BE4240E69B,B16,,10/24/2004 08:22:14,10/24/2004 08:22:14,CN=HRC-Transfer/OU=Agents/O=TACOM,,RQ000136,Mackelvane,,Thomas,D,Spouse,Jamal Mackelvane,30 Pershing St,Killeen,TX,76547,(302) 555-1630,thomas.mackelvane@example.com,E-mail,NPRC,10/24/2004,Yes,10/24/2004,MACKELVANE|THOMAS|76547,"Mackelvane, Thomas D",[TACOM];[CSR];[Admin];[ReadOnlyAudit];LocalDomainServers,
BAF35CBDE29557D2A07F8E51D8A12142,B1A,,10/12/2020 15:26:14,10/12/2020 15:26:14,CN=Renata Vasquez-Holm/OU=CHPSID/O=TACOM,,RQ000137,Wexcombe,,Karen,,Self,Karen Wexcombe,2667 Magnolia Ter,Syracuse,NY,13248,(410) 555-1809,,Mail,Manual,10/12/2020,Yes,,WEXCOMBE|KAREN|13248,"Wexcombe, Karen",[TACOM];[CSR];[Admin];[ReadOnlyAudit];LocalDomainServers,
E16102B0924BE048BDBA962D5E28F149,B1E,,06/30/2004 14:30:40,06/30/2004 14:30:40,CN=HRC-Transfer/OU=Agents/O=TACOM,,RQ000138,Yeardley,,Donna,H,Self,Donna H Yeardley,7419 Washington Ave,Buffalo,NY,14246,(302) 555-1386,donna.yeardley@example.com,Mail,NPRC,06/30/2004,No,06/30/2004,YEARDLEY|DONNA|14246,"Yeardley, Donna H",[TACOM];[CSR];[Admin];[ReadOnlyAudit];LocalDomainServers,
6EA618F4792DF0E76CADDC3D1C2AC9E9,B22,,09/27/2007 14:52:43,09/27/2007 14:52:43,CN=Dwayne Petrakis/OU=CHPSID/O=TACOM,,RQ000139,Zabrowski,III,Jennifer,J,Son,Susan Zabrowski,3091 Madison Blvd,Shreveport,LA,71125-8440,(302) 555-1539,,E-mail,Manual,09/27/2007,No,,ZABROWSKI|JENNIFER|71125,"Zabrowski, Jennifer J",[TACOM];[CSR];[Admin];[ReadOnlyAudit];LocalDomainServers,
F6D39F78A1E55272A57B6899632B520F,B26,,06/09/2019 16:24:01,06/09/2019 16:24:01,CN=HRC-Transfer/OU=Agents/O=TACOM,,RQ000140,Quimbley,,Norman,,Self,Norman Quimbley,5118 Dogwood Ln,Wheeling,WV,26018,(610) 555-1243,,Mail,NPRC,06/09/2019,No,06/09/2019,QUIMBLEY|NORMAN|26018,"Quimbley, Norman",[TACOM];[CSR];[Admin];[ReadOnlyAudit];LocalDomainServers,
8333026293CA7D3E4D62DF2BD1CCCB3B,B2A,,05/05/2021 14:52:08,05/05/2021 14:52:08,CN=Marlene Okafor/OU=CHPSID/O=TACOM,,RQ000141,Fortenbury,Jr.,Betty,,Self,Betty Fortenbury,6633 Dogwood Pl,Providence,RI,02960,(540) 555-1644,betty.fortenbury@example.com,Mail,Congressional,05/05/2021,No,05/05/2021,FORTENBURY|BETTY|02960,"Fortenbury, Betty",[TACOM];[CSR];[Admin];[ReadOnlyAudit];LocalDomainServers,
57371580F0C5BE7BD5843BCCE8C2EA06,B2E,,03/19/2008 13:53:06,03/19/2008 13:53:06,CN=Marlene Okafor/OU=CHPSID/O=TACOM,,RQ000142,Thornbury,,Karen,E,Self,Karen E Thornbury,8891 Sycamore Ct,Boise,ID,83724,(215) 555-1355,,E-mail,Congressional,03/19/2008,No,03/19/2008,THORNBURY|KAREN|83724,"Thornbury, Karen E",[TACOM];[CSR];[Admin];[ReadOnlyAudit];LocalDomainServers,
301E6969741DBFB05838074699612F85,B32,,09/23/2007 14:49:00,09/23/2007 14:49:00,CN=HRC-Transfer/OU=Agents/O=TACOM,,RQ000143,Stroudmoor,Sr.,Karen,,Self,Karen Stroudmoor,3220 Jefferson Ct,Portland,OR,97218,(302) 555-1395,,Mail,HRC,09/23/2007,Yes,09/23/2007,STROUDMOOR|KAREN|97218,"Stroudmoor, Karen",[TACOM];[CSR];[Admin];[ReadOnlyAudit];LocalDomainServers,
A48E9412AA3FEFCAC51D89420D3C58B6,B36,,08/05/2010 12:38:35,08/05/2010 12:38:35,CN=HRC-Transfer/OU=Agents/O=TACOM,,RQ000144,Kirkbride,Sr.,William,,Son,Ernesto Kirkbride,5226 Oak Way,Milwaukee,WI,53258,(484) 555-1158,william.kirkbride@example.com,E-mail,NPRC,08/05/2010,Yes,08/05/2010,KIRKBRIDE|WILLIAM|53258,"Kirkbride, William",[TACOM];[CSR];[Admin];[ReadOnlyAudit];LocalDomainServers,
E8C410A71D734FA7AF65D541765C8258,B3A,,02/27/2009 15:35:21,02/27/2009 15:35:21,CN=HRC-Transfer/OU=Agents/O=TACOM,,RQ000145,Maldonado-Vega,Jr.,Ernesto,L,Self,Ernesto L Maldonado-Vega,7634 Maple Ct,Atlanta,GA,30368,(703) 555-1405,,Mail,HRC,02/27/2009,No,,MALDONADO-VEGA|ERNESTO|30368,"Maldonado-Vega, Ernesto L",[TACOM];[CSR];[Admin];[ReadOnlyAudit];LocalDomainServers,
A0C4ABC055D0455A426C81D3DCA1E07B,B3E,,09/01/2018 13:00:37,09/01/2018 13:00:37,CN=Marlene Okafor/OU=CHPSID/O=TACOM,,RQ000146,Templeton-Ash,,Carl,A,Daughter,Linda Templeton,420 Jefferson Ter,Killeen,TX,76551,,carl.templeton@example.com,Phone,Congressional,09/01/2018,No,,TEMPLETON-ASH|CARL|76551,"Templeton-Ash, Carl A",[TACOM];[CSR];[Admin];[ReadOnlyAudit];LocalDomainServers,
83DFB38E8CF693B88DA75FEB2A81093C,B42,,06/15/2016 15:15:47,06/15/2016 15:15:47,CN=HRC-Transfer/OU=Agents/O=TACOM,,RQ000147,Everleigh,,Carl,J,Daughter,John Everleigh,4565 Washington St,Atlanta,GA,30326,(717) 555-1315,carl.everleigh@example.com,E-mail,NPRC,06/15/2016,No,,EVERLEIGH|CARL|30326,"Everleigh, Carl J",[TACOM];[CSR];[Admin];[ReadOnlyAudit];LocalDomainServers,
5B8FF55A53791F9F17432041E7983A65,B46,,09/30/2024 16:41:36,09/30/2024 16:41:36,CN=HRC-Transfer/OU=Agents/O=TACOM,,RQ000148,Whitlock-Bay,Jr.,Lisa,,Self,Lisa Whitlock-Bay,4370 Dogwood Blvd,Los Angeles,CA,90077-4971,(540) 555-1210,lisa.whitlock@example.com,E-mail,HRC,09/30/2024,No,09/30/2024,WHITLOCK-BAY|LISA|90077,"Whitlock-Bay, Lisa",[TACOM];[CSR];[Admin];[ReadOnlyAudit];LocalDomainServers,
21232FBA7C9D042F28C8157FECC5339F,B4A,,10/22/2010 11:34:27,10/22/2010 11:34:27,CN=HRC-Transfer/OU=Agents/O=TACOM,,RQ000149,Quennevile,Jr.,Daniel,R,Self,Daniel R Quennevile,1529 Lincoln Ter,Houston,TX,77039-3595,(703) 555-1306,,E-mail,HRC,10/22/2010,No,,QUENNEVILE|DANIEL|77039,"Quennevile, Daniel R",[TACOM];[CSR];[Admin];[ReadOnlyAudit];LocalDomainServers,
EFECDA26FFE618AAE93433C4BA096531,B4E,,01/23/2007 14:20:46,01/23/2007 14:20:46,CN=HRC-Transfer/OU=Agents/O=TACOM,,RQ000150,Marrowbridge,,Brian,N,Self,Brian N Marrowbridge,1736 Lincoln Rd,El Paso,TX,79900-0417,(717) 555-1796,brian.marrowbridge@example.com,Mail,NPRC,01/23/2007,Yes,,MARROWBRIDGE|BRIAN|79900,"Marrowbridge, Brian N",[TACOM];[CSR];[Admin];[ReadOnlyAudit];LocalDomainServers,
C0C9DF1497DDE90D3C81B4CE52E04FBE,B52,,05/17/2023 10:38:11,05/17/2023 10:38:11,CN=HRC-Transfer/OU=Agents/O=TACOM,,RQ000151,Prendergast,,Evelyn,E,Daughter,Angela Prendergast,5211 Sycamore Blvd,Toledo,OH,43643-9007,(215) 555-1928,,E-mail,NPRC,05/17/2023,No,05/17/2023,PRENDERGAST|EVELYN|43643,"Prendergast, Evelyn E",[TACOM];[CSR];[Admin];[ReadOnlyAudit];LocalDomainServers,
91A514E174E0E7AC8226ACB35F08740A,B56,,01/14/2007 13:57:17,01/14/2007 13:57:17,CN=HRC-Transfer/OU=Agents/O=TACOM,,RQ000152,Ellsworthy,,Karen,L,Daughter,Heather Ellsworthy,3907 Marshall Blvd,Sioux Falls,SD,57124,,,Mail,HRC,01/14/2007,No,01/14/2007,ELLSWORTHY|KAREN|57124,"Ellsworthy, Karen L",[TACOM];[CSR];[Admin];[ReadOnlyAudit];LocalDomainServers,
0B87BE3560E7904643AB0CC3DC420BC3,B5A,,09/06/2012 09:21:17,09/06/2012 09:21:17,CN=Renata Vasquez-Holm/OU=CHPSID/O=TACOM,,RQ000153,Kellerhaus,,Raymond,F,Self,Raymond F Kellerhaus,2222 Sycamore St,Pittsburgh,PA,15201,(717) 555-1124,raymond.kellerhaus@example.com,Phone,Congressional,09/06/2012,No,09/06/2012,KELLERHAUS|RAYMOND|15201,"Kellerhaus, Raymond F",[TACOM];[CSR];[Admin];[ReadOnlyAudit];LocalDomainServers,
E1483D2CFE3EA4BD734EB0DA4D8F177B,B5E,,12/22/2018 10:30:53,12/22/2018 10:30:53,CN=Ret Hamlin/OU=CHPSID/O=TACOM,,RQ000154,Altamirano-Diaz,Sr.,Tyler,H,Self,Tyler H Altamirano-Diaz,1290 Poplar Pl,Knoxville,TN,37910-6131,(856) 555-1996,,Phone,Congressional,12/22/2018,No,,ALTAMIRANO-DIAZ|TYLER|37910,"Altamirano-Diaz, Tyler H",[TACOM];[CSR];[Admin];[ReadOnlyAudit];LocalDomainServers,
C10A2C5E38B0C889A79BD1D64A33FA51,B62,,02/10/2007 16:01:47,02/10/2007 16:01:47,CN=HRC-Transfer/OU=Agents/O=TACOM,,RQ000155,Zabrowski,,Sarah,A,Self,Sarah A Zabrowski,2178 Marshall Pl Apt 17A,Fort Wayne,IN,46845,(267) 555-1676,sarah.zabrowski@example.com,Mail,HRC,02/10/2007,No,02/10/2007,ZABROWSKI|SARAH|46845,"Zabrowski, Sarah A",[TACOM];[CSR];[Admin];[ReadOnlyAudit];LocalDomainServers,
4C3C8E4ED0E7721CBAB3BFE832AC750F,B66,,01/28/2013 16:41:40,01/28/2013 16:41:40,CN=HRC-Transfer/OU=Agents/O=TACOM,,RQ000156,Zellinger,Sr.,Arthur,E,Daughter,Carlos Zellinger,8749 Cedar Way,Milwaukee,WI,53234,(215) 555-1391,,Mail,HRC,01/28/2013,Yes,01/28/2013,ZELLINGER|ARTHUR|53234,"Zellinger, Arthur E",[TACOM];[CSR];[Admin];[ReadOnlyAudit];LocalDomainServers,
E19BB5225EFC14B70717D44DED406959,B6A,,07/30/2004 14:13:08,07/30/2004 14:13:08,CN=HRC-Transfer/OU=Agents/O=TACOM,,RQ000157,Palomares,Jr.,Gary,K,Spouse,Nicole Palomares,2207 Lincoln Blvd Apt 34A,Portland,OR,97266-3281,(856) 555-1521,,E-mail,HRC,07/30/2004,Yes,,PALOMARES|GARY|97266,"Palomares, Gary K",[TACOM];[CSR];[Admin];[ReadOnlyAudit];LocalDomainServers,
202BCFF96393D0E87C2955D8607069CC,B6E,,08/21/2009 11:24:31,08/21/2009 11:24:31,CN=Lorraine Whitcombe/OU=CHPSID/O=TACOM,,RQ000158,Quimbley,Sr.,Nicole,,Other NOK,Carl Quimbley,8603 Veterans Memorial Rd Apt 33B,Orlando,FL,32889,(540) 555-1681,nicole.quimbley@example.com,E-mail,Congressional,08/21/2009,No,,QUIMBLEY|NICOLE|32889,"Quimbley, Nicole",[TACOM];[CSR];[Admin];[ReadOnlyAudit];LocalDomainServers,
CB10BB6F9F7AD77CFAE03059B7A55442,B72,,12/10/2006 11:51:45,12/10/2006 11:51:45,CN=HRC-Transfer/OU=Agents/O=TACOM,,RQ000159,Lattimore,Jr.,William,T,Self,William T Lattimore,2022 Birch Ter,Portland,ME,04140-0473,(267) 555-1588,william.lattimore@example.com,Mail,HRC,12/10/2006,Yes,,LATTIMORE|WILLIAM|04140,"Lattimore, William T",[TACOM];[CSR];[Admin];[ReadOnlyAudit];LocalDomainServers,
4A16F3E90D20CDEB9F3E1E62300A2952,B76,,10/01/2020 16:11:45,10/01/2020 16:11:45,CN=Benedetta Kowalczyk/OU=CHPSID/O=TACOM,,RQ000160,Wickersham Jr.,Sr.,James,H,Daughter,Heather Wickersham,1038 Elm Dr,Sacramento,CA,95812-3359,(267) 555-1645,james.wickersham@example.com,Phone,Manual,10/01/2020,No,,WICKERSHAM JR.|JAMES|95812,"Wickersham Jr., James",[TACOM];[CSR];[Admin];[ReadOnlyAudit];LocalDomainServers,RQ000033
FE09C116B559004D38C6FDBCEB76A3A7,B7A,,08/02/2014 12:46:41,08/02/2014 12:46:41,CN=HRC-Transfer/OU=Agents/O=TACOM,,RQ000161,Bramwold,III,Daniel,,Self,Daniel Bramwold,6050 Eisenhower Blvd,Oklahoma City,OK,73155,,,Phone,HRC,08/02/2014,Yes,08/02/2014,BRAMWOLD|DANIEL|73155,"Bramwold, Daniel",[TACOM];[CSR];[Admin];[ReadOnlyAudit];LocalDomainServers,
93CB15DDD2DF92C66A46B521974BEDC3,B7E,,09/29/2006 12:35:42,09/29/2006 12:35:42,CN=HRC-Transfer/OU=Agents/O=TACOM,,RQ000162,Stroudmoor,,Patricia,D,Parent,Leonard Stroudmoor,1326 Cedar Ter,Jacksonville,FL,32259,(610) 555-1397,patricia.stroudmoor@example.com,Mail,HRC,09/29/2006,No,,STROUDMOOR|PATRICIA|32259,"Stroudmoor, Patricia D",[TACOM];[CSR];[Admin];[ReadOnlyAudit];LocalDomainServers,
7CD7AA921FBEE8676F90E2133AB9CA76,B82,,06/15/2018 10:12:32,06/15/2018 10:12:32,CN=Lorraine Whitcombe/OU=CHPSID/O=TACOM,,RQ000163,Ellsworthy,,Joshua,W,Self,Joshua W Ellsworthy,1258 Armory Ct,Omaha,NE,68178,(717) 555-1743,,E-mail,Manual,06/15/2018,Yes,,ELLSWORTHY|JOSHUA|68178,"Ellsworthy, Joshua W",[TACOM];[CSR];[Admin];[ReadOnlyAudit];LocalDomainServers,
3B632F1D64A88A5EF732F4753A62DBBC,B86,,10/31/2020 08:34:08,10/31/2020 08:34:08,CN=Marlene Okafor/OU=CHPSID/O=TACOM,,RQ000164,Lockridge,,Arthur,P,Self,Arthur P Lockridge,4220 Birch Ter,Tampa,FL,33693-7592,(703) 555-1721,arthur.lockridge@example.com,Mail,Manual,10/31/2020,Yes,,LOCKRIDGE|ARTHUR|33693,"Lockridge, Arthur P",[TACOM];[CSR];[Admin];[ReadOnlyAudit];LocalDomainServers,
B40018C99E0666BC60D2373185144C45,B8A,,11/17/2018 13:13:44,11/17/2018 13:13:44,CN=HRC-Transfer/OU=Agents/O=TACOM,,RQ000165,Lindquarry,,Terrence,,Spouse,Helen Lindquarry,904 Juniper Ln,Birmingham,AL,35201,(703) 555-1778,,Mail,HRC,11/17/2018,Yes,11/17/2018,LINDQUARRY|TERRENCE|35201,"Lindquarry, Terrence",[TACOM];[CSR];[Admin];[ReadOnlyAudit];LocalDomainServers,
1554FE7B4883DAEC1835CE8CFBFE7583,B8E,,07/17/2008 11:17:28,07/17/2008 11:17:28,CN=HRC-Transfer/OU=Agents/O=TACOM,,RQ000166,Ahlquist-Bane,,William,R,Daughter,Marcus Ahlquist,7128 Pershing Blvd,Dallas,TX,75276,(484) 555-1467,,Mail,HRC,07/17/2008,Yes,07/17/2008,AHLQUIST-BANE|WILLIAM|75276,"Ahlquist-Bane, William R",[TACOM];[CSR];[Admin];[ReadOnlyAudit];LocalDomainServers,
858A14869C4C290B79FF0DC112EF7548,B92,,11/25/2010 11:57:38,11/25/2010 11:57:38,CN=HRC-Transfer/OU=Agents/O=TACOM,,RQ000167,Zabrowski,,Leonard,,Self,Leonard Zabrowski,4376 Jefferson Rd,Kansas City,MO,64157,(302) 555-1648,,Mail,HRC,11/25/2010,Yes,11/25/2010,ZABROWSKI|LEONARD|64157,"Zabrowski, Leonard",[TACOM];[CSR];[Admin];[ReadOnlyAudit];LocalDomainServers,
153E3DE1C1282636830FFB92F7E551D8,B96,,06/04/2026 15:30:22,06/04/2026 15:30:22,CN=Renata Vasquez-Holm/OU=CHPSID/O=TACOM,,RQ000168,Okonkwo-Bell Jr.,,Brian,,Self,Brian Okonkwo-Bell,2536 Sycamore Ter,Colorado Springs,CO,80922,,,E-mail,Manual,06/04/2026,No,,OKONKWO-BELL JR.|BRIAN|80922,"Okonkwo-Bell Jr., Brian",[TACOM];[CSR];[Admin];[ReadOnlyAudit];LocalDomainServers,
D6F0F180A011D2E0231C166A183E2EC1,B9A,,01/29/2017 13:54:48,01/29/2017 13:54:48,CN=Benedetta Kowalczyk/OU=CHPSID/O=TACOM,,RQ000169,Thornbury,,Jessica,T,Self,Jessica T Thornbury,9490 Lincoln Way Apt 3C,Hartford,CT,06184-6702,,,E-mail,Congressional,01/29/2017,Yes,01/29/2017,THORNBURY|JESSICA|06184,"Thornbury, Jessica T",[TACOM];[CSR];[Admin];[ReadOnlyAudit];LocalDomainServers,
5A7939EA1414B375379E1BAF28B217FB,B9E,,12/31/2011 13:17:13,12/31/2011 13:17:13,CN=HRC-Transfer/OU=Agents/O=TACOM,,RQ000170,Thornbury,Jr.,Terrence,C,Self,Terrence C Thornbury,8319 Lincoln Dr,Fort Wayne,IN,46800,,terrence.thornbury@example.com,Mail,HRC,12/31/2011,No,,THORNBURY|TERRENCE|46800,"Thornbury, Terrence C",[TACOM];[CSR];[Admin];[ReadOnlyAudit];LocalDomainServers,
1C9002713312879D55C17F11C14C8172,BA2,,04/24/2020 15:06:14,04/24/2020 15:06:14,CN=Benedetta Kowalczyk/OU=CHPSID/O=TACOM,,RQ000171,Rathbourne,,Frances,R,Parent,Justin Rathbourne,4137 Eisenhower Ter,Newark,NJ,07146-3461,(267) 555-1393,,Mail,Manual,04/24/2020,Yes,04/24/2020,RATHBOURNE|FRANCES|07146,"Rathbourne, Frances R",[TACOM];[CSR];[Admin];[ReadOnlyAudit];LocalDomainServers,
52FE4E1D7CC15F1164FDF57D482F128D,BA6,,06/23/2022 10:04:37,06/23/2022 10:04:37,CN=Benedetta Kowalczyk/OU=CHPSID/O=TACOM,,RQ000172,Villanueva-Cox,,Tyler,N,Son,Michael Villanueva,4547 Jefferson Way Apt 20A,Atlanta,GA,30304,(484) 555-1909,,Phone,Manual,06/23/2022,No,,VILLANUEVA-COX|TYLER|30304,"Villanueva-Cox, Tyler N",[TACOM];[CSR];[Admin];[ReadOnlyAudit];LocalDomainServers,
F53114C4D81A846E03B8E1522D7076B3,BAA,,06/02/2009 11:28:17,06/02/2009 11:28:17,CN=HRC-Transfer/OU=Agents/O=TACOM,,RQ000173,Umberlake,,Steven,,Self,Steven Umberlake,9349 Sycamore Ave,Scranton,PA,18509,(856) 555-1650,,Mail,NPRC,06/02/2009,Yes,,UMBERLAKE|STEVEN|18509,"Umberlake, Steven",[TACOM];[CSR];[Admin];[ReadOnlyAudit];LocalDomainServers,
83FD76EDB49CE6E811F555DFF9570441,BAE,,03/20/2004 16:27:52,03/20/2004 16:27:52,CN=HRC-Transfer/OU=Agents/O=TACOM,,RQ000174,Nethercott,,Ruth,D,Spouse,Steven Nethercott,5043 Armory St,Tampa,FL,33609,(717) 555-1038,ruth.nethercott@example.com,Mail,HRC,03/20/2004,Yes,03/20/2004,NETHERCOTT|RUTH|33609,"Nethercott, Ruth D",[TACOM];[CSR];[Admin];[ReadOnlyAudit];LocalDomainServers,
B1D866278AB9DF4ECA4B6B4C5717BDD5,BB2,,04/11/2021 07:22:19,04/11/2021 07:22:19,CN=Marlene Okafor/OU=CHPSID/O=TACOM,,RQ000175,Prendergast,III,Raymond,P,Grandchild,Gary Prendergast,2851 Willow Blvd,Colorado Springs,CO,80982,(302) 555-1876,,E-mail,Congressional,04/11/2021,No,04/11/2021,PRENDERGAST|RAYMOND|80982,"Prendergast, Raymond P",[TACOM];[CSR];[Admin];[ReadOnlyAudit];LocalDomainServers,
F415FCBA7BFE622B8922CF74698C6BC3,BB6,,09/05/2012 14:37:04,09/05/2012 14:37:04,CN=Renata Vasquez-Holm/OU=CHPSID/O=TACOM,,RQ000176,Quarterman,Jr.,Anthony,R,Self,Anthony R Quarterman,9515 Washington St,Fresno,CA,93727,(484) 555-1141,anthony.quarterman@example.com,Mail,Congressional,09/05/2012,Yes,09/05/2012,QUARTERMAN|ANTHONY|93727,"Quarterman, Anthony R",[TACOM];[CSR];[Admin];[ReadOnlyAudit];LocalDomainServers,
276F16A09EA9C963FA5B9725A24754F8,BBA,,01/11/2026 12:20:32,01/11/2026 12:20:32,CN=HRC-Transfer/OU=Agents/O=TACOM,,RQ000177,Lockridge,III,Barbara,C,Self,Barbara C Lockridge,9676 Ridgway Dr,Oklahoma City,OK,73152,(215) 555-1775,,Mail,HRC,01/11/2026,Yes,,LOCKRIDGE|BARBARA|73152,"Lockridge, Barbara C",[TACOM];[CSR];[Admin];[ReadOnlyAudit];LocalDomainServers,
C841B2E90ECA8D7E43CCA7CBCE65C073,BBE,,07/13/2018 15:08:54,07/13/2018 15:08:54,CN=Marlene Okafor/OU=CHPSID/O=TACOM,,RQ000178,Rockwell-Sayre,III,Christopher,,Spouse,Justin Rockwell,44 Hickory Ln,Jacksonville,FL,32227-7877,(540) 555-1260,christopher.rockwell@example.com,Mail,Congressional,07/13/2018,Yes,07/13/2018,ROCKWELL-SAYRE|CHRISTOPHER|32227,"Rockwell-Sayre, Christopher",[TACOM];[CSR];[Admin];[ReadOnlyAudit];LocalDomainServers,
1C1615503EBD6EA53AA1BF2CB537ABD0,BC2,,08/25/2010 08:01:10,08/25/2010 08:01:10,CN=HRC-Transfer/OU=Agents/O=TACOM,,RQ000179,Villanueva-Cox,Sr.,Margaret,L,Self,Margaret L Villanueva-Cox,8840 Eisenhower Dr,Shreveport,LA,71190,(703) 555-1880,margaret.villanueva@example.com,Phone,NPRC,08/25/2010,No,,VILLANUEVA-COX|MARGARET|71190,"Villanueva-Cox, Margaret L",[TACOM];[CSR];[Admin];[ReadOnlyAudit];LocalDomainServers,
06E279113CF7F341D5EAB48BBDCCA0AC,BC6,,08/28/2010 11:14:21,08/28/2010 11:14:21,CN=HRC-Transfer/OU=Agents/O=TACOM,,RQ000180,Jarvinen-Roe,Sr.,Eugene,,Self,Eugene Jarvinen-Roe,2597 Veterans Memorial Blvd,Hartford,CT,06131,(610) 555-1928,,E-mail,HRC,08/28/2010,Yes,08/28/2010,JARVINEN-ROE|EUGENE|06131,"Jarvinen-Roe, Eugene",[TACOM];[CSR];[Admin];[ReadOnlyAudit];LocalDomainServers,
DE314A9A2B615087678367792F31249A,BCA,,11/24/2011 08:46:10,11/24/2011 08:46:10,CN=HRC-Transfer/OU=Agents/O=TACOM,,RQ000181,Izquierdo,Jr.,Linda,E,Self,Linda E Izquierdo,5778 Washington Ln,Fargo,ND,58170,(302) 555-1167,,E-mail,NPRC,11/24/2011,No,11/24/2011,IZQUIERDO|LINDA|58170,"Izquierdo, Linda E",[TACOM];[CSR];[Admin];[ReadOnlyAudit];LocalDomainServers,
09DD58FD4D87AE4C780BABE6ECCCA10D,BCE,,07/21/2008 16:28:11,07/21/2008 16:28:11,CN=HRC-Transfer/OU=Agents/O=TACOM,,RQ000182,Xanthopoulos,,Arthur,L,Sibling,Patricia Xanthopoulos,1505 Laurel St,Kansas City,MO,64160,,,E-mail,NPRC,07/21/2008,Yes,07/21/2008,XANTHOPOULOS|ARTHUR|64160,"Xanthopoulos, Arthur L",[TACOM];[CSR];[Admin];[ReadOnlyAudit];LocalDomainServers,
F032CB94BA389185587E719BDFC163D8,BD2,,01/10/2026 15:08:08,01/10/2026 15:08:08,CN=HRC-Transfer/OU=Agents/O=TACOM,,RQ000183,Prendergast,,Evelyn E,E,Daughter,Angela Prendergast,5211 Sycamore Blvd,Toledo,OH,43643-9007,(215) 555-1928,,E-mail,NPRC,01/10/2026,No,,PRENDERGAST|EVELYN E|43643,"Prendergast, Evelyn E",[TACOM];[CSR];[Admin];[ReadOnlyAudit];LocalDomainServers,
1F49D321B3A67F6A2465C54DF91C3CB2,BD6,,05/05/2009 13:03:49,05/05/2009 13:03:49,CN=HRC-Transfer/OU=Agents/O=TACOM,,RQ000184,Wickersham,,Jessica,C,Self,Jessica C Wickersham,4719 Cedar Dr,Tacoma,WA,98452,(703) 555-1005,,E-mail,HRC,05/05/2009,Yes,05/05/2009,WICKERSHAM|JESSICA|98452,"Wickersham, Jessica C",[TACOM];[CSR];[Admin];[ReadOnlyAudit];LocalDomainServers,
E9D05978F989D1669A389CE0A45FE71A,BDA,,10/02/2004 10:33:45,10/02/2004 10:33:45,CN=Marlene Okafor/OU=CHPSID/O=TACOM,,RQ000185,Rathbourne,Sr.,Heather,,Self,Heather Rathbourne,675 Magnolia Ln,Nashville,TN,37205,(856) 555-1713,heather.rathbourne@example.com,Phone,Congressional,10/02/2004,Yes,10/02/2004,RATHBOURNE|HEATHER|37205,"Rathbourne, Heather",[TACOM];[CSR];[Admin];[ReadOnlyAudit];LocalDomainServers,
C925977A528808419DA9381B55B5E0FA,BDE,,01/01/2007 11:27:50,01/01/2007 11:27:50,CN=Marlene Okafor/OU=CHPSID/O=TACOM,,RQ000186,Rockwell-Sayre,,James,F,Self,James F Rockwell-Sayre,52 Poplar Ter,Anchorage,AK,99503-3821,(484) 555-1346,james.rockwell@example.com,Mail,Manual,01/01/2007,Yes,01/01/2007,ROCKWELL-SAYRE|JAMES|99503,"Rockwell-Sayre, James F",[TACOM];[CSR];[Admin];[ReadOnlyAudit];LocalDomainServers,
6F45F9D025185B643E77AEB6724F4F50,BE2,,11/22/2007 07:03:30,11/22/2007 07:03:30,CN=Benedetta Kowalczyk/OU=CHPSID/O=TACOM,,RQ000187,Pemberley,,Mildred,C,Self,Mildred C Pemberley,9282 Jefferson Ave,Charlotte,NC,28280,(484) 555-1233,,Mail,Manual,11/22/2007,Yes,,PEMBERLEY|MILDRED|28280,"Pemberley, Mildred C",[TACOM];[CSR];[Admin];[ReadOnlyAudit];LocalDomainServers,
1C531CBF1E66A22A250C2B2E53099663,BE6,,11/09/2024 09:43:21,11/09/2024 09:43:21,CN=HRC-Transfer/OU=Agents/O=TACOM,,RQ000188,Thornbury,III,Clarence,,Self,Clarence Thornbury,5462 Pershing Ter,Tampa,FL,33659,(410) 555-1528,,E-mail,HRC,11/09/2024,No,11/09/2024,THORNBURY|CLARENCE|33659,"Thornbury, Clarence",[TACOM];[CSR];[Admin];[ReadOnlyAudit];LocalDomainServers,
C74B9A053D75D9F6DD0BA85792DA9528,BEA,,05/24/2005 15:13:02,05/24/2005 15:13:02,CN=HRC-Transfer/OU=Agents/O=TACOM,,RQ000189,Norquist,,Jamal,J,Self,Jamal J Norquist,5220 Washington Dr,Peoria,IL,61691,(856) 555-1979,jamal.norquist@example.com,Phone,HRC,05/24/2005,Yes,05/24/2005,NORQUIST|JAMAL|61691,"Norquist, Jamal J",[TACOM];[CSR];[Admin];[ReadOnlyAudit];LocalDomainServers,
0EEBF920DC7DC9A150CB225AC440EDDD,BEE,,06/12/2015 14:16:56,06/12/2015 14:16:56,CN=HRC-Transfer/OU=Agents/O=TACOM,,RQ000190,Zimmerly,Jr.,Nicole,M,Self,Nicole M Zimmerly,1553 Birch Ln,Dayton,OH,45421,(610) 555-1043,,Mail,HRC,06/12/2015,Yes,,ZIMMERLY|NICOLE|45421,"Zimmerly, Nicole M",[TACOM];[CSR];[Admin];[ReadOnlyAudit];LocalDomainServers,
8F9B0FB4E390352B31EADEB571FCAAC5,BF2,,10/21/2012 16:59:17,10/21/2012 16:59:17,CN=Benedetta Kowalczyk/OU=CHPSID/O=TACOM,,RQ000191,Jaramillo,,Rafael,,Daughter,Earl Jaramillo,5771 Lincoln St,Anchorage,AK,99523,(302) 555-1350,rafael.jaramillo@example.com,Mail,Congressional,10/21/2012,No,,JARAMILLO|RAFAEL|99523,"Jaramillo, Rafael",[TACOM];[CSR];[Admin];[ReadOnlyAudit];LocalDomainServers,
6C7A95F54F838B5918075E1B217B9D7A,BF6,,12/25/2025 10:47:15,12/25/2025 10:47:15,CN=Ret Hamlin/OU=CHPSID/O=TACOM,,RQ000192,Wexcombe,,Nancy,S,Sibling,Howard Wexcombe,2951 Juniper Rd,Las Vegas,NV,89122,(302) 555-1083,,Mail,Manual,12/25/2025,No,,WEXCOMBE|NANCY|89122,"Wexcombe, Nancy S",[TACOM];[CSR];[Admin];[ReadOnlyAudit];LocalDomainServers,
2A416DFC50A22AA8C304FFB3C989BF5D,BFA,,07/25/2008 13:27:00,07/25/2008 13:27:00,CN=HRC-Transfer/OU=Agents/O=TACOM,,RQ000193,Jankowitz,,Carl,G,Grandchild,Robert Jankowitz,1119 Lincoln Ave,Pensacola,FL,32594-3353,(215) 555-1237,,Mail,HRC,07/25/2008,No,07/25/2008,JANKOWITZ|CARL|32594,"Jankowitz, Carl G",[TACOM];[CSR];[Admin];[ReadOnlyAudit];LocalDomainServers,
07899897896EC717D7B970FF676B785C,BFE,,05/20/2021 16:46:07,05/20/2021 16:46:07,CN=HRC-Transfer/OU=Agents/O=TACOM,,RQ000194,Dunmore-Vey,,Charles,P,Self,Charles P Dunmore-Vey,1598 Walnut Pl,Denver,CO,80249,,,E-mail,HRC,05/20/2021,No,,DUNMORE-VEY|CHARLES|80249,"Dunmore-Vey, Charles P",[TACOM];[CSR];[Admin];[ReadOnlyAudit];LocalDomainServers,
F01B051342933E2B759857F054B5CBD4,C02,,02/01/2011 17:28:09,02/01/2011 17:28:09,CN=HRC-Transfer/OU=Agents/O=TACOM,,RQ000195,Yarrowdale,,Marcus,A,Self,Marcus A Yarrowdale,9732 Sycamore Ln,Shreveport,LA,71180-3588,(717) 555-1929,,Phone,HRC,02/01/2011,Yes,,YARROWDALE|MARCUS|71180,"Yarrowdale, Marcus A",[TACOM];[CSR];[Admin];[ReadOnlyAudit];LocalDomainServers,
A63B72FD8F53F835FDD6C541613A7A50,C06,,02/07/2005 07:37:13,02/07/2005 07:37:13,CN=HRC-Transfer/OU=Agents/O=TACOM,,RQ000196,Saldivar,Sr.,Luis,J,Spouse,Ralph Saldivar,998 Ridgway Ave,Columbia,SC,29237,,luis.saldivar@example.com,Mail,HRC,02/07/2005,No,02/07/2005,SALDIVAR|LUIS|29237,"Saldivar, Luis J",[TACOM];[CSR];[Admin];[ReadOnlyAudit];LocalDomainServers,
2B59CC077E159BDA0193C3E6A3EC93C8,C0A,,01/10/2016 11:19:05,01/10/2016 11:19:05,CN=Dwayne Petrakis/OU=CHPSID/O=TACOM,,RQ000197,Washington-Pryce,Sr.,James,,Son,Barbara Washington,8743 Magnolia Ave,Louisville,KY,40220-9958,(610) 555-1459,,Mail,Congressional,01/10/2016,No,,WASHINGTON-PRYCE|JAMES|40220,"Washington-Pryce, James",[TACOM];[CSR];[Admin];[ReadOnlyAudit];LocalDomainServers,
30439C82F0380F5ECDEA1CD3F3886102,C0E,,08/10/2009 14:26:53,08/10/2009 14:26:53,CN=HRC-Transfer/OU=Agents/O=TACOM,,RQ000198,Mackelvane,Jr.,James,H,Daughter,Andre Mackelvane,5920 Madison Ave,Anchorage,AK,99573,,,Mail,HRC,08/10/2009,No,,MACKELVANE|JAMES|99573,"Mackelvane, James H",[TACOM];[CSR];[Admin];[ReadOnlyAudit];LocalDomainServers,
D3727F7C7B1870C5D6EDD4E194D6701D,C12,,07/13/2022 16:28:07,07/13/2022 16:28:07,CN=HRC-Transfer/OU=Agents/O=TACOM,,RQ000199,Figueroa-Paz,III,Mark,,Self,Mark Figueroa-Paz,1742 Washington Dr Apt 14A,Fargo,ND,58178,,,Phone,HRC,07/13/2022,Yes,07/13/2022,FIGUEROA-PAZ|MARK|58178,"Figueroa-Paz, Mark",[TACOM];[CSR];[Admin];[ReadOnlyAudit];LocalDomainServers,
635BBA37E8E78B363C0012ACB6AA232B,C16,,03/05/2021 14:40:22,03/05/2021 14:40:22,CN=Lorraine Whitcombe/OU=CHPSID/O=TACOM,,RQ000200,Castellanos,,David,F,Self,David F Castellanos,8545 Laurel Dr,Grand Rapids,MI,49590,(703) 555-1585,,E-mail,Congressional,03/05/2021,Yes,03/05/2021,CASTELLANOS|DAVID|49590,"Castellanos, David F",[TACOM];[CSR];[Admin];[ReadOnlyAudit];LocalDomainServers,
4DEB6F49EA0D287CD2127ECA423E6483,C1A,,10/11/2023 08:40:19,10/11/2023 08:40:19,CN=Marlene Okafor/OU=CHPSID/O=TACOM,,RQ000201,Coldwater,Jr.,Amanda,,Self,Amanda Coldwater,3118 Cedar Ave,Raleigh,NC,27628,,amanda.coldwater@example.com,Phone,Manual,10/11/2023,Yes,10/11/2023,COLDWATER|AMANDA|27628,"Coldwater, Amanda",[TACOM];[CSR];[Admin];[ReadOnlyAudit];LocalDomainServers,
2648E0E158F3D7550A4575F213400334,C1E,,01/01/2014 11:17:20,01/01/2014 11:17:20,CN=HRC-Transfer/OU=Agents/O=TACOM,,RQ000202,Castellanos,,Terrence,L,Daughter,Ruth Castellanos,344 Jefferson Ter,Sacramento,CA,95875,(410) 555-1865,terrence.castellanos@example.com,Phone,HRC,01/01/2014,Yes,,CASTELLANOS|TERRENCE|95875,"Castellanos, Terrence L",[TACOM];[CSR];[Admin];[ReadOnlyAudit];LocalDomainServers,
1550B44988B5690260298766C1697558,C22,,08/24/2009 17:00:30,08/24/2009 17:00:30,CN=HRC-Transfer/OU=Agents/O=TACOM,,RQ000203,Thornbury,Jr.,Matthew,E,Son,Linda Thornbury,948 Poplar Dr,Fresno,CA,93703,(302) 555-1358,,Mail,NPRC,08/24/2009,Yes,08/24/2009,THORNBURY|MATTHEW|93703,"Thornbury, Matthew E",[TACOM];[CSR];[Admin];[ReadOnlyAudit];LocalDomainServers,
181D6F3A7A65F2AFD6DED66BC17DC7E1,C26,,08/12/2015 14:12:10,08/12/2015 14:12:10,CN=HRC-Transfer/OU=Agents/O=TACOM,,RQ000204,Iverstone,Sr.,Donna,,Spouse,Nicole Iverstone,7236 Cedar Rd,Little Rock,AR,72290-5609,(717) 555-1312,donna.iverstone@example.com,Mail,HRC,08/12/2015,Yes,,IVERSTONE|DONNA|72290,"Iverstone, Donna",[TACOM];[CSR];[Admin];[ReadOnlyAudit];LocalDomainServers,
CFC95CEF326A3CDF107B13C92E8810B7,C2A,,01/19/2021 09:56:53,01/19/2021 09:56:53,CN=HRC-Transfer/OU=Agents/O=TACOM,,RQ000205,Vandermolen,Jr.,Donna,,Son,Christopher Vandermolen,7623 Sycamore Ter,Scranton,PA,18588,(856) 555-1872,,E-mail,NPRC,01/19/2021,No,01/19/2021,VANDERMOLEN|DONNA|18588,"Vandermolen, Donna",[TACOM];[CSR];[Admin];[ReadOnlyAudit];LocalDomainServers,
9628AEDECA40DA7B932C9E0D30DFD82C,C2E,,10/04/2022 16:50:40,10/04/2022 16:50:40,CN=HRC-Transfer/OU=Agents/O=TACOM,,RQ000206,Umberlake,Sr.,Mildred,,Daughter,Anthony Umberlake,2500 Magnolia Rd,Pensacola,FL,32532,(540) 555-1175,,Phone,HRC,10/04/2022,Yes,10/04/2022,UMBERLAKE|MILDRED|32532,"Umberlake, Mildred",[TACOM];[CSR];[Admin];[ReadOnlyAudit];LocalDomainServers,
AD532038F0920C2055BA271C236982FF,C32,,08/12/2012 15:18:10,08/12/2012 15:18:10,CN=HRC-Transfer/OU=Agents/O=TACOM,,RQ000207,Wickersham,III,Carl,,Daughter,Frances Wickersham,6663 Chestnut Pl,Peoria,IL,61606,(717) 555-1015,carl.wickersham@example.com,Mail,NPRC,08/12/2012,Yes,,WICKERSHAM|CARL|61606,"Wickersham, Carl",[TACOM];[CSR];[Admin];[ReadOnlyAudit];LocalDomainServers,
331B59C9F68F638088B1D3CE76A8AD0E,C36,,02/13/2024 16:44:20,02/13/2024 16:44:20,CN=Marlene Okafor/OU=CHPSID/O=TACOM,,RQ000208,Vandermolen,Sr.,Marcus,D,Self,Marcus D Vandermolen,2223 Poplar Rd,Albany,NY,12261,(267) 555-1237,marcus.vandermolen@example.com,Mail,Congressional,02/13/2024,Yes,02/13/2024,VANDERMOLEN|MARCUS|12261,"Vandermolen, Marcus D",[TACOM];[CSR];[Admin];[ReadOnlyAudit];LocalDomainServers,
65739FD920FC634352A14B24E5133359,C3A,,10/21/2013 15:27:43,10/21/2013 15:27:43,CN=Renata Vasquez-Holm/OU=CHPSID/O=TACOM,,RQ000209,Gastrelle,III,Michael,,Self,Michael Gastrelle,3265 Elm Rd,Buffalo,NY,14296,(717) 555-1067,michael.gastrelle@example.com,Phone,Congressional,10/21/2013,Yes,10/21/2013,GASTRELLE|MICHAEL|14296,"Gastrelle, Michael",[TACOM];[CSR];[Admin];[ReadOnlyAudit];LocalDomainServers,
ED16700454364F83AD80391D16D69FA0,C3E,,09/04/2011 11:18:04,09/04/2011 11:18:04,CN=HRC-Transfer/OU=Agents/O=TACOM,,RQ000210,Jaramillo,Sr.,Howard,R,Self,Howard R Jaramillo,3086 Maple Ave,Cleveland,OH,44104,(267) 555-1708,howard.jaramillo@example.com,E-mail,HRC,09/04/2011,Yes,09/04/2011,JARAMILLO|HOWARD|44104,"Jaramillo, Howard R",[TACOM];[CSR];[Admin];[ReadOnlyAudit];LocalDomainServers,
A0420F7500AB2C8F1B446845F324AB66,C42,,01/25/2007 09:05:21,01/25/2007 09:05:21,CN=Ret Hamlin/OU=CHPSID/O=TACOM,,RQ000211,Barrowclough,,Daniel,K,Self,Daniel K Barrowclough,961 Sycamore Ln,Baltimore,MD,21243,,,Mail,Congressional,01/25/2007,No,01/25/2007,BARROWCLOUGH|DANIEL|21243,"Barrowclough, Daniel K",[TACOM];[CSR];[Admin];[ReadOnlyAudit];LocalDomainServers,
B7BA8C39D885F1123C6AF4C6D44386C1,C46,,04/30/2020 15:20:58,04/30/2020 15:20:58,CN=HRC-Transfer/OU=Agents/O=TACOM,,RQ000212,Rathbourne,,Helen,W,Sibling,Eugene Rathbourne,5609 Oak Dr,Fort Wayne,IN,46869,(703) 555-1675,helen.rathbourne@example.com,Mail,HRC,04/30/2020,Yes,04/30/2020,RATHBOURNE|HELEN|46869,"Rathbourne, Helen W",[TACOM];[CSR];[Admin];[ReadOnlyAudit];LocalDomainServers,
6B3882EC7008593D5A893A3871FEE5AF,C4A,,04/28/2009 16:13:21,04/28/2009 16:13:21,CN=HRC-Transfer/OU=Agents/O=TACOM,,RQ000213,Templeton-Ash,Sr.,Jessica,C,Son,Evelyn Templeton,7114 Juniper Ct,Lawton,OK,73535,(484) 555-1676,,Mail,NPRC,04/28/2009,Yes,,TEMPLETON-ASH|JESSICA|73535,"Templeton-Ash, Jessica C",[TACOM];[CSR];[Admin];[ReadOnlyAudit];LocalDomainServers,
46EAD9E955B0198B705672D150E315C0,C4E,,04/11/2011 16:30:47,04/11/2011 16:30:47,CN=HRC-Transfer/OU=Agents/O=TACOM,,RQ000214,Marrowbridge,,Earl,E,Self,Earl E Marrowbridge,668 Walnut Pl,Honolulu,HI,96857-3569,(703) 555-1039,earl.marrowbridge@example.com,Mail,HRC,04/11/2011,Yes,04/11/2011,MARROWBRIDGE|EARL|96857,"Marrowbridge, Earl E",[TACOM];[CSR];[Admin];[ReadOnlyAudit];LocalDomainServers,
43DB52E248558FEF35FDEE7CC15E9D08,C52,,12/27/2009 12:46:27,12/27/2009 12:46:27,CN=Dwayne Petrakis/OU=CHPSID/O=TACOM,,RQ000215,Quennevile,III,Mary,,Son,Barbara Quennevile,44 Spruce St,New Orleans,LA,70150,,mary.quennevile@example.com,E-mail,Congressional,12/27/2009,Yes,12/27/2009,QUENNEVILE|MARY|70150,"Quennevile, Mary",[TACOM];[CSR];[Admin];[ReadOnlyAudit];LocalDomainServers,
62ADABD845BEF483D05682C5D6F241AF,C56,,10/03/2022 16:30:06,10/03/2022 16:30:06,CN=Dwayne Petrakis/OU=CHPSID/O=TACOM,,RQ000216,Kestleman,Sr.,Ralph,,Self,Ralph Kestleman,1500 Walnut Blvd,Norfolk,VA,23528,(484) 555-1517,,Mail,Congressional,10/03/2022,Yes,10/03/2022,KESTLEMAN|RALPH|23528,"Kestleman, Ralph",[TACOM];[CSR];[Admin];[ReadOnlyAudit];LocalDomainServers,
9DF976A21675D72E84A935F912F73629,C5A,,10/07/2010 09:25:07,10/07/2010 09:25:07,CN=HRC-Transfer/OU=Agents/O=TACOM,,RQ000217,Beddingfield,,Leonard,,Self,Leonard Beddingfield,6949 Maple Ave,Billings,MT,59150,(856) 555-1147,,Mail,NPRC,10/07/2010,No,10/07/2010,BEDDINGFIELD|LEONARD|59150,"Beddingfield, Leonard",[TACOM];[CSR];[Admin];[ReadOnlyAudit];LocalDomainServers,
F4029835B8D2688EE8072F6058E0084A,C5E,,04/04/2022 13:48:37,04/04/2022 13:48:37,CN=Marlene Okafor/OU=CHPSID/O=TACOM,,RQ000218,Pettiford,,Terrence,,Self,Terrence Pettiford,428 Magnolia Blvd,Dallas,TX,75223,(540) 555-1868,,Mail,Manual,04/04/2022,Yes,,PETTIFORD|TERRENCE|75223,"Pettiford, Terrence",[TACOM];[CSR];[Admin];[ReadOnlyAudit];LocalDomainServers,
3519BECFD44D63E54420C7B672D37195,C62,,07/12/2013 15:14:18,07/12/2013 15:14:18,CN=HRC-Transfer/OU=Agents/O=TACOM,,RQ000219,Barrowclough,,Harold,,Son,Karen Barrowclough,9803 Walnut Ave,Chicago,IL,60679,(610) 555-1041,harold.barrowclough@example.com,E-mail,HRC,07/12/2013,Yes,,BARROWCLOUGH|HAROLD|60679,"Barrowclough, Harold",[TACOM];[CSR];[Admin];[ReadOnlyAudit];LocalDomainServers,
5670833C8D646069145DCEA56A7867B8,C66,,04/13/2017 09:22:44,04/13/2017 09:22:44,CN=Benedetta Kowalczyk/OU=CHPSID/O=TACOM,,RQ000220,Trevino-Hale,Sr.,Arthur,K,Daughter,Jose Trevino,1883 Sycamore Pl,Wilmington,DE,19816,(703) 555-1125,arthur.trevino@example.com,Mail,Manual,04/13/2017,No,,TREVINO-HALE|ARTHUR|19816,"Trevino-Hale, Arthur K",[TACOM];[CSR];[Admin];[ReadOnlyAudit];LocalDomainServers,
B146E489790511CADD13C4837CD97356,C6A,,04/21/2021 08:03:11,04/21/2021 08:03:11,CN=HRC-Transfer/OU=Agents/O=TACOM,,RQ000221,Quarterman,,Angela,,Self,Angela Quarterman,6768 Dogwood Way Apt 28A,Anchorage,AK,99575,(215) 555-1031,,Phone,NPRC,04/21/2021,Yes,04/21/2021,QUARTERMAN|ANGELA|99575,"Quarterman, Angela",[TACOM];[CSR];[Admin];[ReadOnlyAudit];LocalDomainServers,
9C7157430B95CC0CAC6883D5A36B5688,C6E,,02/01/2026 17:32:22,02/01/2026 17:32:22,CN=HRC-Transfer/OU=Agents/O=TACOM,,RQ000222,RATHBOURNE,III,Stephanie,J,Self,Stephanie J Rathbourne,4731 Madison Ter,Providence,RI,02939,(610) 555-1668,,E-mail,HRC,02/01/2026,No,,RATHBOURNE|STEPHANIE|02939,"RATHBOURNE, Stephanie",[TACOM];[CSR];[Admin];[ReadOnlyAudit];LocalDomainServers,
8CA7C7EAEF2F2663BA3E7B30E7D35FFD,C72,,12/21/2025 16:31:41,12/21/2025 16:31:41,CN=HRC-Transfer/OU=Agents/O=TACOM,,RQ000223,Ostrowski-Lane,,Susan,G,Self,Susan G Ostrowski-Lane,8880 Bradley Pl,Boston,MA,02151-5787,(215) 555-1147,,Phone,HRC,12/21/2025,No,12/21/2025,OSTROWSKI-LANE|SUSAN|02151,"Ostrowski-Lane, Susan G",[TACOM];[CSR];[Admin];[ReadOnlyAudit];LocalDomainServers,
71EC74610FAD787AD467B7C9E0A24EF8,C76,,06/06/2025 10:24:58,06/06/2025 10:24:58,CN=HRC-Transfer/OU=Agents/O=TACOM,,RQ000224,Mackelvane,Jr.,James,H,Daughter,Andre Mackelvane,5920 Madison Ave,Anchorage,AK,99573-2790,,,Mail,HRC,06/06/2025,No,,MACKELVANE|JAMES|99573,"Mackelvane, James",[TACOM];[CSR];[Admin];[ReadOnlyAudit];LocalDomainServers,
F44954972072D8BEF99C35A8AF388E1B,C7A,,09/23/2018 08:40:40,09/23/2018 08:40:40,CN=HRC-Transfer/OU=Agents/O=TACOM,,RQ000225,Vanterpool,III,Elizabeth,,Self,Elizabeth Vanterpool,2567 Patton Ter,Las Vegas,NV,89169,,,Mail,HRC,09/23/2018,Yes,,VANTERPOOL|ELIZABETH|89169,"Vanterpool, Elizabeth",[TACOM];[CSR];[Admin];[ReadOnlyAudit];LocalDomainServers,
8DFB0E9F5ED851824478CEB23C65EC77,C7E,,05/05/2011 14:22:06,05/05/2011 14:22:06,CN=HRC-Transfer/OU=Agents/O=TACOM,,RQ000226,Sallisaw,,Luis,F,Self,Luis F Sallisaw,1599 Cedar Dr,Las Vegas,NV,89178,(856) 555-1688,luis.sallisaw@example.com,Mail,HRC,05/05/2011,No,,SALLISAW|LUIS|89178,"Sallisaw, Luis F",[TACOM];[CSR];[Admin];[ReadOnlyAudit];LocalDomainServers,
B32FFC21F377633E7DDB1370225AFF24,C82,,11/17/2009 16:33:57,11/17/2009 16:33:57,CN=Marlene Okafor/OU=CHPSID/O=TACOM,,RQ000227,Izquierdo,III,Elizabeth,,Self,Elizabeth Izquierdo,4843 Laurel Ave,Manchester,NH,03171,(856) 555-1506,elizabeth.izquierdo@example.com,E-mail,Congressional,11/17/2009,No,,IZQUIERDO|ELIZABETH|03171,"Izquierdo, Elizabeth",[TACOM];[CSR];[Admin];[ReadOnlyAudit];LocalDomainServers,
533DE16159E0D316A41795E5DA095B3A,C86,,09/25/2017 15:21:20,09/25/2017 15:21:20,CN=HRC-Transfer/OU=Agents/O=TACOM,,RQ000228,Guajardo,Sr.,Hector,,Spouse,Leonard Guajardo,6530 Dogwood Blvd,Sacramento,CA,95878,(215) 555-1110,hector.guajardo@example.com,E-mail,HRC,09/25/2017,Yes,,GUAJARDO|HECTOR|95878,"Guajardo, Hector",[TACOM];[CSR];[Admin];[ReadOnlyAudit];LocalDomainServers,
E56639CD81B72D849E87922DD1B6F224,C8A,,11/21/2010 10:41:33,11/21/2010 10:41:33,CN=Marlene Okafor/OU=CHPSID/O=TACOM,,RQ000229,Delgadillo,III,Barbara,P,Son,Hector Delgadillo,4354 Maple Ct,Salt Lake City,UT,84150-8513,(717) 555-1930,,Mail,Manual,11/21/2010,No,,DELGADILLO|BARBARA|84150,"Delgadillo, Barbara P",[TACOM];[CSR];[Admin];[ReadOnlyAudit];LocalDomainServers,
1AADDE191F12941E5AB8401575024FE2,C8E,,03/04/2013 15:52:09,03/04/2013 15:52:09,CN=HRC-Transfer/OU=Agents/O=TACOM,,RQ000230,Quinonez,III,James,,Self,James Quinonez,1190 Poplar Pl Apt 7C,Jacksonville,FL,32269,,james.quinonez@example.com,Mail,HRC,03/04/2013,No,03/04/2013,QUINONEZ|JAMES|32269,"Quinonez, James",[TACOM];[CSR];[Admin];[ReadOnlyAudit];LocalDomainServers,
C6B0CA2A6C652394F4590224908D97A4,C92,,10/15/2004 08:21:00,10/15/2004 08:21:00,CN=HRC-Transfer/OU=Agents/O=TACOM,,RQ000231,Dellacroix,,Sandra,P,Daughter,Susan Dellacroix,6359 Ridgway Way,Pittsburgh,PA,15223,,,Mail,HRC,10/15/2004,Yes,10/15/2004,DELLACROIX|SANDRA|15223,"Dellacroix, Sandra P",[TACOM];[CSR];[Admin];[ReadOnlyAudit];LocalDomainServers,
84FC284EB405F43D0045CA564CE7ECAC,C96,,01/16/2009 14:05:04,01/16/2009 14:05:04,CN=Benedetta Kowalczyk/OU=CHPSID/O=TACOM,,RQ000232,Jankowitz,,Tyler,T,Son,Joshua Jankowitz,4345 Maple Dr Apt 33D,Cheyenne,WY,82081,(410) 555-1297,tyler.jankowitz@example.com,E-mail,Congressional,01/16/2009,Yes,,JANKOWITZ|TYLER|82081,"Jankowitz, Tyler T",[TACOM];[CSR];[Admin];[ReadOnlyAudit];LocalDomainServers,
B4F34DB47CB879506000B39EC4B3C334,C9A,,07/14/2004 08:43:10,07/14/2004 08:43:10,CN=Renata Vasquez-Holm/OU=CHPSID/O=TACOM,,RQ000233,Dellacroix,,William,F,Grandchild,Jamal Dellacroix,4898 Birch Blvd,Cheyenne,WY,82026,,william.dellacroix@example.com,Phone,Manual,07/14/2004,Yes,07/14/2004,DELLACROIX|WILLIAM|82026,"Dellacroix, William F",[TACOM];[CSR];[Admin];[ReadOnlyAudit];LocalDomainServers,
2BFCBBF0691FD6E99148D8F3F91B29F2,C9E,,02/01/2022 16:39:45,02/01/2022 16:39:45,CN=HRC-Transfer/OU=Agents/O=TACOM,,RQ000234,Lockridge,,Richard,A,Self,Richard A Lockridge,9457 Patton Way,Oklahoma City,OK,73191,(610) 555-1302,,E-mail,NPRC,02/01/2022,No,02/01/2022,LOCKRIDGE|RICHARD|73191,"Lockridge, Richard A",[TACOM];[CSR];[Admin];[ReadOnlyAudit];LocalDomainServers,
232EA5432DB0187BB94995E4A86BAEC3,CA2,,11/23/2019 16:08:35,11/23/2019 16:08:35,CN=HRC-Transfer/OU=Agents/O=TACOM,,RQ000235,Tarquinio,Jr.,Jessica,E,Daughter,Carol Tarquinio,9351 Spruce Pl,Tucson,AZ,85730,(703) 555-1534,,Mail,HRC,11/23/2019,Yes,11/23/2019,TARQUINIO|JESSICA|85730,"Tarquinio, Jessica E",[TACOM];[CSR];[Admin];[ReadOnlyAudit];LocalDomainServers,
9C9471F0FB8497F9B9E2CC6A0391499B,CA6,,05/13/2014 15:10:27,05/13/2014 15:10:27,CN=Renata Vasquez-Holm/OU=CHPSID/O=TACOM,,RQ000236,Kellerhaus,III,Hector,H,Son,Tyler Kellerhaus,2417 Elm Ct,Dallas,TX,75263,(302) 555-1785,,Mail,Manual,05/13/2014,Yes,,KELLERHAUS|HECTOR|75263,"Kellerhaus, Hector H",[TACOM];[CSR];[Admin];[ReadOnlyAudit];LocalDomainServers,
DF2AA796954C72DF82D6A54677172498,CAA,,03/06/2015 15:17:08,03/06/2015 15:17:08,CN=HRC-Transfer/OU=Agents/O=TACOM,,RQ000237,Okonkwo-Bell,,Kevin,D,Daughter,Dorothy Okonkwo,9726 Maple Ct,Raleigh,NC,27648,(856) 555-1963,,Mail,HRC,03/06/2015,No,03/06/2015,OKONKWO-BELL|KEVIN|27648,"Okonkwo-Bell, Kevin D",[TACOM];[CSR];[Admin];[ReadOnlyAudit];LocalDomainServers,
CD654EB114B4CC3C4701C0BF6A43B3E9,CAE,,09/08/2004 10:14:15,09/08/2004 10:14:15,CN=HRC-Transfer/OU=Agents/O=TACOM,,RQ000238,Yamaguchi-Orr,,Melissa,S,Sibling,Nancy Yamaguchi,2722 Pershing Way,Portland,ME,04141,(540) 555-1852,melissa.yamaguchi@example.com,Mail,NPRC,09/08/2004,Yes,09/08/2004,YAMAGUCHI-ORR|MELISSA|04141,"Yamaguchi-Orr, Melissa S",[TACOM];[CSR];[Admin];[ReadOnlyAudit];LocalDomainServers,
5672AB5F4866F22AE0F48396AE7968A5,CB2,,12/19/2024 08:11:18,12/19/2024 08:11:18,CN=Dwayne Petrakis/OU=CHPSID/O=TACOM,,RQ000239,Everleigh,,Brian,K,Self,Brian K Everleigh,3840 Madison Rd,Albany,NY,12208-0502,,,E-mail,Congressional,12/19/2024,Yes,12/19/2024,EVERLEIGH|BRIAN|12208,"Everleigh, Brian K",[TACOM];[CSR];[Admin];[ReadOnlyAudit];LocalDomainServers,
21F4163B7F93E0833800744CE665B57B,CB6,,02/21/2017 13:29:46,02/21/2017 13:29:46,CN=HRC-Transfer/OU=Agents/O=TACOM,,RQ000240,Rathbourne,,Justin,F,Self,Justin F Rathbourne,2785 Spruce Rd,Hartford,CT,06164-0306,,justin.rathbourne@example.com,E-mail,NPRC,02/21/2017,Yes,02/21/2017,RATHBOURNE|JUSTIN|06164,"Rathbourne, Justin F",[TACOM];[CSR];[Admin];[ReadOnlyAudit];LocalDomainServers,
A351A34ACB7FE0AE01F03D240787A6D9,CBA,,06/29/2010 10:10:07,06/29/2010 10:10:07,CN=HRC-Transfer/OU=Agents/O=TACOM,,RQ000241,Cartlewood,Jr.,Harold,,Daughter,Mary Cartlewood,6454 Juniper Dr,New Orleans,LA,70139-7426,(540) 555-1564,,E-mail,HRC,06/29/2010,No,,CARTLEWOOD|HAROLD|70139,"Cartlewood, Harold",[TACOM];[CSR];[Admin];[ReadOnlyAudit];LocalDomainServers,
711AEFB60102B6E7F89E4124BDC5292D,CBE,,10/18/2006 16:09:53,10/18/2006 16:09:53,CN=HRC-Transfer/OU=Agents/O=TACOM,,RQ000242,Sallisaw,,Steven,,Spouse,Daniel Sallisaw,6043 Washington Dr,Honolulu,HI,96869,(484) 555-1645,,Mail,HRC,10/18/2006,Yes,10/18/2006,SALLISAW|STEVEN|96869,"Sallisaw, Steven",[TACOM];[CSR];[Admin];[ReadOnlyAudit];LocalDomainServers,
6545EE7390287F852AA5DB6AB5B6F6AA,CC2,,02/18/2026 10:49:03,02/18/2026 10:49:03,CN=HRC-Transfer/OU=Agents/O=TACOM,,RQ000243,Trevino-Hale,,Richard,A,Daughter,Barbara Trevino,3340 Ridgway Blvd,Charlotte,NC,28249-0742,(540) 555-1694,,Mail,HRC,02/18/2026,Yes,02/18/2026,TREVINO-HALE|RICHARD|28249,"Trevino-Hale, Richard A",[TACOM];[CSR];[Admin];[ReadOnlyAudit];LocalDomainServers,
CCA12F99943472733A049E9ABDA06254,CC6,,02/29/2020 11:35:49,02/29/2020 11:35:49,CN=HRC-Transfer/OU=Agents/O=TACOM,,RQ000244,Figueroa-Paz,,Robert,S,Self,Robert S Figueroa-Paz,9785 Ridgway Ave,Omaha,NE,68147,(717) 555-1390,robert.figueroa@example.com,Mail,HRC,02/29/2020,No,,FIGUEROA-PAZ|ROBERT|68147,"Figueroa-Paz, Robert S",[TACOM];[CSR];[Admin];[ReadOnlyAudit];LocalDomainServers,
EE7B04BF6F008997822CE361C812AB13,CCA,,01/16/2011 08:49:05,01/16/2011 08:49:05,CN=HRC-Transfer/OU=Agents/O=TACOM,,RQ000245,Jarvinen-Roe,,Raymond,,Spouse,Kevin Jarvinen,4252 Willow St,Fayetteville,NC,28391,(302) 555-1738,,Mail,NPRC,01/16/2011,Yes,01/16/2011,JARVINEN-ROE|RAYMOND|28391,"Jarvinen-Roe, Raymond",[TACOM];[CSR];[Admin];[ReadOnlyAudit];LocalDomainServers,
0E24EDCC6AF029A8EF770097CCAB64CC,CCE,,06/02/2013 07:23:05,06/02/2013 07:23:05,CN=HRC-Transfer/OU=Agents/O=TACOM,,RQ000246,Rathbourne,,Heather,E,Son,James Rathbourne,1159 Sycamore Ave,Albuquerque,NM,87173,(215) 555-1474,,Mail,HRC,06/02/2013,No,06/02/2013,RATHBOURNE|HEATHER|87173,"Rathbourne, Heather E",[TACOM];[CSR];[Admin];[ReadOnlyAudit];LocalDomainServers,
A1252C8E4A5DE0E76615AB9926170622,CD2,,08/17/2012 15:50:08,08/17/2012 15:50:08,CN=HRC-Transfer/OU=Agents/O=TACOM,,RQ000247,Fairweather,Sr.,J.,,Son,Joshua Fairweather,9724 Veterans Memorial Dr,Boise,ID,83701,(610) 555-1077,,Mail,NPRC,08/17/2012,No,,FAIRWEATHER|J.|83701,"Fairweather, J.",[TACOM];[CSR];[Admin];[ReadOnlyAudit];LocalDomainServers,
A07898F30547B8D2E65095E2ECEA10A2,CD6,,12/27/2013 09:54:18,12/27/2013 09:54:18,CN=HRC-Transfer/OU=Agents/O=TACOM,,RQ000248,Ullswater,,Jennifer,W,Grandchild,Robert Ullswater,4700 Maple Ave Apt 21D,Boise,ID,83758,(717) 555-1552,,Mail,HRC,12/27/2013,No,,ULLSWATER|JENNIFER|83758,"Ullswater, Jennifer W",[TACOM];[CSR];[Admin];[ReadOnlyAudit];LocalDomainServers,
DAEC9A12947B108F17EEE032B68E382E,CDA,,08/10/2022 14:18:28,08/10/2022 14:18:28,CN=HRC-Transfer/OU=Agents/O=TACOM,,RQ000249,Coldwater,,Daniel,K,Self,Daniel K Coldwater,9016 Laurel Ter,Minneapolis,MN,55428,(267) 555-1532,,E-mail,HRC,08/10/2022,No,08/10/2022,COLDWATER|DANIEL|55428,"Coldwater, Daniel K",[TACOM];[CSR];[Admin];[ReadOnlyAudit];LocalDomainServers,
AF6DD5D9980869291E12D5AD3D562529,CDE,,05/20/2026 16:57:20,05/20/2026 16:57:20,CN=HRC-Transfer/OU=Agents/O=TACOM,,RQ000250,Northway,Jr.,Carol Jr Jr,,Self,Carol Northway,4489 Jefferson Ter,Phoenix,AZ,85093,(717) 555-1523,carol.northway@example.com,Phone,NPRC,05/20/2026,No,,NORTHWAY|CAROL JR JR|85093,"Northway, Carol Jr Jr",[TACOM];[CSR];[Admin];[ReadOnlyAudit];LocalDomainServers,
814EF140181168F2DA0670C0BC1B41D6,CE2,,03/07/2008 08:41:57,03/07/2008 08:41:57,CN=HRC-Transfer/OU=Agents/O=TACOM,,RQ000251,Wexcombe,,Clarence,R,Son,Charles Wexcombe,5407 Marshall Ave,Orlando,FL,32898,(703) 555-1219,,E-mail,HRC,03/07/2008,No,,WEXCOMBE|CLARENCE|32898,"Wexcombe, Clarence R",[TACOM];[CSR];[Admin];[ReadOnlyAudit];LocalDomainServers,
A557EB37698B4DAEA646715BF5ABC4A6,CE6,,10/12/2010 08:25:10,10/12/2010 08:25:10,CN=Marlene Okafor/OU=CHPSID/O=TACOM,,RQ000252,Rathbourne,,Heather,,Spouse,Raymond Rathbourne,4988 Magnolia Way,Omaha,NE,68133,(856) 555-1177,,Mail,Congressional,10/12/2010,No,10/12/2010,RATHBOURNE|HEATHER|68133,"Rathbourne, Heather",[TACOM];[CSR];[Admin];[ReadOnlyAudit];LocalDomainServers,
37ADD05F28FA6ED21B13C10A4C37C782,CEA,,09/13/2005 15:21:25,09/13/2005 15:21:25,CN=HRC-Transfer/OU=Agents/O=TACOM,,RQ000253,Underhill-Voss,,Sandra,G,Daughter,Richard Underhill,1912 Laurel Ter,Buffalo,NY,14234,(856) 555-1810,sandra.underhill@example.com,Mail,NPRC,09/13/2005,Yes,09/13/2005,UNDERHILL-VOSS|SANDRA|14234,"Underhill-Voss, Sandra G",[TACOM];[CSR];[Admin];[ReadOnlyAudit];LocalDomainServers,
CB48FA94271CB264FBD22BBAC3745998,CEE,,09/19/2008 12:34:00,09/19/2008 12:34:00,CN=Lorraine Whitcombe/OU=CHPSID/O=TACOM,,RQ000254,Barrowclough,,Jennifer,T,Self,Jennifer T Barrowclough,7952 Ridgway Ave,Columbia,SC,29291,(267) 555-1121,,Phone,Manual,09/19/2008,No,,BARROWCLOUGH|JENNIFER|29291,"Barrowclough, Jennifer T",[TACOM];[CSR];[Admin];[ReadOnlyAudit];LocalDomainServers,
321AEE0867CF4578CC692BF8629CC82F,CF2,,05/08/2009 15:35:29,05/08/2009 15:35:29,CN=Lorraine Whitcombe/OU=CHPSID/O=TACOM,,RQ000255,Hargreave,,Carol,R,Self,Carol R Hargreave,6362 Marshall Ter,Spokane,WA,99288,(540) 555-1860,,E-mail,Manual,05/08/2009,No,,HARGREAVE|CAROL|99288,"Hargreave, Carol R",[TACOM];[CSR];[Admin];[ReadOnlyAudit];LocalDomainServers,
6B44AF3999A12C6FBE73BF35198FE1BA,CF6,,03/03/2020 12:37:30,03/03/2020 12:37:30,CN=Marlene Okafor/OU=CHPSID/O=TACOM,,RQ000256,Ingersby,,Terrence,H,Self,Terrence H Ingersby,2682 Hickory Dr,Seattle,WA,98112-4656,,terrence.ingersby@example.com,Phone,Congressional,03/03/2020,Yes,03/03/2020,INGERSBY|TERRENCE|98112,"Ingersby, Terrence H",[TACOM];[CSR];[Admin];[ReadOnlyAudit];LocalDomainServers,
BAD239F2DCF5A4EDB09371BC91B69CA7,CFA,,03/28/2024 14:19:48,03/28/2024 14:19:48,CN=Renata Vasquez-Holm/OU=CHPSID/O=TACOM,,RQ000257,Ullswater,Jr.,Norman,K,Daughter,Rafael Ullswater,6069 Poplar Dr,Columbia,SC,29276,(267) 555-1391,,Phone,Congressional,03/28/2024,Yes,,ULLSWATER|NORMAN|29276,"Ullswater, Norman K",[TACOM];[CSR];[Admin];[ReadOnlyAudit];LocalDomainServers,
A4EAF9CE14BC9F0FED9A8CD8B814A42F,CFE,,01/13/2014 08:43:21,01/13/2014 08:43:21,CN=HRC-Transfer/OU=Agents/O=TACOM,,RQ000258,Galbreath,,Stephanie,D,Daughter,Joshua Galbreath,9597 Walnut Dr,Philadelphia,PA,19120-0772,(540) 555-1119,stephanie.galbreath@example.com,E-mail,NPRC,01/13/2014,No,,GALBREATH|STEPHANIE|19120,"Galbreath, Stephanie D",[TACOM];[CSR];[Admin];[ReadOnlyAudit];LocalDomainServers,
C695488088B2E000083F9FB58D1DA915,D02,,04/14/2011 17:22:50,04/14/2011 17:22:50,CN=HRC-Transfer/OU=Agents/O=TACOM,,RQ000259,Stroudmoor,Jr.,Linda,,Son,Mildred Stroudmoor,4872 Poplar Dr,Jacksonville,FL,32228,(717) 555-1025,linda.stroudmoor@example.com,E-mail,HRC,04/14/2011,No,04/14/2011,STROUDMOOR|LINDA|32228,"Stroudmoor, Linda",[TACOM];[CSR];[Admin];[ReadOnlyAudit];LocalDomainServers,
B80258E023EA3505B6C19419F6588EF0,D06,,11/28/2011 09:29:27,11/28/2011 09:29:27,CN=Marlene Okafor/OU=CHPSID/O=TACOM,,RQ000260,Abernook,,Terrence R,R,Self,Terrence R Abernook,677 Dogwood Rd Apt 35B,Raleigh,NC,27677,(717) 555-1380,terrence.abernook@example.com,Phone,Manual,11/28/2011,No,,ABERNOOK|TERRENCE R|27677,"Abernook, Terrence R",[TACOM];[CSR];[Admin];[ReadOnlyAudit];LocalDomainServers,
349A287E9950CBE3BAA79C9C4332AEB6,D0A,,11/30/2016 09:36:46,11/30/2016 09:36:46,CN=Marlene Okafor/OU=CHPSID/O=TACOM,,RQ000261,Kirkbride,Jr.,Andrew,C,Spouse,Andrew Kirkbride,3066 Hickory Way,Louisville,KY,40263,(610) 555-1462,andrew.kirkbride@example.com,Mail,Congressional,11/30/2016,Yes,11/30/2016,KIRKBRIDE|ANDREW|40263,"Kirkbride, Andrew C",[TACOM];[CSR];[Admin];[ReadOnlyAudit];LocalDomainServers,
C132E1EBF2033600CC534E097608C6B0,D0E,,05/02/2004 13:59:00,05/02/2004 13:59:00,CN=HRC-Transfer/OU=Agents/O=TACOM,,RQ000262,Urquhart,,Ruth,,Self,Ruth Urquhart,212 Elm Way,Anchorage,AK,99531,(302) 555-1110,ruth.urquhart@example.com,Mail,HRC,05/02/2004,No,,URQUHART|RUTH|99531,"Urquhart, Ruth",[TACOM];[CSR];[Admin];[ReadOnlyAudit];LocalDomainServers,
2EEE8D9731A0C3AC6C4852B28A9A0F0A,D12,,08/28/2011 17:23:40,08/28/2011 17:23:40,CN=HRC-Transfer/OU=Agents/O=TACOM,,RQ000263,Maldonado-Vega,Jr.,Nicole,H,Self,Nicole H Maldonado-Vega,7870 Dogwood Ter,Grand Rapids,MI,49578,(703) 555-1991,,E-mail,HRC,08/28/2011,Yes,,MALDONADO-VEGA|NICOLE|49578,"Maldonado-Vega, Nicole H",[TACOM];[CSR];[Admin];[ReadOnlyAudit];LocalDomainServers,
4C839B87C297766C69A354C855AA085A,D16,,12/27/2006 07:30:31,12/27/2006 07:30:31,CN=Marlene Okafor/OU=CHPSID/O=TACOM,,RQ000264,Vandermolen,,Patricia,G,Self,Patricia G Vandermolen,581 Laurel Ln,Phoenix,AZ,85001-7354,(540) 555-1397,patricia.vandermolen@example.com,Phone,Manual,12/27/2006,Yes,,VANDERMOLEN|PATRICIA|85001,"Vandermolen, Patricia G",[TACOM];[CSR];[Admin];[ReadOnlyAudit];LocalDomainServers,
8FF34A8093235EF172B7DCA658641BEB,D1A,,09/30/2019 11:39:50,09/30/2019 11:39:50,CN=HRC-Transfer/OU=Agents/O=TACOM,,RQ000265,Beddingfield,Jr.,Ryan,N,Self,Ryan N Beddingfield,3187 Pershing Pl,Salt Lake City,UT,84194-1092,(410) 555-1591,,Mail,NPRC,09/30/2019,No,,BEDDINGFIELD|RYAN|84194,"Beddingfield, Ryan",[TACOM];[CSR];[Admin];[ReadOnlyAudit];LocalDomainServers,RQ000021
95109314DD69F4BD8AE1A00F1E08009F,D1E,,07/23/2025 13:35:59,07/23/2025 13:35:59,CN=Marlene Okafor/OU=CHPSID/O=TACOM,,RQ000266,Ullswater,III,Carol,E,Spouse,Angela Ullswater,6537 Bradley Ct,Salt Lake City,UT,84156,(703) 555-1812,,Phone,Congressional,07/23/2025,Yes,07/23/2025,ULLSWATER|CAROL|84156,"Ullswater, Carol E",[TACOM];[CSR];[Admin];[ReadOnlyAudit];LocalDomainServers,
439FD9C0F75A43FD99C9487FE248B778,D22,,07/04/2022 09:30:24,07/04/2022 09:30:24,CN=Marlene Okafor/OU=CHPSID/O=TACOM,,RQ000267,Zimmerly,,Jessica,N,Other NOK,Andre Zimmerly,7720 Elm Rd,Phoenix,AZ,85067,(267) 555-1999,jessica.zimmerly@example.com,E-mail,Manual,07/04/2022,Yes,,ZIMMERLY|JESSICA|85067,"Zimmerly, Jessica N",[TACOM];[CSR];[Admin];[ReadOnlyAudit];LocalDomainServers,
FE19A16A776925EEF44FB43ADDAE2C27,D26,,12/08/2008 14:53:03,12/08/2008 14:53:03,CN=Lorraine Whitcombe/OU=CHPSID/O=TACOM,,RQ000268,Benavidez-Cruz,,Sarah,P,Self,Sarah P Benavidez-Cruz,358 Marshall Rd Apt 38C,Oklahoma City,OK,73124,(717) 555-1152,sarah.benavidez@example.com,Phone,Congressional,12/08/2008,Yes,12/08/2008,BENAVIDEZ-CRUZ|SARAH|73124,"Benavidez-Cruz, Sarah P",[TACOM];[CSR];[Admin];[ReadOnlyAudit];LocalDomainServers,
7B4AA04762112A2FFDCA1103A48A8320,D2A,,01/01/2010 15:13:18,01/01/2010 15:13:18,CN=HRC-Transfer/OU=Agents/O=TACOM,,RQ000269,Lindquarry,,Luis,P,Spouse,Susan Lindquarry,5430 Chestnut Dr,Omaha,NE,68160,(717) 555-1631,,Mail,HRC,01/01/2010,Yes,01/01/2010,LINDQUARRY|LUIS|68160,"Lindquarry, Luis P",[TACOM];[CSR];[Admin];[ReadOnlyAudit];LocalDomainServers,
B3292567454E21FC49573AC9D67C89BE,D2E,,12/04/2015 13:58:42,12/04/2015 13:58:42,CN=Marlene Okafor/OU=CHPSID/O=TACOM,,RQ000270,Yarrowdale,III,Susan,S,Son,Timothy Yarrowdale,4132 Spruce Pl,Huntsville,AL,35847-9670,,susan.yarrowdale@example.com,E-mail,Congressional,12/04/2015,Yes,12/04/2015,YARROWDALE|SUSAN|35847,"Yarrowdale, Susan S",[TACOM];[CSR];[Admin];[ReadOnlyAudit];LocalDomainServers,
E7DA0D817ACCE461D93001FA95281AB5,D32,,03/29/2008 16:05:33,03/29/2008 16:05:33,CN=HRC-Transfer/OU=Agents/O=TACOM,,RQ000271,Cartlewood,,Nicole,W,Self,Nicole W Cartlewood,619 Laurel Blvd,Seattle,WA,98156,(610) 555-1182,,Phone,HRC,03/29/2008,No,03/29/2008,CARTLEWOOD|NICOLE|98156,"Cartlewood, Nicole W",[TACOM];[CSR];[Admin];[ReadOnlyAudit];LocalDomainServers,
ED0BB01C0FF0F7E90DD005BDDC395F6B,D36,,10/24/2015 09:30:41,10/24/2015 09:30:41,CN=HRC-Transfer/OU=Agents/O=TACOM,,RQ000272,Quarterman,Jr.,Helen,D,Spouse,Jessica Quarterman,8319 Chestnut Rd,Fort Wayne,IN,46877,(703) 555-1886,,Mail,HRC,10/24/2015,Yes,,QUARTERMAN|HELEN|46877,"Quarterman, Helen D",[TACOM];[CSR];[Admin];[ReadOnlyAudit];LocalDomainServers,
28AB50768A8D5F63A20FD90592AB8EEB,D3A,,01/30/2005 09:15:58,01/30/2005 09:15:58,CN=HRC-Transfer/OU=Agents/O=TACOM,,RQ000273,Reyes-Almonte,,Anthony,G,Sibling,Susan Reyes,6716 Bradley Blvd,Albany,NY,12203,(302) 555-1113,anthony.reyes@example.com,Phone,HRC,01/30/2005,No,01/30/2005,REYES-ALMONTE|ANTHONY|12203,"Reyes-Almonte, Anthony G",[TACOM];[CSR];[Admin];[ReadOnlyAudit];LocalDomainServers,
AB17B18704F5315D450BE80BA2BE50D3,D3E,,12/27/2021 15:27:45,12/27/2021 15:27:45,CN=Dwayne Petrakis/OU=CHPSID/O=TACOM,,RQ000274,Marrowbridge,III,Carlos,F,Grandchild,Betty Marrowbridge,5713 Cedar Ct,Indianapolis,IN,46281,(610) 555-1874,,E-mail,Manual,12/27/2021,Yes,12/27/2021,MARROWBRIDGE|CARLOS|46281,"Marrowbridge, Carlos F",[TACOM];[CSR];[Admin];[ReadOnlyAudit];LocalDomainServers,
6A4CE2E45333CAA878E32A2E0BD2F0F9,D42,,12/31/2005 17:12:55,12/31/2005 17:12:55,CN=HRC-Transfer/OU=Agents/O=TACOM,,RQ000275,Underhill-Voss,,Charles,S,Son,Gary Underhill,5812 Patton Ter,Philadelphia,PA,19124,,charles.underhill@example.com,Mail,NPRC,12/31/2005,No,,UNDERHILL-VOSS|CHARLES|19124,"Underhill-Voss, Charles S",[TACOM];[CSR];[Admin];[ReadOnlyAudit];LocalDomainServers,
CF6C93280BA830692E6212ECE5071FC9,D46,,01/26/2005 12:15:49,01/26/2005 12:15:49,CN=HRC-Transfer/OU=Agents/O=TACOM,,RQ000276,Quinonez,Jr.,Ralph,D,Self,Ralph D Quinonez,9288 Laurel Ln,Tucson,AZ,85765-4647,(484) 555-1479,,Mail,HRC,01/26/2005,No,,QUINONEZ|RALPH|85765,"Quinonez, Ralph D",[TACOM];[CSR];[Admin];[ReadOnlyAudit];LocalDomainServers,
BDAD73E555966DE5A3D3D8334F3FE3B8,D4A,,04/30/2014 12:49:02,04/30/2014 12:49:02,CN=Marlene Okafor/OU=CHPSID/O=TACOM,,RQ000277,Crandall-Mott,III,John,K,Self,John K Crandall-Mott,6763 Cedar Ln,Fargo,ND,58100,,,E-mail,Manual,04/30/2014,Yes,04/30/2014,CRANDALL-MOTT|JOHN|58100,"Crandall-Mott, John K",[TACOM];[CSR];[Admin];[ReadOnlyAudit];LocalDomainServers,
E76864D6D89DFD45153B2D3FE1AB31A9,D4E,,03/18/2017 14:18:28,03/18/2017 14:18:28,CN=Lorraine Whitcombe/OU=CHPSID/O=TACOM,,RQ000278,Crandall-Mott,Sr.,Robert,P,Self,Robert P Crandall-Mott,7511 Cedar Blvd,Albuquerque,NM,87168,(267) 555-1102,,Mail,Manual,03/18/2017,No,03/18/2017,CRANDALL-MOTT|ROBERT|87168,"Crandall-Mott, Robert P",[TACOM];[CSR];[Admin];[ReadOnlyAudit];LocalDomainServers,
CBD1296162318587BCFAA95564A3BEC7,D52,,11/01/2021 15:20:15,11/01/2021 15:20:15,CN=HRC-Transfer/OU=Agents/O=TACOM,,RQ000279,Lindquarry,,Donna,B,Self,Donna B Lindquarry,505 Madison Ct,Houston,TX,77095,(717) 555-1247,,Mail,NPRC,11/01/2021,Yes,11/01/2021,LINDQUARRY|DONNA|77095,"Lindquarry, Donna B",[TACOM];[CSR];[Admin];[ReadOnlyAudit];LocalDomainServers,
2523FD729D478ED06E242AF9712E408F,D56,,05/09/2011 16:44:28,05/09/2011 16:44:28,CN=HRC-Transfer/OU=Agents/O=TACOM,,RQ000280,Montgomerie,,Howard,W,Self,Howard W Montgomerie,679 Laurel Rd,Columbia,SC,29261,(215) 555-1261,howard.montgomerie@example.com,Mail,HRC,05/09/2011,Yes,05/09/2011,MONTGOMERIE|HOWARD|29261,"Montgomerie, Howard W",[TACOM];[CSR];[Admin];[ReadOnlyAudit];LocalDomainServers,
45ADC9C1E61EEBCD64C02D708301FAAA,D5A,,04/29/2019 08:15:54,04/29/2019 08:15:54,CN=Ret Hamlin/OU=CHPSID/O=TACOM,,RQ000281,Tarquinio,,Jennifer,R,Grandchild,Raymond Tarquinio,6251 Jefferson Dr,Grand Rapids,MI,49579-6899,(215) 555-1473,,E-mail,Congressional,04/29/2019,No,04/29/2019,TARQUINIO|JENNIFER|49579,"Tarquinio, Jennifer R",[TACOM];[CSR];[Admin];[ReadOnlyAudit];LocalDomainServers,
F4D7A244ABC0DBD182170B39AB8C94F8,D5E,,11/11/2012 14:40:54,11/11/2012 14:40:54,CN=HRC-Transfer/OU=Agents/O=TACOM,,RQ000282,Whitlock-Bay,,Robert,,Self,Robert Whitlock-Bay,2461 Spruce Pl,Kansas City,MO,64139,(703) 555-1781,,Mail,HRC,11/11/2012,Yes,11/11/2012,WHITLOCK-BAY|ROBERT|64139,"Whitlock-Bay, Robert",[TACOM];[CSR];[Admin];[ReadOnlyAudit];LocalDomainServers,
15797BC0FDE995D188EF1F13C8F57FAC,D62,,11/24/2024 10:47:55,11/24/2024 10:47:55,CN=HRC-Transfer/OU=Agents/O=TACOM,,RQ000283,Ashcroft-Mayne,III,Darnell,E,Self,Darnell E Ashcroft-Mayne,7746 Magnolia Ter,Shreveport,LA,71160,(302) 555-1453,darnell.ashcroft@example.com,Mail,NPRC,11/24/2024,No,11/24/2024,ASHCROFT-MAYNE|DARNELL|71160,"Ashcroft-Mayne, Darnell E",[TACOM];[CSR];[Admin];[ReadOnlyAudit];LocalDomainServers,
71130FE5582E4151D1D3EB676855F3F8,D66,,07/12/2004 13:35:15,07/12/2004 13:35:15,CN=HRC-Transfer/OU=Agents/O=TACOM,,RQ000284,Yamaguchi-Orr,III,Andrew,M,Self,Andrew M Yamaguchi-Orr,2113 Jefferson Rd,Portland,OR,97223-1822,(215) 555-1648,andrew.yamaguchi@example.com,E-mail,HRC,07/12/2004,No,07/12/2004,YAMAGUCHI-ORR|ANDREW|97223,"Yamaguchi-Orr, Andrew M",[TACOM];[CSR];[Admin];[ReadOnlyAudit];LocalDomainServers,
27137C7BD572695E89C34BCE8125F18D,D6A,,06/10/2024 10:46:24,06/10/2024 10:46:24,CN=Marlene Okafor/OU=CHPSID/O=TACOM,,RQ000285,Hinojosa-Mata,,Brian,E,Self,Brian E Hinojosa-Mata,1250 Magnolia Ave,Raleigh,NC,27639,,,Mail,Congressional,06/10/2024,No,,HINOJOSA-MATA|BRIAN|27639,"Hinojosa-Mata, Brian E",[TACOM];[CSR];[Admin];[ReadOnlyAudit];LocalDomainServers,
E384B8B1641C829362875E13DC58FDB5,D6E,,02/22/2023 09:24:21,02/22/2023 09:24:21,CN=HRC-Transfer/OU=Agents/O=TACOM,,RQ000286,Lindquarry,Jr.,Luis,F,Spouse,Heather Lindquarry,3499 Spruce Ct Apt 4D,St. Louis,MO,63147,(717) 555-1073,luis.lindquarry@example.com,Mail,HRC,02/22/2023,Yes,,LINDQUARRY|LUIS|63147,"Lindquarry, Luis F",[TACOM];[CSR];[Admin];[ReadOnlyAudit];LocalDomainServers,
6F9D8F29B9BCE9080FDD30ADB4B90BDF,D72,,12/25/2008 09:52:54,12/25/2008 09:52:54,CN=HRC-Transfer/OU=Agents/O=TACOM,,RQ000287,Palomares,Jr.,Walter,R,Self,Walter R Palomares,5974 Maple Rd,Kansas City,MO,64109,(410) 555-1611,,E-mail,HRC,12/25/2008,No,,PALOMARES|WALTER|64109,"Palomares, Walter R",[TACOM];[CSR];[Admin];[ReadOnlyAudit];LocalDomainServers,
C15F89A04028477F329DEEA48AB91A20,D76,,01/05/2020 09:36:32,01/05/2020 09:36:32,CN=Lorraine Whitcombe/OU=CHPSID/O=TACOM,,RQ000288,Jaramillo,,Joshua,,Sibling,Harold Jaramillo,6833 Maple Ter,Memphis,TN,38198,(610) 555-1806,,E-mail,Manual,01/05/2020,No,01/05/2020,JARAMILLO|JOSHUA|38198,"Jaramillo, Joshua",[TACOM];[CSR];[Admin];[ReadOnlyAudit];LocalDomainServers,
E6B6376548810171DBE8AD803C7E5520,D7A,,11/21/2017 17:11:40,11/21/2017 17:11:40,CN=HRC-Transfer/OU=Agents/O=TACOM,,RQ000289,Jaramillo,,Eugene,P,Spouse,Thomas Jaramillo,7344 Ridgway Ln,Houston,TX,77076-2819,(540) 555-1036,,E-mail,HRC,11/21/2017,Yes,,JARAMILLO|EUGENE|77076,"Jaramillo, Eugene P",[TACOM];[CSR];[Admin];[ReadOnlyAudit];LocalDomainServers,
34C9B60513E272D04566E5EC0C69571A,D7E,,12/28/2005 10:27:07,12/28/2005 10:27:07,CN=HRC-Transfer/OU=Agents/O=TACOM,,RQ000290,Delgadillo,,Tyler,R,Self,Tyler R Delgadillo,9146 Sycamore Rd Apt 33B,Des Moines,IA,50345,,tyler.delgadillo@example.com,E-mail,HRC,12/28/2005,Yes,12/28/2005,DELGADILLO|TYLER|50345,"Delgadillo, Tyler R",[TACOM];[CSR];[Admin];[ReadOnlyAudit];LocalDomainServers,
D2F68D5F3B3243B1F3505F35EA1B098B,D82,,11/27/2022 09:48:31,11/27/2022 09:48:31,CN=Renata Vasquez-Holm/OU=CHPSID/O=TACOM,,RQ000291,Galbreath,III,Nancy,J,Self,Nancy J Galbreath,6446 Juniper Ct,Las Vegas,NV,89104,,,Mail,Manual,11/27/2022,No,11/27/2022,GALBREATH|NANCY|89104,"Galbreath, Nancy J",[TACOM];[CSR];[Admin];[ReadOnlyAudit];LocalDomainServers,
4A67A7092C26A740ECD7306D25123966,D86,,10/30/2017 15:44:14,10/30/2017 15:44:14,CN=Lorraine Whitcombe/OU=CHPSID/O=TACOM,,RQ000292,Zapata-Kell,,Arthur,D,Self,Arthur D Zapata-Kell,1100 Juniper Ln,Portland,ME,04197,(215) 555-1546,,Mail,Manual,10/30/2017,Yes,,ZAPATA-KELL|ARTHUR|04197,"Zapata-Kell, Arthur D",[TACOM];[CSR];[Admin];[ReadOnlyAudit];LocalDomainServers,
0FD09B7DF5266A49BDE31AA813483F99,D8A,,01/13/2015 11:47:54,01/13/2015 11:47:54,CN=Marlene Okafor/OU=CHPSID/O=TACOM,,RQ000293,Quimbley,,Ruth,N,Self,Ruth N Quimbley,1357 Madison Rd,Colorado Springs,CO,80978,(215) 555-1731,ruth.quimbley@example.com,Phone,Congressional,01/13/2015,Yes,,QUIMBLEY|RUTH|80978,"Quimbley, Ruth N",[TACOM];[CSR];[Admin];[ReadOnlyAudit];LocalDomainServers,
2F2EC76BE661B9398213BA3E01923C39,D8E,,01/06/2005 09:10:02,01/06/2005 09:10:02,CN=HRC-Transfer/OU=Agents/O=TACOM,,RQ000294,Hollinbeck,,Patricia,,Self,Patricia Hollinbeck,7831 Armory Rd,Newark,NJ,07156,,,Mail,HRC,01/06/2005,Yes,01/06/2005,HOLLINBECK|PATRICIA|07156,"Hollinbeck, Patricia",[TACOM];[CSR];[Admin];[ReadOnlyAudit];LocalDomainServers,
755123AAE5CA8400D31C38DE7496EB11,D92,,04/29/2009 08:42:47,04/29/2009 08:42:47,CN=Marlene Okafor/OU=CHPSID/O=TACOM,,RQ000295,Norquist,,Elizabeth,,Son,Christopher Norquist,2308 Jefferson Blvd,Los Angeles,CA,90078,(703) 555-1691,,Mail,Congressional,04/29/2009,Yes,,NORQUIST|ELIZABETH|90078,"Norquist, Elizabeth",[TACOM];[CSR];[Admin];[ReadOnlyAudit];LocalDomainServers,
B701E0016D5A5419855C6B29A335BAB7,D96,,04/13/2025 14:43:09,04/13/2025 14:43:09,CN=Ret Hamlin/OU=CHPSID/O=TACOM,,RQ000296,Whitlock-Bay,,Carl,A,Self,Carl A Whitlock-Bay,7687 Bradley St,Trenton,NJ,08610,,,Phone,Congressional,04/13/2025,Yes,04/13/2025,WHITLOCK-BAY|CARL|08610,"Whitlock-Bay, Carl A",[TACOM];[CSR];[Admin];[ReadOnlyAudit];LocalDomainServers,
E64195CEB12B35A4EA2505861DA4F655,D9A,,01/11/2022 10:29:56,01/11/2022 10:29:56,CN=Ret Hamlin/OU=CHPSID/O=TACOM,,RQ000297,Barrowclough,,Andre,S,Daughter,Joshua Barrowclough,1575 Magnolia Blvd,Manchester,NH,03109-0250,(717) 555-1448,andre.barrowclough@example.com,Phone,Manual,01/11/2022,No,01/11/2022,BARROWCLOUGH|ANDRE|03109,"Barrowclough, Andre S",[TACOM];[CSR];[Admin];[ReadOnlyAudit];LocalDomainServers,
8B49B1310166A197EC6098D2ACB2B46C,D9E,,05/01/2021 17:37:02,05/01/2021 17:37:02,CN=HRC-Transfer/OU=Agents/O=TACOM,,RQ000298,Northway,Jr.,Carol,,Self,Carol Northway,4489 Jefferson Ter,Phoenix,AZ,85093,(717) 555-1523,carol.northway@example.com,Phone,HRC,05/01/2021,No,,NORTHWAY|CAROL|85093,"Northway, Carol",[TACOM];[CSR];[Admin];[ReadOnlyAudit];LocalDomainServers,
920DB7A88D3C86B49BC23A85E9E36A4F,DA2,,02/15/2010 08:27:17,02/15/2010 08:27:17,CN=HRC-Transfer/OU=Agents/O=TACOM,,RQ000299,Everleigh,Jr.,Brian,F,Grandchild,Helen Everleigh,1356 Eisenhower Way Apt 19B,Portland,ME,04180,(856) 555-1190,,Mail,HRC,02/15/2010,Yes,02/15/2010,EVERLEIGH|BRIAN|04180,"Everleigh, Brian F",[TACOM];[CSR];[Admin];[ReadOnlyAudit];LocalDomainServers,
A5CCA1780EC3923FD54853A368C78D57,DA6,,03/07/2016 17:22:36,03/07/2016 17:22:36,CN=Ret Hamlin/OU=CHPSID/O=TACOM,,RQ000300,Ashcroft-Mayne,,Howard,D,Parent,Margaret Ashcroft,9858 Sycamore Rd,Charlotte,NC,28239,(717) 555-1246,,Phone,Manual,03/07/2016,Yes,,ASHCROFT-MAYNE|HOWARD|28239,"Ashcroft-Mayne, Howard D",[TACOM];[CSR];[Admin];[ReadOnlyAudit];LocalDomainServers,
166B13F3B26D8093937A217D8260E7AE,DAA,,12/09/2020 08:02:17,12/09/2020 08:02:17,CN=HRC-Transfer/OU=Agents/O=TACOM,,RQ000301,Oakhurst-Pell,,Jose,H,Self,Jose H Oakhurst-Pell,2680 Cedar Dr,Honolulu,HI,96874-3138,(215) 555-1421,,Mail,HRC,12/09/2020,No,12/09/2020,OAKHURST-PELL|JOSE|96874,"Oakhurst-Pell, Jose H",[TACOM];[CSR];[Admin];[ReadOnlyAudit];LocalDomainServers,
65AC1063DFA6BA51944FE2D83DD29EFD,DAE,,10/05/2018 08:40:22,10/05/2018 08:40:22,CN=Lorraine Whitcombe/OU=CHPSID/O=TACOM,,RQ000302,Coldwater,Jr.,David,L,Self,David L Coldwater,7204 Bradley Rd,Phoenix,AZ,85097,,david.coldwater@example.com,Mail,Manual,10/05/2018,No,,COLDWATER|DAVID|85097,"Coldwater, David L",[TACOM];[CSR];[Admin];[ReadOnlyAudit];LocalDomainServers,
E7E9DD6F10FF12BE8E32923EA370CBCE,DB2,,02/03/2019 09:23:53,02/03/2019 09:23:53,CN=HRC-Transfer/OU=Agents/O=TACOM,,RQ000303,Yamaguchi-Orr,Sr.,William,S,Sibling,Eugene Yamaguchi,5986 Elm Pl,Pensacola,FL,32580,,,Mail,HRC,02/03/2019,No,02/03/2019,YAMAGUCHI-ORR|WILLIAM|32580,"Yamaguchi-Orr, William S",[TACOM];[CSR];[Admin];[ReadOnlyAudit];LocalDomainServers,
71CB0EA55F41E62B7FBA2A7EC24E846E,DB6,,11/14/2012 07:52:01,11/14/2012 07:52:01,CN=HRC-Transfer/OU=Agents/O=TACOM,,RQ000304,Yeardley,,Lisa,F,Other NOK,Margaret Yeardley,5347 Jefferson Rd,Newark,NJ,07144,(410) 555-1194,,Mail,HRC,11/14/2012,Yes,,YEARDLEY|LISA|07144,"Yeardley, Lisa F",[TACOM];[CSR];[Admin];[ReadOnlyAudit];LocalDomainServers,
7A942F9B38825E6CD96E634690F65D30,DBA,,01/21/2026 11:52:29,01/21/2026 11:52:29,CN=HRC-Transfer/OU=Agents/O=TACOM,,RQ000305,Rockwell-Sayre Jr.,Jr.,Brian,S,Spouse,Christopher Rockwell,1361 Juniper Blvd,San Diego,CA,92190,(302) 555-1858,brian.rockwell@example.com,Mail,HRC,01/21/2026,No,,ROCKWELL-SAYRE JR.|BRIAN|92190,"Rockwell-Sayre Jr., Brian",[TACOM];[CSR];[Admin];[ReadOnlyAudit];LocalDomainServers,RQ000015
38AC5443E54BBFDD24BA1D522FE7D16F,DBE,,09/24/2020 14:51:07,09/24/2020 14:51:07,CN=Marlene Okafor/OU=CHPSID/O=TACOM,,RQ000306,Fortenbury,,Hector,D,Daughter,Kevin Fortenbury,5983 Ridgway Rd,Manchester,NH,03150,(703) 555-1752,hector.fortenbury@example.com,Mail,Congressional,09/24/2020,Yes,,FORTENBURY|HECTOR|03150,"Fortenbury, Hector D",[TACOM];[CSR];[Admin];[ReadOnlyAudit];LocalDomainServers,
82A5FD4394FFF90CBF4F07B3464C7E67,DC2,,02/01/2013 09:00:28,02/01/2013 09:00:28,CN=HRC-Transfer/OU=Agents/O=TACOM,,RQ000307,Underhill-Voss,Jr.,Carl,,Spouse,Terrence Underhill,1158 Willow Rd,Jacksonville,FL,32232-3709,(856) 555-1141,carl.underhill@example.com,E-mail,HRC,02/01/2013,No,,UNDERHILL-VOSS|CARL|32232,"Underhill-Voss, Carl",[TACOM];[CSR];[Admin];[ReadOnlyAudit];LocalDomainServers,
988C6E9FCE83C6C18DCC4353C07C49DE,DC6,,01/10/2007 14:26:51,01/10/2007 14:26:51,CN=HRC-Transfer/OU=Agents/O=TACOM,,RQ000308,Yeardley,,Nancy,C,Self,Nancy C Yeardley,4923 Bradley Blvd,Seattle,WA,98112,(540) 555-1513,,Mail,HRC,01/10/2007,Yes,01/10/2007,YEARDLEY|NANCY|98112,"Yeardley, Nancy C",[TACOM];[CSR];[Admin];[ReadOnlyAudit];LocalDomainServers,
1406221F2EB509DB011C16AFBF5D4842,DCA,,02/28/2019 15:53:58,02/28/2019 15:53:58,CN=HRC-Transfer/OU=Agents/O=TACOM,,RQ000309,Yarrowdale,,Sandra,S,Self,Sandra S Yarrowdale,3124 Cedar Way,Billings,MT,59152-0669,,sandra.yarrowdale@example.com,E-mail,HRC,02/28/2019,Yes,02/28/2019,YARROWDALE|SANDRA|59152,"Yarrowdale, Sandra S",[TACOM];[CSR];[Admin];[ReadOnlyAudit];LocalDomainServers,
174FA2A772684A2AFFD93D1C4657A317,DCE,,09/09/2013 12:26:26,09/09/2013 12:26:26,CN=Dwayne Petrakis/OU=CHPSID/O=TACOM,,RQ000310,Stroudmoor,,Frances,,Spouse,Donald Stroudmoor,5684 Elm Rd Apt 20B,Boise,ID,83721,(610) 555-1492,,Mail,Congressional,09/09/2013,No,,STROUDMOOR|FRANCES|83721,"Stroudmoor, Frances",[TACOM];[CSR];[Admin];[ReadOnlyAudit];LocalDomainServers,
55AD0CBEB331405C6B46E5A6DC061DA2,DD2,,03/24/2012 16:03:20,03/24/2012 16:03:20,CN=HRC-Transfer/OU=Agents/O=TACOM,,RQ000311,Lockridge,III,Virginia,,Self,Virginia Lockridge,9473 Willow Pl,Cheyenne,WY,82085,(302) 555-1060,virginia.lockridge@example.com,E-mail,HRC,03/24/2012,Yes,03/24/2012,LOCKRIDGE|VIRGINIA|82085,"Lockridge, Virginia",[TACOM];[CSR];[Admin];[ReadOnlyAudit];LocalDomainServers,
06AD8F1869253EC9E9C46A60DE46B191,DD6,,12/02/2005 08:59:33,12/02/2005 08:59:33,CN=HRC-Transfer/OU=Agents/O=TACOM,,RQ000312,Dellacroix,,Nicole,,Self,Nicole Dellacroix,7445 Eisenhower Rd,Tampa,FL,33693-9361,(484) 555-1578,nicole.dellacroix@example.com,E-mail,HRC,12/02/2005,Yes,,DELLACROIX|NICOLE|33693,"Dellacroix, Nicole",[TACOM];[CSR];[Admin];[ReadOnlyAudit];LocalDomainServers,
7144D7B5877CD6036CFDEC7E427189D2,DDA,,01/26/2014 12:52:15,01/26/2014 12:52:15,CN=HRC-Transfer/OU=Agents/O=TACOM,,RQ000313,Ashcroft-Mayne,,Marcus,T,Parent,Joshua Ashcroft,5310 Birch Ave Apt 20C,Philadelphia,PA,19108,(717) 555-1450,marcus.ashcroft@example.com,Mail,HRC,01/26/2014,No,,ASHCROFT-MAYNE|MARCUS|19108,"Ashcroft-Mayne, Marcus T",[TACOM];[CSR];[Admin];[ReadOnlyAudit];LocalDomainServers,
FCC49217F4017FCDD6F50316EBEC787F,DDE,,06/27/2020 13:15:40,06/27/2020 13:15:40,CN=HRC-Transfer/OU=Agents/O=TACOM,,RQ000314,BRAMWOLD,,Carl,E,Self,Carl E Bramwold,2877 Marshall Pl,Trenton,NJ,08626,(717) 555-1372,carl.bramwold@example.com,Phone,NPRC,06/27/2020,No,,BRAMWOLD|CARL|08626,"BRAMWOLD, Carl",[TACOM];[CSR];[Admin];[ReadOnlyAudit];LocalDomainServers,
E33E1A8A489625298023D9B09F64836E,DE2,,04/29/2013 12:02:03,04/29/2013 12:02:03,CN=Marlene Okafor/OU=CHPSID/O=TACOM,,RQ000315,Escobedo-Ruiz,III,Helen,W,Other NOK,William Escobedo,254 Elm Ct,Wheeling,WV,26092,(267) 555-1704,,E-mail,Congressional,04/29/2013,No,,ESCOBEDO-RUIZ|HELEN|26092,"Escobedo-Ruiz, Helen W",[TACOM];[CSR];[Admin];[ReadOnlyAudit];LocalDomainServers,
15E35FFB29B7216771FFBB6174CD571A,DE6,,05/28/2020 14:06:32,05/28/2020 14:06:32,CN=HRC-Transfer/OU=Agents/O=TACOM,,RQ000316,Altamirano-Diaz,,Carl,,Spouse,Jennifer Altamirano,4569 Magnolia Ct,Fayetteville,NC,28346,(856) 555-1637,carl.altamirano@example.com,Mail,HRC,05/28/2020,Yes,,ALTAMIRANO-DIAZ|CARL|28346,"Altamirano-Diaz, Carl",[TACOM];[CSR];[Admin];[ReadOnlyAudit];LocalDomainServers,
61EFC5C823DE3BB01FB57ABAA801FBB2,DEA,,06/21/2011 14:12:41,06/21/2011 14:12:41,CN=Dwayne Petrakis/OU=CHPSID/O=TACOM,,RQ000317,Maldonado-Vega,,Robert,K,Self,Robert K Maldonado-Vega,3639 Jefferson Ln,Jacksonville,FL,32280-0551,(302) 555-1574,robert.maldonado@example.com,Phone,Manual,06/21/2011,Yes,06/21/2011,MALDONADO-VEGA|ROBERT|32280,"Maldonado-Vega, Robert K",[TACOM];[CSR];[Admin];[ReadOnlyAudit];LocalDomainServers,
2952F220ACBB807214D73796E8F70D52,DEE,,07/13/2005 13:28:49,07/13/2005 13:28:49,CN=Lorraine Whitcombe/OU=CHPSID/O=TACOM,,RQ000318,Vanterpool,,Walter,,Son,Thomas Vanterpool,4459 Madison Ln,Boise,ID,83728-9638,(610) 555-1490,,Phone,Congressional,07/13/2005,Yes,07/13/2005,VANTERPOOL|WALTER|83728,"Vanterpool, Walter",[TACOM];[CSR];[Admin];[ReadOnlyAudit];LocalDomainServers,
91AC5EA6444857CFB71A55D39627E99B,DF2,,02/16/2007 08:34:12,02/16/2007 08:34:12,CN=Ret Hamlin/OU=CHPSID/O=TACOM,,RQ000319,Vanterpool,,Arthur,,Self,Arthur Vanterpool,3139 Poplar Pl Apt 1C,Jacksonville,FL,32275,(267) 555-1100,arthur.vanterpool@example.com,Mail,Manual,02/16/2007,No,02/16/2007,VANTERPOOL|ARTHUR|32275,"Vanterpool, Arthur",[TACOM];[CSR];[Admin];[ReadOnlyAudit];LocalDomainServers,
03A1FEA6030A816231371ABAD5B912F3,DF6,,01/15/2022 09:21:49,01/15/2022 09:21:49,CN=HRC-Transfer/OU=Agents/O=TACOM,,RQ000320,Cartlewood,,William,M,Self,William M Cartlewood,2603 Willow St,Jackson,MS,39219,(610) 555-1315,william.cartlewood@example.com,Mail,HRC,01/15/2022,No,,CARTLEWOOD|WILLIAM|39219,"Cartlewood, William M",[TACOM];[CSR];[Admin];[ReadOnlyAudit];LocalDomainServers,
17EB55493D919DB8638A5BA53038F835,DFA,,07/26/2023 17:37:58,07/26/2023 17:37:58,CN=Lorraine Whitcombe/OU=CHPSID/O=TACOM,,RQ000321,Trevino-Hale,Sr.,Karen,,Self,Karen Trevino-Hale,3871 Dogwood Blvd,Dallas,TX,75215,(717) 555-1518,karen.trevino@example.com,Mail,Manual,07/26/2023,Yes,,TREVINO-HALE|KAREN|75215,"Trevino-Hale, Karen",[TACOM];[CSR];[Admin];[ReadOnlyAudit];LocalDomainServers,
ACEB43F223FFC3ADB5E02F7247925192,DFE,,07/15/2007 11:28:28,07/15/2007 11:28:28,CN=HRC-Transfer/OU=Agents/O=TACOM,,RQ000322,Abernook,,Timothy,A,Self,Timothy A Abernook,1889 Eisenhower Pl,Hartford,CT,06109,(540) 555-1336,timothy.abernook@example.com,E-mail,NPRC,07/15/2007,Yes,07/15/2007,ABERNOOK|TIMOTHY|06109,"Abernook, Timothy A",[TACOM];[CSR];[Admin];[ReadOnlyAudit];LocalDomainServers,
7552B6C8DFC4D3099C6F34CDB76457F7,E02,,02/23/2023 10:36:17,02/23/2023 10:36:17,CN=HRC-Transfer/OU=Agents/O=TACOM,,RQ000323,Zapata-Kell,,Leonard,M,Daughter,Walter Zapata,6877 Chestnut Dr Apt 34D,Killeen,TX,76527,(540) 555-1279,,Phone,NPRC,02/23/2023,No,02/23/2023,ZAPATA-KELL|LEONARD|76527,"Zapata-Kell, Leonard M",[TACOM];[CSR];[Admin];[ReadOnlyAudit];LocalDomainServers,
30ED49CE5A2913F78FFF22D97AF5933E,E06,,12/17/2022 17:37:12,12/17/2022 17:37:12,CN=HRC-Transfer/OU=Agents/O=TACOM,,RQ000324,Marrowbridge,,Richard,F,Self,Richard F Marrowbridge,8213 Washington Ave Apt 34C,Scranton,PA,18560,(267) 555-1345,,Mail,HRC,12/17/2022,No,12/17/2022,MARROWBRIDGE|RICHARD|18560,"Marrowbridge, Richard F",[TACOM];[CSR];[Admin];[ReadOnlyAudit];LocalDomainServers,
72C5550303315FBA49D1D3E6213E3AC4,E0A,,02/07/2021 15:41:52,02/07/2021 15:41:52,CN=Marlene Okafor/OU=CHPSID/O=TACOM,,RQ000325,Urquhart,Jr.,Sandra,A,Daughter,Sandra Urquhart,7450 Patton Ct Apt 21C,Columbus,GA,31939,,,Mail,Manual,02/07/2021,Yes,,URQUHART|SANDRA|31939,"Urquhart, Sandra A",[TACOM];[CSR];[Admin];[ReadOnlyAudit];LocalDomainServers,
F4EAD7DA65A86B2EE554978166F091F8,E0E,,03/15/2020 10:13:19,03/15/2020 10:13:19,CN=HRC-Transfer/OU=Agents/O=TACOM,,RQ000326,Washington-Pryce,,Lisa,R,Sibling,Mark Washington,7451 Cedar Pl,Jacksonville,FL,32256-4256,(717) 555-1370,,Phone,HRC,03/15/2020,No,03/15/2020,WASHINGTON-PRYCE|LISA|32256,"Washington-Pryce, Lisa R",[TACOM];[CSR];[Admin];[ReadOnlyAudit];LocalDomainServers,
271B6637EF65818B9D9EF58970EF2BB4,E12,,06/28/2016 17:52:45,06/28/2016 17:52:45,CN=HRC-Transfer/OU=Agents/O=TACOM,,RQ000327,Jessup-Kane,III,Lisa,D,Self,Lisa D Jessup-Kane,1742 Poplar Dr,Cheyenne,WY,82017-7515,(302) 555-1106,,Phone,HRC,06/28/2016,Yes,,JESSUP-KANE|LISA|82017,"Jessup-Kane, Lisa D",[TACOM];[CSR];[Admin];[ReadOnlyAudit];LocalDomainServers,
71EB2858071FA9E3778624B48E558C0E,E16,,06/14/2015 17:57:12,06/14/2015 17:57:12,CN=HRC-Transfer/OU=Agents/O=TACOM,,RQ000328,Abernook,,Justin,E,Self,Justin E Abernook,4216 Birch Ter,Shreveport,LA,71163,(717) 555-1697,,Mail,HRC,06/14/2015,Yes,06/14/2015,ABERNOOK|JUSTIN|71163,"Abernook, Justin E",[TACOM];[CSR];[Admin];[ReadOnlyAudit];LocalDomainServers,
DE95C7C26C0A81A44405E3A72C2A25E0,E1A,,07/29/2025 08:35:29,07/29/2025 08:35:29,CN=HRC-Transfer/OU=Agents/O=TACOM,,RQ000329,Figueroa-Paz,,Donald,P,Self,Donald P Figueroa-Paz,9611 Spruce Way,El Paso,TX,79996,(540) 555-1276,donald.figueroa@example.com,E-mail,NPRC,07/29/2025,Yes,07/29/2025,FIGUEROA-PAZ|DONALD|79996,"Figueroa-Paz, Donald P",[TACOM];[CSR];[Admin];[ReadOnlyAudit];LocalDomainServers,
DE4361BB6D89D018580B6922618CE9BD,E1E,,03/15/2023 13:47:41,03/15/2023 13:47:41,CN=Dwayne Petrakis/OU=CHPSID/O=TACOM,,RQ000330,Pettiford,Sr.,Marcus,G,Self,Marcus G Pettiford,7004 Juniper Pl,Boston,MA,02167,(302) 555-1962,marcus.pettiford@example.com,E-mail,Manual,03/15/2023,No,03/15/2023,PETTIFORD|MARCUS|02167,"Pettiford, Marcus G",[TACOM];[CSR];[Admin];[ReadOnlyAudit];LocalDomainServers,
D16CD79536BBBA654EA95D230C7728EA,E22,,05/31/2022 10:12:47,05/31/2022 10:12:47,CN=HRC-Transfer/OU=Agents/O=TACOM,,RQ000331,Pettiford,III,David,S,Daughter,Jeffrey Pettiford,2304 Eisenhower Ave,San Antonio,TX,78236,(302) 555-1594,,E-mail,HRC,05/31/2022,No,,PETTIFORD|DAVID|78236,"Pettiford, David S",[TACOM];[CSR];[Admin];[ReadOnlyAudit];LocalDomainServers,
16EFDF8BFEBE6AF15CAE6F648FBF9931,E26,,06/13/2025 15:07:57,06/13/2025 15:07:57,CN=HRC-Transfer/OU=Agents/O=TACOM,,RQ000332,Trevino-Hale,Sr.,Karen Jr,,Self,Karen Trevino-Hale,3871 Dogwood Blvd,Dallas,TX,75215,(717) 555-1518,karen.trevino@example.com,Mail,NPRC,06/13/2025,No,,TREVINO-HALE|KAREN JR|75215,"Trevino-Hale, Karen Jr",[TACOM];[CSR];[Admin];[ReadOnlyAudit];LocalDomainServers,
56F3700F29D73D972AF8D995E9ACCB20,E2A,,08/20/2020 17:10:47,08/20/2020 17:10:47,CN=Lorraine Whitcombe/OU=CHPSID/O=TACOM,,RQ000333,Beddingfield,Sr.,Carlos,J,Self,Carlos J Beddingfield,7468 Sycamore Pl,Honolulu,HI,96855,(215) 555-1228,carlos.beddingfield@example.com,Mail,Manual,08/20/2020,No,08/20/2020,BEDDINGFIELD|CARLOS|96855,"Beddingfield, Carlos J",[TACOM];[CSR];[Admin];[ReadOnlyAudit];LocalDomainServers,
B5EE1B07D98BC3C7AD400E75F5F6D06D,E2E,,12/20/2015 12:24:27,12/20/2015 12:24:27,CN=HRC-Transfer/OU=Agents/O=TACOM,,RQ000334,Delgadillo,III,Barbara,G,Self,Barbara G Delgadillo,8362 Chestnut Ave,Pittsburgh,PA,15298,(302) 555-1629,barbara.delgadillo@example.com,Mail,HRC,12/20/2015,Yes,,DELGADILLO|BARBARA|15298,"Delgadillo, Barbara G",[TACOM];[CSR];[Admin];[ReadOnlyAudit];LocalDomainServers,
F3A18A1056E56ACBA4D908A9D2EA53BA,E32,,12/29/2006 16:23:31,12/29/2006 16:23:31,CN=Dwayne Petrakis/OU=CHPSID/O=TACOM,,RQ000335,Kestleman,,Elizabeth,H,Self,Elizabeth H Kestleman,4544 Willow Way,Seattle,WA,98111-2674,,,Mail,Manual,12/29/2006,Yes,12/29/2006,KESTLEMAN|ELIZABETH|98111,"Kestleman, Elizabeth H",[TACOM];[CSR];[Admin];[ReadOnlyAudit];LocalDomainServers,
C010499A651285B709DFA27D6559863A,E36,,09/19/2010 13:37:19,09/19/2010 13:37:19,CN=HRC-Transfer/OU=Agents/O=TACOM,,RQ000336,Mackelvane,III,Angela,K,Self,Angela K Mackelvane,2132 Armory Ln,Toledo,OH,43636-9987,(856) 555-1116,angela.mackelvane@example.com,Mail,NPRC,09/19/2010,No,,MACKELVANE|ANGELA|43636,"Mackelvane, Angela K",[TACOM];[CSR];[Admin];[ReadOnlyAudit];LocalDomainServers,
BA01AE8820BAEBC54138625CED45DCCA,E3A,,01/19/2022 09:45:00,01/19/2022 09:45:00,CN=HRC-Transfer/OU=Agents/O=TACOM,,RQ000337,Fennimark,III,Rafael,T,Daughter,John Fennimark,299 Lincoln Pl,New Orleans,LA,70167,(484) 555-1198,,Phone,NPRC,01/19/2022,No,01/19/2022,FENNIMARK|RAFAEL|70167,"Fennimark, Rafael T",[TACOM];[CSR];[Admin];[ReadOnlyAudit];LocalDomainServers,
80ECF7D01CA12FAF7F27AFF4E1BDC219,E3E,,10/25/2008 16:39:15,10/25/2008 16:39:15,CN=Renata Vasquez-Holm/OU=CHPSID/O=TACOM,,RQ000338,Zabrowski,,Amanda,,Self,Amanda Zabrowski,9547 Spruce Rd,Killeen,TX,76549,,amanda.zabrowski@example.com,E-mail,Manual,10/25/2008,Yes,10/25/2008,ZABROWSKI|AMANDA|76549,"Zabrowski, Amanda",[TACOM];[CSR];[Admin];[ReadOnlyAudit];LocalDomainServers,
4E957847E8526BEE72737466709E5A8C,E42,,10/28/2004 11:08:47,10/28/2004 11:08:47,CN=Dwayne Petrakis/OU=CHPSID/O=TACOM,,RQ000339,Villanueva-Cox,,Angela,H,Son,William Villanueva,4818 Willow Ct,Chicago,IL,60632,(410) 555-1691,angela.villanueva@example.com,Phone,Manual,10/28/2004,Yes,10/28/2004,VILLANUEVA-COX|ANGELA|60632,"Villanueva-Cox, Angela H",[TACOM];[CSR];[Admin];[ReadOnlyAudit];LocalDomainServers,
1347CA22557C5AFC5A274FF7F308FD1C,E46,,06/16/2019 09:15:38,06/16/2019 09:15:38,CN=Lorraine Whitcombe/OU=CHPSID/O=TACOM,,RQ000340,Underhill-Voss,Sr.,Rafael,S,Self,Rafael S Underhill-Voss,37 Cedar Way Apt 38D,Newark,NJ,07195,(703) 555-1322,rafael.underhill@example.com,Phone,Congressional,06/16/2019,Yes,,UNDERHILL-VOSS|RAFAEL|07195,"Underhill-Voss, Rafael S",[TACOM];[CSR];[Admin];[ReadOnlyAudit];LocalDomainServers,
C865C2B28C3508B6BB3BB31B459C03D2,E4A,,08/17/2017 08:41:07,08/17/2017 08:41:07,CN=HRC-Transfer/OU=Agents/O=TACOM,,RQ000341,Castellanos,,Helen,,Self,Helen Castellanos,9593 Ridgway Blvd Apt 14D,Seattle,WA,98148,,,Mail,NPRC,08/17/2017,Yes,08/17/2017,CASTELLANOS|HELEN|98148,"Castellanos, Helen",[TACOM];[CSR];[Admin];[ReadOnlyAudit];LocalDomainServers,
DB644F4F98D758154C272862EE033CB1,E4E,,03/14/2008 12:09:07,03/14/2008 12:09:07,CN=HRC-Transfer/OU=Agents/O=TACOM,,RQ000342,Crandall-Mott,Sr.,Margaret,,Self,Margaret Crandall-Mott,9291 Juniper Blvd,San Antonio,TX,78255,,,Mail,HRC,03/14/2008,No,,CRANDALL-MOTT|MARGARET|78255,"Crandall-Mott, Margaret",[TACOM];[CSR];[Admin];[ReadOnlyAudit];LocalDomainServers,
3F62F662833AB8B3F507828128D2A998,E52,,05/21/2017 11:39:11,05/21/2017 11:39:11,CN=HRC-Transfer/OU=Agents/O=TACOM,,RQ000343,Tarquinio,Jr.,Amanda,T,Self,Amanda T Tarquinio,8716 Washington St,Indianapolis,IN,46274-5878,(703) 555-1110,,Phone,HRC,05/21/2017,Yes,,TARQUINIO|AMANDA|46274,"Tarquinio, Amanda T",[TACOM];[CSR];[Admin];[ReadOnlyAudit];LocalDomainServers,
85E7F2010E76637583C59532283E8AC6,E56,,10/11/2012 12:27:57,10/11/2012 12:27:57,CN=Dwayne Petrakis/OU=CHPSID/O=TACOM,,RQ000344,Thornbury,,Marcus,J,Self,Marcus J Thornbury,8539 Birch St,Memphis,TN,38127,(410) 555-1677,marcus.thornbury@example.com,Mail,Manual,10/11/2012,No,10/11/2012,THORNBURY|MARCUS|38127,"Thornbury, Marcus J",[TACOM];[CSR];[Admin];[ReadOnlyAudit];LocalDomainServers,
CDEAB0BBD8EA0067534C7E7308040842,E5A,,07/01/2026 16:02:32,07/01/2026 16:02:32,CN=HRC-Transfer/OU=Agents/O=TACOM,,RQ000345,Zimmerly,Jr.,Nicole M,M,Self,Nicole M Zimmerly,1553 Birch Ln,Dayton,OH,45421,(610) 555-1043,,Mail,HRC,07/01/2026,No,,ZIMMERLY|NICOLE M|45421,"Zimmerly, Nicole M",[TACOM];[CSR];[Admin];[ReadOnlyAudit];LocalDomainServers,RQ000190
0A33B4EE8AC5812A5DED9F7760001AEC,E5E,,07/02/2012 09:36:22,07/02/2012 09:36:22,CN=Marlene Okafor/OU=CHPSID/O=TACOM,,RQ000346,Altamirano-Diaz,,Clarence,,Son,Jamal Altamirano,1131 Juniper Ter,Tampa,FL,33639,(267) 555-1185,,Mail,Congressional,07/02/2012,Yes,07/02/2012,ALTAMIRANO-DIAZ|CLARENCE|33639,"Altamirano-Diaz, Clarence",[TACOM];[CSR];[Admin];[ReadOnlyAudit];LocalDomainServers,
30ABFE6398F2535CCC73EE2A462D8EB0,E62,,04/16/2009 07:27:11,04/16/2009 07:27:11,CN=HRC-Transfer/OU=Agents/O=TACOM,,RQ000347,Urquhart,,John,,Self,John Urquhart,4613 Walnut Pl,Los Angeles,CA,90020-1923,(717) 555-1789,john.urquhart@example.com,Mail,HRC,04/16/2009,Yes,,URQUHART|JOHN|90020,"Urquhart, John",[TACOM];[CSR];[Admin];[ReadOnlyAudit];LocalDomainServers,
6449153C49D4284EC2D17B88559A15DC,E66,,09/27/2023 09:50:46,09/27/2023 09:50:46,CN=Benedetta Kowalczyk/OU=CHPSID/O=TACOM,,RQ000348,Ellsworthy Jr.,Jr.,Margaret,,Spouse,Anthony Ellsworthy,3159 Willow Ct,Billings,MT,59194-7842,(610) 555-1019,,Mail,Manual,09/27/2023,No,,ELLSWORTHY JR.|MARGARET|59194,"Ellsworthy Jr., Margaret",[TACOM];[CSR];[Admin];[ReadOnlyAudit];LocalDomainServers,
360D1C06AF59DB886657398682BF69D0,E6A,,12/22/2012 10:26:46,12/22/2012 10:26:46,CN=HRC-Transfer/OU=Agents/O=TACOM,,RQ000349,Vosburgh,Sr.,Susan,K,Spouse,James Vosburgh,370 Laurel Blvd,Buffalo,NY,14247,,,Phone,HRC,12/22/2012,No,12/22/2012,VOSBURGH|SUSAN|14247,"Vosburgh, Susan K",[TACOM];[CSR];[Admin];[ReadOnlyAudit];LocalDomainServers,
F58D205C56E30B83B8A55B5E94CAA458,E6E,,02/05/2011 14:26:07,02/05/2011 14:26:07,CN=HRC-Transfer/OU=Agents/O=TACOM,,RQ000350,Kestleman,III,Timothy,F,Self,Timothy F Kestleman,9541 Armory Rd,Trenton,NJ,08644,(703) 555-1800,timothy.kestleman@example.com,Mail,NPRC,02/05/2011,No,02/05/2011,KESTLEMAN|TIMOTHY|08644,"Kestleman, Timothy F",[TACOM];[CSR];[Admin];[ReadOnlyAudit];LocalDomainServers,
39EE0A239CF3962FCBCD265B218A221D,E72,,08/11/2022 08:57:57,08/11/2022 08:57:57,CN=HRC-Transfer/OU=Agents/O=TACOM,,RQ000351,Villanueva-Cox,,Jamal,W,Daughter,Terrence Villanueva,422 Juniper Way,Los Angeles,CA,90078-6301,(267) 555-1269,jamal.villanueva@example.com,Mail,HRC,08/11/2022,Yes,,VILLANUEVA-COX|JAMAL|90078,"Villanueva-Cox, Jamal W",[TACOM];[CSR];[Admin];[ReadOnlyAudit];LocalDomainServers,
EC6AD424B0B692792EEC3C5E10E41C9A,E76,,09/07/2004 15:14:47,09/07/2004 15:14:47,CN=HRC-Transfer/OU=Agents/O=TACOM,,RQ000352,Quinonez,Sr.,Andrew,B,Self,Andrew B Quinonez,749 Magnolia Ct,Scranton,PA,18521-9338,(484) 555-1871,,Phone,HRC,09/07/2004,Yes,,QUINONEZ|ANDREW|18521,"Quinonez, Andrew B",[TACOM];[CSR];[Admin];[ReadOnlyAudit];LocalDomainServers,
AB744695ED9D0AD49285BB1B388CE45B,E7A,,07/31/2015 07:08:45,07/31/2015 07:08:45,CN=HRC-Transfer/OU=Agents/O=TACOM,,RQ000353,Vosburgh,III,David,,Self,David Vosburgh,8263 Poplar Rd,Little Rock,AR,72248,(717) 555-1362,david.vosburgh@example.com,Mail,HRC,07/31/2015,No,07/31/2015,VOSBURGH|DAVID|72248,"Vosburgh, David",[TACOM];[CSR];[Admin];[ReadOnlyAudit];LocalDomainServers,
B12BEEC4C3C5D80613885C562DCF2346,E7E,,07/14/2015 08:50:09,07/14/2015 08:50:09,CN=HRC-Transfer/OU=Agents/O=TACOM,,RQ000354,Montgomerie,,Terrence,N,Self,Terrence N Montgomerie,7297 Sycamore Ter,San Diego,CA,92153,,terrence.montgomerie@example.com,E-mail,NPRC,07/14/2015,No,,MONTGOMERIE|TERRENCE|92153,"Montgomerie, Terrence N",[TACOM];[CSR];[Admin];[ReadOnlyAudit];LocalDomainServers,
2EBF6C21430B5AA6866CB4003A45C06F,E82,,11/24/2012 11:57:36,11/24/2012 11:57:36,CN=HRC-Transfer/OU=Agents/O=TACOM,,RQ000355,Ingersby,,Ernesto,,Spouse,Linda Ingersby,398 Hickory Ct,Honolulu,HI,96805-2829,(484) 555-1793,ernesto.ingersby@example.com,E-mail,NPRC,11/24/2012,Yes,11/24/2012,INGERSBY|ERNESTO|96805,"Ingersby, Ernesto",[TACOM];[CSR];[Admin];[ReadOnlyAudit];LocalDomainServers,
8743A0D1D612C30FCBD46CE2E60710D2,E86,,04/13/2019 10:02:50,04/13/2019 10:02:50,CN=HRC-Transfer/OU=Agents/O=TACOM,,RQ000356,Vanterpool,Sr.,Amanda,H,Self,Amanda H Vanterpool,2810 Birch St,Chicago,IL,60661,(540) 555-1841,amanda.vanterpool@example.com,Phone,HRC,04/13/2019,Yes,04/13/2019,VANTERPOOL|AMANDA|60661,"Vanterpool, Amanda H",[TACOM];[CSR];[Admin];[ReadOnlyAudit];LocalDomainServers,
A24FB9821740235C98D2ED9D51963CA0,E8A,,10/24/2015 11:58:53,10/24/2015 11:58:53,CN=HRC-Transfer/OU=Agents/O=TACOM,,RQ000357,Ahlquist-Bane,,Virginia,,Self,Virginia Ahlquist-Bane,5175 Madison Rd,Memphis,TN,38113,(703) 555-1470,virginia.ahlquist@example.com,Mail,HRC,10/24/2015,Yes,10/24/2015,AHLQUIST-BANE|VIRGINIA|38113,"Ahlquist-Bane, Virginia",[TACOM];[CSR];[Admin];[ReadOnlyAudit];LocalDomainServers,
EA196C19B7FE873892FE77B595E6768A,E8E,,08/09/2007 07:50:50,08/09/2007 07:50:50,CN=Lorraine Whitcombe/OU=CHPSID/O=TACOM,,RQ000358,Palomares,III,Carl H,H,Son,Elizabeth Palomares,6322 Willow Ave,Lawton,OK,73598,(215) 555-1280,carl.palomares@example.com,E-mail,Manual,08/09/2007,No,,PALOMARES|CARL H|73598,"Palomares, Carl H",[TACOM];[CSR];[Admin];[ReadOnlyAudit];LocalDomainServers,RQ000068
D3B60CAA348E55BEFBF3D069C9C539A4,E92,,05/06/2023 09:37:27,05/06/2023 09:37:27,CN=HRC-Transfer/OU=Agents/O=TACOM,,RQ000359,Benavidez-Cruz,III,Clarence,,Self,Clarence Benavidez-Cruz,7106 Birch St Apt 8D,Spokane,WA,99259,(540) 555-1408,clarence.benavidez@example.com,Phone,NPRC,05/06/2023,Yes,,BENAVIDEZ-CRUZ|CLARENCE|99259,"Benavidez-Cruz, Clarence",[TACOM];[CSR];[Admin];[ReadOnlyAudit];LocalDomainServers,
F4DA460BB82F704F9C3BF02F292CEF6C,E96,,05/01/2009 09:06:10,05/01/2009 09:06:10,CN=HRC-Transfer/OU=Agents/O=TACOM,,RQ000360,Fortenbury,III,Earl,N,Son,Earl Fortenbury,5807 Eisenhower Way Apt 18A,Kansas City,MO,64124,(215) 555-1415,earl.fortenbury@example.com,Phone,HRC,05/01/2009,Yes,05/01/2009,FORTENBURY|EARL|64124,"Fortenbury, Earl N",[TACOM];[CSR];[Admin];[ReadOnlyAudit];LocalDomainServers,
3164E47562C04D58EC88AA988452F8DA,E9A,,10/18/2022 16:08:14,10/18/2022 16:08:14,CN=HRC-Transfer/OU=Agents/O=TACOM,,RQ000361,Villanueva-Cox,Jr.,Luis,L,Self,Luis L Villanueva-Cox,5482 Magnolia St,Worcester,MA,01647,(410) 555-1093,,Mail,HRC,10/18/2022,No,10/18/2022,VILLANUEVA-COX|LUIS|01647,"Villanueva-Cox, Luis L",[TACOM];[CSR];[Admin];[ReadOnlyAudit];LocalDomainServers,
43843FA4B5E8E9D29D55F7A482E07BE2,E9E,,08/18/2015 11:19:22,08/18/2015 11:19:22,CN=HRC-Transfer/OU=Agents/O=TACOM,,RQ000362,Haverstock,,Elizabeth,,Other NOK,Patricia Haverstock,4068 Armory Dr Apt 22A,Des Moines,IA,50317,(610) 555-1036,,Mail,HRC,08/18/2015,Yes,,HAVERSTOCK|ELIZABETH|50317,"Haverstock, Elizabeth",[TACOM];[CSR];[Admin];[ReadOnlyAudit];LocalDomainServers,
1B4AA8D81F51942BFAB955BD62631FE2,EA2,,03/18/2010 17:29:16,03/18/2010 17:29:16,CN=HRC-Transfer/OU=Agents/O=TACOM,,RQ000363,Yamaguchi-Orr,,Anthony,K,Self,Anthony K Yamaguchi-Orr,7905 Dogwood Blvd,Boise,ID,83740,(267) 555-1892,,Phone,NPRC,03/18/2010,Yes,03/18/2010,YAMAGUCHI-ORR|ANTHONY|83740,"Yamaguchi-Orr, Anthony K",[TACOM];[CSR];[Admin];[ReadOnlyAudit];LocalDomainServers,
52ED05156449AAE6FA55A971CCD011BC,EA6,,11/02/2010 17:05:45,11/02/2010 17:05:45,CN=HRC-Transfer/OU=Agents/O=TACOM,,RQ000364,Kestleman,,Anthony,,Son,Jessica Kestleman,3823 Maple Ave,Worcester,MA,01632,(703) 555-1352,,Mail,HRC,11/02/2010,Yes,11/02/2010,KESTLEMAN|ANTHONY|01632,"Kestleman, Anthony",[TACOM];[CSR];[Admin];[ReadOnlyAudit];LocalDomainServers,
EC00C83895B52EAC3C7EEB670F6F7B5C,EAA,,10/04/2011 13:54:58,10/04/2011 13:54:58,CN=HRC-Transfer/OU=Agents/O=TACOM,,RQ000365,Yellowley,Jr.,Rafael,D,Self,Rafael D Yellowley,9602 Jefferson Ave,Des Moines,IA,50303,(302) 555-1793,,Mail,HRC,10/04/2011,Yes,10/04/2011,YELLOWLEY|RAFAEL|50303,"Yellowley, Rafael D",[TACOM];[CSR];[Admin];[ReadOnlyAudit];LocalDomainServers,
6D04CD5E985189B4450A88D70FE709AF,EAE,,10/23/2014 08:22:05,10/23/2014 08:22:05,CN=HRC-Transfer/OU=Agents/O=TACOM,,RQ000366,Nakashima,Sr.,Charles,,Self,Charles Nakashima,9583 Patton St,Wilmington,DE,19870-1980,(484) 555-1423,charles.nakashima@example.com,Mail,HRC,10/23/2014,Yes,10/23/2014,NAKASHIMA|CHARLES|19870,"Nakashima, Charles",[TACOM];[CSR];[Admin];[ReadOnlyAudit];LocalDomainServers,
0472E6D900A85EA3B2518836D6E25A05,EB2,,06/28/2009 08:23:28,06/28/2009 08:23:28,CN=HRC-Transfer/OU=Agents/O=TACOM,,RQ000367,Wickersham,,Eugene,J,Daughter,Susan Wickersham,3359 Spruce Ter,St. Louis,MO,63120,(215) 555-1067,eugene.wickersham@example.com,Phone,HRC,06/28/2009,Yes,06/28/2009,WICKERSHAM|EUGENE|63120,"Wickersham, Eugene J",[TACOM];[CSR];[Admin];[ReadOnlyAudit];LocalDomainServers,
D167C8EA124640D13AACC06207CF24A7,EB6,,04/02/2017 13:06:28,04/02/2017 13:06:28,CN=Benedetta Kowalczyk/OU=CHPSID/O=TACOM,,RQ000368,Hinojosa-Mata,,Leonard,,Son,Ralph Hinojosa,325 Laurel Dr,Jacksonville,FL,32216,(267) 555-1047,,Phone,Manual,04/02/2017,No,04/02/2017,HINOJOSA-MATA|LEONARD|32216,"Hinojosa-Mata, Leonard",[TACOM];[CSR];[Admin];[ReadOnlyAudit];LocalDomainServers,
5662917A5664BF95F884A2574816AE1C,EBA,,08/26/2007 15:45:40,08/26/2007 15:45:40,CN=HRC-Transfer/OU=Agents/O=TACOM,,RQ000369,Marrowbridge,Sr.,Mildred,D,Self,Mildred D Marrowbridge,6851 Jefferson Ter,Sacramento,CA,95828,(267) 555-1142,mildred.marrowbridge@example.com,Mail,HRC,08/26/2007,No,08/26/2007,MARROWBRIDGE|MILDRED|95828,"Marrowbridge, Mildred D",[TACOM];[CSR];[Admin];[ReadOnlyAudit];LocalDomainServers,
244B4455633A02A444C0BC1F0D38B928,EBE,,03/17/2022 13:05:24,03/17/2022 13:05:24,CN=HRC-Transfer/OU=Agents/O=TACOM,,RQ000370,Vosburgh,III,Patricia,,Self,Patricia Vosburgh,1641 Oak Dr,Anchorage,AK,99516,(484) 555-1243,patricia.vosburgh@example.com,Mail,HRC,03/17/2022,No,,VOSBURGH|PATRICIA|99516,"Vosburgh, Patricia",[TACOM];[CSR];[Admin];[ReadOnlyAudit];LocalDomainServers,
4C4A1ABBB9C75CEEC16380E1A14F60E5,EC2,,03/28/2022 07:45:39,03/28/2022 07:45:39,CN=HRC-Transfer/OU=Agents/O=TACOM,,RQ000371,Ostrowski-Lane,,Virginia,A,Daughter,Marcus Ostrowski,2418 Elm Ln Apt 28B,Des Moines,IA,50357-2928,(484) 555-1348,,Mail,NPRC,03/28/2022,Yes,03/28/2022,OSTROWSKI-LANE|VIRGINIA|50357,"Ostrowski-Lane, Virginia A",[TACOM];[CSR];[Admin];[ReadOnlyAudit];LocalDomainServers,
56759A36D47EBA51A1E6E0E76B19DE24,EC6,,04/29/2013 09:22:51,04/29/2013 09:22:51,CN=HRC-Transfer/OU=Agents/O=TACOM,,RQ000372,Castellanos,Sr.,Joshua,,Self,Joshua Castellanos,7148 Sycamore St,Knoxville,TN,37978-9620,(484) 555-1722,,Phone,HRC,04/29/2013,No,04/29/2013,CASTELLANOS|JOSHUA|37978,"Castellanos, Joshua",[TACOM];[CSR];[Admin];[ReadOnlyAudit];LocalDomainServers,
0BAA76256D7B2F90EAF953C2CC7D5F62,ECA,,06/20/2010 11:25:09,06/20/2010 11:25:09,CN=HRC-Transfer/OU=Agents/O=TACOM,,RQ000373,Yarrowdale,III,Darnell,,Self,Darnell Yarrowdale,2297 Patton Rd,Fresno,CA,93711-5193,(267) 555-1052,darnell.yarrowdale@example.com,E-mail,HRC,06/20/2010,Yes,06/20/2010,YARROWDALE|DARNELL|93711,"Yarrowdale, Darnell",[TACOM];[CSR];[Admin];[ReadOnlyAudit];LocalDomainServers,
F51C1F8065048F97DB9561E314EC4AFA,ECE,,03/12/2014 16:27:24,03/12/2014 16:27:24,CN=HRC-Transfer/OU=Agents/O=TACOM,,RQ000374,Ostrowski-Lane,Jr.,Sandra,,Son,Margaret Ostrowski,4772 Hickory Ct Apt 23C,Salt Lake City,UT,84124,(410) 555-1919,sandra.ostrowski@example.com,E-mail,HRC,03/12/2014,No,,OSTROWSKI-LANE|SANDRA|84124,"Ostrowski-Lane, Sandra",[TACOM];[CSR];[Admin];[ReadOnlyAudit];LocalDomainServers,
0742D1BC4081A8C3B367EADE68874C35,ED2,,03/28/2023 13:26:30,03/28/2023 13:26:30,CN=HRC-Transfer/OU=Agents/O=TACOM,,RQ000375,Everleigh,III,Eugene,W,Self,Eugene W Everleigh,1248 Maple St,Des Moines,IA,50364,,,Mail,HRC,03/28/2023,Yes,03/28/2023,EVERLEIGH|EUGENE|50364,"Everleigh, Eugene W",[TACOM];[CSR];[Admin];[ReadOnlyAudit];LocalDomainServers,
64B7F67ACC4D59920A85E6A7386B66A3,ED6,,07/01/2026 14:01:12,07/01/2026 14:01:12,CN=HRC-Transfer/OU=Agents/O=TACOM,,RQ000376,Castellanos,III,S.,B,Self,Sarah B Castellanos,8388 Maple St Apt 7B,Syracuse,NY,13276,,,Phone,HRC,07/01/2026,No,,CASTELLANOS|S.|13276,"Castellanos, S.",[TACOM];[CSR];[Admin];[ReadOnlyAudit];LocalDomainServers,
4B4A621A7F3D8C97590097C1CA3A0D4F,EDA,,10/15/2023 15:22:19,10/15/2023 15:22:19,CN=Marlene Okafor/OU=CHPSID/O=TACOM,,RQ000377,QUARTERMAN,Jr.,Helen,D,Spouse,Jessica Quarterman,8319 Chestnut Rd,Fort Wayne,IN,46877,(703) 555-1886,,Mail,Manual,10/15/2023,No,,QUARTERMAN|HELEN|46877,"QUARTERMAN, Helen",[TACOM];[CSR];[Admin];[ReadOnlyAudit];LocalDomainServers,
2F6893C8201153339AFDCC9FA12EDD8D,EDE,,09/28/2019 17:29:46,09/28/2019 17:29:46,CN=HRC-Transfer/OU=Agents/O=TACOM,,RQ000378,Norquist,,Darnell,,Daughter,Brian Norquist,8510 Jefferson Blvd,Des Moines,IA,50389,(703) 555-1699,darnell.norquist@example.com,E-mail,NPRC,09/28/2019,No,09/28/2019,NORQUIST|DARNELL|50389,"Norquist, Darnell",[TACOM];[CSR];[Admin];[ReadOnlyAudit];LocalDomainServers,
0912DCCF83186D6C883D972D1E31BC9F,EE2,,01/14/2011 13:01:49,01/14/2011 13:01:49,CN=HRC-Transfer/OU=Agents/O=TACOM,,RQ000379,Ledesma-Ortiz,Sr.,Stephanie,C,Self,Stephanie C Ledesma-Ortiz,5467 Veterans Memorial Ave,Scranton,PA,18590-0483,(267) 555-1994,stephanie.ledesma@example.com,Phone,HRC,01/14/2011,No,,LEDESMA-ORTIZ|STEPHANIE|18590,"Ledesma-Ortiz, Stephanie C",[TACOM];[CSR];[Admin];[ReadOnlyAudit];LocalDomainServers,
6FBDE9D7C178B40A782AF829F3A59328,EE6,,12/16/2025 09:05:53,12/16/2025 09:05:53,CN=HRC-Transfer/OU=Agents/O=TACOM,,RQ000380,Delgadillo,,Ernesto,B,Son,Hector Delgadillo,5820 Willow Dr,Milwaukee,WI,53204-4619,,ernesto.delgadillo@example.com,Mail,NPRC,12/16/2025,Yes,12/16/2025,DELGADILLO|ERNESTO|53204,"Delgadillo, Ernesto B",[TACOM];[CSR];[Admin];[ReadOnlyAudit];LocalDomainServers,
082623C198FD6FEC8ADB9E17DEC3BDAE,EEA,,10/07/2009 12:48:23,10/07/2009 12:48:23,CN=HRC-Transfer/OU=Agents/O=TACOM,,RQ000381,Zellinger,,Linda,,Grandchild,Howard Zellinger,7229 Eisenhower Blvd,Indianapolis,IN,46232,(484) 555-1003,linda.zellinger@example.com,Phone,HRC,10/07/2009,Yes,,ZELLINGER|LINDA|46232,"Zellinger, Linda",[TACOM];[CSR];[Admin];[ReadOnlyAudit];LocalDomainServers,
A07858181FA499E5BBD7BE5BC9A568FA,EEE,,04/24/2022 08:34:47,04/24/2022 08:34:47,CN=HRC-Transfer/OU=Agents/O=TACOM,,RQ000382,Lattimore,,Christopher,N,Grandchild,Stephanie Lattimore,1235 Maple Dr,Detroit,MI,48233-1414,(717) 555-1235,christopher.lattimore@example.com,Mail,HRC,04/24/2022,Yes,04/24/2022,LATTIMORE|CHRISTOPHER|48233,"Lattimore, Christopher N",[TACOM];[CSR];[Admin];[ReadOnlyAudit];LocalDomainServers,
689E8DEF95A5A49D5E98F210AE302BD6,EF2,,02/19/2022 17:09:24,02/19/2022 17:09:24,CN=HRC-Transfer/OU=Agents/O=TACOM,,RQ000383,Vandermolen,,Jamal,K,Son,Jessica Vandermolen,5205 Bradley Dr,St. Louis,MO,63160,,,E-mail,HRC,02/19/2022,Yes,,VANDERMOLEN|JAMAL|63160,"Vandermolen, Jamal K",[TACOM];[CSR];[Admin];[ReadOnlyAudit];LocalDomainServers,
ADFB71B8AE5CAD27BB985EB7FC445B71,EF6,,05/08/2009 11:45:19,05/08/2009 11:45:19,CN=HRC-Transfer/OU=Agents/O=TACOM,,RQ000384,Yeardley Jr.,,Nancy,C,Self,Nancy C Yeardley,4923 Bradley Blvd,Seattle,WA,98112,(540) 555-1513,,Mail,HRC,05/08/2009,No,,YEARDLEY JR.|NANCY|98112,"Yeardley Jr., Nancy",[TACOM];[CSR];[Admin];[ReadOnlyAudit];LocalDomainServers,
8B692739E83A7FDCCCBEC00AA41C0F72,EFA,,07/20/2018 14:07:15,07/20/2018 14:07:15,CN=HRC-Transfer/OU=Agents/O=TACOM,,RQ000385,Montgomerie,,Arthur,T,Self,Arthur T Montgomerie,9150 Patton Dr,Wilmington,DE,19853,(703) 555-1168,,Mail,HRC,07/20/2018,No,,MONTGOMERIE|ARTHUR|19853,"Montgomerie, Arthur T",[TACOM];[CSR];[Admin];[ReadOnlyAudit];LocalDomainServers,
89E06111E5ACD42ADF5BB40470D6D94D,EFE,,05/06/2025 08:07:37,05/06/2025 08:07:37,CN=Marlene Okafor/OU=CHPSID/O=TACOM,,RQ000386,Lockridge,,Barbara,D,Sibling,Elizabeth Lockridge,6663 Lincoln St,Scranton,PA,18508,,,Mail,Congressional,05/06/2025,Yes,05/06/2025,LOCKRIDGE|BARBARA|18508,"Lockridge, Barbara D",[TACOM];[CSR];[Admin];[ReadOnlyAudit];LocalDomainServers,
1B078B97D8650B30A93EDDB7A57DEED6,F02,,03/08/2025 10:03:19,03/08/2025 10:03:19,CN=HRC-Transfer/OU=Agents/O=TACOM,,RQ000387,Whitlock-Bay,,Heather T,T,Sibling,Susan Whitlock,2900 Spruce St,Cheyenne,WY,82086-9920,,,Mail,HRC,03/08/2025,No,,WHITLOCK-BAY|HEATHER T|82086,"Whitlock-Bay, Heather T",[TACOM];[CSR];[Admin];[ReadOnlyAudit];LocalDomainServers,RQ000050
68930876410A01D218EB00D8D37A56B4,F06,,04/28/2017 15:24:21,04/28/2017 15:24:21,CN=Renata Vasquez-Holm/OU=CHPSID/O=TACOM,,RQ000388,Yellowley,,Matthew,,Self,Matthew Yellowley,3397 Patton Blvd,Sacramento,CA,95867,(267) 555-1811,matthew.yellowley@example.com,Mail,Congressional,04/28/2017,No,04/28/2017,YELLOWLEY|MATTHEW|95867,"Yellowley, Matthew",[TACOM];[CSR];[Admin];[ReadOnlyAudit];LocalDomainServers,
BF171E3658517A778EE78F6C30BCBF1A,F0A,,04/29/2018 09:44:23,04/29/2018 09:44:23,CN=HRC-Transfer/OU=Agents/O=TACOM,,RQ000389,Drakeford,III,Walter,S,Self,Walter S Drakeford,7197 Oak St,Dayton,OH,45446,(215) 555-1539,walter.drakeford@example.com,Mail,NPRC,04/29/2018,Yes,04/29/2018,DRAKEFORD|WALTER|45446,"Drakeford, Walter S",[TACOM];[CSR];[Admin];[ReadOnlyAudit];LocalDomainServers,
0ED1B1203728830AB48199937A828973,F0E,,10/15/2018 15:01:13,10/15/2018 15:01:13,CN=Ret Hamlin/OU=CHPSID/O=TACOM,,RQ000390,Underhill-Voss,,Sarah,,Self,Sarah Underhill-Voss,8296 Sycamore Pl,Honolulu,HI,96839,,sarah.underhill@example.com,Mail,Manual,10/15/2018,No,10/15/2018,UNDERHILL-VOSS|SARAH|96839,"Underhill-Voss, Sarah",[TACOM];[CSR];[Admin];[ReadOnlyAudit];LocalDomainServers,
4CB92A5CB0D2E90B127E3DB74FD8EA1B,F12,,02/07/2008 16:45:58,02/07/2008 16:45:58,CN=HRC-Transfer/OU=Agents/O=TACOM,,RQ000391,Wexcombe,,Susan,L,Self,Susan L Wexcombe,2372 Chestnut Ave,Providence,RI,02955,(540) 555-1559,,E-mail,HRC,02/07/2008,Yes,02/07/2008,WEXCOMBE|SUSAN|02955,"Wexcombe, Susan L",[TACOM];[CSR];[Admin];[ReadOnlyAudit];LocalDomainServers,
F89CB1DF251906D319A8A2FF8F567F99,F16,,07/30/2004 07:08:54,07/30/2004 07:08:54,CN=HRC-Transfer/OU=Agents/O=TACOM,,RQ000392,Rockwell-Sayre,,Mark,T,Son,Ryan Rockwell,8761 Cedar Blvd,Oklahoma City,OK,73131-2820,(267) 555-1133,,Mail,HRC,07/30/2004,No,,ROCKWELL-SAYRE|MARK|73131,"Rockwell-Sayre, Mark T",[TACOM];[CSR];[Admin];[ReadOnlyAudit];LocalDomainServers,
095F240BE5CB75AAE0DC56D8C4E5F692,F1A,,09/05/2004 16:45:37,09/05/2004 16:45:37,CN=Dwayne Petrakis/OU=CHPSID/O=TACOM,,RQ000393,Ellsworthy,Sr.,Charles,,Self,Charles Ellsworthy,555 Washington Ave Apt 30C,Spokane,WA,99228-0264,(215) 555-1869,charles.ellsworthy@example.com,E-mail,Congressional,09/05/2004,Yes,09/05/2004,ELLSWORTHY|CHARLES|99228,"Ellsworthy, Charles",[TACOM];[CSR];[Admin];[ReadOnlyAudit];LocalDomainServers,
A605B2B87F818F31A53BBA6337FF4998,F1E,,11/24/2024 10:29:17,11/24/2024 10:29:17,CN=HRC-Transfer/OU=Agents/O=TACOM,,RQ000394,Northway,,Christopher,R,Self,Christopher R Northway,2803 Armory Way,Los Angeles,CA,90058,(267) 555-1047,christopher.northway@example.com,Phone,HRC,11/24/2024,No,,NORTHWAY|CHRISTOPHER|90058,"Northway, Christopher R",[TACOM];[CSR];[Admin];[ReadOnlyAudit];LocalDomainServers,
E1BB2EF183D7F9870FDA3026D1B2B01C,F22,,04/12/2005 11:15:25,04/12/2005 11:15:25,CN=HRC-Transfer/OU=Agents/O=TACOM,,RQ000395,Yamaguchi-Orr,Sr.,Helen,,Son,Carol Yamaguchi,6230 Poplar Blvd,Salt Lake City,UT,84176,,,Mail,HRC,04/12/2005,No,04/12/2005,YAMAGUCHI-ORR|HELEN|84176,"Yamaguchi-Orr, Helen",[TACOM];[CSR];[Admin];[ReadOnlyAudit];LocalDomainServers,
E07F2C28D11CD8DB6766F3BD5C3A6007,F26,,01/24/2019 15:03:16,01/24/2019 15:03:16,CN=Lorraine Whitcombe/OU=CHPSID/O=TACOM,,RQ000396,Yellowley,III,Helen,F,Spouse,Leonard Yellowley,3506 Elm Rd,Lawton,OK,73569,,,Phone,Congressional,01/24/2019,No,01/24/2019,YELLOWLEY|HELEN|73569,"Yellowley, Helen F",[TACOM];[CSR];[Admin];[ReadOnlyAudit];LocalDomainServers,
2822432D2014F5CDA0D444969D950589,F2A,,10/08/2016 16:43:55,10/08/2016 16:43:55,CN=HRC-Transfer/OU=Agents/O=TACOM,,RQ000397,Cartlewood,,Kevin,,Daughter,Charles Cartlewood,5908 Eisenhower Dr,Peoria,IL,61645,(484) 555-1225,kevin.cartlewood@example.com,Phone,HRC,10/08/2016,Yes,10/08/2016,CARTLEWOOD|KEVIN|61645,"Cartlewood, Kevin",[TACOM];[CSR];[Admin];[ReadOnlyAudit];LocalDomainServers,
D96E78CB7AC3B5F9C50BC07A650A515A,F2E,,04/06/2014 09:26:04,04/06/2014 09:26:04,CN=Dwayne Petrakis/OU=CHPSID/O=TACOM,,RQ000398,Jarvinen-Roe,,John,N,Self,John N Jarvinen-Roe,8243 Patton Blvd,Fort Wayne,IN,46812-4835,(215) 555-1592,john.jarvinen@example.com,E-mail,Congressional,04/06/2014,Yes,04/06/2014,JARVINEN-ROE|JOHN|46812,"Jarvinen-Roe, John N",[TACOM];[CSR];[Admin];[ReadOnlyAudit];LocalDomainServers,
73C4BE94B6B5E06B359EC7E4B7ABC959,F32,,04/03/2013 10:42:13,04/03/2013 10:42:13,CN=HRC-Transfer/OU=Agents/O=TACOM,,RQ000399,Hargreave,III,Barbara,,Self,Barbara Hargreave,653 Spruce Dr,Charleston,WV,25342-0254,,,Mail,HRC,04/03/2013,No,04/03/2013,HARGREAVE|BARBARA|25342,"Hargreave, Barbara",[TACOM];[CSR];[Admin];[ReadOnlyAudit];LocalDomainServers,
2905F6A57187A276799EB0CD29C8851B,F36,,04/13/2010 11:43:26,04/13/2010 11:43:26,CN=Renata Vasquez-Holm/OU=CHPSID/O=TACOM,,RQ000400,Zimmerly,III,David,K,Spouse,Jamal Zimmerly,6038 Washington Ave Apt 35C,Boise,ID,83773,(703) 555-1454,david.zimmerly@example.com,E-mail,Congressional,04/13/2010,Yes,,ZIMMERLY|DAVID|83773,"Zimmerly, David K",[TACOM];[CSR];[Admin];[ReadOnlyAudit];LocalDomainServers,
95E97B342A7C591B3983BA79C4953D2A,F3A,,10/29/2015 15:18:58,10/29/2015 15:18:58,CN=HRC-Transfer/OU=Agents/O=TACOM,,RQ000401,Thornbury,,Karen,W,Self,Karen W Thornbury,1734 Spruce Ter,Pittsburgh,PA,15296,(484) 555-1422,,Mail,NPRC,10/29/2015,Yes,,THORNBURY|KAREN|15296,"Thornbury, Karen W",[TACOM];[CSR];[Admin];[ReadOnlyAudit];LocalDomainServers,
6580E4C6508ABC3F2E9C5492AF25B3B1,F3E,,06/02/2009 09:53:31,06/02/2009 09:53:31,CN=Marlene Okafor/OU=CHPSID/O=TACOM,,RQ000402,Kirkbride,,Linda,,Self,Linda Kirkbride,5213 Patton Blvd,Knoxville,TN,37947,(856) 555-1493,linda.kirkbride@example.com,E-mail,Manual,06/02/2009,No,06/02/2009,KIRKBRIDE|LINDA|37947,"Kirkbride, Linda",[TACOM];[CSR];[Admin];[ReadOnlyAudit];LocalDomainServers,
BBA35697813EF0BEC2F2C0C043462656,F42,,05/25/2015 15:47:11,05/25/2015 15:47:11,CN=HRC-Transfer/OU=Agents/O=TACOM,,RQ000403,Galbreath,,Donna,E,Daughter,Mildred Galbreath,2230 Birch St,Wilmington,DE,19886,(484) 555-1104,donna.galbreath@example.com,Mail,HRC,05/25/2015,No,05/25/2015,GALBREATH|DONNA|19886,"Galbreath, Donna E",[TACOM];[CSR];[Admin];[ReadOnlyAudit];LocalDomainServers,
075925A419B84EB366FCED5D8ED8E13E,F46,,04/21/2022 07:35:27,04/21/2022 07:35:27,CN=HRC-Transfer/OU=Agents/O=TACOM,,RQ000404,Prendergast,,Sandra,,Self,Sandra Prendergast,5994 Laurel St,Pensacola,FL,32525,(610) 555-1263,sandra.prendergast@example.com,Mail,NPRC,04/21/2022,Yes,,PRENDERGAST|SANDRA|32525,"Prendergast, Sandra",[TACOM];[CSR];[Admin];[ReadOnlyAudit];LocalDomainServers,
389EA6E64769A53EE82442C35DD55369,F4A,,09/12/2021 12:53:42,09/12/2021 12:53:42,CN=Ret Hamlin/OU=CHPSID/O=TACOM,,RQ000405,Iverstone,,Hector,S,Self,Hector S Iverstone,6461 Lincoln St,Wheeling,WV,26022,(610) 555-1627,,Phone,Manual,09/12/2021,No,09/12/2021,IVERSTONE|HECTOR|26022,"Iverstone, Hector S",[TACOM];[CSR];[Admin];[ReadOnlyAudit];LocalDomainServers,
5583734C2C6BDB151A8D8F491413BAC2,F4E,,04/14/2023 17:48:13,04/14/2023 17:48:13,CN=HRC-Transfer/OU=Agents/O=TACOM,,RQ000406,Altamirano-Diaz,Jr.,Jessica,L,Self,Jessica L Altamirano-Diaz,366 Walnut St Apt 6A,El Paso,TX,79958,(215) 555-1999,,Mail,HRC,04/14/2023,No,,ALTAMIRANO-DIAZ|JESSICA|79958,"Altamirano-Diaz, Jessica L",[TACOM];[CSR];[Admin];[ReadOnlyAudit];LocalDomainServers,
DF981F84B79646B50D016F83C51A96F9,F52,,01/18/2020 17:25:38,01/18/2020 17:25:38,CN=Renata Vasquez-Holm/OU=CHPSID/O=TACOM,,RQ000407,Drakeford,,Kevin,A,Spouse,Tyler Drakeford,1160 Chestnut Rd,Sacramento,CA,95808,(610) 555-1223,,E-mail,Manual,01/18/2020,Yes,01/18/2020,DRAKEFORD|KEVIN|95808,"Drakeford, Kevin A",[TACOM];[CSR];[Admin];[ReadOnlyAudit];LocalDomainServers,
D1959F4D1EB8A9836543DD815341CFAF,F56,,03/31/2005 12:10:36,03/31/2005 12:10:36,CN=HRC-Transfer/OU=Agents/O=TACOM,,RQ000408,Reyes-Almonte,Sr.,David,W,Self,David W Reyes-Almonte,8435 Pershing Ct Apt 7C,Seattle,WA,98100-1362,(540) 555-1726,,Mail,HRC,03/31/2005,Yes,03/31/2005,REYES-ALMONTE|DAVID|98100,"Reyes-Almonte, David W",[TACOM];[CSR];[Admin];[ReadOnlyAudit];LocalDomainServers,
94B88F20DB021F4D9E4F064093B1F3A9,F5A,,06/19/2017 09:59:09,06/19/2017 09:59:09,CN=Dwayne Petrakis/OU=CHPSID/O=TACOM,,RQ000409,Zellinger,III,Karen,S,Daughter,Steven Zellinger,9468 Juniper Ave,Norfolk,VA,23538-9505,,,Mail,Congressional,06/19/2017,No,06/19/2017,ZELLINGER|KAREN|23538,"Zellinger, Karen S",[TACOM];[CSR];[Admin];[ReadOnlyAudit];LocalDomainServers,
79F2824AE074897B49ED1A282C762DAB,F5E,,09/10/2023 14:42:36,09/10/2023 14:42:36,CN=Lorraine Whitcombe/OU=CHPSID/O=TACOM,,RQ000410,Everleigh,,Stephanie,H,Self,Stephanie H Everleigh,7689 Washington Rd,Shreveport,LA,71153,(267) 555-1737,stephanie.everleigh@example.com,Mail,Manual,09/10/2023,Yes,,EVERLEIGH|STEPHANIE|71153,"Everleigh, Stephanie H",[TACOM];[CSR];[Admin];[ReadOnlyAudit];LocalDomainServers,
1EBFA21CD7DBEE4E534CC42F125C0130,F62,,01/19/2017 14:04:02,01/19/2017 14:04:02,CN=Dwayne Petrakis/OU=CHPSID/O=TACOM,,RQ000411,Washington-Pryce,,Christopher,R,Self,Christopher R Washington-Pryce,2596 Cedar Ave,Tacoma,WA,98428-6526,,,E-mail,Congressional,01/19/2017,Yes,,WASHINGTON-PRYCE|CHRISTOPHER|98428,"Washington-Pryce, Christopher R",[TACOM];[CSR];[Admin];[ReadOnlyAudit];LocalDomainServers,
E7D5915EA0E7B16D539DFBB466529C40,F66,,02/04/2017 08:06:25,02/04/2017 08:06:25,CN=HRC-Transfer/OU=Agents/O=TACOM,,RQ000412,Zapata-Kell,Jr.,Sandra,N,Daughter,Thomas Zapata,8858 Oak Blvd,Wheeling,WV,26076,(856) 555-1420,,Mail,HRC,02/04/2017,Yes,02/04/2017,ZAPATA-KELL|SANDRA|26076,"Zapata-Kell, Sandra N",[TACOM];[CSR];[Admin];[ReadOnlyAudit];LocalDomainServers,
4691499FE936CC4E6FDC3CB14E5201DD,F6A,,10/03/2013 10:16:52,10/03/2013 10:16:52,CN=Renata Vasquez-Holm/OU=CHPSID/O=TACOM,,RQ000413,Pettiford,Jr.,Evelyn,L,Self,Evelyn L Pettiford,1547 Hickory Ct,Buffalo,NY,14218,(302) 555-1338,evelyn.pettiford@example.com,Mail,Manual,10/03/2013,No,,PETTIFORD|EVELYN|14218,"Pettiford, Evelyn L",[TACOM];[CSR];[Admin];[ReadOnlyAudit];LocalDomainServers,
22B7750AC7878E2BB719D15B43EDB79F,F6E,,01/07/2023 07:49:28,01/07/2023 07:49:28,CN=HRC-Transfer/OU=Agents/O=TACOM,,RQ000414,Wickersham,,Rafael,G,Daughter,Norman Wickersham,2006 Eisenhower Ln,Fargo,ND,58134,(610) 555-1452,,Mail,HRC,01/07/2023,No,01/07/2023,WICKERSHAM|RAFAEL|58134,"Wickersham, Rafael G",[TACOM];[CSR];[Admin];[ReadOnlyAudit];LocalDomainServers,
633B206BD6F3F40CB7DFFAAAF0E5E134,F72,,06/08/2016 15:59:19,06/08/2016 15:59:19,CN=HRC-Transfer/OU=Agents/O=TACOM,,RQ000415,Ingersby,,William,,Daughter,Dorothy Ingersby,3794 Veterans Memorial Rd,Louisville,KY,40226-4663,(410) 555-1037,,Phone,HRC,06/08/2016,Yes,,INGERSBY|WILLIAM|40226,"Ingersby, William",[TACOM];[CSR];[Admin];[ReadOnlyAudit];LocalDomainServers,
4130FD6CF6359C592C8A3278677B1AF1,F76,,04/02/2014 08:44:09,04/02/2014 08:44:09,CN=HRC-Transfer/OU=Agents/O=TACOM,,RQ000416,Abernook,,Mark,R,Spouse,Howard Abernook,4475 Juniper Ave,Peoria,IL,61660,(717) 555-1740,,Phone,HRC,04/02/2014,Yes,,ABERNOOK|MARK|61660,"Abernook, Mark R",[TACOM];[CSR];[Admin];[ReadOnlyAudit];LocalDomainServers,
71F97A94FB61627D7E0293E19A2EE115,F7A,,04/18/2025 10:04:55,04/18/2025 10:04:55,CN=Ret Hamlin/OU=CHPSID/O=TACOM,,RQ000417,Thornbury,III,Tyler,,Daughter,Linda Thornbury,2562 Spruce Way,Peoria,IL,61674,(267) 555-1662,tyler.thornbury@example.com,Mail,Congressional,04/18/2025,Yes,,THORNBURY|TYLER|61674,"Thornbury, Tyler",[TACOM];[CSR];[Admin];[ReadOnlyAudit];LocalDomainServers,
02ECCE95B04E81452E582A6744501A3F,F7E,,12/15/2005 15:55:17,12/15/2005 15:55:17,CN=HRC-Transfer/OU=Agents/O=TACOM,,RQ000418,Mackelvane,,Jennifer,M,Self,Jennifer M Mackelvane,6927 Chestnut Dr,Manchester,NH,03198,,,Mail,NPRC,12/15/2005,No,,MACKELVANE|JENNIFER|03198,"Mackelvane, Jennifer M",[TACOM];[CSR];[Admin];[ReadOnlyAudit];LocalDomainServers,
F59908980432AF14C8C28BB07BB4D5DC,F82,,12/04/2023 07:01:14,12/04/2023 07:01:14,CN=HRC-Transfer/OU=Agents/O=TACOM,,RQ000419,Redfearn,,Jessica,L,Self,Jessica L Redfearn,3092 Washington Rd,Baltimore,MD,21299-9739,(540) 555-1262,jessica.redfearn@example.com,Mail,HRC,12/04/2023,Yes,12/04/2023,REDFEARN|JESSICA|21299,"Redfearn, Jessica L",[TACOM];[CSR];[Admin];[ReadOnlyAudit];LocalDomainServers,
BAFE2467A5FF667FA1419E9369ECF6CB,F86,,03/30/2019 14:57:48,03/30/2019 14:57:48,CN=Ret Hamlin/OU=CHPSID/O=TACOM,,RQ000420,Vosburgh,III,Luis,,Self,Luis Vosburgh,8654 Sycamore Dr Apt 2B,Colorado Springs,CO,80945,(484) 555-1042,,Phone,Congressional,03/30/2019,Yes,03/30/2019,VOSBURGH|LUIS|80945,"Vosburgh, Luis",[TACOM];[CSR];[Admin];[ReadOnlyAudit];LocalDomainServers,
84F60B07416B994CB79B17D70189AA2A,F8A,,11/27/2013 14:12:29,11/27/2013 14:12:29,CN=Benedetta Kowalczyk/OU=CHPSID/O=TACOM,,RQ000421,Montgomerie,Jr.,Steven,P,Self,Steven P Montgomerie,3051 Laurel Ct,Boston,MA,02129,(703) 555-1380,,Phone,Manual,11/27/2013,No,11/27/2013,MONTGOMERIE|STEVEN|02129,"Montgomerie, Steven P",[TACOM];[CSR];[Admin];[ReadOnlyAudit];LocalDomainServers,
B4136A02ADAEA9200C8AF6307490916E,F8E,,12/16/2013 15:48:02,12/16/2013 15:48:02,CN=HRC-Transfer/OU=Agents/O=TACOM,,RQ000422,Abernook,Jr.,Elizabeth,D,Son,Richard Abernook,7501 Jefferson St,Indianapolis,IN,46270-8977,(267) 555-1279,,Mail,HRC,12/16/2013,No,,ABERNOOK|ELIZABETH|46270,"Abernook, Elizabeth D",[TACOM];[CSR];[Admin];[ReadOnlyAudit];LocalDomainServers,
4CCCCFC668C9242B8904995BB8C82D37,F92,,05/28/2021 08:12:20,05/28/2021 08:12:20,CN=Benedetta Kowalczyk/OU=CHPSID/O=TACOM,,RQ000423,Kellerhaus,Jr.,Andrew,P,Sibling,Brandon Kellerhaus,373 Oak Ct,Kansas City,MO,64137-0663,(267) 555-1275,,Mail,Manual,05/28/2021,Yes,,KELLERHAUS|ANDREW|64137,"Kellerhaus, Andrew P",[TACOM];[CSR];[Admin];[ReadOnlyAudit];LocalDomainServers,
BF6BDB7D597274F274DC43032A36FBA9,F96,,08/28/2024 11:36:44,08/28/2024 11:36:44,CN=HRC-Transfer/OU=Agents/O=TACOM,,RQ000424,Vanterpool,,Ruth,,Self,Ruth Vanterpool,118 Bradley Pl,Cleveland,OH,44127,(410) 555-1212,,Mail,HRC,08/28/2024,No,08/28/2024,VANTERPOOL|RUTH|44127,"Vanterpool, Ruth",[TACOM];[CSR];[Admin];[ReadOnlyAudit];LocalDomainServers,
4171EC975A5F1FA3766A34812D6299AB,F9A,,09/04/2015 11:25:18,09/04/2015 11:25:18,CN=HRC-Transfer/OU=Agents/O=TACOM,,RQ000425,Drakeford,III,Harold,J,Self,Harold J Drakeford,1160 Bradley St Apt 25D,Savannah,GA,31463,,,Mail,NPRC,09/04/2015,Yes,,DRAKEFORD|HAROLD|31463,"Drakeford, Harold J",[TACOM];[CSR];[Admin];[ReadOnlyAudit];LocalDomainServers,
4EFB858B2A12331DDE69702228BB60D8,F9E,,10/01/2015 10:47:05,10/01/2015 10:47:05,CN=HRC-Transfer/OU=Agents/O=TACOM,,RQ000426,Templeton-Ash,Sr.,Harold,E,Daughter,John Templeton,4040 Oak Ln,Phoenix,AZ,85009,(610) 555-1649,harold.templeton@example.com,Mail,HRC,10/01/2015,Yes,,TEMPLETON-ASH|HAROLD|85009,"Templeton-Ash, Harold E",[TACOM];[CSR];[Admin];[ReadOnlyAudit];LocalDomainServers,
D34ED54A909F22F9F487E52887C477A4,FA2,,12/01/2004 09:37:16,12/01/2004 09:37:16,CN=Benedetta Kowalczyk/OU=CHPSID/O=TACOM,,RQ000427,Trevino-Hale,,Joshua,,Self,Joshua Trevino-Hale,6388 Lincoln St,Birmingham,AL,35279,(717) 555-1521,,Mail,Congressional,12/01/2004,No,,TREVINO-HALE|JOSHUA|35279,"Trevino-Hale, Joshua",[TACOM];[CSR];[Admin];[ReadOnlyAudit];LocalDomainServers,
935DCCC037BB45FA692BD3969B94BFDC,FA6,,07/17/2020 10:37:35,07/17/2020 10:37:35,CN=Lorraine Whitcombe/OU=CHPSID/O=TACOM,,RQ000428,Ellingboe,Sr.,Amanda,R,Self,Amanda R Ellingboe,6750 Ridgway Blvd,New Orleans,LA,70169,(267) 555-1084,amanda.ellingboe@example.com,Phone,Congressional,07/17/2020,Yes,,ELLINGBOE|AMANDA|70169,"Ellingboe, Amanda R",[TACOM];[CSR];[Admin];[ReadOnlyAudit];LocalDomainServers,
06BEED62A590D34D40EC5478B49460BD,FAA,,04/22/2007 07:05:16,04/22/2007 07:05:16,CN=HRC-Transfer/OU=Agents/O=TACOM,,RQ000429,Stroudmoor,,Dorothy,M,Daughter,Tyler Stroudmoor,5407 Elm Ave,Des Moines,IA,50312,,dorothy.stroudmoor@example.com,Mail,HRC,04/22/2007,No,04/22/2007,STROUDMOOR|DOROTHY|50312,"Stroudmoor, Dorothy M",[TACOM];[CSR];[Admin];[ReadOnlyAudit];LocalDomainServers,
57C6CA2AF226C15E67147C514D9A70FE,FAE,,10/20/2010 13:02:40,10/20/2010 13:02:40,CN=HRC-Transfer/OU=Agents/O=TACOM,,RQ000430,Izquierdo,III,Betty,,Son,Brandon Izquierdo,777 Magnolia Ave,Kansas City,MO,64114,(856) 555-1922,betty.izquierdo@example.com,Mail,NPRC,10/20/2010,Yes,,IZQUIERDO|BETTY|64114,"Izquierdo, Betty",[TACOM];[CSR];[Admin];[ReadOnlyAudit];LocalDomainServers,
6B175F91922A775A546C5E7D3AB1D324,FB2,,03/29/2023 13:00:38,03/29/2023 13:00:38,CN=HRC-Transfer/OU=Agents/O=TACOM,,RQ000431,Dellacroix,Jr.,Donna,K,Self,Donna K Dellacroix,5344 Patton Dr,Huntsville,AL,35810,(540) 555-1658,donna.dellacroix@example.com,Mail,HRC,03/29/2023,Yes,,DELLACROIX|DONNA|35810,"Dellacroix, Donna K",[TACOM];[CSR];[Admin];[ReadOnlyAudit];LocalDomainServers,
906DA9BAAE42B6368C35E72412FDFA43,FB6,,07/22/2011 10:33:49,07/22/2011 10:33:49,CN=HRC-Transfer/OU=Agents/O=TACOM,,RQ000432,Zellinger,,Nicole,G,Self,Nicole G Zellinger,3263 Spruce Ter Apt 12C,Chicago,IL,60669,(717) 555-1329,,Mail,NPRC,07/22/2011,No,07/22/2011,ZELLINGER|NICOLE|60669,"Zellinger, Nicole G",[TACOM];[CSR];[Admin];[ReadOnlyAudit];LocalDomainServers,
F284F2E942EAF81886C105426C9E0DB3,FBA,,03/22/2004 09:56:35,03/22/2004 09:56:35,CN=Dwayne Petrakis/OU=CHPSID/O=TACOM,,RQ000433,Hollinbeck,,William,S,Grandchild,Donald Hollinbeck,8897 Patton Rd,Tucson,AZ,85728,(484) 555-1102,william.hollinbeck@example.com,Phone,Manual,03/22/2004,Yes,03/22/2004,HOLLINBECK|WILLIAM|85728,"Hollinbeck, William S",[TACOM];[CSR];[Admin];[ReadOnlyAudit];LocalDomainServers,
DCEA4E210091B252B729712D8F31656A,FBE,,06/05/2026 17:46:34,06/05/2026 17:46:34,CN=HRC-Transfer/OU=Agents/O=TACOM,,RQ000434,Wexcombe,,Nancy,S,Sibling,Howard Wexcombe,2951 Juniper Rd,Las Vegas,NV,89122-9792,(302) 555-1083,,Mail,NPRC,06/05/2026,No,,WEXCOMBE|NANCY|89122,"Wexcombe, Nancy",[TACOM];[CSR];[Admin];[ReadOnlyAudit];LocalDomainServers,
D48EDCCF5298D847725064A2A63A8E5D,FC2,,04/13/2017 12:04:37,04/13/2017 12:04:37,CN=Ret Hamlin/OU=CHPSID/O=TACOM,,RQ000435,Ellingboe,,Clarence,,Daughter,Donna Ellingboe,3275 Spruce Rd,Memphis,TN,38104,(540) 555-1538,clarence.ellingboe@example.com,E-mail,Congressional,04/13/2017,No,04/13/2017,ELLINGBOE|CLARENCE|38104,"Ellingboe, Clarence",[TACOM];[CSR];[Admin];[ReadOnlyAudit];LocalDomainServers,
D646894EEF4897085AF8E50B50F1C903,FC6,,11/03/2009 13:02:09,11/03/2009 13:02:09,CN=Marlene Okafor/OU=CHPSID/O=TACOM,,RQ000436,Jessup-Kane,III,William,G,Self,William G Jessup-Kane,3770 Jefferson Dr,Columbus,GA,31985-8573,(410) 555-1894,william.jessup@example.com,Mail,Manual,11/03/2009,Yes,,JESSUP-KANE|WILLIAM|31985,"Jessup-Kane, William G",[TACOM];[CSR];[Admin];[ReadOnlyAudit];LocalDomainServers,
EEB7140547DDC256695DFEDC1913040E,FCA,,04/16/2006 13:12:45,04/16/2006 13:12:45,CN=HRC-Transfer/OU=Agents/O=TACOM,,RQ000437,Hinojosa-Mata,,Jamal,,Self,Jamal Hinojosa-Mata,7689 Pershing Ln Apt 20D,Dayton,OH,45433,(856) 555-1658,jamal.hinojosa@example.com,Mail,HRC,04/16/2006,No,,HINOJOSA-MATA|JAMAL|45433,"Hinojosa-Mata, Jamal",[TACOM];[CSR];[Admin];[ReadOnlyAudit];LocalDomainServers,
EBF5C621A75DF9D7DD6C8637EE27D4E8,FCE,,01/13/2010 11:29:32,01/13/2010 11:29:32,CN=Renata Vasquez-Holm/OU=CHPSID/O=TACOM,,RQ000438,Crandall-Mott,III,Luis,B,Sibling,Joshua Crandall,871 Marshall Ln,Columbus,OH,43230,(540) 555-1063,,E-mail,Congressional,01/13/2010,No,,CRANDALL-MOTT|LUIS|43230,"Crandall-Mott, Luis B",[TACOM];[CSR];[Admin];[ReadOnlyAudit];LocalDomainServers,
E561C632EACF2D3D0B421BAA0219B2EA,FD2,,08/21/2009 14:19:08,08/21/2009 14:19:08,CN=Benedetta Kowalczyk/OU=CHPSID/O=TACOM,,RQ000439,Drakeford,Jr.,Dorothy,K,Self,Dorothy K Drakeford,2379 Poplar Pl,Spokane,WA,99261,(302) 555-1198,dorothy.drakeford@example.com,Phone,Manual,08/21/2009,Yes,08/21/2009,DRAKEFORD|DOROTHY|99261,"Drakeford, Dorothy K",[TACOM];[CSR];[Admin];[ReadOnlyAudit];LocalDomainServers,
ED1CAF0031619F3CA92066526B202481,FD6,,07/30/2015 15:34:37,07/30/2015 15:34:37,CN=HRC-Transfer/OU=Agents/O=TACOM,,RQ000440,Nakashima,,Stephanie,N,Spouse,Ryan Nakashima,1730 Oak Ct,Columbus,OH,43239,(267) 555-1009,,Mail,HRC,07/30/2015,Yes,07/30/2015,NAKASHIMA|STEPHANIE|43239,"Nakashima, Stephanie N",[TACOM];[CSR];[Admin];[ReadOnlyAudit];LocalDomainServers,
B979ECAC9FB9CD9F8209E9B3CAB1CD4F,FDA,,05/23/2023 17:21:29,05/23/2023 17:21:29,CN=Benedetta Kowalczyk/OU=CHPSID/O=TACOM,,RQ000441,Washington-Pryce,,Mildred,D,Self,Mildred D Washington-Pryce,9454 Oak Ln Apt 5D,Savannah,GA,31490,,,E-mail,Manual,05/23/2023,Yes,,WASHINGTON-PRYCE|MILDRED|31490,"Washington-Pryce, Mildred D",[TACOM];[CSR];[Admin];[ReadOnlyAudit];LocalDomainServers,
40ACE33B06D883A4650C59AF39DE9B09,FDE,,06/23/2015 17:32:20,06/23/2015 17:32:20,CN=HRC-Transfer/OU=Agents/O=TACOM,,RQ000442,Fairweather,Sr.,Rafael,W,Self,Rafael W Fairweather,5231 Marshall St,Fargo,ND,58121-9447,(540) 555-1268,,Mail,NPRC,06/23/2015,No,06/23/2015,FAIRWEATHER|RAFAEL|58121,"Fairweather, Rafael W",[TACOM];[CSR];[Admin];[ReadOnlyAudit];LocalDomainServers,
358783FD6FB51DB4B44E38CD9D11F346,FE2,,08/16/2023 13:04:45,08/16/2023 13:04:45,CN=HRC-Transfer/OU=Agents/O=TACOM,,RQ000443,Ahlquist-Bane,Sr.,Clarence,B,Daughter,Andrew Ahlquist,1112 Marshall Rd,Portland,ME,04100-9624,(215) 555-1019,clarence.ahlquist@example.com,E-mail,HRC,08/16/2023,Yes,08/16/2023,AHLQUIST-BANE|CLARENCE|04100,"Ahlquist-Bane, Clarence B",[TACOM];[CSR];[Admin];[ReadOnlyAudit];LocalDomainServers,
4E16BAC8CB649316CA63DE28265CBED6,FE6,,05/13/2024 13:32:03,05/13/2024 13:32:03,CN=Lorraine Whitcombe/OU=CHPSID/O=TACOM,,RQ000444,Yarrowdale,,Linda,,Daughter,Susan Yarrowdale,3722 Pershing Blvd,Columbus,GA,31949,(610) 555-1952,linda.yarrowdale@example.com,Mail,Congressional,05/13/2024,Yes,05/13/2024,YARROWDALE|LINDA|31949,"Yarrowdale, Linda",[TACOM];[CSR];[Admin];[ReadOnlyAudit];LocalDomainServers,
F12F59246A2D57777A7521284AEDD5D6,FEA,,08/09/2009 15:56:14,08/09/2009 15:56:14,CN=Dwayne Petrakis/OU=CHPSID/O=TACOM,,RQ000445,Wexcombe,,Ryan,N,Daughter,Dorothy Wexcombe,8523 Cedar Pl Apt 3D,Wilmington,DE,19851-5965,(610) 555-1618,,Mail,Manual,08/09/2009,Yes,08/09/2009,WEXCOMBE|RYAN|19851,"Wexcombe, Ryan N",[TACOM];[CSR];[Admin];[ReadOnlyAudit];LocalDomainServers,
AA74316BD1A22924F73E02077024EB4B,FEE,,05/13/2019 08:54:16,05/13/2019 08:54:16,CN=Marlene Okafor/OU=CHPSID/O=TACOM,,RQ000446,Ledesma-Ortiz,,William,N,Self,William N Ledesma-Ortiz,309 Birch Pl,Manchester,NH,03128,(484) 555-1770,,Mail,Congressional,05/13/2019,Yes,05/13/2019,LEDESMA-ORTIZ|WILLIAM|03128,"Ledesma-Ortiz, William N",[TACOM];[CSR];[Admin];[ReadOnlyAudit];LocalDomainServers,
D519F5ADD3BC9D4E1187B7201143A691,FF2,,07/12/2010 09:47:24,07/12/2010 09:47:24,CN=Benedetta Kowalczyk/OU=CHPSID/O=TACOM,,RQ000447,Underhill-Voss,III,Brian,E,Daughter,Nicole Underhill,1545 Madison Ln,Killeen,TX,76572-0200,(302) 555-1886,,Mail,Manual,07/12/2010,Yes,,UNDERHILL-VOSS|BRIAN|76572,"Underhill-Voss, Brian E",[TACOM];[CSR];[Admin];[ReadOnlyAudit];LocalDomainServers,
A0DABDE95BE94BD8E67037B0DEF42107,FF6,,11/22/2006 15:20:10,11/22/2006 15:20:10,CN=Ret Hamlin/OU=CHPSID/O=TACOM,,RQ000448,Reyes-Almonte,III,Jennifer,B,Son,Margaret Reyes,7673 Walnut Ct,Shreveport,LA,71180,(703) 555-1211,,E-mail,Manual,11/22/2006,No,11/22/2006,REYES-ALMONTE|JENNIFER|71180,"Reyes-Almonte, Jennifer B",[TACOM];[CSR];[Admin];[ReadOnlyAudit];LocalDomainServers,
AF8CF141EE86B6691E604BC7707A4328,FFA,,09/16/2010 13:29:18,09/16/2010 13:29:18,CN=HRC-Transfer/OU=Agents/O=TACOM,,RQ000449,Drakeford,,Jennifer,T,Grandchild,Timothy Drakeford,5079 Armory Way,Fort Wayne,IN,46833,(540) 555-1142,,Mail,HRC,09/16/2010,No,,DRAKEFORD|JENNIFER|46833,"Drakeford, Jennifer T",[TACOM];[CSR];[Admin];[ReadOnlyAudit];LocalDomainServers,
FC9C4A69B11183215730F74F8AFC41EF,FFE,,05/10/2023 17:45:19,05/10/2023 17:45:19,CN=HRC-Transfer/OU=Agents/O=TACOM,,RQ000450,Mackelvane,III,Angela,K,Self,Angela K Mackelvane,2132 Armory Ln,Toledo,OH,43636,(856) 555-1116,angela.mackelvane@example.com,Mail,NPRC,05/10/2023,No,,MACKELVANE|ANGELA|43636,"Mackelvane, Angela",[TACOM];[CSR];[Admin];[ReadOnlyAudit];LocalDomainServers,
3D500BC0E771DEA1F7A7EBF236267A24,1002,,01/22/2021 12:00:02,01/22/2021 12:00:02,CN=HRC-Transfer/OU=Agents/O=TACOM,,RQ000451,Everleigh,,Marcus,R,Self,Marcus R Everleigh,9883 Hickory Way,Philadelphia,PA,19131,(856) 555-1146,marcus.everleigh@example.com,Mail,NPRC,01/22/2021,Yes,01/22/2021,EVERLEIGH|MARCUS|19131,"Everleigh, Marcus R",[TACOM];[CSR];[Admin];[ReadOnlyAudit];LocalDomainServers,
741155A5D9F9A07974CE7692B1E5BC12,1006,,05/25/2015 14:18:55,05/25/2015 14:18:55,CN=Marlene Okafor/OU=CHPSID/O=TACOM,,RQ000452,Okonkwo-Bell,Jr.,Michael,,Daughter,Carlos Okonkwo,787 Washington Rd,Knoxville,TN,37953,(540) 555-1237,michael.okonkwo@example.com,Mail,Manual,05/25/2015,Yes,,OKONKWO-BELL|MICHAEL|37953,"Okonkwo-Bell, Michael",[TACOM];[CSR];[Admin];[ReadOnlyAudit];LocalDomainServers,
2E5F11CF05439D1822F084A67E3CB13E,100A,,12/25/2007 10:06:54,12/25/2007 10:06:54,CN=HRC-Transfer/OU=Agents/O=TACOM,,RQ000453,Lattimore,,David,G,Self,David G Lattimore,1494 Madison Ln,Columbia,SC,29221,(856) 555-1567,david.lattimore@example.com,Phone,HRC,12/25/2007,Yes,,LATTIMORE|DAVID|29221,"Lattimore, David G",[TACOM];[CSR];[Admin];[ReadOnlyAudit];LocalDomainServers,
519D482EB464DEAC1FAB3F6E8257563F,100E,,05/06/2007 16:05:37,05/06/2007 16:05:37,CN=HRC-Transfer/OU=Agents/O=TACOM,,RQ000454,Yarrowdale,,Andrew,H,Self,Andrew H Yarrowdale,481 Bradley Rd,Honolulu,HI,96836-9592,(610) 555-1479,,E-mail,HRC,05/06/2007,No,05/06/2007,YARROWDALE|ANDREW|96836,"Yarrowdale, Andrew H",[TACOM];[CSR];[Admin];[ReadOnlyAudit];LocalDomainServers,
DAD752868DCDBBEB9D5251D9FC9109D0,1012,,02/05/2025 17:02:43,02/05/2025 17:02:43,CN=HRC-Transfer/OU=Agents/O=TACOM,,RQ000455,Gastrelle,,Nicole,N,Daughter,Arthur Gastrelle,4461 Birch St Apt 25D,San Diego,CA,92175,(703) 555-1010,,Phone,HRC,02/05/2025,No,02/05/2025,GASTRELLE|NICOLE|92175,"Gastrelle, Nicole N",[TACOM];[CSR];[Admin];[ReadOnlyAudit];LocalDomainServers,
9070A55F6CD125942DC36D674B001757,1016,,01/07/2007 15:15:38,01/07/2007 15:15:38,CN=Ret Hamlin/OU=CHPSID/O=TACOM,,RQ000456,Ahlquist-Bane,Jr.,Michael,M,Son,Christopher Ahlquist,8615 Magnolia Pl,Sioux Falls,SD,57186,,,E-mail,Congressional,01/07/2007,No,01/07/2007,AHLQUIST-BANE|MICHAEL|57186,"Ahlquist-Bane, Michael M",[TACOM];[CSR];[Admin];[ReadOnlyAudit];LocalDomainServers,
469B4FB228FFA2602E742533E413255B,101A,,02/07/2025 11:37:11,02/07/2025 11:37:11,CN=HRC-Transfer/OU=Agents/O=TACOM,,RQ000457,Ellsworthy Jr.,Jr.,Margaret Jr,,Spouse,Anthony Ellsworthy,3159 Willow Ct,Billings,MT,59194-7842,(610) 555-1019,,Mail,NPRC,02/07/2025,No,,ELLSWORTHY JR.|MARGARET JR|59194,"Ellsworthy Jr., Margaret Jr",[TACOM];[CSR];[Admin];[ReadOnlyAudit];LocalDomainServers,
92DBB6DAFE95076861AFC1FD83F26E8C,101E,,07/29/2020 13:57:59,07/29/2020 13:57:59,CN=Ret Hamlin/OU=CHPSID/O=TACOM,,RQ000458,Pettiford,,Stephanie,M,Self,Stephanie M Pettiford,1574 Birch Rd,Pittsburgh,PA,15257,(856) 555-1992,,E-mail,Manual,07/29/2020,Yes,07/29/2020,PETTIFORD|STEPHANIE|15257,"Pettiford, Stephanie M",[TACOM];[CSR];[Admin];[ReadOnlyAudit];LocalDomainServers,
2936CAADFAC087C53024684750816216,1022,,07/02/2006 08:08:17,07/02/2006 08:08:17,CN=Dwayne Petrakis/OU=CHPSID/O=TACOM,,RQ000459,Kirkbride,III,Arthur,P,Son,Darnell Kirkbride,5955 Madison Pl Apt 36D,Worcester,MA,01665,(302) 555-1140,arthur.kirkbride@example.com,Phone,Congressional,07/02/2006,No,07/02/2006,KIRKBRIDE|ARTHUR|01665,"Kirkbride, Arthur P",[TACOM];[CSR];[Admin];[ReadOnlyAudit];LocalDomainServers,
75777361FC1B73B607045D3AB4AF4F3F,1026,,12/09/2005 17:14:43,12/09/2005 17:14:43,CN=HRC-Transfer/OU=Agents/O=TACOM,,RQ000460,Redfearn,,Timothy,,Self,Timothy Redfearn,9535 Birch Blvd,Philadelphia,PA,19175,(703) 555-1416,,Phone,NPRC,12/09/2005,Yes,,REDFEARN|TIMOTHY|19175,"Redfearn, Timothy",[TACOM];[CSR];[Admin];[ReadOnlyAudit];LocalDomainServers,
2A9EB4A2ED454762E9050582AF6002CE,102A,,01/20/2023 15:33:01,01/20/2023 15:33:01,CN=HRC-Transfer/OU=Agents/O=TACOM,,RQ000461,Umberlake,,Rafael,K,Self,Rafael K Umberlake,5384 Madison Rd,Albuquerque,NM,87143,(610) 555-1166,rafael.umberlake@example.com,Mail,HRC,01/20/2023,No,01/20/2023,UMBERLAKE|RAFAEL|87143,"Umberlake, Rafael K",[TACOM];[CSR];[Admin];[ReadOnlyAudit];LocalDomainServers,
0DD5682B2E97EBCD554BD5DF1FD57210,102E,,02/10/2018 16:58:37,02/10/2018 16:58:37,CN=Renata Vasquez-Holm/OU=CHPSID/O=TACOM,,RQ000462,Izquierdo,,Daniel,L,Self,Daniel L Izquierdo,4175 Spruce Rd,Memphis,TN,38189,(484) 555-1747,,Mail,Manual,02/10/2018,Yes,02/10/2018,IZQUIERDO|DANIEL|38189,"Izquierdo, Daniel L",[TACOM];[CSR];[Admin];[ReadOnlyAudit];LocalDomainServers,
7D22C46C28FD4DEF8AC4CF5F6E36C301,1032,,05/10/2008 13:02:30,05/10/2008 13:02:30,CN=Lorraine Whitcombe/OU=CHPSID/O=TACOM,,RQ000463,Escobedo-Ruiz,,Richard,L,Sibling,David Escobedo,3497 Madison St,Richmond,VA,23268,,,Mail,Congressional,05/10/2008,Yes,05/10/2008,ESCOBEDO-RUIZ|RICHARD|23268,"Escobedo-Ruiz, Richard L",[TACOM];[CSR];[Admin];[ReadOnlyAudit];LocalDomainServers,
C6BFA64179A878A1D780F473B7175F88,1036,,12/26/2018 12:16:09,12/26/2018 12:16:09,CN=HRC-Transfer/OU=Agents/O=TACOM,,RQ000464,Templeton-Ash,Jr.,Matthew,,Self,Matthew Templeton-Ash,7452 Ridgway Dr Apt 15A,San Diego,CA,92112-3196,(610) 555-1817,matthew.templeton@example.com,Phone,NPRC,12/26/2018,No,12/26/2018,TEMPLETON-ASH|MATTHEW|92112,"Templeton-Ash, Matthew",[TACOM];[CSR];[Admin];[ReadOnlyAudit];LocalDomainServers,
9B20C6513AD794109CBF58729F385B7D,103A,,08/21/2007 17:54:32,08/21/2007 17:54:32,CN=HRC-Transfer/OU=Agents/O=TACOM,,RQ000465,Hollinbeck,,Timothy,,Self,Timothy Hollinbeck,6474 Oak Blvd Apt 12B,Des Moines,IA,50353,(302) 555-1898,timothy.hollinbeck@example.com,Mail,HRC,08/21/2007,No,,HOLLINBECK|TIMOTHY|50353,"Hollinbeck, Timothy",[TACOM];[CSR];[Admin];[ReadOnlyAudit];LocalDomainServers,
42DF346FDBF08FFAF689C94FF81559DB,103E,,01/11/2025 13:50:49,01/11/2025 13:50:49,CN=HRC-Transfer/OU=Agents/O=TACOM,,RQ000466,Everleigh,III,Timothy,W,Self,Timothy W Everleigh,5132 Willow Rd,Knoxville,TN,37952,(215) 555-1857,,E-mail,HRC,01/11/2025,No,01/11/2025,EVERLEIGH|TIMOTHY|37952,"Everleigh, Timothy W",[TACOM];[CSR];[Admin];[ReadOnlyAudit];LocalDomainServers,
92F6E6288751563DD455997ECD785763,1042,,01/20/2010 16:30:04,01/20/2010 16:30:04,CN=HRC-Transfer/OU=Agents/O=TACOM,,RQ000467,Quennevile,Sr.,Frances,D,Daughter,Nancy Quennevile,4728 Marshall Blvd,Atlanta,GA,30357,(610) 555-1728,,E-mail,HRC,01/20/2010,Yes,01/20/2010,QUENNEVILE|FRANCES|30357,"Quennevile, Frances D",[TACOM];[CSR];[Admin];[ReadOnlyAudit];LocalDomainServers,
33C14FD48302A2630FE64E25D8FD4AF2,1046,,12/27/2019 07:49:54,12/27/2019 07:49:54,CN=HRC-Transfer/OU=Agents/O=TACOM,,RQ000468,Lattimore,Jr.,Nicole,N,Son,Jessica Lattimore,8534 Hickory Ln,Los Angeles,CA,90090,(484) 555-1695,nicole.lattimore@example.com,Phone,NPRC,12/27/2019,Yes,12/27/2019,LATTIMORE|NICOLE|90090,"Lattimore, Nicole N",[TACOM];[CSR];[Admin];[ReadOnlyAudit];LocalDomainServers,
779FE31393346CDB2CDE9B2AB33AF132,104A,,02/07/2009 13:42:40,02/07/2009 13:42:40,CN=HRC-Transfer/OU=Agents/O=TACOM,,RQ000469,Ostrowski-Lane,,Brian,A,Self,Brian A Ostrowski-Lane,4117 Patton Ct,Knoxville,TN,37982-6027,,brian.ostrowski@example.com,Phone,HRC,02/07/2009,No,,OSTROWSKI-LANE|BRIAN|37982,"Ostrowski-Lane, Brian A",[TACOM];[CSR];[Admin];[ReadOnlyAudit];LocalDomainServers,
456A9EB13A0104EF98F8BE64DB837CAB,104E,,09/16/2007 16:17:54,09/16/2007 16:17:54,CN=HRC-Transfer/OU=Agents/O=TACOM,,RQ000470,Prendergast,Jr.,Margaret,F,Self,Margaret F Prendergast,8532 Oak Ter,Savannah,GA,31431,(703) 555-1599,margaret.prendergast@example.com,Phone,HRC,09/16/2007,Yes,09/16/2007,PRENDERGAST|MARGARET|31431,"Prendergast, Margaret F",[TACOM];[CSR];[Admin];[ReadOnlyAudit];LocalDomainServers,
A8CD85591FC46A841BCB913BF0F02D6A,1052,,09/16/2022 16:52:30,09/16/2022 16:52:30,CN=HRC-Transfer/OU=Agents/O=TACOM,,RQ000471,Lattimore,III,Nicole,M,Self,Nicole M Lattimore,4814 Poplar Way Apt 37A,Richmond,VA,23255,(703) 555-1115,,Mail,HRC,09/16/2022,Yes,09/16/2022,LATTIMORE|NICOLE|23255,"Lattimore, Nicole M",[TACOM];[CSR];[Admin];[ReadOnlyAudit];LocalDomainServers,
45C0CAB00A12802A78690F9F7E2EE5AF,1056,,01/17/2012 14:19:35,01/17/2012 14:19:35,CN=HRC-Transfer/OU=Agents/O=TACOM,,RQ000472,Sallisaw,Sr.,Timothy,E,Daughter,Andrew Sallisaw,1493 Bradley Pl Apt 14C,El Paso,TX,79988,(856) 555-1350,timothy.sallisaw@example.com,Phone,HRC,01/17/2012,Yes,01/17/2012,SALLISAW|TIMOTHY|79988,"Sallisaw, Timothy E",[TACOM];[CSR];[Admin];[ReadOnlyAudit];LocalDomainServers,
FDD57C8D3AAE578258E93501403D525F,105A,,11/21/2025 15:17:13,11/21/2025 15:17:13,CN=HRC-Transfer/OU=Agents/O=TACOM,,RQ000473,Umberlake,III,Carl,,Self,Carl Umberlake,4255 Jefferson Way,Trenton,NJ,08627-2015,,carl.umberlake@example.com,E-mail,HRC,11/21/2025,No,11/21/2025,UMBERLAKE|CARL|08627,"Umberlake, Carl",[TACOM];[CSR];[Admin];[ReadOnlyAudit];LocalDomainServers,
012BB0843FF1EE7D15020AD0DDDD18B6,105E,,01/28/2007 07:44:31,01/28/2007 07:44:31,CN=Renata Vasquez-Holm/OU=CHPSID/O=TACOM,,RQ000474,Yeardley,,Frances,,Son,Darnell Yeardley,562 Ridgway Ter,St. Louis,MO,63187-3561,,,Mail,Congressional,01/28/2007,No,,YEARDLEY|FRANCES|63187,"Yeardley, Frances",[TACOM];[CSR];[Admin];[ReadOnlyAudit];LocalDomainServers,
38B5A3F0A960E7F38271317B2ACA269D,1062,,04/30/2008 15:35:34,04/30/2008 15:35:34,CN=HRC-Transfer/OU=Agents/O=TACOM,,RQ000475,Jessup-Kane,,Barbara,,Self,Barbara Jessup-Kane,2192 Lincoln Way,Fort Wayne,IN,46827-8835,(410) 555-1476,,E-mail,HRC,04/30/2008,Yes,04/30/2008,JESSUP-KANE|BARBARA|46827,"Jessup-Kane, Barbara",[TACOM];[CSR];[Admin];[ReadOnlyAudit];LocalDomainServers,
B6B7027109F23C3783B9C29CCAE3DA4C,1066,,05/02/2018 09:57:56,05/02/2018 09:57:56,CN=HRC-Transfer/OU=Agents/O=TACOM,,RQ000476,Coldwater,Sr.,Andre,J,Daughter,Linda Coldwater,5613 Lincoln Ct,Dayton,OH,45432-6531,(302) 555-1125,,Phone,NPRC,05/02/2018,No,05/02/2018,COLDWATER|ANDRE|45432,"Coldwater, Andre J",[TACOM];[CSR];[Admin];[ReadOnlyAudit];LocalDomainServers,
4E3BC85A5BC262637C34EDB87618EAD7,106A,,12/30/2025 07:58:43,12/30/2025 07:58:43,CN=HRC-Transfer/OU=Agents/O=TACOM,,RQ000477,Wickersham,Jr.,Melissa,E,Self,Melissa E Wickersham,9245 Lincoln Dr,Birmingham,AL,35208,(717) 555-1985,,Phone,HRC,12/30/2025,Yes,,WICKERSHAM|MELISSA|35208,"Wickersham, Melissa E",[TACOM];[CSR];[Admin];[ReadOnlyAudit];LocalDomainServers,
ADCA73329FF0774BE36BB93E42AEA2BB,106E,,03/10/2004 11:00:12,03/10/2004 11:00:12,CN=HRC-Transfer/OU=Agents/O=TACOM,,RQ000478,Yellowley,,Brandon,,Self,Brandon Yellowley,4177 Jefferson Ave,Manchester,NH,03132,(540) 555-1700,,Mail,HRC,03/10/2004,Yes,03/10/2004,YELLOWLEY|BRANDON|03132,"Yellowley, Brandon",[TACOM];[CSR];[Admin];[ReadOnlyAudit];LocalDomainServers,
A029A87183178791DD8B66E92C5D8129,1072,,08/10/2012 08:12:36,08/10/2012 08:12:36,CN=HRC-Transfer/OU=Agents/O=TACOM,,RQ000479,Everleigh,Jr.,Justin,,Grandchild,Robert Everleigh,9228 Juniper Ct,Oklahoma City,OK,73151,(267) 555-1030,,E-mail,HRC,08/10/2012,Yes,08/10/2012,EVERLEIGH|JUSTIN|73151,"Everleigh, Justin",[TACOM];[CSR];[Admin];[ReadOnlyAudit];LocalDomainServers,
CA87CB670BE6FD82CC7CA78E9F62F73D,1076,,08/16/2011 07:31:56,08/16/2011 07:31:56,CN=HRC-Transfer/OU=Agents/O=TACOM,,RQ000480,Escobedo-Ruiz,III,Linda,W,Daughter,Virginia Escobedo,8177 Veterans Memorial Pl,Philadelphia,PA,19166,,,Mail,HRC,08/16/2011,No,,ESCOBEDO-RUIZ|LINDA|19166,"Escobedo-Ruiz, Linda W",[TACOM];[CSR];[Admin];[ReadOnlyAudit];LocalDomainServers,
DC0664BAB400AEA796FCF61C67FA50B3,107A,,09/18/2022 16:57:33,09/18/2022 16:57:33,CN=Ret Hamlin/OU=CHPSID/O=TACOM,,RQ000481,Rockwell-Sayre,Jr.,Christopher,F,Self,Christopher F Rockwell-Sayre,1252 Willow St,Norfolk,VA,23567-4834,,christopher.rockwell@example.com,Phone,Congressional,09/18/2022,No,,ROCKWELL-SAYRE|CHRISTOPHER|23567,"Rockwell-Sayre, Christopher F",[TACOM];[CSR];[Admin];[ReadOnlyAudit];LocalDomainServers,
420950FB6D94D8EAE85AC7A320C59A70,107E,,05/16/2023 07:25:47,05/16/2023 07:25:47,CN=HRC-Transfer/OU=Agents/O=TACOM,,RQ000482,Jankowitz,Sr.,Jeffrey,B,Self,Jeffrey B Jankowitz,2447 Laurel Ter,St. Louis,MO,63170,,,Mail,HRC,05/16/2023,Yes,,JANKOWITZ|JEFFREY|63170,"Jankowitz, Jeffrey B",[TACOM];[CSR];[Admin];[ReadOnlyAudit];LocalDomainServers,
0C42B838B56D4606885DF37DAD604752,1082,,04/28/2019 13:33:07,04/28/2019 13:33:07,CN=HRC-Transfer/OU=Agents/O=TACOM,,RQ000483,Fortenbury,,Timothy,D,Son,Hector Fortenbury,9398 Pershing Ter Apt 1B,Sioux Falls,SD,57133,(703) 555-1627,,Mail,NPRC,04/28/2019,Yes,,FORTENBURY|TIMOTHY|57133,"Fortenbury, Timothy D",[TACOM];[CSR];[Admin];[ReadOnlyAudit];LocalDomainServers,
DEE7483579AC41C007874294856B4129,1086,,09/22/2007 13:35:20,09/22/2007 13:35:20,CN=HRC-Transfer/OU=Agents/O=TACOM,,RQ000484,Lindquarry,,Daniel,R,Self,Daniel R Lindquarry,4469 Veterans Memorial Blvd,Fayetteville,NC,28352,(540) 555-1113,daniel.lindquarry@example.com,Phone,NPRC,09/22/2007,No,09/22/2007,LINDQUARRY|DANIEL|28352,"Lindquarry, Daniel R",[TACOM];[CSR];[Admin];[ReadOnlyAudit];LocalDomainServers,
1F9510ED17C16BEF84522A31D3285365,108A,,12/16/2010 14:00:39,12/16/2010 14:00:39,CN=HRC-Transfer/OU=Agents/O=TACOM,,RQ000485,Ormsbee,Jr.,Angela,,Sibling,Andrew Ormsbee,7379 Willow Ter,Pensacola,FL,32591,(302) 555-1797,,Mail,HRC,12/16/2010,Yes,12/16/2010,ORMSBEE|ANGELA|32591,"Ormsbee, Angela",[TACOM];[CSR];[Admin];[ReadOnlyAudit];LocalDomainServers,
C273D68CDAF4F5A5A1E2DECE336099FD,108E,,11/25/2006 16:21:38,11/25/2006 16:21:38,CN=HRC-Transfer/OU=Agents/O=TACOM,,RQ000486,Pettiford,,Jose,J,Self,Jose J Pettiford,6119 Madison St,Birmingham,AL,35299,,jose.pettiford@example.com,Mail,HRC,11/25/2006,No,11/25/2006,PETTIFORD|JOSE|35299,"Pettiford, Jose J",[TACOM];[CSR];[Admin];[ReadOnlyAudit];LocalDomainServers,
DD225FBFD623BD0BA3BB1BE60B4A7DE7,1092,,02/04/2016 08:09:25,02/04/2016 08:09:25,CN=HRC-Transfer/OU=Agents/O=TACOM,,RQ000487,Kirkbride,,Mark,S,Self,Mark S Kirkbride,7586 Veterans Memorial Pl,Chicago,IL,60631,(856) 555-1364,,Phone,HRC,02/04/2016,Yes,02/04/2016,KIRKBRIDE|MARK|60631,"Kirkbride, Mark S",[TACOM];[CSR];[Admin];[ReadOnlyAudit];LocalDomainServers,
D0573ABEE39F413ADB172D087F0953F5,1096,,08/17/2025 16:05:25,08/17/2025 16:05:25,CN=HRC-Transfer/OU=Agents/O=TACOM,,RQ000488,Redfearn,,Betty,,Self,Betty Redfearn,4950 Madison Ter,Cheyenne,WY,82019,(610) 555-1509,betty.redfearn@example.com,Phone,HRC,08/17/2025,No,,REDFEARN|BETTY|82019,"Redfearn, Betty",[TACOM];[CSR];[Admin];[ReadOnlyAudit];LocalDomainServers,
271A1BACABFE330A97E6D6CEACEEFB2B,109A,,12/20/2022 16:52:01,12/20/2022 16:52:01,CN=HRC-Transfer/OU=Agents/O=TACOM,,RQ000489,Dunmore-Vey,,Virginia,H,Self,Virginia H Dunmore-Vey,1897 Washington Ave,Billings,MT,59180,(215) 555-1808,,Mail,HRC,12/20/2022,Yes,,DUNMORE-VEY|VIRGINIA|59180,"Dunmore-Vey, Virginia H",[TACOM];[CSR];[Admin];[ReadOnlyAudit];LocalDomainServers,
B73032003DF6DA84A5598291D0A6AB9F,109E,,04/30/2022 11:21:43,04/30/2022 11:21:43,CN=HRC-Transfer/OU=Agents/O=TACOM,,RQ000490,Rockwell-Sayre,Sr.,Jamal,C,Grandchild,Norman Rockwell,3570 Madison St,Houston,TX,77034-6351,(302) 555-1296,,Mail,HRC,04/30/2022,Yes,,ROCKWELL-SAYRE|JAMAL|77034,"Rockwell-Sayre, Jamal C",[TACOM];[CSR];[Admin];[ReadOnlyAudit];LocalDomainServers,
B2ADC96B1A6D014A924CA1734F953FD1,10A2,,10/10/2025 10:36:09,10/10/2025 10:36:09,CN=Renata Vasquez-Holm/OU=CHPSID/O=TACOM,,RQ000491,Kellerhaus,,Darnell,N,Son,Luis Kellerhaus,5094 Pershing St,El Paso,TX,79977-6052,(215) 555-1516,,Mail,Manual,10/10/2025,Yes,10/10/2025,KELLERHAUS|DARNELL|79977,"Kellerhaus, Darnell N",[TACOM];[CSR];[Admin];[ReadOnlyAudit];LocalDomainServers,
B0520726C3DF7C0030C0B99D98EED171,10A6,,12/20/2005 09:07:54,12/20/2005 09:07:54,CN=Ret Hamlin/OU=CHPSID/O=TACOM,,RQ000492,Washington-Pryce,Sr.,Heather,,Grandchild,Harold Washington,6455 Chestnut St,Portland,OR,97236,(610) 555-1467,,E-mail,Manual,12/20/2005,No,,WASHINGTON-PRYCE|HEATHER|97236,"Washington-Pryce, Heather",[TACOM];[CSR];[Admin];[ReadOnlyAudit];LocalDomainServers,
DD9CD52389ED797AD93E2A3A8002551C,10AA,,07/22/2025 15:34:14,07/22/2025 15:34:14,CN=HRC-Transfer/OU=Agents/O=TACOM,,RQ000493,Izquierdo,III,Marcus,,Self,Marcus Izquierdo,9300 Willow St,Louisville,KY,40296,(484) 555-1117,,E-mail,HRC,07/22/2025,No,07/22/2025,IZQUIERDO|MARCUS|40296,"Izquierdo, Marcus",[TACOM];[CSR];[Admin];[ReadOnlyAudit];LocalDomainServers,
4613EB0CBE71BD82B4C740FB89FC6BE6,10AE,,08/31/2015 10:56:35,08/31/2015 10:56:35,CN=Renata Vasquez-Holm/OU=CHPSID/O=TACOM,,RQ000494,Quinonez,,Amanda,W,Self,Amanda W Quinonez,6264 Magnolia Ter,Tacoma,WA,98458,(610) 555-1076,,Phone,Manual,08/31/2015,No,08/31/2015,QUINONEZ|AMANDA|98458,"Quinonez, Amanda W",[TACOM];[CSR];[Admin];[ReadOnlyAudit];LocalDomainServers,
97CF805BDAFD583B188268D6E8B13E3D,10B2,,07/04/2012 17:10:56,07/04/2012 17:10:56,CN=HRC-Transfer/OU=Agents/O=TACOM,,RQ000495,Quarterman,,Frances,P,Self,Frances P Quarterman,1832 Maple Ln,Columbus,OH,43276,(703) 555-1713,frances.quarterman@example.com,Phone,NPRC,07/04/2012,No,07/04/2012,QUARTERMAN|FRANCES|43276,"Quarterman, Frances P",[TACOM];[CSR];[Admin];[ReadOnlyAudit];LocalDomainServers,
9D4AF8C4B8CA1F3EAB13C2905435CF76,10B6,,10/30/2016 15:52:16,10/30/2016 15:52:16,CN=HRC-Transfer/OU=Agents/O=TACOM,,RQ000496,Norquist,,Ryan,,Self,Ryan Norquist,5760 Lincoln Rd,Hartford,CT,06197-3317,,ryan.norquist@example.com,Mail,HRC,10/30/2016,No,10/30/2016,NORQUIST|RYAN|06197,"Norquist, Ryan",[TACOM];[CSR];[Admin];[ReadOnlyAudit];LocalDomainServers,
4905B28843BC54DF4E2D1917B4984FB6,10BA,,12/12/2022 13:13:50,12/12/2022 13:13:50,CN=Renata Vasquez-Holm/OU=CHPSID/O=TACOM,,RQ000497,Reyes-Almonte,,Terrence,L,Daughter,David Reyes,1217 Armory Ter,Salt Lake City,UT,84120,(703) 555-1297,terrence.reyes@example.com,E-mail,Manual,12/12/2022,Yes,,REYES-ALMONTE|TERRENCE|84120,"Reyes-Almonte, Terrence L",[TACOM];[CSR];[Admin];[ReadOnlyAudit];LocalDomainServers,
EEC3E18575120346C577FE0AF5D91A0C,10BE,,09/09/2010 15:28:07,09/09/2010 15:28:07,CN=Dwayne Petrakis/OU=CHPSID/O=TACOM,,RQ000498,Ellingboe,,Jose,,Self,Jose Ellingboe,8064 Pershing Ln Apt 39A,San Antonio,TX,78288,(267) 555-1618,jose.ellingboe@example.com,Phone,Manual,09/09/2010,Yes,09/09/2010,ELLINGBOE|JOSE|78288,"Ellingboe, Jose",[TACOM];[CSR];[Admin];[ReadOnlyAudit];LocalDomainServers,
FA72908652666990FB1FB12635068F90,10C2,,09/27/2006 15:54:03,09/27/2006 15:54:03,CN=HRC-Transfer/OU=Agents/O=TACOM,,RQ000499,Ormsbee,,Jennifer,,Spouse,Joshua Ormsbee,3229 Washington Way,Seattle,WA,98174-2917,,,Mail,HRC,09/27/2006,Yes,,ORMSBEE|JENNIFER|98174,"Ormsbee, Jennifer",[TACOM];[CSR];[Admin];[ReadOnlyAudit];LocalDomainServers,
47211934B4A9AE75EF36090ECDFB462F,10C6,,06/11/2023 10:20:05,06/11/2023 10:20:05,CN=Lorraine Whitcombe/OU=CHPSID/O=TACOM,,RQ000500,Lattimore,,Christopher,N,Grandchild,Stephanie Lattimore,1235 Maple Dr,Detroit,MI,48233,(717) 555-1235,christopher.lattimore@example.com,Mail,Manual,06/11/2023,No,,LATTIMORE|CHRISTOPHER|48233,"Lattimore, Christopher",[TACOM];[CSR];[Admin];[ReadOnlyAudit];LocalDomainServers,
AC90C78BF76BFDEC938CA2DE261CE001,10CA,,08/08/2010 17:59:07,08/08/2010 17:59:07,CN=Benedetta Kowalczyk/OU=CHPSID/O=TACOM,,RQ000501,Greaves-Tolan,,Howard,S,Self,Howard S Greaves-Tolan,9000 Marshall Ln,Tucson,AZ,85717,(856) 555-1894,,Mail,Congressional,08/08/2010,Yes,08/08/2010,GREAVES-TOLAN|HOWARD|85717,"Greaves-Tolan, Howard S",[TACOM];[CSR];[Admin];[ReadOnlyAudit];LocalDomainServers,
5243FFA1DBF8293FCB45DB4CD7A7BAAF,10CE,,10/18/2016 11:21:01,10/18/2016 11:21:01,CN=Marlene Okafor/OU=CHPSID/O=TACOM,,RQ000502,Everleigh,Jr.,Donald,M,Self,Donald M Everleigh,9245 Washington Ave,Louisville,KY,40217,(302) 555-1462,,Phone,Congressional,10/18/2016,No,10/18/2016,EVERLEIGH|DONALD|40217,"Everleigh, Donald M",[TACOM];[CSR];[Admin];[ReadOnlyAudit];LocalDomainServers,
AE1526E60E679922F93AD3BF1A670FF2,10D2,,09/12/2004 08:57:23,09/12/2004 08:57:23,CN=HRC-Transfer/OU=Agents/O=TACOM,,RQ000503,Templeton-Ash,,Donald,F,Sibling,Steven Templeton,8070 Magnolia Ter,Killeen,TX,76581,(856) 555-1545,,E-mail,NPRC,09/12/2004,Yes,09/12/2004,TEMPLETON-ASH|DONALD|76581,"Templeton-Ash, Donald F",[TACOM];[CSR];[Admin];[ReadOnlyAudit];LocalDomainServers,
69FBD77759942A20E452D3A4076B034C,10D6,,11/10/2009 07:51:43,11/10/2009 07:51:43,CN=HRC-Transfer/OU=Agents/O=TACOM,,RQ000504,Oakhurst-Pell,,David,D,Spouse,Raymond Oakhurst,3631 Poplar Ct,El Paso,TX,79976-2966,,david.oakhurst@example.com,E-mail,NPRC,11/10/2009,No,,OAKHURST-PELL|DAVID|79976,"Oakhurst-Pell, David D",[TACOM];[CSR];[Admin];[ReadOnlyAudit];LocalDomainServers,
CDB998B89B4C003F5BF7F71E0014BAAB,10DA,,03/15/2006 10:49:50,03/15/2006 10:49:50,CN=Marlene Okafor/OU=CHPSID/O=TACOM,,RQ000505,Ingersby,Sr.,Nicole,E,Self,Nicole E Ingersby,5114 Walnut Way,Shreveport,LA,71160,,,Mail,Manual,03/15/2006,Yes,03/15/2006,INGERSBY|NICOLE|71160,"Ingersby, Nicole E",[TACOM];[CSR];[Admin];[ReadOnlyAudit];LocalDomainServers,
12A46DC3DE8CDF23C9F4400673E1E744,10DE,,02/24/2013 09:27:31,02/24/2013 09:27:31,CN=Benedetta Kowalczyk/OU=CHPSID/O=TACOM,,RQ000506,YEARDLEY,,Donna,H,Self,Donna H Yeardley,7419 Washington Ave,Buffalo,NY,14246,(302) 555-1386,donna.yeardley@example.com,Mail,Manual,02/24/2013,No,,YEARDLEY|DONNA|14246,"YEARDLEY, Donna",[TACOM];[CSR];[Admin];[ReadOnlyAudit];LocalDomainServers,RQ000138
D38C8031D7F42FC60A1662BD02BFBC78,10E2,,04/02/2010 15:49:35,04/02/2010 15:49:35,CN=HRC-Transfer/OU=Agents/O=TACOM,,RQ000507,Whitlock-Bay,,Leonard,D,Self,Leonard D Whitlock-Bay,1513 Armory Dr,San Diego,CA,92193,(484) 555-1245,,Phone,NPRC,04/02/2010,Yes,04/02/2010,WHITLOCK-BAY|LEONARD|92193,"Whitlock-Bay, Leonard D",[TACOM];[CSR];[Admin];[ReadOnlyAudit];LocalDomainServers,
4EDE406CFF3C5DD9B11CA5C911A29BD9,10E6,,02/08/2024 11:17:27,02/08/2024 11:17:27,CN=HRC-Transfer/OU=Agents/O=TACOM,,RQ000508,Everleigh,,M.,R,Self,Marcus R Everleigh,9883 Hickory Way,Philadelphia,PA,19131,(856) 555-1146,marcus.everleigh@example.com,Mail,HRC,02/08/2024,No,,EVERLEIGH|M.|19131,"Everleigh, M.",[TACOM];[CSR];[Admin];[ReadOnlyAudit];LocalDomainServers,
1247A61EFD0F24E4D59756E6DE0EDFFB,10EA,,12/22/2009 08:36:17,12/22/2009 08:36:17,CN=HRC-Transfer/OU=Agents/O=TACOM,,RQ000509,Ahlquist-Bane,Sr.,Darnell,,Grandchild,Donald Ahlquist,7692 Poplar Ave Apt 7D,Tacoma,WA,98441,(703) 555-1792,darnell.ahlquist@example.com,E-mail,HRC,12/22/2009,Yes,12/22/2009,AHLQUIST-BANE|DARNELL|98441,"Ahlquist-Bane, Darnell",[TACOM];[CSR];[Admin];[ReadOnlyAudit];LocalDomainServers,
AF2F4C40D500FF63F4B36502ACFBE9EB,10EE,,06/06/2022 11:57:37,06/06/2022 11:57:37,CN=Dwayne Petrakis/OU=CHPSID/O=TACOM,,RQ000510,Lockridge Jr.,,Richard,A,Self,Richard A Lockridge,9457 Patton Way,Oklahoma City,OK,73191,(610) 555-1302,,E-mail,Manual,06/06/2022,No,,LOCKRIDGE JR.|RICHARD|73191,"Lockridge Jr., Richard",[TACOM];[CSR];[Admin];[ReadOnlyAudit];LocalDomainServers,RQ000234
3D71936B03327E66850001A1651588F5,10F2,,12/12/2021 13:46:08,12/12/2021 13:46:08,CN=HRC-Transfer/OU=Agents/O=TACOM,,RQ000511,Cartlewood,,Heather,L,Other NOK,Lisa Cartlewood,1591 Pershing Ct,Las Vegas,NV,89175,(856) 555-1628,,Mail,HRC,12/12/2021,Yes,12/12/2021,CARTLEWOOD|HEATHER|89175,"Cartlewood, Heather L",[TACOM];[CSR];[Admin];[ReadOnlyAudit];LocalDomainServers,
41044E14D889CD556B15736461EECB91,10F6,,05/23/2010 11:34:45,05/23/2010 11:34:45,CN=Dwayne Petrakis/OU=CHPSID/O=TACOM,,RQ000512,Whitlock-Bay,,Carlos,,Self,Carlos Whitlock-Bay,6655 Ridgway Ct,Wilmington,DE,19882,(302) 555-1259,carlos.whitlock@example.com,E-mail,Manual,05/23/2010,No,05/23/2010,WHITLOCK-BAY|CARLOS|19882,"Whitlock-Bay, Carlos",[TACOM];[CSR];[Admin];[ReadOnlyAudit];LocalDomainServers,
02163651D47B38FA151DDC1F37CBCF4E,10FA,,06/10/2004 17:37:08,06/10/2004 17:37:08,CN=HRC-Transfer/OU=Agents/O=TACOM,,RQ000513,Jaramillo,Sr.,Mary,C,Self,Mary C Jaramillo,4779 Madison Dr,Wheeling,WV,26043,(302) 555-1811,,Mail,HRC,06/10/2004,No,06/10/2004,JARAMILLO|MARY|26043,"Jaramillo, Mary C",[TACOM];[CSR];[Admin];[ReadOnlyAudit];LocalDomainServers,
1A8A7810B182B564F2E25560ACC6AFCF,10FE,,02/13/2020 07:27:14,02/13/2020 07:27:14,CN=Dwayne Petrakis/OU=CHPSID/O=TACOM,,RQ000514,Ullswater,,Robert,T,Self,Robert T Ullswater,9819 Washington Ct Apt 2D,Charlotte,NC,28279,(410) 555-1659,robert.ullswater@example.com,Mail,Manual,02/13/2020,Yes,02/13/2020,ULLSWATER|ROBERT|28279,"Ullswater, Robert T",[TACOM];[CSR];[Admin];[ReadOnlyAudit];LocalDomainServers,
D8DED3BE063ABC4876CA19742F58C2DA,1102,,04/20/2020 08:30:13,04/20/2020 08:30:13,CN=HRC-Transfer/OU=Agents/O=TACOM,,RQ000515,Quennevile,Sr.,Angela,C,Grandchild,Mary Quennevile,4015 Washington Way,Kansas City,MO,64175,(267) 555-1346,,Mail,HRC,04/20/2020,Yes,04/20/2020,QUENNEVILE|ANGELA|64175,"Quennevile, Angela C",[TACOM];[CSR];[Admin];[ReadOnlyAudit];LocalDomainServers,
18E398BF24B2E6191BC2F207BA4F43B6,1106,,11/05/2020 12:19:53,11/05/2020 12:19:53,CN=HRC-Transfer/OU=Agents/O=TACOM,,RQ000516,Drakeford,,Nicole,L,Self,Nicole L Drakeford,3820 Poplar Way,Boise,ID,83759,,,Phone,HRC,11/05/2020,No,,DRAKEFORD|NICOLE|83759,"Drakeford, Nicole L",[TACOM];[CSR];[Admin];[ReadOnlyAudit];LocalDomainServers,
22A7A334FA3EB6C4D2252C865C02EE36,110A,,06/30/2019 12:45:54,06/30/2019 12:45:54,CN=Dwayne Petrakis/OU=CHPSID/O=TACOM,,RQ000517,Dellacroix Jr.,,William,F,Grandchild,Jamal Dellacroix,4898 Birch Blvd,Cheyenne,WY,82026,,william.dellacroix@example.com,Phone,Manual,06/30/2019,No,,DELLACROIX JR.|WILLIAM|82026,"Dellacroix Jr., William",[TACOM];[CSR];[Admin];[ReadOnlyAudit];LocalDomainServers,
03EBC9246187D4B42663B0D8620DD9D2,110E,,11/03/2006 11:34:14,11/03/2006 11:34:14,CN=HRC-Transfer/OU=Agents/O=TACOM,,RQ000518,Castellanos,III,Brian,L,Spouse,Jessica Castellanos,8633 Chestnut St,Jackson,MS,39207,,brian.castellanos@example.com,E-mail,HRC,11/03/2006,No,,CASTELLANOS|BRIAN|39207,"Castellanos, Brian L",[TACOM];[CSR];[Admin];[ReadOnlyAudit];LocalDomainServers,
CC1E089CDCDDB0AFF34CE52DC41A55A5,1112,,01/03/2017 14:10:30,01/03/2017 14:10:30,CN=HRC-Transfer/OU=Agents/O=TACOM,,RQ000519,Dellacroix,,Harold,L,Spouse,Amanda Dellacroix,6331 Walnut Ave,St. Louis,MO,63192,(717) 555-1782,,Phone,HRC,01/03/2017,Yes,,DELLACROIX|HAROLD|63192,"Dellacroix, Harold L",[TACOM];[CSR];[Admin];[ReadOnlyAudit];LocalDomainServers,
AED178ED49095729162605B46122387A,1116,,05/17/2019 10:19:49,05/17/2019 10:19:49,CN=HRC-Transfer/OU=Agents/O=TACOM,,RQ000520,Saldivar,III,Virginia,P,Self,Virginia P Saldivar,5926 Cedar Blvd,Fort Wayne,IN,46860,(302) 555-1961,,Phone,NPRC,05/17/2019,Yes,05/17/2019,SALDIVAR|VIRGINIA|46860,"Saldivar, Virginia P",[TACOM];[CSR];[Admin];[ReadOnlyAudit];LocalDomainServers,
A88498B0C17733923AA207AEBD4484F3,111A,,08/15/2023 10:04:21,08/15/2023 10:04:21,CN=HRC-Transfer/OU=Agents/O=TACOM,,RQ000521,Benavidez-Cruz,,Stephanie,T,Self,Stephanie T Benavidez-Cruz,9199 Oak Way Apt 35C,Savannah,GA,31477,,stephanie.benavidez@example.com,Mail,NPRC,08/15/2023,Yes,,BENAVIDEZ-CRUZ|STEPHANIE|31477,"Benavidez-Cruz, Stephanie T",[TACOM];[CSR];[Admin];[ReadOnlyAudit];LocalDomainServers,
509C6C5A64A4EA190B017D05E64AA26D,111E,,05/16/2019 17:53:32,05/16/2019 17:53:32,CN=Renata Vasquez-Holm/OU=CHPSID/O=TACOM,,RQ000522,ABERNOOK,,Stephanie,W,Self,Stephanie W Abernook,2190 Laurel Rd,Los Angeles,CA,90079,(410) 555-1446,stephanie.abernook@example.com,Phone,Manual,05/16/2019,No,,ABERNOOK|STEPHANIE|90079,"ABERNOOK, Stephanie",[TACOM];[CSR];[Admin];[ReadOnlyAudit];LocalDomainServers,
A29D155B6DB9AD56587D08240A1C55A5,1122,,11/28/2020 09:37:53,11/28/2020 09:37:53,CN=Benedetta Kowalczyk/OU=CHPSID/O=TACOM,,RQ000523,Quennevile Jr.,,Norman,,Son,Frances Quennevile,629 Patton Blvd,Houston,TX,77043,(302) 555-1541,norman.quennevile@example.com,E-mail,Manual,11/28/2020,No,,QUENNEVILE JR.|NORMAN|77043,"Quennevile Jr., Norman",[TACOM];[CSR];[Admin];[ReadOnlyAudit];LocalDomainServers,
215303F1DAE77C414AECA77AC2F32049,1126,,07/30/2026 11:32:42,07/30/2026 11:32:42,CN=HRC-Transfer/OU=Agents/O=TACOM,,RQ000524,Hargreave,Jr.,Evelyn,M,Self,Evelyn M Hargreave,57 Sycamore Way,Boston,MA,02108,(302) 555-1212,,Mail,HRC,07/30/2026,Yes,07/30/2026,HARGREAVE|EVELYN|02108,"Hargreave, Evelyn M",[TACOM];[CSR];[Admin];[ReadOnlyAudit];LocalDomainServers,
A71F3A248354AF9ADD5B1C002140B74B,112A,,10/28/2023 17:22:57,10/28/2023 17:22:57,CN=HRC-Transfer/OU=Agents/O=TACOM,,RQ000525,Ledesma-Ortiz,,Robert,N,Self,Robert N Ledesma-Ortiz,275 Chestnut Rd,Newark,NJ,07119,(267) 555-1611,,Phone,HRC,10/28/2023,No,10/28/2023,LEDESMA-ORTIZ|ROBERT|07119,"Ledesma-Ortiz, Robert N",[TACOM];[CSR];[Admin];[ReadOnlyAudit];LocalDomainServers,
9793103292726881F21322B167FF1681,112E,,06/25/2025 15:25:58,06/25/2025 15:25:58,CN=HRC-Transfer/OU=Agents/O=TACOM,,RQ000526,Beddingfield,,Kevin,D,Spouse,Stephanie Beddingfield,3285 Spruce Ter,Tampa,FL,33688,(717) 555-1407,,Phone,HRC,06/25/2025,Yes,06/25/2025,BEDDINGFIELD|KEVIN|33688,"Beddingfield, Kevin D",[TACOM];[CSR];[Admin];[ReadOnlyAudit];LocalDomainServers,
9307F26890150897A77D8AC9FFF70A98,1132,,12/25/2016 11:38:44,12/25/2016 11:38:44,CN=HRC-Transfer/OU=Agents/O=TACOM,,RQ000527,Vanterpool,,Carlos,C,Daughter,Nicole Vanterpool,7785 Washington Blvd Apt 17D,Grand Rapids,MI,49554-8252,(215) 555-1337,,Mail,HRC,12/25/2016,No,12/25/2016,VANTERPOOL|CARLOS|49554,"Vanterpool, Carlos C",[TACOM];[CSR];[Admin];[ReadOnlyAudit];LocalDomainServers,
A4CA41AFB7D28F49E7672E9CBB432169,1136,,03/13/2008 08:55:41,03/13/2008 08:55:41,CN=Lorraine Whitcombe/OU=CHPSID/O=TACOM,,RQ000528,Ormsbee,III,Jeffrey,T,Self,Jeffrey T Ormsbee,24 Veterans Memorial Ln,Fort Wayne,IN,46858,,jeffrey.ormsbee@example.com,E-mail,Manual,03/13/2008,No,03/13/2008,ORMSBEE|JEFFREY|46858,"Ormsbee, Jeffrey T",[TACOM];[CSR];[Admin];[ReadOnlyAudit];LocalDomainServers,
FFF94AB9E989C9F3F3F8ECDDA5724099,113A,,12/03/2007 15:24:08,12/03/2007 15:24:08,CN=Dwayne Petrakis/OU=CHPSID/O=TACOM,,RQ000529,Zellinger,Jr.,Sandra,,Self,Sandra Zellinger,967 Poplar Dr,Trenton,NJ,08641,(215) 555-1489,sandra.zellinger@example.com,Phone,Congressional,12/03/2007,Yes,,ZELLINGER|SANDRA|08641,"Zellinger, Sandra",[TACOM];[CSR];[Admin];[ReadOnlyAudit];LocalDomainServers,
6348AA12F1230CAA0E8786ADC6C886DC,113E,,10/05/2018 07:56:38,10/05/2018 07:56:38,CN=HRC-Transfer/OU=Agents/O=TACOM,,RQ000530,Altamirano-Diaz,,Brandon,P,Self,Brandon P Altamirano-Diaz,7430 Marshall Way,Norfolk,VA,23536,(703) 555-1076,brandon.altamirano@example.com,Phone,NPRC,10/05/2018,Yes,10/05/2018,ALTAMIRANO-DIAZ|BRANDON|23536,"Altamirano-Diaz, Brandon P",[TACOM];[CSR];[Admin];[ReadOnlyAudit];LocalDomainServers,
392F01FE62A31D681D7421B739D56248,1142,,10/27/2018 11:47:28,10/27/2018 11:47:28,CN=Benedetta Kowalczyk/OU=CHPSID/O=TACOM,,RQ000531,Vandermolen,Jr.,Betty,A,Daughter,Charles Vandermolen,1514 Chestnut Pl,Fargo,ND,58146,(484) 555-1856,,E-mail,Congressional,10/27/2018,No,,VANDERMOLEN|BETTY|58146,"Vandermolen, Betty A",[TACOM];[CSR];[Admin];[ReadOnlyAudit];LocalDomainServers,
FEB5AA86D1A2CEB71BCE97079536E470,1146,,02/10/2026 14:46:40,02/10/2026 14:46:40,CN=HRC-Transfer/OU=Agents/O=TACOM,,RQ000532,Tarquinio,,Evelyn K,K,Parent,Ralph Tarquinio,5276 Spruce Ct,Newark,NJ,07145-3056,(540) 555-1005,evelyn.tarquinio@example.com,Mail,NPRC,02/10/2026,No,,TARQUINIO|EVELYN K|07145,"Tarquinio, Evelyn K",[TACOM];[CSR];[Admin];[ReadOnlyAudit];LocalDomainServers,RQ000131
A588C6097415C6D6DC375A7380F25EF0,114A,,06/10/2006 10:10:53,06/10/2006 10:10:53,CN=HRC-Transfer/OU=Agents/O=TACOM,,RQ000533,Norquist,III,Carlos,K,Self,Carlos K Norquist,7989 Chestnut Ter,Little Rock,AR,72240-9488,(302) 555-1110,,Mail,HRC,06/10/2006,Yes,06/10/2006,NORQUIST|CARLOS|72240,"Norquist, Carlos K",[TACOM];[CSR];[Admin];[ReadOnlyAudit];LocalDomainServers,
61A2E801382B178801FD453DD3D45055,114E,,06/20/2008 09:02:31,06/20/2008 09:02:31,CN=HRC-Transfer/OU=Agents/O=TACOM,,RQ000534,Jankowitz,,Carl,A,Self,Carl A Jankowitz,9460 Birch Ct,San Diego,CA,92108-1340,,,E-mail,HRC,06/20/2008,Yes,06/20/2008,JANKOWITZ|CARL|92108,"Jankowitz, Carl A",[TACOM];[CSR];[Admin];[ReadOnlyAudit];LocalDomainServers,
1E32546299EAE952CA8C24D6D84ED550,1152,,06/09/2017 10:43:11,06/09/2017 10:43:11,CN=HRC-Transfer/OU=Agents/O=TACOM,,RQ000535,Benavidez-Cruz,,Sandra,T,Self,Sandra T Benavidez-Cruz,6564 Magnolia Pl,Boston,MA,02199,(410) 555-1946,sandra.benavidez@example.com,Mail,HRC,06/09/2017,Yes,06/09/2017,BENAVIDEZ-CRUZ|SANDRA|02199,"Benavidez-Cruz, Sandra T",[TACOM];[CSR];[Admin];[ReadOnlyAudit];LocalDomainServers,
F63AC7898AA744D21B017CA06D7DEC0F,1156,,02/18/2018 14:37:57,02/18/2018 14:37:57,CN=HRC-Transfer/OU=Agents/O=TACOM,,RQ000536,Yellowley,Sr.,Jamal,A,Sibling,Mark Yellowley,6945 Magnolia Ln,Killeen,TX,76561,,jamal.yellowley@example.com,Phone,HRC,02/18/2018,No,02/18/2018,YELLOWLEY|JAMAL|76561,"Yellowley, Jamal A",[TACOM];[CSR];[Admin];[ReadOnlyAudit];LocalDomainServers,
8469AB503EA6E21626EE08EE77D48055,115A,,11/08/2015 17:24:25,11/08/2015 17:24:25,CN=Renata Vasquez-Holm/OU=CHPSID/O=TACOM,,RQ000537,Washington-Pryce,,Terrence,J,Self,Terrence J Washington-Pryce,1752 Hickory Ter,Dallas,TX,75206,(215) 555-1306,,Mail,Congressional,11/08/2015,Yes,11/08/2015,WASHINGTON-PRYCE|TERRENCE|75206,"Washington-Pryce, Terrence J",[TACOM];[CSR];[Admin];[ReadOnlyAudit];LocalDomainServers,
9F10AA761431B39E7D9AC3C3A8451497,115E,,12/04/2025 17:02:04,12/04/2025 17:02:04,CN=HRC-Transfer/OU=Agents/O=TACOM,,RQ000538,Fennimark,Sr.,Terrence,G,Self,Terrence G Fennimark,5717 Sycamore Ave Apt 28C,Dallas,TX,75237,(703) 555-1334,,Mail,HRC,12/04/2025,Yes,,FENNIMARK|TERRENCE|75237,"Fennimark, Terrence G",[TACOM];[CSR];[Admin];[ReadOnlyAudit];LocalDomainServers,
651F02E85B61B3BA738F4D5EF982ADE0,1162,,09/29/2022 17:54:14,09/29/2022 17:54:14,CN=HRC-Transfer/OU=Agents/O=TACOM,,RQ000539,Tarquinio,,Mary,,Self,Mary Tarquinio,4992 Juniper Ave,Houston,TX,77019,(540) 555-1596,mary.tarquinio@example.com,Phone,HRC,09/29/2022,Yes,09/29/2022,TARQUINIO|MARY|77019,"Tarquinio, Mary",[TACOM];[CSR];[Admin];[ReadOnlyAudit];LocalDomainServers,
76B41395BB072F0DE49654BCF9091488,1166,,03/19/2012 16:20:44,03/19/2012 16:20:44,CN=Ret Hamlin/OU=CHPSID/O=TACOM,,RQ000540,Greaves-Tolan,,Helen,E,Daughter,Mildred Greaves,2793 Elm Ave,Shreveport,LA,71168,(267) 555-1414,,Mail,Congressional,03/19/2012,No,03/19/2012,GREAVES-TOLAN|HELEN|71168,"Greaves-Tolan, Helen E",[TACOM];[CSR];[Admin];[ReadOnlyAudit];LocalDomainServers,
E6BD661FA0DC408B6897C74518CA7E44,116A,,08/23/2009 11:11:23,08/23/2009 11:11:23,CN=Renata Vasquez-Holm/OU=CHPSID/O=TACOM,,RQ000541,Zabrowski,Jr.,Betty,D,Self,Betty D Zabrowski,9574 Washington Rd,Savannah,GA,31409,(302) 555-1463,betty.zabrowski@example.com,Mail,Manual,08/23/2009,Yes,08/23/2009,ZABROWSKI|BETTY|31409,"Zabrowski, Betty D",[TACOM];[CSR];[Admin];[ReadOnlyAudit];LocalDomainServers,
E612ADF6F8DE943CD201E02002BDA5F5,116E,,03/07/2024 13:51:31,03/07/2024 13:51:31,CN=HRC-Transfer/OU=Agents/O=TACOM,,RQ000542,Jaramillo,,Christopher,D,Daughter,Mark Jaramillo,3235 Elm Pl Apt 13D,Wilmington,DE,19888,(215) 555-1798,,Mail,HRC,03/07/2024,No,,JARAMILLO|CHRISTOPHER|19888,"Jaramillo, Christopher D",[TACOM];[CSR];[Admin];[ReadOnlyAudit];LocalDomainServers,
FD5F170E5D4791CDBBE5C8BDFEC11E54,1172,,07/12/2005 11:55:25,07/12/2005 11:55:25,CN=HRC-Transfer/OU=Agents/O=TACOM,,RQ000543,Nakashima,,Melissa,,Sibling,Daniel Nakashima,3315 Armory St,Charleston,WV,25323,(717) 555-1250,,Mail,NPRC,07/12/2005,Yes,07/12/2005,NAKASHIMA|MELISSA|25323,"Nakashima, Melissa",[TACOM];[CSR];[Admin];[ReadOnlyAudit];LocalDomainServers,
DB0D1654D5EEECA3DC58DE41F380A71F,1176,,06/25/2025 13:34:50,06/25/2025 13:34:50,CN=HRC-Transfer/OU=Agents/O=TACOM,,RQ000544,Benavidez-Cruz,,Sandra,T,Self,Sandra T Benavidez-Cruz,6564 Magnolia Pl,Boston,MA,02199-6933,(410) 555-1946,sandra.benavidez@example.com,Mail,HRC,06/25/2025,No,,BENAVIDEZ-CRUZ|SANDRA|02199,"Benavidez-Cruz, Sandra",[TACOM];[CSR];[Admin];[ReadOnlyAudit];LocalDomainServers,
75B3E5EED68D399996C0103979764A10,117A,,01/08/2005 16:01:55,01/08/2005 16:01:55,CN=Benedetta Kowalczyk/OU=CHPSID/O=TACOM,,RQ000545,Dellacroix,III,William,P,Self,William P Dellacroix,4637 Sycamore Ave,Grand Rapids,MI,49594,(215) 555-1022,william.dellacroix@example.com,Mail,Congressional,01/08/2005,No,01/08/2005,DELLACROIX|WILLIAM|49594,"Dellacroix, William P",[TACOM];[CSR];[Admin];[ReadOnlyAudit];LocalDomainServers,
10C89ADC6F24FC99A54956071F07173B,117E,,08/09/2026 17:30:44,08/09/2026 17:30:44,CN=HRC-Transfer/OU=Agents/O=TACOM,,RQ000546,THORNBURY,III,Tyler,,Daughter,Linda Thornbury,2562 Spruce Way,Peoria,IL,61674,(267) 555-1662,tyler.thornbury@example.com,Mail,NPRC,08/09/2026,No,,THORNBURY|TYLER|61674,"THORNBURY, Tyler",[TACOM];[CSR];[Admin];[ReadOnlyAudit];LocalDomainServers,
2C8F86AA50BD9DB1F71CF23AA416D2FC,1182,,04/13/2018 15:51:35,04/13/2018 15:51:35,CN=Marlene Okafor/OU=CHPSID/O=TACOM,,RQ000547,Tarquinio,III,Sarah,,Daughter,Amanda Tarquinio,1903 Eisenhower Ter,Toledo,OH,43612-2561,(610) 555-1395,,E-mail,Congressional,04/13/2018,No,04/13/2018,TARQUINIO|SARAH|43612,"Tarquinio, Sarah",[TACOM];[CSR];[Admin];[ReadOnlyAudit];LocalDomainServers,
04BF6AEA44AFDEECA8BF659ACF14EC27,1186,,05/19/2013 12:23:42,05/19/2013 12:23:42,CN=Renata Vasquez-Holm/OU=CHPSID/O=TACOM,,RQ000548,Ashcroft-Mayne,,Gary,G,Daughter,Karen Ashcroft,8902 Magnolia Ave,Jacksonville,FL,32299,(856) 555-1861,,Mail,Manual,05/19/2013,No,,ASHCROFT-MAYNE|GARY|32299,"Ashcroft-Mayne, Gary G",[TACOM];[CSR];[Admin];[ReadOnlyAudit];LocalDomainServers,
50A28A90578E5837FC4E60875ACD588E,118A,,04/06/2013 12:55:57,04/06/2013 12:55:57,CN=Dwayne Petrakis/OU=CHPSID/O=TACOM,,RQ000549,Quinonez,III,Susan,K,Son,Stephanie Quinonez,4876 Walnut Ter,El Paso,TX,79971-4722,(703) 555-1618,,Phone,Congressional,04/06/2013,No,,QUINONEZ|SUSAN|79971,"Quinonez, Susan K",[TACOM];[CSR];[Admin];[ReadOnlyAudit];LocalDomainServers,
C2EBA535FA48B76BDCABB7AEE92AE795,118E,,11/10/2018 16:40:44,11/10/2018 16:40:44,CN=Lorraine Whitcombe/OU=CHPSID/O=TACOM,,RQ000550,Guajardo,,Eugene,F,Sibling,Sarah Guajardo,5116 Patton Pl,Newark,NJ,07179,(302) 555-1858,,Mail,Manual,11/10/2018,No,11/10/2018,GUAJARDO|EUGENE|07179,"Guajardo, Eugene F",[TACOM];[CSR];[Admin];[ReadOnlyAudit];LocalDomainServers,
35A397AFAA565189730E3A0A2A44725F,1192,,04/05/2017 12:35:22,04/05/2017 12:35:22,CN=HRC-Transfer/OU=Agents/O=TACOM,,RQ000551,Fennimark,Sr.,Justin,B,Self,Justin B Fennimark,9791 Sycamore Ter,Cheyenne,WY,82014,(856) 555-1394,,Mail,HRC,04/05/2017,Yes,04/05/2017,FENNIMARK|JUSTIN|82014,"Fennimark, Justin B",[TACOM];[CSR];[Admin];[ReadOnlyAudit];LocalDomainServers,
6E6F6EF9580926A4701517E43E56DFEC,1196,,05/27/2014 15:46:52,05/27/2014 15:46:52,CN=Dwayne Petrakis/OU=CHPSID/O=TACOM,,RQ000552,Bramwold,,Lisa,L,Sibling,Frances Bramwold,1730 Hickory Ter,Tucson,AZ,85751,(215) 555-1575,lisa.bramwold@example.com,Mail,Manual,05/27/2014,Yes,05/27/2014,BRAMWOLD|LISA|85751,"Bramwold, Lisa L",[TACOM];[CSR];[Admin];[ReadOnlyAudit];LocalDomainServers,
77E2C82B704CF5E0B34BDE12405388E8,119A,,10/08/2011 11:40:25,10/08/2011 11:40:25,CN=HRC-Transfer/OU=Agents/O=TACOM,,RQ000553,Galbreath,,Donna,L,Self,Donna L Galbreath,8709 Willow Way,Killeen,TX,76520,(484) 555-1167,,Phone,HRC,10/08/2011,Yes,10/08/2011,GALBREATH|DONNA|76520,"Galbreath, Donna L",[TACOM];[CSR];[Admin];[ReadOnlyAudit];LocalDomainServers,
5A490B644F811816997D8B7B3A96994E,119E,,04/26/2022 08:04:29,04/26/2022 08:04:29,CN=HRC-Transfer/OU=Agents/O=TACOM,,RQ000554,Wexcombe,,Margaret,J,Self,Margaret J Wexcombe,4241 Maple Dr,Salt Lake City,UT,84152,(703) 555-1700,,Mail,HRC,04/26/2022,Yes,,WEXCOMBE|MARGARET|84152,"Wexcombe, Margaret J",[TACOM];[CSR];[Admin];[ReadOnlyAudit];LocalDomainServers,
128D95D726EEE9BB9339E7F1D86F364C,11A2,,04/15/2018 10:34:37,04/15/2018 10:34:37,CN=HRC-Transfer/OU=Agents/O=TACOM,,RQ000555,Drakeford,Jr.,Ruth,L,Self,Ruth L Drakeford,9516 Birch Pl,Albany,NY,12288,(540) 555-1008,,E-mail,HRC,04/15/2018,Yes,04/15/2018,DRAKEFORD|RUTH|12288,"Drakeford, Ruth L",[TACOM];[CSR];[Admin];[ReadOnlyAudit];LocalDomainServers,
C3198588CCD64B4F5BD2EDE75863E9E5,11A6,,08/16/2018 08:23:39,08/16/2018 08:23:39,CN=HRC-Transfer/OU=Agents/O=TACOM,,RQ000556,Wexcombe,Jr.,Mark,P,Self,Mark P Wexcombe,3315 Maple Ter,Sioux Falls,SD,57150-0314,,,Mail,HRC,08/16/2018,Yes,08/16/2018,WEXCOMBE|MARK|57150,"Wexcombe, Mark P",[TACOM];[CSR];[Admin];[ReadOnlyAudit];LocalDomainServers,
EDB08B1797DC242AD84481140B59B084,11AA,,11/21/2020 15:02:42,11/21/2020 15:02:42,CN=Lorraine Whitcombe/OU=CHPSID/O=TACOM,,RQ000557,Lindquarry,,Gary,K,Daughter,Ruth Lindquarry,2917 Ridgway Blvd,Fayetteville,NC,28379,(540) 555-1268,,E-mail,Manual,11/21/2020,No,11/21/2020,LINDQUARRY|GARY|28379,"Lindquarry, Gary K",[TACOM];[CSR];[Admin];[ReadOnlyAudit];LocalDomainServers,
644FA4F3492A6C88E3D2A207B385BD03,11AE,,05/20/2013 10:42:37,05/20/2013 10:42:37,CN=HRC-Transfer/OU=Agents/O=TACOM,,RQ000558,Ledesma-Ortiz,,Tyler,,Self,Tyler Ledesma-Ortiz,7080 Laurel Ct,Killeen,TX,76532,(610) 555-1362,,E-mail,NPRC,05/20/2013,No,05/20/2013,LEDESMA-ORTIZ|TYLER|76532,"Ledesma-Ortiz, Tyler",[TACOM];[CSR];[Admin];[ReadOnlyAudit];LocalDomainServers,
0AF2062662BCFDF95F84E3B12BB3643F,11B2,,12/02/2022 10:59:24,12/02/2022 10:59:24,CN=HRC-Transfer/OU=Agents/O=TACOM,,RQ000559,Lattimore,III,Nicole M,M,Self,Nicole M Lattimore,4814 Poplar Way Apt 37A,Richmond,VA,23255,(703) 555-1115,,Mail,NPRC,12/02/2022,No,,LATTIMORE|NICOLE M|23255,"Lattimore, Nicole M",[TACOM];[CSR];[Admin];[ReadOnlyAudit];LocalDomainServers,
6C2222547E4E540032CEAA2EFDBA8AD6,11B6,,05/12/2016 08:01:44,05/12/2016 08:01:44,CN=Ret Hamlin/OU=CHPSID/O=TACOM,,RQ000560,Yarrowdale,,Mildred,T,Daughter,Margaret Yarrowdale,1809 Veterans Memorial Pl,Orlando,FL,32838,,,Mail,Congressional,05/12/2016,Yes,05/12/2016,YARROWDALE|MILDRED|32838,"Yarrowdale, Mildred T",[TACOM];[CSR];[Admin];[ReadOnlyAudit];LocalDomainServers,
C18F53EFFB06E0851DA55FF8486B243A,11BA,,05/19/2025 09:07:00,05/19/2025 09:07:00,CN=HRC-Transfer/OU=Agents/O=TACOM,,RQ000561,Delgadillo,Sr.,Carl,N,Self,Carl N Delgadillo,7503 Oak Way,Worcester,MA,01615-6965,(856) 555-1443,,Phone,HRC,05/19/2025,Yes,05/19/2025,DELGADILLO|CARL|01615,"Delgadillo, Carl N",[TACOM];[CSR];[Admin];[ReadOnlyAudit];LocalDomainServers,
94297BAAEC37582B8FBD1FAECAF8421F,11BE,,02/10/2024 14:49:20,02/10/2024 14:49:20,CN=Ret Hamlin/OU=CHPSID/O=TACOM,,RQ000562,Whitlock-Bay,Sr.,Barbara,,Spouse,Thomas Whitlock,9523 Pershing Pl,Newark,NJ,07114,(302) 555-1522,,Phone,Manual,02/10/2024,Yes,02/10/2024,WHITLOCK-BAY|BARBARA|07114,"Whitlock-Bay, Barbara",[TACOM];[CSR];[Admin];[ReadOnlyAudit];LocalDomainServers,
7B23DE96A67E72FD8CE118691EF56F52,11C2,,09/23/2024 17:06:30,09/23/2024 17:06:30,CN=Lorraine Whitcombe/OU=CHPSID/O=TACOM,,RQ000563,Drakeford,,Frances,G,Spouse,Nancy Drakeford,502 Bradley Ln,Orlando,FL,32892,(484) 555-1732,frances.drakeford@example.com,E-mail,Congressional,09/23/2024,No,09/23/2024,DRAKEFORD|FRANCES|32892,"Drakeford, Frances G",[TACOM];[CSR];[Admin];[ReadOnlyAudit];LocalDomainServers,
6A4F104A9ED8259CEDE188B9D79BC859,11C6,,09/02/2016 10:32:07,09/02/2016 10:32:07,CN=Dwayne Petrakis/OU=CHPSID/O=TACOM,,RQ000564,Lattimore,III,Margaret,H,Self,Margaret H Lattimore,9193 Birch Way,Omaha,NE,68111,(267) 555-1566,margaret.lattimore@example.com,Phone,Congressional,09/02/2016,No,09/02/2016,LATTIMORE|MARGARET|68111,"Lattimore, Margaret H",[TACOM];[CSR];[Admin];[ReadOnlyAudit];LocalDomainServers,
88C40492BB6922C97AE6BD9E054C81D8,11CA,,09/22/2006 11:35:24,09/22/2006 11:35:24,CN=HRC-Transfer/OU=Agents/O=TACOM,,RQ000565,Beddingfield,,Linda,,Daughter,Virginia Beddingfield,2080 Marshall Blvd,Hartford,CT,06141,(484) 555-1549,,E-mail,HRC,09/22/2006,No,09/22/2006,BEDDINGFIELD|LINDA|06141,"Beddingfield, Linda",[TACOM];[CSR];[Admin];[ReadOnlyAudit];LocalDomainServers,
001E1175B53A858C5577D127884A5A3C,11CE,,03/13/2022 08:13:51,03/13/2022 08:13:51,CN=HRC-Transfer/OU=Agents/O=TACOM,,RQ000566,Dunmore-Vey,,Stephanie,L,Daughter,Christopher Dunmore,6213 Bradley Rd,Louisville,KY,40226,(540) 555-1388,stephanie.dunmore@example.com,Phone,NPRC,03/13/2022,Yes,,DUNMORE-VEY|STEPHANIE|40226,"Dunmore-Vey, Stephanie L",[TACOM];[CSR];[Admin];[ReadOnlyAudit];LocalDomainServers,
774CC8632BA69D394BE335B847514591,11D2,,11/30/2014 07:51:50,11/30/2014 07:51:50,CN=HRC-Transfer/OU=Agents/O=TACOM,,RQ000567,Altamirano-Diaz,,Stephanie,,Self,Stephanie Altamirano-Diaz,6553 Patton St,Newark,NJ,07141,(610) 555-1038,,Mail,NPRC,11/30/2014,No,11/30/2014,ALTAMIRANO-DIAZ|STEPHANIE|07141,"Altamirano-Diaz, Stephanie",[TACOM];[CSR];[Admin];[ReadOnlyAudit];LocalDomainServers,
2F8AE1AC22C88B9EE41D12B00125B1A6,11D6,,01/26/2026 13:17:45,01/26/2026 13:17:45,CN=HRC-Transfer/OU=Agents/O=TACOM,,RQ000568,Quinonez,,Carlos,M,Parent,Carl Quinonez,2651 Spruce Ln,Jackson,MS,39248-5936,(856) 555-1854,,E-mail,HRC,01/26/2026,Yes,01/26/2026,QUINONEZ|CARLOS|39248,"Quinonez, Carlos M",[TACOM];[CSR];[Admin];[ReadOnlyAudit];LocalDomainServers,
27D6267FDCFD6AC8EB2EC185E5FBF6CB,11DA,,03/19/2014 14:55:37,03/19/2014 14:55:37,CN=HRC-Transfer/OU=Agents/O=TACOM,,RQ000569,Lockridge,,Raymond,L,Self,Raymond L Lockridge,7829 Eisenhower Rd,Tacoma,WA,98463-0949,(717) 555-1017,raymond.lockridge@example.com,Mail,NPRC,03/19/2014,No,,LOCKRIDGE|RAYMOND|98463,"Lockridge, Raymond L",[TACOM];[CSR];[Admin];[ReadOnlyAudit];LocalDomainServers,
9CE7887E1AA35E488ACCF3DCEE1060BA,11DE,,05/29/2009 16:02:48,05/29/2009 16:02:48,CN=HRC-Transfer/OU=Agents/O=TACOM,,RQ000570,Umberlake,Sr.,Justin,N,Self,Justin N Umberlake,4954 Walnut Rd Apt 1B,Albuquerque,NM,87134,(484) 555-1748,justin.umberlake@example.com,Phone,NPRC,05/29/2009,Yes,05/29/2009,UMBERLAKE|JUSTIN|87134,"Umberlake, Justin N",[TACOM];[CSR];[Admin];[ReadOnlyAudit];LocalDomainServers,
47C7BE19DC47F54C421BE4ADAAC42FDC,11E2,,08/25/2009 07:34:08,08/25/2009 07:34:08,CN=HRC-Transfer/OU=Agents/O=TACOM,,RQ000571,Marrowbridge,III,Margaret,K,Spouse,John Marrowbridge,6082 Chestnut Ct Apt 18A,Atlanta,GA,30361-3880,,margaret.marrowbridge@example.com,E-mail,NPRC,08/25/2009,Yes,,MARROWBRIDGE|MARGARET|30361,"Marrowbridge, Margaret K",[TACOM];[CSR];[Admin];[ReadOnlyAudit];LocalDomainServers,
08097D18A9C64D410F89B5C3FF9A992F,11E6,,03/01/2012 17:19:27,03/01/2012 17:19:27,CN=Lorraine Whitcombe/OU=CHPSID/O=TACOM,,RQ000572,Drakeford,III,James,,Son,Clarence Drakeford,3670 Marshall Blvd,Fort Wayne,IN,46820-9563,(540) 555-1358,,Mail,Congressional,03/01/2012,No,03/01/2012,DRAKEFORD|JAMES|46820,"Drakeford, James",[TACOM];[CSR];[Admin];[ReadOnlyAudit];LocalDomainServers,
01D0E1CFDA8B868E4B1090A1EA3386D8,11EA,,12/02/2023 15:13:19,12/02/2023 15:13:19,CN=Marlene Okafor/OU=CHPSID/O=TACOM,,RQ000573,Rathbourne,III,Charles,,Spouse,Ruth Rathbourne,4833 Hickory Way Apt 6D,Phoenix,AZ,85098,(484) 555-1794,,Mail,Manual,12/02/2023,Yes,,RATHBOURNE|CHARLES|85098,"Rathbourne, Charles",[TACOM];[CSR];[Admin];[ReadOnlyAudit];LocalDomainServers,
39277BC8E502B06AFC86772992B09773,11EE,,10/24/2024 07:39:11,10/24/2024 07:39:11,CN=HRC-Transfer/OU=Agents/O=TACOM,,RQ000574,Rathbourne,,Andrew,B,Parent,Darnell Rathbourne,7096 Juniper Ln,Denver,CO,80237-6809,(703) 555-1158,,Phone,NPRC,10/24/2024,No,10/24/2024,RATHBOURNE|ANDREW|80237,"Rathbourne, Andrew B",[TACOM];[CSR];[Admin];[ReadOnlyAudit];LocalDomainServers,
406139DA2439FCF98D65EB0B9DF5A5F7,11F2,,08/16/2024 14:34:57,08/16/2024 14:34:57,CN=HRC-Transfer/OU=Agents/O=TACOM,,RQ000575,Ledesma-Ortiz,III,Nancy,K,Spouse,Ernesto Ledesma,5822 Madison Ter,Fayetteville,NC,28353,,,Phone,HRC,08/16/2024,No,08/16/2024,LEDESMA-ORTIZ|NANCY|28353,"Ledesma-Ortiz, Nancy K",[TACOM];[CSR];[Admin];[ReadOnlyAudit];LocalDomainServers,
C39C77492BB5B31AAABBA03794F49216,11F6,,07/05/2004 07:44:35,07/05/2004 07:44:35,CN=HRC-Transfer/OU=Agents/O=TACOM,,RQ000576,Drakeford,Jr.,Steven,,Self,Steven Drakeford,9344 Juniper Blvd,Jackson,MS,39274,(856) 555-1127,steven.drakeford@example.com,Phone,HRC,07/05/2004,No,,DRAKEFORD|STEVEN|39274,"Drakeford, Steven",[TACOM];[CSR];[Admin];[ReadOnlyAudit];LocalDomainServers,
DDB0C94D95EA47E5BC511EB3C52B7E34,11FA,,12/17/2020 09:01:30,12/17/2020 09:01:30,CN=Dwayne Petrakis/OU=CHPSID/O=TACOM,,RQ000577,Yellowley,Sr.,Darnell,M,Self,Darnell M Yellowley,2859 Lincoln Rd,Worcester,MA,01670,(717) 555-1939,,Mail,Congressional,12/17/2020,Yes,12/17/2020,YELLOWLEY|DARNELL|01670,"Yellowley, Darnell M",[TACOM];[CSR];[Admin];[ReadOnlyAudit];LocalDomainServers,
CDFA3579D0EB77477C857D3F4185EEB4,11FE,,02/25/2026 13:49:29,02/25/2026 13:49:29,CN=HRC-Transfer/OU=Agents/O=TACOM,,RQ000578,Okonkwo-Bell,,Brandon,,Self,Brandon Okonkwo-Bell,147 Oak Rd,Milwaukee,WI,53276-5048,(410) 555-1248,,Mail,NPRC,02/25/2026,Yes,02/25/2026,OKONKWO-BELL|BRANDON|53276,"Okonkwo-Bell, Brandon",[TACOM];[CSR];[Admin];[ReadOnlyAudit];LocalDomainServers,
BB90D8E23CE762B68014DC8E710DFFBA,1202,,01/17/2025 08:21:28,01/17/2025 08:21:28,CN=HRC-Transfer/OU=Agents/O=TACOM,,RQ000579,Redfearn Jr.,,Jessica,L,Self,Jessica L Redfearn,3092 Washington Rd,Baltimore,MD,21299-9739,(540) 555-1262,jessica.redfearn@example.com,Mail,HRC,01/17/2025,No,,REDFEARN JR.|JESSICA|21299,"Redfearn Jr., Jessica",[TACOM];[CSR];[Admin];[ReadOnlyAudit];LocalDomainServers,
E4A77C12B16C77E24671DADC942A0C60,1206,,10/16/2022 10:23:16,10/16/2022 10:23:16,CN=Lorraine Whitcombe/OU=CHPSID/O=TACOM,,RQ000580,Xanthopoulos,,Richard,W,Self,Richard W Xanthopoulos,4515 Hickory Blvd,Buffalo,NY,14297-5371,(610) 555-1842,richard.xanthopoulos@example.com,Mail,Congressional,10/16/2022,Yes,,XANTHOPOULOS|RICHARD|14297,"Xanthopoulos, Richard W",[TACOM];[CSR];[Admin];[ReadOnlyAudit];LocalDomainServers,
DB084C7666596CB4B132255EDDD3F144,120A,,12/06/2014 12:42:04,12/06/2014 12:42:04,CN=Ret Hamlin/OU=CHPSID/O=TACOM,,RQ000581,Lindquarry,Sr.,Justin,,Spouse,Justin Lindquarry,109 Patton Ct,Seattle,WA,98134-8430,(215) 555-1836,,Mail,Congressional,12/06/2014,Yes,12/06/2014,LINDQUARRY|JUSTIN|98134,"Lindquarry, Justin",[TACOM];[CSR];[Admin];[ReadOnlyAudit];LocalDomainServers,
A85068998AE7ACA0CB9EED0A18FB5929,120E,,05/12/2008 07:41:45,05/12/2008 07:41:45,CN=HRC-Transfer/OU=Agents/O=TACOM,,RQ000582,Wexcombe,,Robert,,Self,Robert Wexcombe,9304 Marshall Ave,Savannah,GA,31467-1912,(215) 555-1589,,E-mail,HRC,05/12/2008,Yes,05/12/2008,WEXCOMBE|ROBERT|31467,"Wexcombe, Robert",[TACOM];[CSR];[Admin];[ReadOnlyAudit];LocalDomainServers,
F8D0D6CA05691357C1D9A8F57AC6AFEB,1212,,04/30/2015 15:55:47,04/30/2015 15:55:47,CN=HRC-Transfer/OU=Agents/O=TACOM,,RQ000583,Ledesma-Ortiz,Jr.,Walter,,Self,Walter Ledesma-Ortiz,7823 Magnolia Pl,Oklahoma City,OK,73125-8146,(540) 555-1668,,Mail,NPRC,04/30/2015,Yes,,LEDESMA-ORTIZ|WALTER|73125,"Ledesma-Ortiz, Walter",[TACOM];[CSR];[Admin];[ReadOnlyAudit];LocalDomainServers,
2907EFA6EE302D653BFB8D6EADFC406C,1216,,03/30/2019 13:54:25,03/30/2019 13:54:25,CN=HRC-Transfer/OU=Agents/O=TACOM,,RQ000584,Fennimark,,Sandra,P,Self,Sandra P Fennimark,1621 Dogwood Blvd,Memphis,TN,38194-5194,(703) 555-1076,sandra.fennimark@example.com,Mail,HRC,03/30/2019,No,03/30/2019,FENNIMARK|SANDRA|38194,"Fennimark, Sandra P",[TACOM];[CSR];[Admin];[ReadOnlyAudit];LocalDomainServers,
0E8BC618B4B41DE9170C6A5BEB5D26C3,121A,,02/11/2006 12:45:13,02/11/2006 12:45:13,CN=HRC-Transfer/OU=Agents/O=TACOM,,RQ000585,Escobedo-Ruiz,,Frances,D,Self,Frances D Escobedo-Ruiz,7538 Birch Ter,Birmingham,AL,35241,(215) 555-1657,frances.escobedo@example.com,E-mail,HRC,02/11/2006,No,,ESCOBEDO-RUIZ|FRANCES|35241,"Escobedo-Ruiz, Frances D",[TACOM];[CSR];[Admin];[ReadOnlyAudit];LocalDomainServers,
5A3FF87FA3AE5069B74AB8DDCDA2AB09,121E,,02/22/2006 11:21:54,02/22/2006 11:21:54,CN=HRC-Transfer/OU=Agents/O=TACOM,,RQ000586,Castellanos,,Susan,S,Daughter,Mildred Castellanos,1920 Oak St,Kansas City,MO,64157-7157,,susan.castellanos@example.com,Mail,NPRC,02/22/2006,No,,CASTELLANOS|SUSAN|64157,"Castellanos, Susan S",[TACOM];[CSR];[Admin];[ReadOnlyAudit];LocalDomainServers,
70D705854B60906E9CC7895131FF108E,1222,,06/20/2019 12:53:33,06/20/2019 12:53:33,CN=HRC-Transfer/OU=Agents/O=TACOM,,RQ000587,Zapata-Kell,,Amanda,E,Self,Amanda E Zapata-Kell,8485 Ridgway Pl,Colorado Springs,CO,80980-9622,(410) 555-1229,amanda.zapata@example.com,Mail,HRC,06/20/2019,No,06/20/2019,ZAPATA-KELL|AMANDA|80980,"Zapata-Kell, Amanda E",[TACOM];[CSR];[Admin];[ReadOnlyAudit];LocalDomainServers,
3961981A1B506B495576481CBEE0600D,1226,,11/30/2021 15:42:29,11/30/2021 15:42:29,CN=HRC-Transfer/OU=Agents/O=TACOM,,RQ000588,Nakashima,,Stephanie,T,Daughter,Justin Nakashima,9381 Washington Way,San Antonio,TX,78277,(484) 555-1861,,E-mail,HRC,11/30/2021,Yes,11/30/2021,NAKASHIMA|STEPHANIE|78277,"Nakashima, Stephanie T",[TACOM];[CSR];[Admin];[ReadOnlyAudit];LocalDomainServers,
E8D98F3933C3C156FA0251C671043EE4,122A,,10/30/2024 15:19:50,10/30/2024 15:19:50,CN=Renata Vasquez-Holm/OU=CHPSID/O=TACOM,,RQ000589,Guajardo,,Robert,F,Daughter,Andrew Guajardo,4339 Laurel Rd,Los Angeles,CA,90059,(302) 555-1170,,Mail,Congressional,10/30/2024,Yes,,GUAJARDO|ROBERT|90059,"Guajardo, Robert F",[TACOM];[CSR];[Admin];[ReadOnlyAudit];LocalDomainServers,
685CC3627852465E9E6394CC35E09DBC,122E,,01/04/2009 13:33:58,01/04/2009 13:33:58,CN=Renata Vasquez-Holm/OU=CHPSID/O=TACOM,,RQ000590,Saldivar,,Hector,L,Self,Hector L Saldivar,7604 Juniper Ln,Atlanta,GA,30343-5161,,,Phone,Manual,01/04/2009,No,01/04/2009,SALDIVAR|HECTOR|30343,"Saldivar, Hector L",[TACOM];[CSR];[Admin];[ReadOnlyAudit];LocalDomainServers,
2D36BDC8B93155675609F4200C2D17CE,1232,,02/16/2019 09:06:51,02/16/2019 09:06:51,CN=HRC-Transfer/OU=Agents/O=TACOM,,RQ000591,Abernook,Jr.,David,W,Daughter,Hector Abernook,7980 Birch Pl,Tampa,FL,33631,(484) 555-1495,,Mail,HRC,02/16/2019,Yes,,ABERNOOK|DAVID|33631,"Abernook, David W",[TACOM];[CSR];[Admin];[ReadOnlyAudit];LocalDomainServers,
41A2B265F28AB858B74D4219BA9753B2,1236,,02/21/2010 12:27:27,02/21/2010 12:27:27,CN=HRC-Transfer/OU=Agents/O=TACOM,,RQ000592,Jaramillo,Jr.,Carol,R,Sibling,Justin Jaramillo,9140 Maple Ct,Norfolk,VA,23512,(484) 555-1981,carol.jaramillo@example.com,Mail,NPRC,02/21/2010,No,02/21/2010,JARAMILLO|CAROL|23512,"Jaramillo, Carol R",[TACOM];[CSR];[Admin];[ReadOnlyAudit];LocalDomainServers,
787BFE1A37C18C02DEBF9AFEDD4F9612,123A,,01/20/2017 17:55:14,01/20/2017 17:55:14,CN=HRC-Transfer/OU=Agents/O=TACOM,,RQ000593,Fairweather,III,Amanda,,Daughter,Daniel Fairweather,3466 Sycamore Dr Apt 37A,Omaha,NE,68135,(540) 555-1663,amanda.fairweather@example.com,Mail,HRC,01/20/2017,No,,FAIRWEATHER|AMANDA|68135,"Fairweather, Amanda",[TACOM];[CSR];[Admin];[ReadOnlyAudit];LocalDomainServers,
6D21706ACA6F29FF7C1B7C1D68D7B9B8,123E,,07/06/2021 07:14:59,07/06/2021 07:14:59,CN=Ret Hamlin/OU=CHPSID/O=TACOM,,RQ000594,Urquhart,Jr.,Daniel,F,Self,Daniel F Urquhart,3337 Willow Ct,Denver,CO,80200-3753,(610) 555-1476,,Mail,Manual,07/06/2021,No,,URQUHART|DANIEL|80200,"Urquhart, Daniel",[TACOM];[CSR];[Admin];[ReadOnlyAudit];LocalDomainServers,
ADB33C97C46EB299DD232B182FDBAA8C,1242,,12/30/2019 09:56:00,12/30/2019 09:56:00,CN=Lorraine Whitcombe/OU=CHPSID/O=TACOM,,RQ000595,Nakashima,,Amanda,B,Spouse,Andrew Nakashima,7122 Oak Way Apt 21D,Omaha,NE,68145,,amanda.nakashima@example.com,Mail,Manual,12/30/2019,Yes,,NAKASHIMA|AMANDA|68145,"Nakashima, Amanda B",[TACOM];[CSR];[Admin];[ReadOnlyAudit];LocalDomainServers,
24982AFA2BE481910C613CF404103C30,1246,,12/31/2009 17:23:50,12/31/2009 17:23:50,CN=HRC-Transfer/OU=Agents/O=TACOM,,RQ000596,Zabrowski,,Jamal,,Self,Jamal Zabrowski,3112 Veterans Memorial Ave,El Paso,TX,79985,(302) 555-1122,jamal.zabrowski@example.com,Phone,HRC,12/31/2009,Yes,12/31/2009,ZABROWSKI|JAMAL|79985,"Zabrowski, Jamal",[TACOM];[CSR];[Admin];[ReadOnlyAudit];LocalDomainServers,
BF78FACEB14A6700D39554B29808305C,124A,,10/16/2010 11:27:11,10/16/2010 11:27:11,CN=HRC-Transfer/OU=Agents/O=TACOM,,RQ000597,Altamirano-Diaz,Sr.,Ralph,H,Son,Kevin Altamirano,3833 Oak Ct,Chicago,IL,60678,(717) 555-1686,ralph.altamirano@example.com,Mail,HRC,10/16/2010,Yes,10/16/2010,ALTAMIRANO-DIAZ|RALPH|60678,"Altamirano-Diaz, Ralph H",[TACOM];[CSR];[Admin];[ReadOnlyAudit];LocalDomainServers,
3F25C614B24FDB27D5C169DFD7872B7C,124E,,05/17/2026 16:02:53,05/17/2026 16:02:53,CN=Benedetta Kowalczyk/OU=CHPSID/O=TACOM,,RQ000598,Zapata-Kell,Jr.,Daniel,,Self,Daniel Zapata-Kell,4888 Magnolia St,Indianapolis,IN,46211-2952,,,Mail,Manual,05/17/2026,Yes,,ZAPATA-KELL|DANIEL|46211,"Zapata-Kell, Daniel",[TACOM];[CSR];[Admin];[ReadOnlyAudit];LocalDomainServers,
F2F06BC3FB6CA4E78691D915A04D6B91,1252,,05/29/2025 07:47:17,05/29/2025 07:47:17,CN=HRC-Transfer/OU=Agents/O=TACOM,,RQ000599,Ellsworthy Jr.,,Karen,L,Daughter,Heather Ellsworthy,3907 Marshall Blvd,Sioux Falls,SD,57124,,,Mail,HRC,05/29/2025,No,,ELLSWORTHY JR.|KAREN|57124,"Ellsworthy Jr., Karen",[TACOM];[CSR];[Admin];[ReadOnlyAudit];LocalDomainServers,
6D357223704B7C6A56C41AECB22049A1,1256,,03/08/2021 09:18:48,03/08/2021 09:18:48,CN=HRC-Transfer/OU=Agents/O=TACOM,,RQ000600,Ingersby,,Harold,,Daughter,Clarence Ingersby,9292 Chestnut Ct,Raleigh,NC,27657,(717) 555-1341,,Phone,NPRC,03/08/2021,Yes,03/08/2021,INGERSBY|HAROLD|27657,"Ingersby, Harold",[TACOM];[CSR];[Admin];[ReadOnlyAudit];LocalDomainServers,
7F696EC2415EBC8842CA08179A64844A,125A,,05/30/2019 17:22:43,05/30/2019 17:22:43,CN=HRC-Transfer/OU=Agents/O=TACOM,,RQ000601,Palomares,,Harold,,Self,Harold Palomares,8296 Magnolia Ave,El Paso,TX,79901-5901,(717) 555-1785,harold.palomares@example.com,Mail,NPRC,05/30/2019,Yes,,PALOMARES|HAROLD|79901,"Palomares, Harold",[TACOM];[CSR];[Admin];[ReadOnlyAudit];LocalDomainServers,
064F2AD1BC6B4F73E2F4D7E8993416D8,125E,,06/11/2021 15:15:54,06/11/2021 15:15:54,CN=HRC-Transfer/OU=Agents/O=TACOM,,RQ000602,Jaramillo,,E.,P,Spouse,Thomas Jaramillo,7344 Ridgway Ln,Houston,TX,77076-2819,(540) 555-1036,,E-mail,HRC,06/11/2021,No,,JARAMILLO|E.|77076,"Jaramillo, E.",[TACOM];[CSR];[Admin];[ReadOnlyAudit];LocalDomainServers,
2576BCB8C65F2722EEBD9A7C64E9916E,1262,,09/16/2010 08:59:23,09/16/2010 08:59:23,CN=HRC-Transfer/OU=Agents/O=TACOM,,RQ000603,Gastrelle,Jr.,Thomas,,Self,Thomas Gastrelle,6120 Lincoln Way,Shreveport,LA,71109-7928,(267) 555-1547,,E-mail,HRC,09/16/2010,Yes,09/16/2010,GASTRELLE|THOMAS|71109,"Gastrelle, Thomas",[TACOM];[CSR];[Admin];[ReadOnlyAudit];LocalDomainServers,
F8A490347146FF0DAD709CD6E6C8AAC5,1266,,08/20/2020 14:42:23,08/20/2020 14:42:23,CN=HRC-Transfer/OU=Agents/O=TACOM,,RQ000604,Galbreath,,Earl,A,Self,Earl A Galbreath,6911 Pershing Ter,Columbus,OH,43251,(717) 555-1352,earl.galbreath@example.com,E-mail,HRC,08/20/2020,No,08/20/2020,GALBREATH|EARL|43251,"Galbreath, Earl A",[TACOM];[CSR];[Admin];[ReadOnlyAudit];LocalDomainServers,
0549D2C23319B04FE46529BBECB37E6C,126A,,04/11/2021 14:38:56,04/11/2021 14:38:56,CN=Renata Vasquez-Holm/OU=CHPSID/O=TACOM,,RQ000605,Hollinbeck,III,Leonard,,Self,Leonard Hollinbeck,1895 Maple Way,Oklahoma City,OK,73194,(856) 555-1422,,E-mail,Congressional,04/11/2021,Yes,04/11/2021,HOLLINBECK|LEONARD|73194,"Hollinbeck, Leonard",[TACOM];[CSR];[Admin];[ReadOnlyAudit];LocalDomainServers,
6C7D092418C36D8626AC66A2CD7DF0DA,126E,,03/09/2019 15:07:51,03/09/2019 15:07:51,CN=HRC-Transfer/OU=Agents/O=TACOM,,RQ000606,Trevino-Hale,Sr.,Thomas,C,Daughter,Carol Trevino,6903 Washington Way,Tampa,FL,33635-1368,(267) 555-1704,,Mail,HRC,03/09/2019,Yes,03/09/2019,TREVINO-HALE|THOMAS|33635,"Trevino-Hale, Thomas C",[TACOM];[CSR];[Admin];[ReadOnlyAudit];LocalDomainServers,
8391403072F16F9E5BEA8B223D000049,1272,,04/20/2004 14:48:17,04/20/2004 14:48:17,CN=HRC-Transfer/OU=Agents/O=TACOM,,RQ000607,Montgomerie,Jr.,Raymond,M,Other NOK,Linda Montgomerie,978 Cedar Blvd Apt 18C,Billings,MT,59170-0870,(302) 555-1731,raymond.montgomerie@example.com,Mail,NPRC,04/20/2004,Yes,04/20/2004,MONTGOMERIE|RAYMOND|59170,"Montgomerie, Raymond M",[TACOM];[CSR];[Admin];[ReadOnlyAudit];LocalDomainServers,
C8F03D718EE7360B6193CF1D7A9F0D56,1276,,12/15/2016 14:09:52,12/15/2016 14:09:52,CN=HRC-Transfer/OU=Agents/O=TACOM,,RQ000608,Nakashima,Jr.,Ryan,W,Daughter,Carlos Nakashima,6725 Hickory Ave,Dallas,TX,75240,(703) 555-1811,,Mail,NPRC,12/15/2016,Yes,,NAKASHIMA|RYAN|75240,"Nakashima, Ryan W",[TACOM];[CSR];[Admin];[ReadOnlyAudit];LocalDomainServers,
79C866C0C8673FD4BF0D53A681C8BBCF,127A,,12/09/2025 09:27:29,12/09/2025 09:27:29,CN=HRC-Transfer/OU=Agents/O=TACOM,,RQ000609,Montgomerie,Jr.,Susan,B,Son,Jennifer Montgomerie,4843 Sycamore Dr,Chicago,IL,60638-5844,(703) 555-1000,,Mail,HRC,12/09/2025,Yes,,MONTGOMERIE|SUSAN|60638,"Montgomerie, Susan B",[TACOM];[CSR];[Admin];[ReadOnlyAudit];LocalDomainServers,
63336D0E14953FF12699AD96BB1D89D7,127E,,08/29/2024 10:12:31,08/29/2024 10:12:31,CN=HRC-Transfer/OU=Agents/O=TACOM,,RQ000610,Wexcombe,III,Dorothy,P,Self,Dorothy P Wexcombe,9823 Spruce Ave,Dayton,OH,45473,(302) 555-1655,,Mail,HRC,08/29/2024,Yes,08/29/2024,WEXCOMBE|DOROTHY|45473,"Wexcombe, Dorothy P",[TACOM];[CSR];[Admin];[ReadOnlyAudit];LocalDomainServers,
120A94AF6A154788BDD45586136A16F7,1282,,10/31/2010 17:04:56,10/31/2010 17:04:56,CN=Renata Vasquez-Holm/OU=CHPSID/O=TACOM,,RQ000611,Rathbourne,,Michael,T,Self,Michael T Rathbourne,3605 Maple Ter,Burlington,VT,05486,(610) 555-1583,,E-mail,Manual,10/31/2010,No,10/31/2010,RATHBOURNE|MICHAEL|05486,"Rathbourne, Michael T",[TACOM];[CSR];[Admin];[ReadOnlyAudit];LocalDomainServers,
7EF40A06C3216229D0BD3B5B12BC7821,1286,,06/28/2012 08:09:02,06/28/2012 08:09:02,CN=HRC-Transfer/OU=Agents/O=TACOM,,RQ000612,Maldonado-Vega,III,Sarah,L,Self,Sarah L Maldonado-Vega,1319 Oak Pl,Tucson,AZ,85776,(215) 555-1146,sarah.maldonado@example.com,Mail,HRC,06/28/2012,Yes,,MALDONADO-VEGA|SARAH|85776,"Maldonado-Vega, Sarah L",[TACOM];[CSR];[Admin];[ReadOnlyAudit];LocalDomainServers,
66C0B629C9470D01194936FD3AB37BE1,128A,,03/26/2022 16:28:17,03/26/2022 16:28:17,CN=HRC-Transfer/OU=Agents/O=TACOM,,RQ000613,Fortenbury,,Hector D,D,Daughter,Kevin Fortenbury,5983 Ridgway Rd,Manchester,NH,03150,(703) 555-1752,hector.fortenbury@example.com,Mail,NPRC,03/26/2022,No,,FORTENBURY|HECTOR D|03150,"Fortenbury, Hector D",[TACOM];[CSR];[Admin];[ReadOnlyAudit];LocalDomainServers,RQ000306
72F8F47D323382447148CBB2DDF1ED2F,128E,,10/19/2024 13:13:41,10/19/2024 13:13:41,CN=Renata Vasquez-Holm/OU=CHPSID/O=TACOM,,RQ000614,Rockwell-Sayre,Sr.,J.,C,Grandchild,Norman Rockwell,3570 Madison St,Houston,TX,77034-6351,(302) 555-1296,,Mail,Manual,10/19/2024,No,,ROCKWELL-SAYRE|J.|77034,"Rockwell-Sayre, J.",[TACOM];[CSR];[Admin];[ReadOnlyAudit];LocalDomainServers,RQ000490
D98D514656F99FA193E064939C883954,1292,,11/14/2013 11:09:40,11/14/2013 11:09:40,CN=Benedetta Kowalczyk/OU=CHPSID/O=TACOM,,RQ000615,Stanwycke,Sr.,Karen,B,Self,Karen B Stanwycke,4110 Oak Pl,Charlotte,NC,28216,,,Phone,Manual,11/14/2013,No,11/14/2013,STANWYCKE|KAREN|28216,"Stanwycke, Karen B",[TACOM];[CSR];[Admin];[ReadOnlyAudit];LocalDomainServers,
EBDB3426CCA57157DCC11AB6F58E2E8D,1296,,05/14/2008 10:56:42,05/14/2008 10:56:42,CN=Dwayne Petrakis/OU=CHPSID/O=TACOM,,RQ000616,Ahlquist-Bane,,John,,Self,John Ahlquist-Bane,7078 Veterans Memorial Blvd,Columbia,SC,29232-1369,(267) 555-1919,john.ahlquist@example.com,Mail,Congressional,05/14/2008,Yes,05/14/2008,AHLQUIST-BANE|JOHN|29232,"Ahlquist-Bane, John",[TACOM];[CSR];[Admin];[ReadOnlyAudit];LocalDomainServers,
83131D9C04CA48366BA350D447B4A282,129A,,05/16/2014 17:37:33,05/16/2014 17:37:33,CN=HRC-Transfer/OU=Agents/O=TACOM,,RQ000617,Ellsworthy,,Walter,A,Self,Walter A Ellsworthy,4026 Walnut Ave,Fargo,ND,58172,(610) 555-1245,walter.ellsworthy@example.com,E-mail,NPRC,05/16/2014,Yes,05/16/2014,ELLSWORTHY|WALTER|58172,"Ellsworthy, Walter A",[TACOM];[CSR];[Admin];[ReadOnlyAudit];LocalDomainServers,
BD060730667B6358DEE10A24983A3961,129E,,10/16/2021 16:34:33,10/16/2021 16:34:33,CN=HRC-Transfer/OU=Agents/O=TACOM,,RQ000618,Ellingboe,III,Linda,J,Spouse,Nicole Ellingboe,6433 Eisenhower Ave,Kansas City,MO,64196,,,E-mail,HRC,10/16/2021,Yes,10/16/2021,ELLINGBOE|LINDA|64196,"Ellingboe, Linda J",[TACOM];[CSR];[Admin];[ReadOnlyAudit];LocalDomainServers,
97E84AF2D40BDA5BCAD1B70AD2D2BB99,12A2,,12/17/2006 16:54:16,12/17/2006 16:54:16,CN=Ret Hamlin/OU=CHPSID/O=TACOM,,RQ000619,Kellerhaus,,Brandon,B,Self,Brandon B Kellerhaus,9788 Washington St,Worcester,MA,01639-3089,(717) 555-1506,brandon.kellerhaus@example.com,Mail,Congressional,12/17/2006,Yes,12/17/2006,KELLERHAUS|BRANDON|01639,"Kellerhaus, Brandon B",[TACOM];[CSR];[Admin];[ReadOnlyAudit];LocalDomainServers,
3F4C8C49131532A7420ADD983E107365,12A6,,03/09/2012 12:43:29,03/09/2012 12:43:29,CN=Benedetta Kowalczyk/OU=CHPSID/O=TACOM,,RQ000620,Montgomerie,,Joshua,W,Sibling,Tyler Montgomerie,9886 Cedar Blvd,Fort Wayne,IN,46852-7730,(484) 555-1166,,Phone,Manual,03/09/2012,Yes,03/09/2012,MONTGOMERIE|JOSHUA|46852,"Montgomerie, Joshua W",[TACOM];[CSR];[Admin];[ReadOnlyAudit];LocalDomainServers,
36898D0DCA75A203D80053D4A626B50D,12AA,,11/03/2013 13:15:15,11/03/2013 13:15:15,CN=Lorraine Whitcombe/OU=CHPSID/O=TACOM,,RQ000621,Ashcroft-Mayne,Sr.,Timothy,D,Self,Timothy D Ashcroft-Mayne,2062 Jefferson St,Portland,OR,97245,,,Mail,Manual,11/03/2013,No,,ASHCROFT-MAYNE|TIMOTHY|97245,"Ashcroft-Mayne, Timothy D",[TACOM];[CSR];[Admin];[ReadOnlyAudit];LocalDomainServers,
CB91BC28DBA1659A86D61E58383BB521,12AE,,12/21/2008 07:00:48,12/21/2008 07:00:48,CN=HRC-Transfer/OU=Agents/O=TACOM,,RQ000622,Prendergast,III,Andre,M,Spouse,Jennifer Prendergast,2044 Juniper Ave,Philadelphia,PA,19139,(267) 555-1424,andre.prendergast@example.com,Mail,NPRC,12/21/2008,No,12/21/2008,PRENDERGAST|ANDRE|19139,"Prendergast, Andre M",[TACOM];[CSR];[Admin];[ReadOnlyAudit];LocalDomainServers,
1EC3E4AB3A47D6080FCB075E0E089BF3,12B2,,05/17/2014 14:20:41,05/17/2014 14:20:41,CN=HRC-Transfer/OU=Agents/O=TACOM,,RQ000623,Ingersby,Sr.,Walter,,Self,Walter Ingersby,9233 Cedar Blvd,Worcester,MA,01685-0286,(856) 555-1985,,E-mail,HRC,05/17/2014,Yes,,INGERSBY|WALTER|01685,"Ingersby, Walter",[TACOM];[CSR];[Admin];[ReadOnlyAudit];LocalDomainServers,
A9999BE94F6F493EC5834532AA3F9B0F,12B6,,03/07/2011 12:18:30,03/07/2011 12:18:30,CN=HRC-Transfer/OU=Agents/O=TACOM,,RQ000624,Galbreath,III,Daniel,,Son,Daniel Galbreath,772 Hickory Dr Apt 35B,Boise,ID,83703,(610) 555-1602,daniel.galbreath@example.com,E-mail,HRC,03/07/2011,Yes,,GALBREATH|DANIEL|83703,"Galbreath, Daniel",[TACOM];[CSR];[Admin];[ReadOnlyAudit];LocalDomainServers,
0CCBB65602B276EBAA98395EFAD444AC,12BA,,06/17/2017 11:09:56,06/17/2017 11:09:56,CN=HRC-Transfer/OU=Agents/O=TACOM,,RQ000625,Lattimore,,Brandon,B,Son,Raymond Lattimore,870 Chestnut Ter,Indianapolis,IN,46253,(410) 555-1780,,E-mail,HRC,06/17/2017,Yes,06/17/2017,LATTIMORE|BRANDON|46253,"Lattimore, Brandon B",[TACOM];[CSR];[Admin];[ReadOnlyAudit];LocalDomainServers,
92D07F7F9EE04491FF714743C3CA66E2,12BE,,05/04/2010 17:46:22,05/04/2010 17:46:22,CN=Renata Vasquez-Holm/OU=CHPSID/O=TACOM,,RQ000626,Kestleman,,Frances,T,Self,Frances T Kestleman,7993 Walnut Dr,Indianapolis,IN,46295,(302) 555-1492,frances.kestleman@example.com,E-mail,Manual,05/04/2010,No,05/04/2010,KESTLEMAN|FRANCES|46295,"Kestleman, Frances T",[TACOM];[CSR];[Admin];[ReadOnlyAudit];LocalDomainServers,
B4C38EF29DD98519629C2E465B6359D1,12C2,,12/26/2009 14:37:02,12/26/2009 14:37:02,CN=HRC-Transfer/OU=Agents/O=TACOM,,RQ000627,Cartlewood,Sr.,Jose,R,Self,Jose R Cartlewood,4498 Poplar Ter,Wilmington,DE,19822-3147,(302) 555-1698,jose.cartlewood@example.com,Phone,HRC,12/26/2009,Yes,12/26/2009,CARTLEWOOD|JOSE|19822,"Cartlewood, Jose R",[TACOM];[CSR];[Admin];[ReadOnlyAudit];LocalDomainServers,
BF027BECCEF19AAC3466B9F510B40345,12C6,,12/29/2006 08:38:06,12/29/2006 08:38:06,CN=Marlene Okafor/OU=CHPSID/O=TACOM,,RQ000628,Iverstone,,Nicole,W,Grandchild,Carol Iverstone,3895 Madison Dr,Billings,MT,59105,(302) 555-1907,nicole.iverstone@example.com,Phone,Congressional,12/29/2006,No,12/29/2006,IVERSTONE|NICOLE|59105,"Iverstone, Nicole W",[TACOM];[CSR];[Admin];[ReadOnlyAudit];LocalDomainServers,
DA4AF946647B24FED75A113179728618,12CA,,07/24/2023 16:36:03,07/24/2023 16:36:03,CN=Marlene Okafor/OU=CHPSID/O=TACOM,,RQ000629,Vandermolen,III,Gary,S,Self,Gary S Vandermolen,101 Ridgway Rd,Charlotte,NC,28282,(856) 555-1226,gary.vandermolen@example.com,Mail,Congressional,07/24/2023,No,,VANDERMOLEN|GARY|28282,"Vandermolen, Gary S",[TACOM];[CSR];[Admin];[ReadOnlyAudit];LocalDomainServers,
4025114548F061F629C523A4BBD2F8BA,12CE,,06/15/2010 08:33:56,06/15/2010 08:33:56,CN=HRC-Transfer/OU=Agents/O=TACOM,,RQ000630,Trevino-Hale,,Evelyn,L,Self,Evelyn L Trevino-Hale,8662 Bradley Ct,Worcester,MA,01603,,evelyn.trevino@example.com,Mail,HRC,06/15/2010,No,06/15/2010,TREVINO-HALE|EVELYN|01603,"Trevino-Hale, Evelyn L",[TACOM];[CSR];[Admin];[ReadOnlyAudit];LocalDomainServers,
00F6D1C501FFC7214F6E2A83528DFA4A,12D2,,01/30/2023 13:52:52,01/30/2023 13:52:52,CN=HRC-Transfer/OU=Agents/O=TACOM,,RQ000631,Jankowitz,Jr.,Heather,T,Son,Brian Jankowitz,8173 Patton Pl,Louisville,KY,40252-9983,(540) 555-1346,heather.jankowitz@example.com,Phone,HRC,01/30/2023,No,,JANKOWITZ|HEATHER|40252,"Jankowitz, Heather T",[TACOM];[CSR];[Admin];[ReadOnlyAudit];LocalDomainServers,
12873B452DEB2F23177EE9C2C20EC836,12D6,,01/26/2016 15:51:20,01/26/2016 15:51:20,CN=Marlene Okafor/OU=CHPSID/O=TACOM,,RQ000632,Umberlake,,Evelyn,,Grandchild,Andrew Umberlake,7578 Dogwood Blvd,Fayetteville,NC,28307,,,E-mail,Congressional,01/26/2016,Yes,01/26/2016,UMBERLAKE|EVELYN|28307,"Umberlake, Evelyn",[TACOM];[CSR];[Admin];[ReadOnlyAudit];LocalDomainServers,
F1ECBA35A2E8F186995717CA5047AA33,12DA,,06/23/2024 10:11:18,06/23/2024 10:11:18,CN=Benedetta Kowalczyk/OU=CHPSID/O=TACOM,,RQ000633,Coldwater,,James,G,Spouse,Patricia Coldwater,4863 Bradley Ln Apt 23B,Hartford,CT,06152,(302) 555-1845,james.coldwater@example.com,E-mail,Manual,06/23/2024,Yes,06/23/2024,COLDWATER|JAMES|06152,"Coldwater, James G",[TACOM];[CSR];[Admin];[ReadOnlyAudit];LocalDomainServers,
B96831A3A0202A92E3E19CCB16DC3424,12DE,,01/02/2010 14:35:52,01/02/2010 14:35:52,CN=HRC-Transfer/OU=Agents/O=TACOM,,RQ000634,Jessup-Kane,,Heather,M,Self,Heather M Jessup-Kane,1469 Birch Rd,Anchorage,AK,99553,,,E-mail,HRC,01/02/2010,Yes,,JESSUP-KANE|HEATHER|99553,"Jessup-Kane, Heather M",[TACOM];[CSR];[Admin];[ReadOnlyAudit];LocalDomainServers,
4406EB76AB34427B2D19AB333CDDAC48,12E2,,02/16/2016 08:06:51,02/16/2016 08:06:51,CN=Benedetta Kowalczyk/OU=CHPSID/O=TACOM,,RQ000635,Sallisaw,Jr.,Justin,K,Son,Walter Sallisaw,4554 Veterans Memorial Ln,Harrisburg,PA,17118-8142,(302) 555-1566,,Mail,Manual,02/16/2016,No,02/16/2016,SALLISAW|JUSTIN|17118,"Sallisaw, Justin K",[TACOM];[CSR];[Admin];[ReadOnlyAudit];LocalDomainServers,
A19F2C4E1FDAD46C1F9471B1F58CDEE9,12E6,,07/16/2025 07:16:32,07/16/2025 07:16:32,CN=Benedetta Kowalczyk/OU=CHPSID/O=TACOM,,RQ000636,Altamirano-Diaz,,Christopher,,Self,Christopher Altamirano-Diaz,2202 Magnolia Pl,Scranton,PA,18598-1318,(267) 555-1488,,Mail,Congressional,07/16/2025,No,07/16/2025,ALTAMIRANO-DIAZ|CHRISTOPHER|18598,"Altamirano-Diaz, Christopher",[TACOM];[CSR];[Admin];[ReadOnlyAudit];LocalDomainServers,
B630FAA3FCA628C1E78386F81045E188,12EA,,03/02/2009 17:55:37,03/02/2009 17:55:37,CN=HRC-Transfer/OU=Agents/O=TACOM,,RQ000637,Fairweather,,Anthony,N,Son,Heather Fairweather,2930 Walnut Ln,Savannah,GA,31474-0828,(610) 555-1638,,E-mail,HRC,03/02/2009,Yes,03/02/2009,FAIRWEATHER|ANTHONY|31474,"Fairweather, Anthony N",[TACOM];[CSR];[Admin];[ReadOnlyAudit];LocalDomainServers,
0C8FFBAB6184A9614ED0A043CE933588,12EE,,11/08/2005 17:48:18,11/08/2005 17:48:18,CN=HRC-Transfer/OU=Agents/O=TACOM,,RQ000638,Ullswater,III,Nicole,G,Spouse,Barbara Ullswater,9836 Jefferson Way Apt 28A,Shreveport,LA,71168,(610) 555-1116,nicole.ullswater@example.com,Mail,NPRC,11/08/2005,No,,ULLSWATER|NICOLE|71168,"Ullswater, Nicole G",[TACOM];[CSR];[Admin];[ReadOnlyAudit];LocalDomainServers,
D0FCCE76F19E3A7595D031EE44358B26,12F2,,06/12/2023 11:08:05,06/12/2023 11:08:05,CN=HRC-Transfer/OU=Agents/O=TACOM,,RQ000639,Coldwater,,Marcus,N,Self,Marcus N Coldwater,5303 Willow Ln,Portland,OR,97278-8268,(410) 555-1486,marcus.coldwater@example.com,E-mail,HRC,06/12/2023,Yes,,COLDWATER|MARCUS|97278,"Coldwater, Marcus N",[TACOM];[CSR];[Admin];[ReadOnlyAudit];LocalDomainServers,
959D3BC1E8A76C84C2B4DEBBFF268050,12F6,,07/29/2023 13:22:32,07/29/2023 13:22:32,CN=HRC-Transfer/OU=Agents/O=TACOM,,RQ000640,Vandermolen,III,Jose,F,Self,Jose F Vandermolen,4857 Birch Ln,Salt Lake City,UT,84127,(610) 555-1523,jose.vandermolen@example.com,E-mail,HRC,07/29/2023,Yes,07/29/2023,VANDERMOLEN|JOSE|84127,"Vandermolen, Jose F",[TACOM];[CSR];[Admin];[ReadOnlyAudit];LocalDomainServers,
C7BE4A69C82AA551354AC68B90FA60CA,12FA,,12/22/2007 14:19:12,12/22/2007 14:19:12,CN=HRC-Transfer/OU=Agents/O=TACOM,,RQ000641,Prendergast,Jr.,Sarah,N,Self,Sarah N Prendergast,4791 Washington Ct,Birmingham,AL,35201-3376,(302) 555-1384,sarah.prendergast@example.com,E-mail,NPRC,12/22/2007,No,12/22/2007,PRENDERGAST|SARAH|35201,"Prendergast, Sarah N",[TACOM];[CSR];[Admin];[ReadOnlyAudit];LocalDomainServers,
8A2BBB6B03D51F63AE284CF6B9370637,12FE,,10/24/2019 07:48:05,10/24/2019 07:48:05,CN=Benedetta Kowalczyk/OU=CHPSID/O=TACOM,,RQ000642,Ostrowski-Lane,III,Susan,K,Self,Susan K Ostrowski-Lane,5313 Pershing Way,Indianapolis,IN,46270,(540) 555-1288,,Mail,Congressional,10/24/2019,Yes,10/24/2019,OSTROWSKI-LANE|SUSAN|46270,"Ostrowski-Lane, Susan K",[TACOM];[CSR];[Admin];[ReadOnlyAudit];LocalDomainServers,
D2D16363F7B385E47B14F509E43FC245,1302,,09/01/2006 14:50:02,09/01/2006 14:50:02,CN=HRC-Transfer/OU=Agents/O=TACOM,,RQ000643,Izquierdo,Sr.,Barbara,R,Daughter,David Izquierdo,7621 Marshall Ave,Huntsville,AL,35843,(540) 555-1782,,Mail,HRC,09/01/2006,No,09/01/2006,IZQUIERDO|BARBARA|35843,"Izquierdo, Barbara R",[TACOM];[CSR];[Admin];[ReadOnlyAudit];LocalDomainServers,
77685D86001F8D945D54C97D67BFFAB7,1306,,04/16/2019 15:27:06,04/16/2019 15:27:06,CN=HRC-Transfer/OU=Agents/O=TACOM,,RQ000644,Castellanos,III,Darnell,A,Self,Darnell A Castellanos,6372 Pershing Way,Kansas City,MO,64117-0948,,darnell.castellanos@example.com,Phone,HRC,04/16/2019,Yes,04/16/2019,CASTELLANOS|DARNELL|64117,"Castellanos, Darnell A",[TACOM];[CSR];[Admin];[ReadOnlyAudit];LocalDomainServers,
35E02CA5EB53DE4DDC55E866FDE49100,130A,,11/18/2011 14:40:21,11/18/2011 14:40:21,CN=HRC-Transfer/OU=Agents/O=TACOM,,RQ000645,Ostrowski-Lane,,Linda,B,Self,Linda B Ostrowski-Lane,3809 Willow Ct,Fresno,CA,93762-6983,(856) 555-1033,,Phone,HRC,11/18/2011,Yes,,OSTROWSKI-LANE|LINDA|93762,"Ostrowski-Lane, Linda B",[TACOM];[CSR];[Admin];[ReadOnlyAudit];LocalDomainServers,
6628658914FB7C07102AA7FBFFDB3B31,130E,,01/16/2019 07:15:50,01/16/2019 07:15:50,CN=Benedetta Kowalczyk/OU=CHPSID/O=TACOM,,RQ000646,Maldonado-Vega,,Jennifer,J,Self,Jennifer J Maldonado-Vega,8042 Bradley Rd,Indianapolis,IN,46237-9232,,jennifer.maldonado@example.com,E-mail,Manual,01/16/2019,No,01/16/2019,MALDONADO-VEGA|JENNIFER|46237,"Maldonado-Vega, Jennifer J",[TACOM];[CSR];[Admin];[ReadOnlyAudit];LocalDomainServers,
7E683F94CA75E010275CF60409C5E1B6,1312,,11/28/2010 08:27:14,11/28/2010 08:27:14,CN=Benedetta Kowalczyk/OU=CHPSID/O=TACOM,,RQ000647,Ullswater,,William,,Self,William Ullswater,3880 Pershing Ln,Des Moines,IA,50350,(540) 555-1769,,E-mail,Congressional,11/28/2010,Yes,11/28/2010,ULLSWATER|WILLIAM|50350,"Ullswater, William",[TACOM];[CSR];[Admin];[ReadOnlyAudit];LocalDomainServers,
2408BF551F3F6734A770D4CC1115BAC9,1316,,07/02/2008 10:08:05,07/02/2008 10:08:05,CN=HRC-Transfer/OU=Agents/O=TACOM,,RQ000648,Sallisaw,,Luis Jr,,Grandchild,Thomas Sallisaw,6485 Ridgway Ave,Jacksonville,FL,32294,(717) 555-1960,,E-mail,NPRC,07/02/2008,No,,SALLISAW|LUIS JR|32294,"Sallisaw, Luis Jr",[TACOM];[CSR];[Admin];[ReadOnlyAudit];LocalDomainServers,
13F40C50B9607D4CFF1494C263DD0BB1,131A,,02/03/2011 08:22:14,02/03/2011 08:22:14,CN=Dwayne Petrakis/OU=CHPSID/O=TACOM,,RQ000649,Saldivar,Jr.,Barbara,N,Self,Barbara N Saldivar,9057 Patton Dr,Oklahoma City,OK,73161,(484) 555-1312,barbara.saldivar@example.com,E-mail,Congressional,02/03/2011,Yes,02/03/2011,SALDIVAR|BARBARA|73161,"Saldivar, Barbara N",[TACOM];[CSR];[Admin];[ReadOnlyAudit];LocalDomainServers,
91BE4099F068F55723D4FA1E10F3766A,131E,,01/17/2015 15:06:50,01/17/2015 15:06:50,CN=Renata Vasquez-Holm/OU=CHPSID/O=TACOM,,RQ000650,Oakhurst-Pell,Sr.,Luis,M,Self,Luis M Oakhurst-Pell,9080 Walnut Dr,Memphis,TN,38101,(540) 555-1894,,Phone,Congressional,01/17/2015,No,01/17/2015,OAKHURST-PELL|LUIS|38101,"Oakhurst-Pell, Luis M",[TACOM];[CSR];[Admin];[ReadOnlyAudit];LocalDomainServers,
4CF488AEC1484FF0B542274E1E225415,1322,,12/10/2019 07:23:28,12/10/2019 07:23:28,CN=Dwayne Petrakis/OU=CHPSID/O=TACOM,,RQ000651,Jaramillo,,E.,P,Spouse,Thomas Jaramillo,7344 Ridgway Ln,Houston,TX,77076-2819,(540) 555-1036,,E-mail,Manual,12/10/2019,No,,JARAMILLO|E.|77076,"Jaramillo, E.",[TACOM];[CSR];[Admin];[ReadOnlyAudit];LocalDomainServers,RQ000289
DF95A024DDAD02D4BB440C0F68B7BDB8,1326,,04/20/2013 07:34:02,04/20/2013 07:34:02,CN=HRC-Transfer/OU=Agents/O=TACOM,,RQ000652,Saldivar,Jr.,David,H,Self,David H Saldivar,1323 Hickory Blvd,Hartford,CT,06166-1400,(540) 555-1511,,Mail,HRC,04/20/2013,Yes,04/20/2013,SALDIVAR|DAVID|06166,"Saldivar, David H",[TACOM];[CSR];[Admin];[ReadOnlyAudit];LocalDomainServers,
2AF0AD3A148177A7185361ADA1743D9D,132A,,03/26/2004 07:45:20,03/26/2004 07:45:20,CN=HRC-Transfer/OU=Agents/O=TACOM,,RQ000653,Underhill-Voss,Jr.,Mary,A,Daughter,Christopher Underhill,4437 Bradley Blvd,Oklahoma City,OK,73190,,,Phone,NPRC,03/26/2004,No,,UNDERHILL-VOSS|MARY|73190,"Underhill-Voss, Mary A",[TACOM];[CSR];[Admin];[ReadOnlyAudit];LocalDomainServers,
BED06CA42F64D907D53897EEB99744E8,132E,,04/10/2023 15:26:44,04/10/2023 15:26:44,CN=HRC-Transfer/OU=Agents/O=TACOM,,RQ000654,Ellingboe,Sr.,Amanda R,R,Self,Amanda R Ellingboe,6750 Ridgway Blvd,New Orleans,LA,70169,(267) 555-1084,amanda.ellingboe@example.com,Phone,NPRC,04/10/2023,No,,ELLINGBOE|AMANDA R|70169,"Ellingboe, Amanda R",[TACOM];[CSR];[Admin];[ReadOnlyAudit];LocalDomainServers,
6641D7595D60238E328857FEB116E025,1332,,04/15/2013 08:02:45,04/15/2013 08:02:45,CN=HRC-Transfer/OU=Agents/O=TACOM,,RQ000655,Quimbley,,Raymond,G,Spouse,Rafael Quimbley,9032 Bradley Blvd,Seattle,WA,98141,(484) 555-1517,,Phone,NPRC,04/15/2013,Yes,04/15/2013,QUIMBLEY|RAYMOND|98141,"Quimbley, Raymond G",[TACOM];[CSR];[Admin];[ReadOnlyAudit];LocalDomainServers,
095370C66EF843BBE5B830459AF049BA,1336,,05/15/2011 15:52:49,05/15/2011 15:52:49,CN=Benedetta Kowalczyk/OU=CHPSID/O=TACOM,,RQ000656,Abernook,,Barbara,W,Self,Barbara W Abernook,6328 Marshall Blvd,Killeen,TX,76568,,,Phone,Congressional,05/15/2011,Yes,05/15/2011,ABERNOOK|BARBARA|76568,"Abernook, Barbara W",[TACOM];[CSR];[Admin];[ReadOnlyAudit];LocalDomainServers,
16D9A2246B5BA9794160783483C5B5C7,133A,,01/08/2021 07:22:36,01/08/2021 07:22:36,CN=HRC-Transfer/OU=Agents/O=TACOM,,RQ000657,Dunmore-Vey,III,Harold,E,Spouse,Lisa Dunmore,8900 Armory Dr,Seattle,WA,98116,,harold.dunmore@example.com,E-mail,NPRC,01/08/2021,Yes,,DUNMORE-VEY|HAROLD|98116,"Dunmore-Vey, Harold E",[TACOM];[CSR];[Admin];[ReadOnlyAudit];LocalDomainServers,
D9DFD3ACAB381061DA5D3B4C3EFCD1C4,133E,,07/31/2014 15:20:13,07/31/2014 15:20:13,CN=HRC-Transfer/OU=Agents/O=TACOM,,RQ000658,Lockridge,Sr.,Heather,B,Son,Karen Lockridge,5424 Maple Dr,Pittsburgh,PA,15286,(484) 555-1486,heather.lockridge@example.com,Mail,HRC,07/31/2014,Yes,07/31/2014,LOCKRIDGE|HEATHER|15286,"Lockridge, Heather B",[TACOM];[CSR];[Admin];[ReadOnlyAudit];LocalDomainServers,
06FCC801B021F7FD24F60C9B19514005,1342,,05/28/2023 12:35:00,05/28/2023 12:35:00,CN=Benedetta Kowalczyk/OU=CHPSID/O=TACOM,,RQ000659,Galbreath,Jr.,Brandon,R,Self,Brandon R Galbreath,182 Poplar Rd,Honolulu,HI,96839,(540) 555-1423,brandon.galbreath@example.com,Phone,Congressional,05/28/2023,Yes,05/28/2023,GALBREATH|BRANDON|96839,"Galbreath, Brandon R",[TACOM];[CSR];[Admin];[ReadOnlyAudit];LocalDomainServers,
79ED684665F0D70A29066EC9ECF966A0,1346,,10/21/2011 15:36:39,10/21/2011 15:36:39,CN=Ret Hamlin/OU=CHPSID/O=TACOM,,RQ000660,Fortenbury,III,Joshua,,Self,Joshua Fortenbury,6598 Pershing Ave,Lawton,OK,73593-5317,(484) 555-1759,,Mail,Congressional,10/21/2011,Yes,10/21/2011,FORTENBURY|JOSHUA|73593,"Fortenbury, Joshua",[TACOM];[CSR];[Admin];[ReadOnlyAudit];LocalDomainServers,
29F3AB93E73861AC4E67CA67AF964DC7,134A,,10/16/2018 11:43:35,10/16/2018 11:43:35,CN=Dwayne Petrakis/OU=CHPSID/O=TACOM,,RQ000661,Pettiford,Jr.,David,,Self,David Pettiford,5042 Bradley Pl,Buffalo,NY,14228,,,E-mail,Congressional,10/16/2018,Yes,10/16/2018,PETTIFORD|DAVID|14228,"Pettiford, David",[TACOM];[CSR];[Admin];[ReadOnlyAudit];LocalDomainServers,
5ACB9F6B3B332B7DF3B29550EC6321F3,134E,,11/23/2010 10:53:35,11/23/2010 10:53:35,CN=Ret Hamlin/OU=CHPSID/O=TACOM,,RQ000662,Nakashima,Sr.,Mildred,J,Other NOK,Barbara Nakashima,1282 Chestnut Rd,New Orleans,LA,70192,,mildred.nakashima@example.com,E-mail,Congressional,11/23/2010,No,11/23/2010,NAKASHIMA|MILDRED|70192,"Nakashima, Mildred J",[TACOM];[CSR];[Admin];[ReadOnlyAudit];LocalDomainServers,
A73267A59685FF24F24FC7666827C86B,1352,,08/06/2009 12:21:35,08/06/2009 12:21:35,CN=HRC-Transfer/OU=Agents/O=TACOM,,RQ000663,Underhill-Voss,Jr.,David,E,Son,Carl Underhill,6377 Maple Rd Apt 9A,Houston,TX,77051,(703) 555-1668,david.underhill@example.com,Mail,NPRC,08/06/2009,Yes,,UNDERHILL-VOSS|DAVID|77051,"Underhill-Voss, David E",[TACOM];[CSR];[Admin];[ReadOnlyAudit];LocalDomainServers,
975889CC45C2DF9DCD1EBC635BE7006E,1356,,12/21/2018 07:08:39,12/21/2018 07:08:39,CN=Benedetta Kowalczyk/OU=CHPSID/O=TACOM,,RQ000664,Cartlewood,,Michael,G,Self,Michael G Cartlewood,976 Magnolia Ter,Honolulu,HI,96838,(267) 555-1204,michael.cartlewood@example.com,Mail,Manual,12/21/2018,No,12/21/2018,CARTLEWOOD|MICHAEL|96838,"Cartlewood, Michael G",[TACOM];[CSR];[Admin];[ReadOnlyAudit];LocalDomainServers,
1262512728A5ADC20BEC4337D2D21CB4,135A,,05/29/2024 13:08:21,05/29/2024 13:08:21,CN=HRC-Transfer/OU=Agents/O=TACOM,,RQ000665,Kellerhaus,III,Stephanie,K,Self,Stephanie K Kellerhaus,2056 Ridgway Ter,Salt Lake City,UT,84171,(302) 555-1375,stephanie.kellerhaus@example.com,Phone,HRC,05/29/2024,No,,KELLERHAUS|STEPHANIE|84171,"Kellerhaus, Stephanie K",[TACOM];[CSR];[Admin];[ReadOnlyAudit];LocalDomainServers,
6AE182128EC5E447EF267431B1AC4619,135E,,02/17/2006 11:34:01,02/17/2006 11:34:01,CN=HRC-Transfer/OU=Agents/O=TACOM,,RQ000666,Maldonado-Vega,,Eugene,,Self,Eugene Maldonado-Vega,8039 Magnolia Blvd,Anchorage,AK,99503,,eugene.maldonado@example.com,E-mail,HRC,02/17/2006,Yes,,MALDONADO-VEGA|EUGENE|99503,"Maldonado-Vega, Eugene",[TACOM];[CSR];[Admin];[ReadOnlyAudit];LocalDomainServers,
2C9D09A2631160E0BF073C5A391FF487,1362,,10/11/2025 08:59:23,10/11/2025 08:59:23,CN=Renata Vasquez-Holm/OU=CHPSID/O=TACOM,,RQ000667,Urquhart,Sr.,Darnell,E,Self,Darnell E Urquhart,1321 Sycamore Blvd,Columbus,OH,43226,(610) 555-1489,darnell.urquhart@example.com,Phone,Manual,10/11/2025,Yes,10/11/2025,URQUHART|DARNELL|43226,"Urquhart, Darnell E",[TACOM];[CSR];[Admin];[ReadOnlyAudit];LocalDomainServers,
D02835E04294F32381A586FB7A4AECFE,1366,,02/02/2007 13:01:03,02/02/2007 13:01:03,CN=HRC-Transfer/OU=Agents/O=TACOM,,RQ000668,Cartlewood,Jr.,Mary,W,Self,Mary W Cartlewood,5537 Ridgway Ave,Huntsville,AL,35844,(610) 555-1392,mary.cartlewood@example.com,Mail,HRC,02/02/2007,Yes,02/02/2007,CARTLEWOOD|MARY|35844,"Cartlewood, Mary W",[TACOM];[CSR];[Admin];[ReadOnlyAudit];LocalDomainServers,
1D4C9B5C8642045C3B8F2C135635DDE2,136A,,12/27/2024 09:23:20,12/27/2024 09:23:20,CN=Renata Vasquez-Holm/OU=CHPSID/O=TACOM,,RQ000669,Altamirano-Diaz,Sr.,Norman,C,Daughter,Jessica Altamirano,8290 Marshall St,Fargo,ND,58194,(267) 555-1627,,Mail,Manual,12/27/2024,Yes,12/27/2024,ALTAMIRANO-DIAZ|NORMAN|58194,"Altamirano-Diaz, Norman C",[TACOM];[CSR];[Admin];[ReadOnlyAudit];LocalDomainServers,
A70548940FBFCEFFB8B343045BC15672,136E,,12/26/2004 13:14:01,12/26/2004 13:14:01,CN=Dwayne Petrakis/OU=CHPSID/O=TACOM,,RQ000670,Fortenbury,,Mary,P,Spouse,Ruth Fortenbury,5774 Birch Dr,Portland,OR,97222,(610) 555-1047,mary.fortenbury@example.com,Phone,Manual,12/26/2004,Yes,,FORTENBURY|MARY|97222,"Fortenbury, Mary P",[TACOM];[CSR];[Admin];[ReadOnlyAudit];LocalDomainServers,
D1453B060F7E7A1B2DD44EFA4466D286,1372,,02/04/2010 07:12:48,02/04/2010 07:12:48,CN=HRC-Transfer/OU=Agents/O=TACOM,,RQ000671,Everleigh,Jr.,Richard,R,Son,Norman Everleigh,5342 Walnut Blvd,Toledo,OH,43678-3558,(484) 555-1709,richard.everleigh@example.com,Mail,HRC,02/04/2010,Yes,,EVERLEIGH|RICHARD|43678,"Everleigh, Richard R",[TACOM];[CSR];[Admin];[ReadOnlyAudit];LocalDomainServers,
B9873D3A0129CC049C9B4E0BDC03B237,1376,,02/24/2012 09:40:39,02/24/2012 09:40:39,CN=HRC-Transfer/OU=Agents/O=TACOM,,RQ000672,Kirkbride Jr.,,Linda,,Self,Linda Kirkbride,5213 Patton Blvd,Knoxville,TN,37947,(856) 555-1493,linda.kirkbride@example.com,E-mail,NPRC,02/24/2012,No,,KIRKBRIDE JR.|LINDA|37947,"Kirkbride Jr., Linda",[TACOM];[CSR];[Admin];[ReadOnlyAudit];LocalDomainServers,
94C642B0D50AA21EB31B7E9CAE555171,137A,,04/09/2005 10:04:44,04/09/2005 10:04:44,CN=Benedetta Kowalczyk/OU=CHPSID/O=TACOM,,RQ000673,Altamirano-Diaz,Sr.,Elizabeth,K,Self,Elizabeth K Altamirano-Diaz,7190 Marshall St,Phoenix,AZ,85088,(215) 555-1685,,E-mail,Manual,04/09/2005,No,,ALTAMIRANO-DIAZ|ELIZABETH|85088,"Altamirano-Diaz, Elizabeth K",[TACOM];[CSR];[Admin];[ReadOnlyAudit];LocalDomainServers,
05B2BB6FBF4A7336185206CA478D9F93,137E,,10/02/2024 07:15:53,10/02/2024 07:15:53,CN=HRC-Transfer/OU=Agents/O=TACOM,,RQ000674,Fennimark,,Frances,T,Self,Frances T Fennimark,3593 Magnolia Way,Denver,CO,80224,,frances.fennimark@example.com,Mail,HRC,10/02/2024,Yes,10/02/2024,FENNIMARK|FRANCES|80224,"Fennimark, Frances T",[TACOM];[CSR];[Admin];[ReadOnlyAudit];LocalDomainServers,
C4A1D192C4306ADFB42022695D39181E,1382,,12/29/2023 09:03:00,12/29/2023 09:03:00,CN=HRC-Transfer/OU=Agents/O=TACOM,,RQ000675,Lattimore,,Christopher,N,Grandchild,Stephanie Lattimore,1235 Maple Dr,Detroit,MI,48233,(717) 555-1235,christopher.lattimore@example.com,Mail,HRC,12/29/2023,No,,LATTIMORE|CHRISTOPHER|48233,"Lattimore, Christopher",[TACOM];[CSR];[Admin];[ReadOnlyAudit];LocalDomainServers,
CFC4A7D681180B42BF336C3CAF8B74BB,1386,,08/28/2020 17:43:41,08/28/2020 17:43:41,CN=HRC-Transfer/OU=Agents/O=TACOM,,RQ000676,Barrowclough,III,Jeffrey,,Parent,Terrence Barrowclough,387 Oak Rd Apt 28B,Harrisburg,PA,17179-8459,,,Phone,HRC,08/28/2020,Yes,08/28/2020,BARROWCLOUGH|JEFFREY|17179,"Barrowclough, Jeffrey",[TACOM];[CSR];[Admin];[ReadOnlyAudit];LocalDomainServers,
B80E9417B379200A128A4166D8F34C06,138A,,02/24/2008 09:49:38,02/24/2008 09:49:38,CN=HRC-Transfer/OU=Agents/O=TACOM,,RQ000677,Trevino-Hale,,Brian,J,Self,Brian J Trevino-Hale,383 Pershing Ct,Toledo,OH,43698,(703) 555-1013,,Phone,NPRC,02/24/2008,Yes,02/24/2008,TREVINO-HALE|BRIAN|43698,"Trevino-Hale, Brian J",[TACOM];[CSR];[Admin];[ReadOnlyAudit];LocalDomainServers,
581E02136352A309A0A6EDA8A58906BF,138E,,05/18/2022 11:46:45,05/18/2022 11:46:45,CN=HRC-Transfer/OU=Agents/O=TACOM,,RQ000678,Dellacroix,Jr.,David,D,Self,David D Dellacroix,2617 Laurel Ter,Sacramento,CA,95892-2545,(856) 555-1920,,Mail,HRC,05/18/2022,Yes,05/18/2022,DELLACROIX|DAVID|95892,"Dellacroix, David D",[TACOM];[CSR];[Admin];[ReadOnlyAudit];LocalDomainServers,
E7BFC1DFAC6DF2228133452DD8E4AEDA,1392,,09/10/2005 15:07:21,09/10/2005 15:07:21,CN=HRC-Transfer/OU=Agents/O=TACOM,,RQ000679,Underhill-Voss,,Steven,,Daughter,Stephanie Underhill,7295 Walnut St,Phoenix,AZ,85056,(302) 555-1568,,Phone,HRC,09/10/2005,Yes,09/10/2005,UNDERHILL-VOSS|STEVEN|85056,"Underhill-Voss, Steven",[TACOM];[CSR];[Admin];[ReadOnlyAudit];LocalDomainServers,
611884A88EABB4BE4655D8BD7E2E0495,1396,,03/28/2026 12:07:20,03/28/2026 12:07:20,CN=Ret Hamlin/OU=CHPSID/O=TACOM,,RQ000680,Quimbley,,Raymond G,G,Spouse,Rafael Quimbley,9032 Bradley Blvd,Seattle,WA,98141,(484) 555-1517,,Phone,Manual,03/28/2026,No,,QUIMBLEY|RAYMOND G|98141,"Quimbley, Raymond G",[TACOM];[CSR];[Admin];[ReadOnlyAudit];LocalDomainServers,
3C5C259C7DBB55FB25DA554B5595F68E,139A,,02/28/2015 09:48:10,02/28/2015 09:48:10,CN=Renata Vasquez-Holm/OU=CHPSID/O=TACOM,,RQ000681,Jarvinen-Roe,Jr.,Hector,T,Daughter,Virginia Jarvinen,4008 Ridgway Ter,Shreveport,LA,71121,(703) 555-1251,hector.jarvinen@example.com,Phone,Manual,02/28/2015,Yes,02/28/2015,JARVINEN-ROE|HECTOR|71121,"Jarvinen-Roe, Hector T",[TACOM];[CSR];[Admin];[ReadOnlyAudit];LocalDomainServers,
BE0066F9C8DE36953CD14E87B7AAFA04,139E,,11/07/2009 11:45:03,11/07/2009 11:45:03,CN=HRC-Transfer/OU=Agents/O=TACOM,,RQ000682,Palomares,,Thomas,M,Daughter,Linda Palomares,7060 Bradley Ter,Worcester,MA,01687,(610) 555-1267,,Mail,HRC,11/07/2009,Yes,11/07/2009,PALOMARES|THOMAS|01687,"Palomares, Thomas M",[TACOM];[CSR];[Admin];[ReadOnlyAudit];LocalDomainServers,
D1B7D56F84B8F3CD04293ACCBE83EFB4,13A2,,05/02/2008 12:56:47,05/02/2008 12:56:47,CN=Marlene Okafor/OU=CHPSID/O=TACOM,,RQ000683,Stroudmoor,Jr.,Jessica,,Self,Jessica Stroudmoor,517 Sycamore Pl,Tampa,FL,33601,(540) 555-1408,,Mail,Manual,05/02/2008,No,05/02/2008,STROUDMOOR|JESSICA|33601,"Stroudmoor, Jessica",[TACOM];[CSR];[Admin];[ReadOnlyAudit];LocalDomainServers,
19943C7EF816484B23B39189A72E50D0,13A6,,08/17/2014 09:15:39,08/17/2014 09:15:39,CN=HRC-Transfer/OU=Agents/O=TACOM,,RQ000684,Hollinbeck,III,Luis,A,Self,Luis A Hollinbeck,4162 Oak Ct,Manchester,NH,03132,,luis.hollinbeck@example.com,Phone,HRC,08/17/2014,Yes,08/17/2014,HOLLINBECK|LUIS|03132,"Hollinbeck, Luis A",[TACOM];[CSR];[Admin];[ReadOnlyAudit];LocalDomainServers,
4DE6E5464C32CBA88ABE78478E280F41,13AA,,05/13/2024 11:16:00,05/13/2024 11:16:00,CN=HRC-Transfer/OU=Agents/O=TACOM,,RQ000685,Prendergast,Sr.,Timothy,C,Self,Timothy C Prendergast,2991 Magnolia Dr,Toledo,OH,43614,,,Phone,HRC,05/13/2024,Yes,,PRENDERGAST|TIMOTHY|43614,"Prendergast, Timothy C",[TACOM];[CSR];[Admin];[ReadOnlyAudit];LocalDomainServers,
E8CEFB2F1B606FE5AFB8C08F5FBE686A,13AE,,06/19/2015 11:27:20,06/19/2015 11:27:20,CN=HRC-Transfer/OU=Agents/O=TACOM,,RQ000686,Okonkwo-Bell,Jr.,Robert,,Son,Christopher Okonkwo,1328 Sycamore Dr,Columbus,OH,43242,,,Mail,NPRC,06/19/2015,No,,OKONKWO-BELL|ROBERT|43242,"Okonkwo-Bell, Robert",[TACOM];[CSR];[Admin];[ReadOnlyAudit];LocalDomainServers,
8A158295944557B2A4E26C4D48A15577,13B2,,01/11/2006 10:10:04,01/11/2006 10:10:04,CN=Benedetta Kowalczyk/OU=CHPSID/O=TACOM,,RQ000687,Zimmerly,Sr.,Barbara,R,Self,Barbara R Zimmerly,61 Cedar Ln,Killeen,TX,76585-4607,(267) 555-1088,,Mail,Congressional,01/11/2006,Yes,01/11/2006,ZIMMERLY|BARBARA|76585,"Zimmerly, Barbara R",[TACOM];[CSR];[Admin];[ReadOnlyAudit];LocalDomainServers,
2E94077C64432C720FDCCE79BAFE11AB,13B6,,01/31/2026 15:33:15,01/31/2026 15:33:15,CN=Benedetta Kowalczyk/OU=CHPSID/O=TACOM,,RQ000688,Lockridge,III,B.,C,Self,Barbara C Lockridge,9676 Ridgway Dr,Oklahoma City,OK,73152,(215) 555-1775,,Mail,Manual,01/31/2026,No,,LOCKRIDGE|B.|73152,"Lockridge, B.",[TACOM];[CSR];[Admin];[ReadOnlyAudit];LocalDomainServers,
6195228083A8FB6F5D55F214D1B007E6,13BA,,11/22/2023 08:19:17,11/22/2023 08:19:17,CN=Benedetta Kowalczyk/OU=CHPSID/O=TACOM,,RQ000689,Barrowclough,,Heather,P,Self,Heather P Barrowclough,6673 Birch Blvd,Toledo,OH,43604,(302) 555-1619,,Phone,Congressional,11/22/2023,Yes,,BARROWCLOUGH|HEATHER|43604,"Barrowclough, Heather P",[TACOM];[CSR];[Admin];[ReadOnlyAudit];LocalDomainServers,
FEF4D27988018276038F029911FE5544,13BE,,08/30/2025 13:42:10,08/30/2025 13:42:10,CN=HRC-Transfer/OU=Agents/O=TACOM,,RQ000690,Drakeford Jr.,,Frances,G,Spouse,Nancy Drakeford,502 Bradley Ln,Orlando,FL,32892,(484) 555-1732,frances.drakeford@example.com,E-mail,NPRC,08/30/2025,No,,DRAKEFORD JR.|FRANCES|32892,"Drakeford Jr., Frances",[TACOM];[CSR];[Admin];[ReadOnlyAudit];LocalDomainServers,RQ000563
796413B83D56F80156200014681E31BC,13C2,,07/23/2020 17:18:32,07/23/2020 17:18:32,CN=Dwayne Petrakis/OU=CHPSID/O=TACOM,,RQ000691,Redfearn,Jr.,Donna,,Self,Donna Redfearn,8007 Dogwood Dr,Los Angeles,CA,90093,(703) 555-1740,,Mail,Congressional,07/23/2020,No,07/23/2020,REDFEARN|DONNA|90093,"Redfearn, Donna",[TACOM];[CSR];[Admin];[ReadOnlyAudit];LocalDomainServers,
B01C8829CD85419FBDA0B70183D50F21,13C6,,11/03/2016 15:16:42,11/03/2016 15:16:42,CN=HRC-Transfer/OU=Agents/O=TACOM,,RQ000692,Xanthopoulos,,Linda,,Self,Linda Xanthopoulos,8052 Willow Ct Apt 1B,Charleston,WV,25394-9508,(540) 555-1377,linda.xanthopoulos@example.com,Mail,HRC,11/03/2016,No,,XANTHOPOULOS|LINDA|25394,"Xanthopoulos, Linda",[TACOM];[CSR];[Admin];[ReadOnlyAudit];LocalDomainServers,
6E54845E7B6EA588B78C121FCC1AC136,13CA,,04/20/2004 09:41:00,04/20/2004 09:41:00,CN=HRC-Transfer/OU=Agents/O=TACOM,,RQ000693,Cartlewood,,David,C,Self,David C Cartlewood,9821 Washington Rd Apt 13A,Shreveport,LA,71100,(717) 555-1127,,Phone,HRC,04/20/2004,Yes,,CARTLEWOOD|DAVID|71100,"Cartlewood, David C",[TACOM];[CSR];[Admin];[ReadOnlyAudit];LocalDomainServers,
29AD894C37A14F6345023D4C1C187472,13CE,,03/24/2018 08:32:14,03/24/2018 08:32:14,CN=Lorraine Whitcombe/OU=CHPSID/O=TACOM,,RQ000694,Zimmerly,III,Thomas,,Self,Thomas Zimmerly,3700 Maple Blvd,Albany,NY,12233,(410) 555-1340,,Phone,Manual,03/24/2018,Yes,03/24/2018,ZIMMERLY|THOMAS|12233,"Zimmerly, Thomas",[TACOM];[CSR];[Admin];[ReadOnlyAudit];LocalDomainServers,
C9A81EA6D531BFA869A15D930F881973,13D2,,05/14/2020 12:57:06,05/14/2020 12:57:06,CN=HRC-Transfer/OU=Agents/O=TACOM,,RQ000695,Galbreath,,Margaret,E,Spouse,Luis Galbreath,8206 Jefferson Ter,El Paso,TX,79914,(302) 555-1684,margaret.galbreath@example.com,Mail,NPRC,05/14/2020,Yes,,GALBREATH|MARGARET|79914,"Galbreath, Margaret E",[TACOM];[CSR];[Admin];[ReadOnlyAudit];LocalDomainServers,
9D0D7423690F29347882C39106CF59D5,13D6,,02/05/2016 17:25:29,02/05/2016 17:25:29,CN=Ret Hamlin/OU=CHPSID/O=TACOM,,RQ000696,Nakashima,,Linda,M,Son,Nancy Nakashima,5673 Willow Blvd,Harrisburg,PA,17179,(540) 555-1636,,E-mail,Congressional,02/05/2016,Yes,02/05/2016,NAKASHIMA|LINDA|17179,"Nakashima, Linda M",[TACOM];[CSR];[Admin];[ReadOnlyAudit];LocalDomainServers,
390ED045228438D566F8AFBA8D007C47,13DA,,03/23/2012 17:08:23,03/23/2012 17:08:23,CN=Lorraine Whitcombe/OU=CHPSID/O=TACOM,,RQ000697,Zellinger,Sr.,William,L,Self,William L Zellinger,4117 Eisenhower Way,Columbus,OH,43241,(302) 555-1713,william.zellinger@example.com,Mail,Congressional,03/23/2012,Yes,03/23/2012,ZELLINGER|WILLIAM|43241,"Zellinger, William L",[TACOM];[CSR];[Admin];[ReadOnlyAudit];LocalDomainServers,
6C604B3E7A559027848635233FF7DCAE,13DE,,02/28/2006 09:56:21,02/28/2006 09:56:21,CN=HRC-Transfer/OU=Agents/O=TACOM,,RQ000698,Vosburgh,,Joshua,G,Spouse,Darnell Vosburgh,2021 Madison Ln,Nashville,TN,37249-5800,(302) 555-1913,,Mail,NPRC,02/28/2006,Yes,,VOSBURGH|JOSHUA|37249,"Vosburgh, Joshua G",[TACOM];[CSR];[Admin];[ReadOnlyAudit];LocalDomainServers,
C4211936C40F9BDA7923DCF49B25CFF7,13E2,,05/20/2007 09:34:00,05/20/2007 09:34:00,CN=Benedetta Kowalczyk/OU=CHPSID/O=TACOM,,RQ000699,Wickersham,,Anthony,W,Self,Anthony W Wickersham,9345 Elm Pl,Albany,NY,12205-5705,(215) 555-1600,,Mail,Congressional,05/20/2007,Yes,05/20/2007,WICKERSHAM|ANTHONY|12205,"Wickersham, Anthony W",[TACOM];[CSR];[Admin];[ReadOnlyAudit];LocalDomainServers,
268C024459781AB5F1C0A920A461C9E7,13E6,,03/22/2006 16:47:30,03/22/2006 16:47:30,CN=HRC-Transfer/OU=Agents/O=TACOM,,RQ000700,Maldonado-Vega,III,Sandra,F,Self,Sandra F Maldonado-Vega,499 Oak Pl,Tacoma,WA,98486,(540) 555-1505,,Mail,HRC,03/22/2006,Yes,,MALDONADO-VEGA|SANDRA|98486,"Maldonado-Vega, Sandra F",[TACOM];[CSR];[Admin];[ReadOnlyAudit];LocalDomainServers,
264DF9F6721F9A2EE10E135C3F95AA8A,13EA,,12/22/2007 11:38:10,12/22/2007 11:38:10,CN=HRC-Transfer/OU=Agents/O=TACOM,,RQ000701,Whitlock-Bay,,Stephanie,W,Spouse,Lisa Whitlock,6440 Oak Dr,Lawton,OK,73503,(540) 555-1542,stephanie.whitlock@example.com,E-mail,NPRC,12/22/2007,Yes,12/22/2007,WHITLOCK-BAY|STEPHANIE|73503,"Whitlock-Bay, Stephanie W",[TACOM];[CSR];[Admin];[ReadOnlyAudit];LocalDomainServers,
D70BE8FD6CF7216F5AAE1F33C08C1263,13EE,,01/05/2013 11:30:59,01/05/2013 11:30:59,CN=Ret Hamlin/OU=CHPSID/O=TACOM,,RQ000702,Benavidez-Cruz,III,Susan,,Self,Susan Benavidez-Cruz,708 Pershing Blvd,Memphis,TN,38106,(484) 555-1306,susan.benavidez@example.com,Mail,Manual,01/05/2013,No,01/05/2013,BENAVIDEZ-CRUZ|SUSAN|38106,"Benavidez-Cruz, Susan",[TACOM];[CSR];[Admin];[ReadOnlyAudit];LocalDomainServers,
A5B4F9CA8D391A3F3821D50BB0C0A6EA,13F2,,03/22/2006 12:26:43,03/22/2006 12:26:43,CN=HRC-Transfer/OU=Agents/O=TACOM,,RQ000703,Ahlquist-Bane,Sr.,Leonard,C,Self,Leonard C Ahlquist-Bane,1848 Spruce Rd,Charlotte,NC,28286-6378,(302) 555-1212,,Mail,HRC,03/22/2006,Yes,,AHLQUIST-BANE|LEONARD|28286,"Ahlquist-Bane, Leonard C",[TACOM];[CSR];[Admin];[ReadOnlyAudit];LocalDomainServers,
738B570E208F2B87C4966BC3C67078E1,13F6,,04/11/2014 07:59:05,04/11/2014 07:59:05,CN=Lorraine Whitcombe/OU=CHPSID/O=TACOM,,RQ000704,Prendergast,Sr.,Jeffrey,B,Spouse,Michael Prendergast,377 Jefferson Rd,Jackson,MS,39203,(215) 555-1492,,E-mail,Manual,04/11/2014,No,,PRENDERGAST|JEFFREY|39203,"Prendergast, Jeffrey B",[TACOM];[CSR];[Admin];[ReadOnlyAudit];LocalDomainServers,
25EAB9AB1CC951144090B54C33906F94,13FA,,11/04/2017 16:11:36,11/04/2017 16:11:36,CN=HRC-Transfer/OU=Agents/O=TACOM,,RQ000705,Tarquinio,,Justin,P,Self,Justin P Tarquinio,3436 Lincoln Ave,Toledo,OH,43685-3641,(410) 555-1600,justin.tarquinio@example.com,Phone,HRC,11/04/2017,Yes,11/04/2017,TARQUINIO|JUSTIN|43685,"Tarquinio, Justin P",[TACOM];[CSR];[Admin];[ReadOnlyAudit];LocalDomainServers,
798AFB927AA25BA5FDBA2363AC7A5D72,13FE,,10/16/2004 14:44:13,10/16/2004 14:44:13,CN=HRC-Transfer/OU=Agents/O=TACOM,,RQ000706,Norquist,Sr.,Nicole,,Son,Jamal Norquist,4073 Chestnut Pl,Trenton,NJ,08632,(267) 555-1975,nicole.norquist@example.com,Mail,HRC,10/16/2004,Yes,,NORQUIST|NICOLE|08632,"Norquist, Nicole",[TACOM];[CSR];[Admin];[ReadOnlyAudit];LocalDomainServers,
08B48B251390BDEF2BCD3F7E6E73F87D,1402,,11/19/2016 09:03:49,11/19/2016 09:03:49,CN=Renata Vasquez-Holm/OU=CHPSID/O=TACOM,,RQ000707,Zapata-Kell,III,Ernesto,G,Self,Ernesto G Zapata-Kell,5648 Laurel Pl,Shreveport,LA,71131-8418,(717) 555-1076,,Phone,Congressional,11/19/2016,No,,ZAPATA-KELL|ERNESTO|71131,"Zapata-Kell, Ernesto G",[TACOM];[CSR];[Admin];[ReadOnlyAudit];LocalDomainServers,
62FC098B61CE2E2786ED2642B9B4012C,1406,,03/13/2007 16:39:53,03/13/2007 16:39:53,CN=HRC-Transfer/OU=Agents/O=TACOM,,RQ000708,Quinonez,,Eugene,W,Self,Eugene W Quinonez,843 Poplar Rd,Columbus,OH,43220,,,Mail,NPRC,03/13/2007,Yes,,QUINONEZ|EUGENE|43220,"Quinonez, Eugene W",[TACOM];[CSR];[Admin];[ReadOnlyAudit];LocalDomainServers,
9EF2DD39E9C04434DAD64C2402700718,140A,,07/30/2019 11:24:41,07/30/2019 11:24:41,CN=HRC-Transfer/OU=Agents/O=TACOM,,RQ000709,Ostrowski-Lane,,Carl,,Daughter,Linda Ostrowski,9566 Pershing Rd,Sioux Falls,SD,57100,(610) 555-1648,carl.ostrowski@example.com,E-mail,HRC,07/30/2019,Yes,07/30/2019,OSTROWSKI-LANE|CARL|57100,"Ostrowski-Lane, Carl",[TACOM];[CSR];[Admin];[ReadOnlyAudit];LocalDomainServers,
8732D2F72D656423EF5753CA7861EBF6,140E,,05/01/2004 14:43:24,05/01/2004 14:43:24,CN=HRC-Transfer/OU=Agents/O=TACOM,,RQ000710,Fortenbury,,Luis,K,Spouse,Ralph Fortenbury,2782 Willow Pl,Burlington,VT,05436-4505,,luis.fortenbury@example.com,Mail,HRC,05/01/2004,Yes,05/01/2004,FORTENBURY|LUIS|05436,"Fortenbury, Luis K",[TACOM];[CSR];[Admin];[ReadOnlyAudit];LocalDomainServers,
01BA3E9F8D52FD1DBA25CA2B7CF77C21,1412,,07/03/2014 16:41:20,07/03/2014 16:41:20,CN=Marlene Okafor/OU=CHPSID/O=TACOM,,RQ000711,Castellanos,Jr.,Jose,,Spouse,Clarence Castellanos,1423 Laurel St,Sacramento,CA,95872,(703) 555-1700,,Phone,Congressional,07/03/2014,No,07/03/2014,CASTELLANOS|JOSE|95872,"Castellanos, Jose",[TACOM];[CSR];[Admin];[ReadOnlyAudit];LocalDomainServers,
4685213A7EA55CE722DFF83CFA676F67,1416,,03/06/2018 16:25:28,03/06/2018 16:25:28,CN=HRC-Transfer/OU=Agents/O=TACOM,,RQ000712,Lockridge,Sr.,Dorothy,P,Self,Dorothy P Lockridge,6085 Birch Ct,Providence,RI,02956-9979,(302) 555-1520,dorothy.lockridge@example.com,E-mail,HRC,03/06/2018,No,,LOCKRIDGE|DOROTHY|02956,"Lockridge, Dorothy P",[TACOM];[CSR];[Admin];[ReadOnlyAudit];LocalDomainServers,
025D93A7D25FD1C15B41EB23334D1660,141A,,06/14/2014 13:30:58,06/14/2014 13:30:58,CN=Benedetta Kowalczyk/OU=CHPSID/O=TACOM,,RQ000713,Rathbourne,,Michael T,T,Self,Michael T Rathbourne,3605 Maple Ter,Burlington,VT,05486,(610) 555-1583,,E-mail,Manual,06/14/2014,No,,RATHBOURNE|MICHAEL T|05486,"Rathbourne, Michael T",[TACOM];[CSR];[Admin];[ReadOnlyAudit];LocalDomainServers,
A391F7A3149C778ED3F4F8B4BFB87410,141E,,06/21/2023 08:06:30,06/21/2023 08:06:30,CN=HRC-Transfer/OU=Agents/O=TACOM,,RQ000714,Hargreave,Jr.,James,T,Self,James T Hargreave,8772 Armory Rd,Colorado Springs,CO,80963-4028,(302) 555-1445,,Mail,NPRC,06/21/2023,No,06/21/2023,HARGREAVE|JAMES|80963,"Hargreave, James T",[TACOM];[CSR];[Admin];[ReadOnlyAudit];LocalDomainServers,
C96C0E9F34F10BF75A1BFAE982F0EDBD,1422,,03/23/2007 17:29:34,03/23/2007 17:29:34,CN=Renata Vasquez-Holm/OU=CHPSID/O=TACOM,,RQ000715,Okonkwo-Bell,,Earl,S,Self,Earl S Okonkwo-Bell,9587 Madison Rd,Albany,NY,12268-9548,(267) 555-1693,,Phone,Congressional,03/23/2007,No,03/23/2007,OKONKWO-BELL|EARL|12268,"Okonkwo-Bell, Earl S",[TACOM];[CSR];[Admin];[ReadOnlyAudit];LocalDomainServers,
873782CC1D48D279DDD1257D862E1FD7,1426,,04/15/2016 14:05:03,04/15/2016 14:05:03,CN=HRC-Transfer/OU=Agents/O=TACOM,,RQ000716,Greaves-Tolan,,Brandon,M,Self,Brandon M Greaves-Tolan,7854 Chestnut Ct,Denver,CO,80228-4808,(267) 555-1365,brandon.greaves@example.com,Mail,HRC,04/15/2016,No,04/15/2016,GREAVES-TOLAN|BRANDON|80228,"Greaves-Tolan, Brandon M",[TACOM];[CSR];[Admin];[ReadOnlyAudit];LocalDomainServers,
283F6EE8C51A8F0AF61E0A242F9CAEF8,142A,,05/31/2017 10:29:42,05/31/2017 10:29:42,CN=HRC-Transfer/OU=Agents/O=TACOM,,RQ000717,Templeton-Ash,,Tyler,F,Self,Tyler F Templeton-Ash,1372 Patton Ave,Newark,NJ,07121,,,Mail,NPRC,05/31/2017,Yes,05/31/2017,TEMPLETON-ASH|TYLER|07121,"Templeton-Ash, Tyler F",[TACOM];[CSR];[Admin];[ReadOnlyAudit];LocalDomainServers,
658330474FEE974BAE2B9098E731667C,142E,,08/06/2024 11:19:20,08/06/2024 11:19:20,CN=Renata Vasquez-Holm/OU=CHPSID/O=TACOM,,RQ000718,Prendergast,Jr.,Lisa,M,Grandchild,Thomas Prendergast,1612 Maple Ct,El Paso,TX,79939,(484) 555-1675,lisa.prendergast@example.com,Mail,Congressional,08/06/2024,No,08/06/2024,PRENDERGAST|LISA|79939,"Prendergast, Lisa M",[TACOM];[CSR];[Admin];[ReadOnlyAudit];LocalDomainServers,
E373D28CB62509C3D888B31402B1C03C,1432,,05/16/2013 09:49:51,05/16/2013 09:49:51,CN=Ret Hamlin/OU=CHPSID/O=TACOM,,RQ000719,Urquhart,III,Tyler,P,Self,Tyler P Urquhart,1803 Poplar Ave,Detroit,MI,48297,,tyler.urquhart@example.com,Phone,Manual,05/16/2013,Yes,05/16/2013,URQUHART|TYLER|48297,"Urquhart, Tyler P",[TACOM];[CSR];[Admin];[ReadOnlyAudit];LocalDomainServers,
593ADAE90ADB6FC2070D55E06F89FA9C,1436,,02/19/2011 17:53:29,02/19/2011 17:53:29,CN=Renata Vasquez-Holm/OU=CHPSID/O=TACOM,,RQ000720,Jessup-Kane,Jr.,Lisa,,Son,Jose Jessup,2545 Willow Way,Manchester,NH,03133-2313,(302) 555-1878,lisa.jessup@example.com,Phone,Manual,02/19/2011,Yes,,JESSUP-KANE|LISA|03133,"Jessup-Kane, Lisa",[TACOM];[CSR];[Admin];[ReadOnlyAudit];LocalDomainServers,
866A2DAED79E6EF61799E6938E8D40C8,143A,,10/23/2010 12:20:44,10/23/2010 12:20:44,CN=Dwayne Petrakis/OU=CHPSID/O=TACOM,,RQ000721,Lindquarry,,Earl,H,Son,Angela Lindquarry,8032 Walnut Rd,Des Moines,IA,50338,(267) 555-1610,earl.lindquarry@example.com,Phone,Congressional,10/23/2010,No,10/23/2010,LINDQUARRY|EARL|50338,"Lindquarry, Earl H",[TACOM];[CSR];[Admin];[ReadOnlyAudit];LocalDomainServers,
3DDFB1C6D5DCFD815CB0372DC659ADF4,143E,,05/31/2018 07:59:30,05/31/2018 07:59:30,CN=Lorraine Whitcombe/OU=CHPSID/O=TACOM,,RQ000722,Marrowbridge,,Arthur,E,Self,Arthur E Marrowbridge,2654 Washington Ln,Baltimore,MD,21258,(540) 555-1608,,Mail,Congressional,05/31/2018,Yes,05/31/2018,MARROWBRIDGE|ARTHUR|21258,"Marrowbridge, Arthur E",[TACOM];[CSR];[Admin];[ReadOnlyAudit];LocalDomainServers,
FE17E89F3852140A30353A14759A1332,1442,,05/02/2010 09:37:04,05/02/2010 09:37:04,CN=Lorraine Whitcombe/OU=CHPSID/O=TACOM,,RQ000723,Oakhurst-Pell,,Ernesto,N,Spouse,Melissa Oakhurst,6077 Laurel Way Apt 1A,Pensacola,FL,32543,(267) 555-1097,ernesto.oakhurst@example.com,Phone,Manual,05/02/2010,Yes,,OAKHURST-PELL|ERNESTO|32543,"Oakhurst-Pell, Ernesto N",[TACOM];[CSR];[Admin];[ReadOnlyAudit];LocalDomainServers,
DC3608AF82C368845CD6CB1676192A4D,1446,,04/17/2006 12:20:06,04/17/2006 12:20:06,CN=Ret Hamlin/OU=CHPSID/O=TACOM,,RQ000724,Escobedo-Ruiz,,Steven,N,Son,Kevin Escobedo,3774 Oak Ave,Sioux Falls,SD,57176-1527,,,Phone,Manual,04/17/2006,No,04/17/2006,ESCOBEDO-RUIZ|STEVEN|57176,"Escobedo-Ruiz, Steven N",[TACOM];[CSR];[Admin];[ReadOnlyAudit];LocalDomainServers,
71AFC0C55988DAF9DFCB4105DF84119A,144A,,04/18/2012 13:51:29,04/18/2012 13:51:29,CN=Ret Hamlin/OU=CHPSID/O=TACOM,,RQ000725,Jaramillo,,Tyler,H,Self,Tyler H Jaramillo,7611 Lincoln Rd,Charleston,WV,25355-0994,,,Mail,Manual,04/18/2012,No,04/18/2012,JARAMILLO|TYLER|25355,"Jaramillo, Tyler H",[TACOM];[CSR];[Admin];[ReadOnlyAudit];LocalDomainServers,
67EB746F9D53EDFA468621413BC815E1,144E,,06/03/2004 13:32:34,06/03/2004 13:32:34,CN=HRC-Transfer/OU=Agents/O=TACOM,,RQ000726,Beddingfield,,Brian,K,Self,Brian K Beddingfield,3582 Spruce Rd,Grand Rapids,MI,49570,(856) 555-1958,brian.beddingfield@example.com,E-mail,HRC,06/03/2004,Yes,,BEDDINGFIELD|BRIAN|49570,"Beddingfield, Brian K",[TACOM];[CSR];[Admin];[ReadOnlyAudit];LocalDomainServers,
D998B5E409ECD1D2FC157E6158434B0A,1452,,05/24/2022 15:22:55,05/24/2022 15:22:55,CN=HRC-Transfer/OU=Agents/O=TACOM,,RQ000727,Haverstock,Jr.,Hector,E,Grandchild,Betty Haverstock,4685 Dogwood Rd,Providence,RI,02964,(703) 555-1936,,Mail,NPRC,05/24/2022,Yes,,HAVERSTOCK|HECTOR|02964,"Haverstock, Hector E",[TACOM];[CSR];[Admin];[ReadOnlyAudit];LocalDomainServers,
D265C13131305A60ABB83B9F0E4F2A2A,1456,,01/10/2021 17:26:48,01/10/2021 17:26:48,CN=Benedetta Kowalczyk/OU=CHPSID/O=TACOM,,RQ000728,Zabrowski,,Terrence,N,Self,Terrence N Zabrowski,4356 Birch Rd,Pensacola,FL,32562-9712,,,Mail,Congressional,01/10/2021,Yes,,ZABROWSKI|TERRENCE|32562,"Zabrowski, Terrence N",[TACOM];[CSR];[Admin];[ReadOnlyAudit];LocalDomainServers,
32530D57B500FEE4C48EF358585B5554,145A,,02/07/2013 13:14:53,02/07/2013 13:14:53,CN=HRC-Transfer/OU=Agents/O=TACOM,,RQ000729,Yeardley,Sr.,Gary,L,Self,Gary L Yeardley,6686 Marshall Way,Memphis,TN,38162-3201,(484) 555-1988,,E-mail,HRC,02/07/2013,Yes,02/07/2013,YEARDLEY|GARY|38162,"Yeardley, Gary L",[TACOM];[CSR];[Admin];[ReadOnlyAudit];LocalDomainServers,
C3AD131CFF04E42ACBB2523A1C46B291,145E,,12/26/2017 17:44:57,12/26/2017 17:44:57,CN=HRC-Transfer/OU=Agents/O=TACOM,,RQ000730,Palomares,,Donald,J,Son,David Palomares,2213 Magnolia St Apt 23A,Raleigh,NC,27604,(717) 555-1899,donald.palomares@example.com,Mail,NPRC,12/26/2017,No,,PALOMARES|DONALD|27604,"Palomares, Donald J",[TACOM];[CSR];[Admin];[ReadOnlyAudit];LocalDomainServers,
27D797F262AECBD4A1DEB53B5A78862C,1462,,02/11/2009 09:00:58,02/11/2009 09:00:58,CN=Dwayne Petrakis/OU=CHPSID/O=TACOM,,RQ000731,Coldwater,Sr.,Arthur,A,Daughter,Andrew Coldwater,1540 Poplar Ct,Burlington,VT,05401,(703) 555-1128,,Mail,Congressional,02/11/2009,No,,COLDWATER|ARTHUR|05401,"Coldwater, Arthur A",[TACOM];[CSR];[Admin];[ReadOnlyAudit];LocalDomainServers,
190059C8495D82CD725C7A35413A45A6,1466,,06/19/2017 07:44:20,06/19/2017 07:44:20,CN=HRC-Transfer/OU=Agents/O=TACOM,,RQ000732,Kellerhaus,,Rafael,C,Son,Ruth Kellerhaus,7733 Walnut Ter,St. Louis,MO,63150,,rafael.kellerhaus@example.com,Phone,NPRC,06/19/2017,Yes,06/19/2017,KELLERHAUS|RAFAEL|63150,"Kellerhaus, Rafael C",[TACOM];[CSR];[Admin];[ReadOnlyAudit];LocalDomainServers,
04930F3FF2359EB0F8CD69A70EDDED56,146A,,03/24/2016 15:02:54,03/24/2016 15:02:54,CN=Marlene Okafor/OU=CHPSID/O=TACOM,,RQ000733,Cartlewood,,Stephanie,E,Self,Stephanie E Cartlewood,716 Juniper Pl,Charlotte,NC,28279,(703) 555-1727,stephanie.cartlewood@example.com,E-mail,Manual,03/24/2016,No,03/24/2016,CARTLEWOOD|STEPHANIE|28279,"Cartlewood, Stephanie E",[TACOM];[CSR];[Admin];[ReadOnlyAudit];LocalDomainServers,
C1015BE3BDCB7D186A7964D74954BAF5,146E,,07/09/2008 07:19:47,07/09/2008 07:19:47,CN=HRC-Transfer/OU=Agents/O=TACOM,,RQ000734,Ahlquist-Bane,Sr.,Sandra,H,Self,Sandra H Ahlquist-Bane,7406 Ridgway Blvd,Grand Rapids,MI,49523,,,Mail,HRC,07/09/2008,No,,AHLQUIST-BANE|SANDRA|49523,"Ahlquist-Bane, Sandra H",[TACOM];[CSR];[Admin];[ReadOnlyAudit];LocalDomainServers,
D53E028BF462D38CB7AD70EF6E97C1EC,1472,,06/08/2018 17:37:13,06/08/2018 17:37:13,CN=HRC-Transfer/OU=Agents/O=TACOM,,RQ000735,Jessup-Kane,,Matthew,,Daughter,Earl Jessup,37 Juniper Pl,Fargo,ND,58114,,matthew.jessup@example.com,Phone,NPRC,06/08/2018,Yes,06/08/2018,JESSUP-KANE|MATTHEW|58114,"Jessup-Kane, Matthew",[TACOM];[CSR];[Admin];[ReadOnlyAudit];LocalDomainServers,
47E18F175831CAE136F5270116AC1FFE,1476,,06/30/2010 17:03:56,06/30/2010 17:03:56,CN=Lorraine Whitcombe/OU=CHPSID/O=TACOM,,RQ000736,Benavidez-Cruz,Jr.,Carol,E,Self,Carol E Benavidez-Cruz,37 Walnut Ter Apt 26D,Des Moines,IA,50334,,carol.benavidez@example.com,Mail,Congressional,06/30/2010,No,06/30/2010,BENAVIDEZ-CRUZ|CAROL|50334,"Benavidez-Cruz, Carol E",[TACOM];[CSR];[Admin];[ReadOnlyAudit];LocalDomainServers,
5F7AB86E8E120F929F848A2C18E98213,147A,,08/13/2015 15:53:09,08/13/2015 15:53:09,CN=Dwayne Petrakis/OU=CHPSID/O=TACOM,,RQ000737,Quennevile,Sr.,Sandra,D,Self,Sandra D Quennevile,3662 Chestnut Ct,Oklahoma City,OK,73174,,sandra.quennevile@example.com,Mail,Manual,08/13/2015,No,,QUENNEVILE|SANDRA|73174,"Quennevile, Sandra D",[TACOM];[CSR];[Admin];[ReadOnlyAudit];LocalDomainServers,
BE33A96253F90865E203EE562E98A1F0,147E,,05/13/2005 11:29:00,05/13/2005 11:29:00,CN=Ret Hamlin/OU=CHPSID/O=TACOM,,RQ000738,Vanterpool,,Amanda,,Son,Jeffrey Vanterpool,5830 Oak Pl,Sioux Falls,SD,57108,,,Mail,Congressional,05/13/2005,Yes,,VANTERPOOL|AMANDA|57108,"Vanterpool, Amanda",[TACOM];[CSR];[Admin];[ReadOnlyAudit];LocalDomainServers,
762BA76A9B80DB458E2359D9E9F17E76,1482,,12/17/2014 15:48:46,12/17/2014 15:48:46,CN=Renata Vasquez-Holm/OU=CHPSID/O=TACOM,,RQ000739,Rockwell-Sayre,Sr.,Jose,,Self,Jose Rockwell-Sayre,8257 Poplar Ave,Oklahoma City,OK,73169-5500,(484) 555-1625,,E-mail,Congressional,12/17/2014,Yes,,ROCKWELL-SAYRE|JOSE|73169,"Rockwell-Sayre, Jose",[TACOM];[CSR];[Admin];[ReadOnlyAudit];LocalDomainServers,
DB5DEC87EE96FAB7A66EFD64430B88EC,1486,,10/28/2021 08:47:23,10/28/2021 08:47:23,CN=HRC-Transfer/OU=Agents/O=TACOM,,RQ000740,Abernook,,Nicole,,Daughter,Kevin Abernook,7496 Walnut Rd,Hartford,CT,06168-8099,,nicole.abernook@example.com,Phone,NPRC,10/28/2021,Yes,10/28/2021,ABERNOOK|NICOLE|06168,"Abernook, Nicole",[TACOM];[CSR];[Admin];[ReadOnlyAudit];LocalDomainServers,
917A9CEF60BF21E9B675A16A557D9A10,148A,,03/02/2004 11:01:24,03/02/2004 11:01:24,CN=HRC-Transfer/OU=Agents/O=TACOM,,RQ000741,Jessup-Kane,,Jeffrey,,Spouse,Charles Jessup,2092 Armory Ct,Louisville,KY,40216,(215) 555-1176,jeffrey.jessup@example.com,Mail,NPRC,03/02/2004,Yes,03/02/2004,JESSUP-KANE|JEFFREY|40216,"Jessup-Kane, Jeffrey",[TACOM];[CSR];[Admin];[ReadOnlyAudit];LocalDomainServers,
042867C4CCC0E82EB2C880C8074AE5B3,148E,,02/25/2016 12:20:55,02/25/2016 12:20:55,CN=Ret Hamlin/OU=CHPSID/O=TACOM,,RQ000742,Kirkbride,,Margaret,,Self,Margaret Kirkbride,2000 Maple Ave Apt 29B,Fayetteville,NC,28345,(484) 555-1275,margaret.kirkbride@example.com,Mail,Manual,02/25/2016,Yes,02/25/2016,KIRKBRIDE|MARGARET|28345,"Kirkbride, Margaret",[TACOM];[CSR];[Admin];[ReadOnlyAudit];LocalDomainServers,
DD57CE2BDDACABCE1627D9AF204210C4,1492,,01/23/2023 16:25:52,01/23/2023 16:25:52,CN=HRC-Transfer/OU=Agents/O=TACOM,,RQ000743,Galbreath,,Daniel,W,Spouse,Ernesto Galbreath,6645 Magnolia Rd,Orlando,FL,32800,(717) 555-1121,,Mail,HRC,01/23/2023,Yes,,GALBREATH|DANIEL|32800,"Galbreath, Daniel W",[TACOM];[CSR];[Admin];[ReadOnlyAudit];LocalDomainServers,
AB78050F17D7BFFDD605CDAB322696CE,1496,,11/03/2021 07:42:51,11/03/2021 07:42:51,CN=Ret Hamlin/OU=CHPSID/O=TACOM,,RQ000744,Norquist,,Ryan,D,Spouse,Helen Norquist,6328 Washington Ln,Manchester,NH,03150,(484) 555-1879,,E-mail,Manual,11/03/2021,No,11/03/2021,NORQUIST|RYAN|03150,"Norquist, Ryan D",[TACOM];[CSR];[Admin];[ReadOnlyAudit];LocalDomainServers,
7BF5E0C02A7FDAB895DD600BC5A07363,149A,,01/05/2013 15:06:11,01/05/2013 15:06:11,CN=Ret Hamlin/OU=CHPSID/O=TACOM,,RQ000745,Underhill-Voss,Sr.,Charles,K,Daughter,Darnell Underhill,5715 Poplar Ct,Milwaukee,WI,53292,(717) 555-1894,,Mail,Congressional,01/05/2013,Yes,01/05/2013,UNDERHILL-VOSS|CHARLES|53292,"Underhill-Voss, Charles K",[TACOM];[CSR];[Admin];[ReadOnlyAudit];LocalDomainServers,
05D222584EF141F67E99186F611E79EF,149E,,04/13/2011 13:00:42,04/13/2011 13:00:42,CN=HRC-Transfer/OU=Agents/O=TACOM,,RQ000746,Ullswater,III,Patricia,T,Self,Patricia T Ullswater,3332 Eisenhower Ave Apt 36A,Albuquerque,NM,87148,(215) 555-1170,,Phone,HRC,04/13/2011,Yes,,ULLSWATER|PATRICIA|87148,"Ullswater, Patricia T",[TACOM];[CSR];[Admin];[ReadOnlyAudit];LocalDomainServers,
E51091B661CC80F2EC7E872AE872D45B,14A2,,11/23/2023 12:34:56,11/23/2023 12:34:56,CN=HRC-Transfer/OU=Agents/O=TACOM,,RQ000747,Gastrelle,III,Susan,R,Self,Susan R Gastrelle,7108 Sycamore Dr,Burlington,VT,05478-2364,,susan.gastrelle@example.com,E-mail,NPRC,11/23/2023,No,11/23/2023,GASTRELLE|SUSAN|05478,"Gastrelle, Susan R",[TACOM];[CSR];[Admin];[ReadOnlyAudit];LocalDomainServers,
D5A87C14AE5A00481FD851663AA0FBA8,14A6,,04/13/2004 07:47:14,04/13/2004 07:47:14,CN=Lorraine Whitcombe/OU=CHPSID/O=TACOM,,RQ000748,Fennimark,,Carl,,Son,Elizabeth Fennimark,5662 Hickory Dr,Norfolk,VA,23537,,,Phone,Congressional,04/13/2004,Yes,,FENNIMARK|CARL|23537,"Fennimark, Carl",[TACOM];[CSR];[Admin];[ReadOnlyAudit];LocalDomainServers,
FF7083D44DC3D05C0C9872A26DDA8E34,14AA,,07/16/2021 15:33:46,07/16/2021 15:33:46,CN=HRC-Transfer/OU=Agents/O=TACOM,,RQ000749,Quennevile,Sr.,Linda,L,Son,Norman Quennevile,9218 Washington Pl,Orlando,FL,32827,(703) 555-1809,,Mail,HRC,07/16/2021,No,07/16/2021,QUENNEVILE|LINDA|32827,"Quennevile, Linda L",[TACOM];[CSR];[Admin];[ReadOnlyAudit];LocalDomainServers,
B2DA795E686D188B49827F5130240A2D,14AE,,07/16/2025 12:48:35,07/16/2025 12:48:35,CN=HRC-Transfer/OU=Agents/O=TACOM,,RQ000750,Lindquarry,Jr.,Clarence,C,Sibling,Linda Lindquarry,2154 Marshall Blvd,Albuquerque,NM,87119,(484) 555-1611,,E-mail,HRC,07/16/2025,Yes,07/16/2025,LINDQUARRY|CLARENCE|87119,"Lindquarry, Clarence C",[TACOM];[CSR];[Admin];[ReadOnlyAudit];LocalDomainServers,
AA0527CBFFE21473C0EF1D040845F4B1,14B2,,03/07/2014 15:11:05,03/07/2014 15:11:05,CN=Renata Vasquez-Holm/OU=CHPSID/O=TACOM,,RQ000751,Urquhart,,Amanda,H,Self,Amanda H Urquhart,9348 Cedar Way,Dayton,OH,45496,(610) 555-1896,amanda.urquhart@example.com,Mail,Congressional,03/07/2014,Yes,,URQUHART|AMANDA|45496,"Urquhart, Amanda H",[TACOM];[CSR];[Admin];[ReadOnlyAudit];LocalDomainServers,
006ACF81FE6E19A6C8C23F60E5E44F64,14B6,,12/28/2007 13:56:11,12/28/2007 13:56:11,CN=HRC-Transfer/OU=Agents/O=TACOM,,RQ000752,Hinojosa-Mata,Sr.,John,B,Son,Kevin Hinojosa,3837 Jefferson Way,Spokane,WA,99237,(267) 555-1702,,Mail,HRC,12/28/2007,Yes,12/28/2007,HINOJOSA-MATA|JOHN|99237,"Hinojosa-Mata, John B",[TACOM];[CSR];[Admin];[ReadOnlyAudit];LocalDomainServers,
D18A8ACE16156672F01126EF7EC1D1C6,14BA,,09/03/2004 10:31:28,09/03/2004 10:31:28,CN=Dwayne Petrakis/OU=CHPSID/O=TACOM,,RQ000753,Templeton-Ash,,Melissa,P,Spouse,David Templeton,2958 Cedar Dr Apt 30A,Buffalo,NY,14246,(717) 555-1240,,Mail,Congressional,09/03/2004,No,,TEMPLETON-ASH|MELISSA|14246,"Templeton-Ash, Melissa P",[TACOM];[CSR];[Admin];[ReadOnlyAudit];LocalDomainServers,
FFC60C546F3762DFF8DC121CC324B1DE,14BE,,03/03/2019 15:51:23,03/03/2019 15:51:23,CN=Marlene Okafor/OU=CHPSID/O=TACOM,,RQ000754,Everleigh,III,Dorothy,B,Self,Dorothy B Everleigh,4302 Veterans Memorial Dr,Toledo,OH,43670,(410) 555-1159,dorothy.everleigh@example.com,Mail,Manual,03/03/2019,Yes,,EVERLEIGH|DOROTHY|43670,"Everleigh, Dorothy B",[TACOM];[CSR];[Admin];[ReadOnlyAudit];LocalDomainServers,
8699D18D3F980B3799694758D528AB5B,14C2,,02/11/2023 11:11:53,02/11/2023 11:11:53,CN=HRC-Transfer/OU=Agents/O=TACOM,,RQ000755,Ellsworthy,,Terrence,D,Self,Terrence D Ellsworthy,8774 Washington Dr,Knoxville,TN,37927,(856) 555-1742,terrence.ellsworthy@example.com,Mail,HRC,02/11/2023,No,,ELLSWORTHY|TERRENCE|37927,"Ellsworthy, Terrence D",[TACOM];[CSR];[Admin];[ReadOnlyAudit];LocalDomainServers,
E3046247ADB4CF1CC0BFB1FC2BD303F6,14C6,,09/23/2005 09:19:36,09/23/2005 09:19:36,CN=HRC-Transfer/OU=Agents/O=TACOM,,RQ000756,Underhill-Voss,,S.,,Daughter,Stephanie Underhill,7295 Walnut St,Phoenix,AZ,85056,(302) 555-1568,,Phone,NPRC,09/23/2005,No,,UNDERHILL-VOSS|S.|85056,"Underhill-Voss, S.",[TACOM];[CSR];[Admin];[ReadOnlyAudit];LocalDomainServers,RQ000679
7812D2050B8B027BBE7895E03BABB366,14CA,,10/08/2017 14:44:22,10/08/2017 14:44:22,CN=HRC-Transfer/OU=Agents/O=TACOM,,RQ000757,Okonkwo-Bell,,Stephanie,,Son,Amanda Okonkwo,6623 Armory Ct,Worcester,MA,01693,(856) 555-1502,stephanie.okonkwo@example.com,Mail,HRC,10/08/2017,No,10/08/2017,OKONKWO-BELL|STEPHANIE|01693,"Okonkwo-Bell, Stephanie",[TACOM];[CSR];[Admin];[ReadOnlyAudit];LocalDomainServers,
59D0FD5B72AEDAF8D25636099CAA3E85,14CE,,08/16/2026 12:04:51,08/16/2026 12:04:51,CN=Lorraine Whitcombe/OU=CHPSID/O=TACOM,,RQ000758,Ullswater,,Jennifer,W,Grandchild,Robert Ullswater,4700 Maple Ave Apt 21D,Boise,ID,83758-4693,(717) 555-1552,,Mail,Manual,08/16/2026,No,,ULLSWATER|JENNIFER|83758,"Ullswater, Jennifer",[TACOM];[CSR];[Admin];[ReadOnlyAudit];LocalDomainServers,
7357607A8ACDFEEA0395FFEFDF1EB0C0,14D2,,10/02/2020 09:30:38,10/02/2020 09:30:38,CN=Marlene Okafor/OU=CHPSID/O=TACOM,,RQ000759,Reyes-Almonte,,Anthony,K,Spouse,Steven Reyes,3407 Juniper Ct,Wilmington,DE,19832,(540) 555-1396,anthony.reyes@example.com,Phone,Congressional,10/02/2020,Yes,10/02/2020,REYES-ALMONTE|ANTHONY|19832,"Reyes-Almonte, Anthony K",[TACOM];[CSR];[Admin];[ReadOnlyAudit];LocalDomainServers,
54F54F977CEF77B8A3879F1B443226D3,14D6,,12/01/2014 12:31:41,12/01/2014 12:31:41,CN=HRC-Transfer/OU=Agents/O=TACOM,,RQ000760,Vosburgh,,Betty,B,Self,Betty B Vosburgh,7822 Laurel Ter,Memphis,TN,38166-8196,(267) 555-1603,betty.vosburgh@example.com,Phone,NPRC,12/01/2014,No,12/01/2014,VOSBURGH|BETTY|38166,"Vosburgh, Betty B",[TACOM];[CSR];[Admin];[ReadOnlyAudit];LocalDomainServers,
B33AFC8EB095D18AE0CFF9F52ECC6935,14DA,,07/05/2021 13:26:11,07/05/2021 13:26:11,CN=Dwayne Petrakis/OU=CHPSID/O=TACOM,,RQ000761,Altamirano-Diaz,,Howard,L,Son,Mary Altamirano,422 Juniper Ct,Fayetteville,NC,28364,(410) 555-1593,howard.altamirano@example.com,Mail,Congressional,07/05/2021,Yes,,ALTAMIRANO-DIAZ|HOWARD|28364,"Altamirano-Diaz, Howard L",[TACOM];[CSR];[Admin];[ReadOnlyAudit];LocalDomainServers,
1220781E87F402858D742B6CF62E0F0C,14DE,,02/24/2021 13:56:47,02/24/2021 13:56:47,CN=Marlene Okafor/OU=CHPSID/O=TACOM,,RQ000762,Beddingfield,,Charles,F,Self,Charles F Beddingfield,8909 Poplar Ter Apt 4D,Cleveland,OH,44196,,,Mail,Manual,02/24/2021,Yes,02/24/2021,BEDDINGFIELD|CHARLES|44196,"Beddingfield, Charles F",[TACOM];[CSR];[Admin];[ReadOnlyAudit];LocalDomainServers,
46B6669A541FF9A9DF3CBA0EF1F13499,14E2,,07/05/2023 08:38:13,07/05/2023 08:38:13,CN=Lorraine Whitcombe/OU=CHPSID/O=TACOM,,RQ000763,Coldwater,,Marcus N,N,Self,Marcus N Coldwater,5303 Willow Ln,Portland,OR,97278-8268,(410) 555-1486,marcus.coldwater@example.com,E-mail,Manual,07/05/2023,No,,COLDWATER|MARCUS N|97278,"Coldwater, Marcus N",[TACOM];[CSR];[Admin];[ReadOnlyAudit];LocalDomainServers,
04C6B51A47E6B0E4EE892FD5108C4BB1,14E6,,02/27/2025 12:39:34,02/27/2025 12:39:34,CN=HRC-Transfer/OU=Agents/O=TACOM,,RQ000764,Altamirano-Diaz,,John,H,Self,John H Altamirano-Diaz,1809 Magnolia Ln,Wilmington,DE,19893-8546,(856) 555-1580,john.altamirano@example.com,Mail,NPRC,02/27/2025,No,,ALTAMIRANO-DIAZ|JOHN|19893,"Altamirano-Diaz, John H",[TACOM];[CSR];[Admin];[ReadOnlyAudit];LocalDomainServers,
8BFE3D457283BF862633B1CF85440FFD,14EA,,10/18/2020 12:38:42,10/18/2020 12:38:42,CN=HRC-Transfer/OU=Agents/O=TACOM,,RQ000765,Okonkwo-Bell,III,William,G,Spouse,Betty Okonkwo,222 Cedar Ave,Wheeling,WV,26084,(410) 555-1242,william.okonkwo@example.com,Mail,HRC,10/18/2020,Yes,,OKONKWO-BELL|WILLIAM|26084,"Okonkwo-Bell, William G",[TACOM];[CSR];[Admin];[ReadOnlyAudit];LocalDomainServers,
216C3A9408D742A5C9554F5656412D4E,14EE,,02/27/2020 09:06:28,02/27/2020 09:06:28,CN=HRC-Transfer/OU=Agents/O=TACOM,,RQ000766,Ledesma-Ortiz,III,Andrew,W,Daughter,Karen Ledesma,7047 Juniper Way,Salt Lake City,UT,84177,,,Phone,HRC,02/27/2020,Yes,02/27/2020,LEDESMA-ORTIZ|ANDREW|84177,"Ledesma-Ortiz, Andrew W",[TACOM];[CSR];[Admin];[ReadOnlyAudit];LocalDomainServers,
C1649D941F372C15C2CC8C0A8CFA39F5,14F2,,01/14/2013 09:02:43,01/14/2013 09:02:43,CN=HRC-Transfer/OU=Agents/O=TACOM,,RQ000767,Benavidez-Cruz,III,Charles,,Grandchild,Arthur Benavidez,6145 Eisenhower Pl,Providence,RI,02980,(267) 555-1271,charles.benavidez@example.com,Mail,HRC,01/14/2013,Yes,01/14/2013,BENAVIDEZ-CRUZ|CHARLES|02980,"Benavidez-Cruz, Charles",[TACOM];[CSR];[Admin];[ReadOnlyAudit];LocalDomainServers,
A4B61F768E0B74D3EED8A5F63CC74D31,14F6,,11/23/2018 08:04:40,11/23/2018 08:04:40,CN=HRC-Transfer/OU=Agents/O=TACOM,,RQ000768,Villanueva-Cox,,Amanda,P,Spouse,Ralph Villanueva,7079 Jefferson St Apt 17C,Denver,CO,80281-8450,,,Phone,NPRC,11/23/2018,Yes,11/23/2018,VILLANUEVA-COX|AMANDA|80281,"Villanueva-Cox, Amanda P",[TACOM];[CSR];[Admin];[ReadOnlyAudit];LocalDomainServers,
4AB2A1F15783B43FF792E4B88B6C55CA,14FA,,01/03/2022 16:15:20,01/03/2022 16:15:20,CN=HRC-Transfer/OU=Agents/O=TACOM,,RQ000769,Ullswater,,Jessica,,Self,Jessica Ullswater,2834 Eisenhower Blvd,Atlanta,GA,30370,(610) 555-1745,,Mail,HRC,01/03/2022,No,,ULLSWATER|JESSICA|30370,"Ullswater, Jessica",[TACOM];[CSR];[Admin];[ReadOnlyAudit];LocalDomainServers,
D20EAA175B7E2FF04D88BE390A08ACCD,14FE,,03/22/2024 08:08:06,03/22/2024 08:08:06,CN=Lorraine Whitcombe/OU=CHPSID/O=TACOM,,RQ000770,Underhill-Voss,,Carlos,T,Self,Carlos T Underhill-Voss,4360 Bradley Rd Apt 35D,Fargo,ND,58130,,carlos.underhill@example.com,E-mail,Congressional,03/22/2024,Yes,03/22/2024,UNDERHILL-VOSS|CARLOS|58130,"Underhill-Voss, Carlos T",[TACOM];[CSR];[Admin];[ReadOnlyAudit];LocalDomainServers,
9248A0E6713F8EFBB4A092F1CA0D2C65,1502,,03/29/2009 10:08:45,03/29/2009 10:08:45,CN=HRC-Transfer/OU=Agents/O=TACOM,,RQ000771,Isherwood,,Christopher,S,Grandchild,Jessica Isherwood,4296 Willow Way,Philadelphia,PA,19100,(267) 555-1245,christopher.isherwood@example.com,Mail,HRC,03/29/2009,Yes,03/29/2009,ISHERWOOD|CHRISTOPHER|19100,"Isherwood, Christopher S",[TACOM];[CSR];[Admin];[ReadOnlyAudit];LocalDomainServers,
42AC12339287B94399BE1077C4527FF0,1506,,11/09/2025 13:12:12,11/09/2025 13:12:12,CN=HRC-Transfer/OU=Agents/O=TACOM,,RQ000772,Yellowley,,Harold,J,Self,Harold J Yellowley,6297 Lincoln Ln,Dayton,OH,45452,(410) 555-1608,harold.yellowley@example.com,Phone,HRC,11/09/2025,Yes,,YELLOWLEY|HAROLD|45452,"Yellowley, Harold J",[TACOM];[CSR];[Admin];[ReadOnlyAudit];LocalDomainServers,
070D8F95243D16C4F42C23270477BB96,150A,,11/10/2016 13:38:00,11/10/2016 13:38:00,CN=Marlene Okafor/OU=CHPSID/O=TACOM,,RQ000773,Zimmerly,Jr.,Melissa,C,Self,Melissa C Zimmerly,1488 Jefferson Ave,Wilmington,DE,19884,(610) 555-1090,melissa.zimmerly@example.com,Mail,Congressional,11/10/2016,Yes,11/10/2016,ZIMMERLY|MELISSA|19884,"Zimmerly, Melissa C",[TACOM];[CSR];[Admin];[ReadOnlyAudit];LocalDomainServers,
CF55975983C42A860A27437C4174B576,150E,,08/29/2016 07:47:49,08/29/2016 07:47:49,CN=HRC-Transfer/OU=Agents/O=TACOM,,RQ000774,Crandall-Mott,III,Rafael,K,Self,Rafael K Crandall-Mott,218 Maple Blvd,Seattle,WA,98105,(717) 555-1276,,Mail,HRC,08/29/2016,Yes,08/29/2016,CRANDALL-MOTT|RAFAEL|98105,"Crandall-Mott, Rafael K",[TACOM];[CSR];[Admin];[ReadOnlyAudit];LocalDomainServers,
E7D6DD2005DD22A1478F9B1ABDF68DEA,1512,,10/15/2017 13:31:10,10/15/2017 13:31:10,CN=Marlene Okafor/OU=CHPSID/O=TACOM,,RQ000775,Trevino-Hale,,Nicole,H,Spouse,Richard Trevino,2516 Juniper Way Apt 38C,Des Moines,IA,50326-9767,(410) 555-1364,nicole.trevino@example.com,Mail,Congressional,10/15/2017,Yes,10/15/2017,TREVINO-HALE|NICOLE|50326,"Trevino-Hale, Nicole H",[TACOM];[CSR];[Admin];[ReadOnlyAudit];LocalDomainServers,
4B89AFB9046C4DDDEF6FD2F21AFEEC0A,1516,,08/18/2026 12:14:35,08/18/2026 12:14:35,CN=Benedetta Kowalczyk/OU=CHPSID/O=TACOM,,RQ000776,THORNBURY,Jr.,Terrence,C,Self,Terrence C Thornbury,8319 Lincoln Dr,Fort Wayne,IN,46800,,terrence.thornbury@example.com,Mail,Manual,08/18/2026,No,,THORNBURY|TERRENCE|46800,"THORNBURY, Terrence",[TACOM];[CSR];[Admin];[ReadOnlyAudit];LocalDomainServers,RQ000170
23CBEB96CCB0BC852C2FDC9A25963DE3,151A,,06/11/2014 07:27:56,06/11/2014 07:27:56,CN=HRC-Transfer/OU=Agents/O=TACOM,,RQ000777,Ellsworthy,,Earl,D,Sibling,Sarah Ellsworthy,8784 Elm Ct,Wheeling,WV,26042-4261,(302) 555-1345,,Mail,NPRC,06/11/2014,Yes,,ELLSWORTHY|EARL|26042,"Ellsworthy, Earl D",[TACOM];[CSR];[Admin];[ReadOnlyAudit];LocalDomainServers,
2F51F275693AD345E8D88AA5C3A14D9E,151E,,10/08/2020 16:35:20,10/08/2020 16:35:20,CN=HRC-Transfer/OU=Agents/O=TACOM,,RQ000778,Ledesma-Ortiz,,Linda,,Self,Linda Ledesma-Ortiz,98 Walnut Ter,Fargo,ND,58133,,,Mail,HRC,10/08/2020,No,10/08/2020,LEDESMA-ORTIZ|LINDA|58133,"Ledesma-Ortiz, Linda",[TACOM];[CSR];[Admin];[ReadOnlyAudit];LocalDomainServers,
CC9536F57F3CC0B1BC993D991F04F426,1522,,11/04/2025 09:14:39,11/04/2025 09:14:39,CN=HRC-Transfer/OU=Agents/O=TACOM,,RQ000779,Jaramillo,,Thomas,,Self,Thomas Jaramillo,741 Maple St Apt 14A,Fort Wayne,IN,46845,(267) 555-1628,thomas.jaramillo@example.com,Mail,HRC,11/04/2025,Yes,11/04/2025,JARAMILLO|THOMAS|46845,"Jaramillo, Thomas",[TACOM];[CSR];[Admin];[ReadOnlyAudit];LocalDomainServers,
E73C83EF5C84E2F11862F4E23664A9E6,1526,,05/01/2021 10:18:46,05/01/2021 10:18:46,CN=Renata Vasquez-Holm/OU=CHPSID/O=TACOM,,RQ000780,Ellingboe,Sr.,Carol,K,Self,Carol K Ellingboe,6313 Lincoln Ter,Tucson,AZ,85783-2196,(717) 555-1707,,Mail,Manual,05/01/2021,No,05/01/2021,ELLINGBOE|CAROL|85783,"Ellingboe, Carol K",[TACOM];[CSR];[Admin];[ReadOnlyAudit];LocalDomainServers,
AD5895864A70E008B8F19B97BF6A3D14,152A,,07/25/2020 17:27:32,07/25/2020 17:27:32,CN=HRC-Transfer/OU=Agents/O=TACOM,,RQ000781,Saldivar,III,Stephanie,P,Self,Stephanie P Saldivar,1706 Laurel Ln,Lawton,OK,73547,(703) 555-1646,,Mail,HRC,07/25/2020,Yes,,SALDIVAR|STEPHANIE|73547,"Saldivar, Stephanie P",[TACOM];[CSR];[Admin];[ReadOnlyAudit];LocalDomainServers,
9675FCC4197B6F8CC7E886A7FB4635FD,152E,,05/07/2008 13:34:12,05/07/2008 13:34:12,CN=HRC-Transfer/OU=Agents/O=TACOM,,RQ000782,Fortenbury,Sr.,Mildred,R,Self,Mildred R Fortenbury,5476 Pershing St Apt 24A,Manchester,NH,03177,(410) 555-1366,,Mail,HRC,05/07/2008,No,,FORTENBURY|MILDRED|03177,"Fortenbury, Mildred R",[TACOM];[CSR];[Admin];[ReadOnlyAudit];LocalDomainServers,
FCB54EADCED6EFD981D3EB9723165E80,1532,,10/16/2004 15:42:23,10/16/2004 15:42:23,CN=HRC-Transfer/OU=Agents/O=TACOM,,RQ000783,Underhill-Voss,III,Thomas,S,Self,Thomas S Underhill-Voss,3388 Eisenhower Ave,Orlando,FL,32894,(610) 555-1086,,Mail,HRC,10/16/2004,Yes,10/16/2004,UNDERHILL-VOSS|THOMAS|32894,"Underhill-Voss, Thomas S",[TACOM];[CSR];[Admin];[ReadOnlyAudit];LocalDomainServers,
BFE26A374143F12FAC996FD125B8206E,1536,,04/06/2006 11:01:02,04/06/2006 11:01:02,CN=Lorraine Whitcombe/OU=CHPSID/O=TACOM,,RQ000784,Lockridge,Jr.,Brandon,,Sibling,Charles Lockridge,4111 Armory Way,Richmond,VA,23210-7115,,brandon.lockridge@example.com,Mail,Manual,04/06/2006,Yes,04/06/2006,LOCKRIDGE|BRANDON|23210,"Lockridge, Brandon",[TACOM];[CSR];[Admin];[ReadOnlyAudit];LocalDomainServers,
12E3AA7142560DC6F584736405553668,153A,,06/01/2009 15:21:51,06/01/2009 15:21:51,CN=Renata Vasquez-Holm/OU=CHPSID/O=TACOM,,RQ000785,Quinonez,Jr.,Sandra,,Self,Sandra Quinonez,902 Veterans Memorial Ave,Minneapolis,MN,55476-2789,(410) 555-1028,,Mail,Congressional,06/01/2009,No,06/01/2009,QUINONEZ|SANDRA|55476,"Quinonez, Sandra",[TACOM];[CSR];[Admin];[ReadOnlyAudit];LocalDomainServers,
BAF5DFC71EA6AF5B530EC151B7ADC739,153E,,03/08/2021 08:02:38,03/08/2021 08:02:38,CN=Dwayne Petrakis/OU=CHPSID/O=TACOM,,RQ000786,Yamaguchi-Orr Jr.,,Helen,B,Self,Helen B Yamaguchi-Orr,8628 Poplar Ln,Nashville,TN,37271,(267) 555-1353,,Mail,Manual,03/08/2021,No,,YAMAGUCHI-ORR JR.|HELEN|37271,"Yamaguchi-Orr Jr., Helen",[TACOM];[CSR];[Admin];[ReadOnlyAudit];LocalDomainServers,
F7AAA3FF34D577BCCCCDE07542B031EE,1542,,12/30/2011 09:04:46,12/30/2011 09:04:46,CN=HRC-Transfer/OU=Agents/O=TACOM,,RQ000787,Urquhart,,Norman,,Spouse,Mildred Urquhart,5409 Willow Ln,Des Moines,IA,50307,(484) 555-1009,,E-mail,HRC,12/30/2011,Yes,12/30/2011,URQUHART|NORMAN|50307,"Urquhart, Norman",[TACOM];[CSR];[Admin];[ReadOnlyAudit];LocalDomainServers,
F9D004B3A55AA84BA0A32E83CF0F2D84,1546,,03/02/2022 17:33:30,03/02/2022 17:33:30,CN=HRC-Transfer/OU=Agents/O=TACOM,,RQ000788,Quinonez,,Justin,,Spouse,Jeffrey Quinonez,3165 Marshall St,Phoenix,AZ,85099,(540) 555-1291,justin.quinonez@example.com,Mail,HRC,03/02/2022,Yes,,QUINONEZ|JUSTIN|85099,"Quinonez, Justin",[TACOM];[CSR];[Admin];[ReadOnlyAudit];LocalDomainServers,
4261B2A2C4771651B6E3AB4680EC3258,154A,,08/28/2011 12:50:09,08/28/2011 12:50:09,CN=HRC-Transfer/OU=Agents/O=TACOM,,RQ000789,Sallisaw,III,James,R,Self,James R Sallisaw,9329 Marshall Pl,Memphis,TN,38165,(610) 555-1569,,Mail,NPRC,08/28/2011,Yes,,SALLISAW|JAMES|38165,"Sallisaw, James R",[TACOM];[CSR];[Admin];[ReadOnlyAudit];LocalDomainServers,
5D6D03BE3DFA64CE112C343B7C5CDEAC,154E,,10/28/2004 15:52:13,10/28/2004 15:52:13,CN=HRC-Transfer/OU=Agents/O=TACOM,,RQ000790,Galbreath,,Brandon,,Self,Brandon Galbreath,599 Pershing Ct,Harrisburg,PA,17155,(410) 555-1138,,Mail,NPRC,10/28/2004,Yes,10/28/2004,GALBREATH|BRANDON|17155,"Galbreath, Brandon",[TACOM];[CSR];[Admin];[ReadOnlyAudit];LocalDomainServers,
92A9350FD0A01E0A2B943DC5765559E7,1552,,04/10/2023 08:33:07,04/10/2023 08:33:07,CN=HRC-Transfer/OU=Agents/O=TACOM,,RQ000791,Fortenbury,Jr.,Helen,R,Self,Helen R Fortenbury,2716 Madison Ave,Indianapolis,IN,46212,(302) 555-1833,,Phone,HRC,04/10/2023,No,,FORTENBURY|HELEN|46212,"Fortenbury, Helen R",[TACOM];[CSR];[Admin];[ReadOnlyAudit];LocalDomainServers,
C0F53AB8188EC7E2D83A2B459A9DB5CD,1556,,08/15/2008 08:37:50,08/15/2008 08:37:50,CN=Dwayne Petrakis/OU=CHPSID/O=TACOM,,RQ000792,Palomares,Jr.,Andre,P,Daughter,Andrew Palomares,2162 Magnolia St,San Antonio,TX,78255-0894,(302) 555-1291,,E-mail,Manual,08/15/2008,Yes,,PALOMARES|ANDRE|78255,"Palomares, Andre P",[TACOM];[CSR];[Admin];[ReadOnlyAudit];LocalDomainServers,
2D72FFFDB1DC62CA1C1E2389E76D75A2,155A,,01/16/2023 14:53:08,01/16/2023 14:53:08,CN=Renata Vasquez-Holm/OU=CHPSID/O=TACOM,,RQ000793,Dellacroix,III,Sandra,,Self,Sandra Dellacroix,8012 Magnolia Ct,Orlando,FL,32868-0973,(717) 555-1905,sandra.dellacroix@example.com,Phone,Manual,01/16/2023,Yes,,DELLACROIX|SANDRA|32868,"Dellacroix, Sandra",[TACOM];[CSR];[Admin];[ReadOnlyAudit];LocalDomainServers,
03AA0190A2CE419D08FA99013507C366,155E,,03/27/2013 10:43:44,03/27/2013 10:43:44,CN=HRC-Transfer/OU=Agents/O=TACOM,,RQ000794,Jankowitz,III,Evelyn,C,Grandchild,Joshua Jankowitz,1988 Sycamore Rd,Nashville,TN,37256,(484) 555-1943,evelyn.jankowitz@example.com,Mail,NPRC,03/27/2013,No,03/27/2013,JANKOWITZ|EVELYN|37256,"Jankowitz, Evelyn C",[TACOM];[CSR];[Admin];[ReadOnlyAudit];LocalDomainServers,
A67C9C3ADC9D9E783EF49429885F7DF7,1562,,08/04/2021 14:03:21,08/04/2021 14:03:21,CN=HRC-Transfer/OU=Agents/O=TACOM,,RQ000795,Dunmore-Vey,,Christopher,L,Spouse,Gary Dunmore,9411 Magnolia Pl,Las Vegas,NV,89118,(302) 555-1561,,E-mail,HRC,08/04/2021,Yes,08/04/2021,DUNMORE-VEY|CHRISTOPHER|89118,"Dunmore-Vey, Christopher L",[TACOM];[CSR];[Admin];[ReadOnlyAudit];LocalDomainServers,
02CD5C7F3903C7D613FFE7AC1E7FAD52,1566,,11/04/2025 16:59:43,11/04/2025 16:59:43,CN=Dwayne Petrakis/OU=CHPSID/O=TACOM,,RQ000796,Ellingboe,,Linda,,Daughter,Carol Ellingboe,3613 Eisenhower Rd,San Antonio,TX,78224,(484) 555-1962,linda.ellingboe@example.com,E-mail,Congressional,11/04/2025,Yes,11/04/2025,ELLINGBOE|LINDA|78224,"Ellingboe, Linda",[TACOM];[CSR];[Admin];[ReadOnlyAudit];LocalDomainServers,
F6DF83AE5B3A18167CBB791A6367DDCF,156A,,12/03/2019 16:26:02,12/03/2019 16:26:02,CN=HRC-Transfer/OU=Agents/O=TACOM,,RQ000797,Ormsbee,Jr.,Rafael,D,Self,Rafael D Ormsbee,4146 Elm Blvd Apt 18D,Philadelphia,PA,19112-3541,(717) 555-1539,,Phone,HRC,12/03/2019,No,12/03/2019,ORMSBEE|RAFAEL|19112,"Ormsbee, Rafael D",[TACOM];[CSR];[Admin];[ReadOnlyAudit];LocalDomainServers,
DF64E02C9C97D7CEE555A3A9D97203A3,156E,,09/17/2009 17:16:54,09/17/2009 17:16:54,CN=HRC-Transfer/OU=Agents/O=TACOM,,RQ000798,Isherwood,,Leonard,,Self,Leonard Isherwood,7848 Maple Ln,San Antonio,TX,78228-9500,(410) 555-1227,leonard.isherwood@example.com,Mail,NPRC,09/17/2009,No,09/17/2009,ISHERWOOD|LEONARD|78228,"Isherwood, Leonard",[TACOM];[CSR];[Admin];[ReadOnlyAudit];LocalDomainServers,
9D94977D6101BA827DE70DF4EC4598E9,1572,,04/13/2011 07:04:02,04/13/2011 07:04:02,CN=Marlene Okafor/OU=CHPSID/O=TACOM,,RQ000799,Jaramillo,,Timothy,M,Grandchild,Robert Jaramillo,9755 Laurel Blvd,Dallas,TX,75235,(610) 555-1431,timothy.jaramillo@example.com,Mail,Manual,04/13/2011,No,04/13/2011,JARAMILLO|TIMOTHY|75235,"Jaramillo, Timothy M",[TACOM];[CSR];[Admin];[ReadOnlyAudit];LocalDomainServers,
5D3C16369CA129438DAA7BAD3CC37882,1576,,12/26/2004 07:37:55,12/26/2004 07:37:55,CN=Dwayne Petrakis/OU=CHPSID/O=TACOM,,RQ000800,Ashcroft-Mayne,,Mary,G,Daughter,Eugene Ashcroft,4075 Pershing Dr,Knoxville,TN,37972-8572,,,Mail,Congressional,12/26/2004,Yes,12/26/2004,ASHCROFT-MAYNE|MARY|37972,"Ashcroft-Mayne, Mary G",[TACOM];[CSR];[Admin];[ReadOnlyAudit];LocalDomainServers,
E315F48C62B0AB5DC029C5E239F8CA7C,157A,,07/31/2011 07:29:25,07/31/2011 07:29:25,CN=Ret Hamlin/OU=CHPSID/O=TACOM,,RQ000801,Galbreath,,Leonard,,Self,Leonard Galbreath,7761 Laurel Blvd,Fort Wayne,IN,46842,(610) 555-1012,,Mail,Congressional,07/31/2011,Yes,07/31/2011,GALBREATH|LEONARD|46842,"Galbreath, Leonard",[TACOM];[CSR];[Admin];[ReadOnlyAudit];LocalDomainServers,
0C17BCF53763224351659384FB65B116,157E,,03/13/2006 12:43:55,03/13/2006 12:43:55,CN=HRC-Transfer/OU=Agents/O=TACOM,,RQ000802,Zapata-Kell,,Jessica,F,Self,Jessica F Zapata-Kell,8714 Juniper Ln,Philadelphia,PA,19176,(856) 555-1777,,Mail,NPRC,03/13/2006,Yes,03/13/2006,ZAPATA-KELL|JESSICA|19176,"Zapata-Kell, Jessica F",[TACOM];[CSR];[Admin];[ReadOnlyAudit];LocalDomainServers,
BE4523369AEA0181D29394C55F546C90,1582,,09/10/2008 12:48:57,09/10/2008 12:48:57,CN=Dwayne Petrakis/OU=CHPSID/O=TACOM,,RQ000803,Rathbourne,,Kevin,G,Self,Kevin G Rathbourne,2820 Veterans Memorial Ter,Boston,MA,02142-0309,,,Mail,Manual,09/10/2008,Yes,09/10/2008,RATHBOURNE|KEVIN|02142,"Rathbourne, Kevin G",[TACOM];[CSR];[Admin];[ReadOnlyAudit];LocalDomainServers,
EDDFAD1C848E17AB852898A054D728D0,1586,,12/25/2011 09:05:14,12/25/2011 09:05:14,CN=Benedetta Kowalczyk/OU=CHPSID/O=TACOM,,RQ000804,Ledesma-Ortiz,,Norman,S,Daughter,Donald Ledesma,9019 Pershing Ln,El Paso,TX,79989,(410) 555-1489,norman.ledesma@example.com,Mail,Manual,12/25/2011,Yes,12/25/2011,LEDESMA-ORTIZ|NORMAN|79989,"Ledesma-Ortiz, Norman S",[TACOM];[CSR];[Admin];[ReadOnlyAudit];LocalDomainServers,
D9A5BB571A759860AC2B0F911A57DD88,158A,,05/23/2024 15:06:49,05/23/2024 15:06:49,CN=HRC-Transfer/OU=Agents/O=TACOM,,RQ000805,Marrowbridge,Jr.,Earl,J,Self,Earl J Marrowbridge,1983 Sycamore Ter,Orlando,FL,32863-7754,,,E-mail,HRC,05/23/2024,Yes,,MARROWBRIDGE|EARL|32863,"Marrowbridge, Earl J",[TACOM];[CSR];[Admin];[ReadOnlyAudit];LocalDomainServers,
A0315A99846BB93132ED35D64DA7947D,158E,,04/04/2021 10:27:20,04/04/2021 10:27:20,CN=HRC-Transfer/OU=Agents/O=TACOM,,RQ000806,Lockridge,III,Darnell,W,Daughter,Linda Lockridge,1868 Dogwood Rd,Atlanta,GA,30389,(410) 555-1860,darnell.lockridge@example.com,E-mail,HRC,04/04/2021,No,04/04/2021,LOCKRIDGE|DARNELL|30389,"Lockridge, Darnell W",[TACOM];[CSR];[Admin];[ReadOnlyAudit];LocalDomainServers,
EB0861788091C8ECB15886B05CB8E472,1592,,10/28/2019 09:34:15,10/28/2019 09:34:15,CN=HRC-Transfer/OU=Agents/O=TACOM,,RQ000807,Rathbourne,,Andrew,,Self,Andrew Rathbourne,2551 Veterans Memorial Dr,Seattle,WA,98107-3527,(717) 555-1324,andrew.rathbourne@example.com,E-mail,HRC,10/28/2019,Yes,,RATHBOURNE|ANDREW|98107,"Rathbourne, Andrew",[TACOM];[CSR];[Admin];[ReadOnlyAudit];LocalDomainServers,
7ED766D2AFCBBCB148FBEB57A832B458,1596,,02/13/2014 10:26:49,02/13/2014 10:26:49,CN=HRC-Transfer/OU=Agents/O=TACOM,,RQ000808,Vanterpool,,Andre,,Spouse,James Vanterpool,8041 Dogwood Ln,Tacoma,WA,98469,(410) 555-1578,,Phone,NPRC,02/13/2014,Yes,02/13/2014,VANTERPOOL|ANDRE|98469,"Vanterpool, Andre",[TACOM];[CSR];[Admin];[ReadOnlyAudit];LocalDomainServers,
7063FA6DD62073ACA5606C4CDEBD4013,159A,,05/19/2022 12:34:19,05/19/2022 12:34:19,CN=HRC-Transfer/OU=Agents/O=TACOM,,RQ000809,Altamirano-Diaz,Sr.,T.,H,Self,Tyler H Altamirano-Diaz,1290 Poplar Pl,Knoxville,TN,37910-6131,(856) 555-1996,,Phone,HRC,05/19/2022,No,,ALTAMIRANO-DIAZ|T.|37910,"Altamirano-Diaz, T.",[TACOM];[CSR];[Admin];[ReadOnlyAudit];LocalDomainServers,
2682407C6EA2BC5F210B35BFBE7F9428,159E,,01/15/2016 08:36:40,01/15/2016 08:36:40,CN=HRC-Transfer/OU=Agents/O=TACOM,,RQ000810,Guajardo,,Marcus,K,Self,Marcus K Guajardo,8135 Marshall Dr,Philadelphia,PA,19168,(484) 555-1091,marcus.guajardo@example.com,Mail,NPRC,01/15/2016,No,01/15/2016,GUAJARDO|MARCUS|19168,"Guajardo, Marcus K",[TACOM];[CSR];[Admin];[ReadOnlyAudit];LocalDomainServers,
BFC44BEDFE218FDD600263A614023A84,15A2,,11/04/2017 12:42:20,11/04/2017 12:42:20,CN=Lorraine Whitcombe/OU=CHPSID/O=TACOM,,RQ000811,Barrowclough,,Evelyn,,Self,Evelyn Barrowclough,7321 Marshall Ct,Albany,NY,12238-0373,(856) 555-1245,,Mail,Congressional,11/04/2017,Yes,11/04/2017,BARROWCLOUGH|EVELYN|12238,"Barrowclough, Evelyn",[TACOM];[CSR];[Admin];[ReadOnlyAudit];LocalDomainServers,
B307208B6FDB4C96C0BCE3597D6ECF4E,15A6,,10/06/2022 16:20:05,10/06/2022 16:20:05,CN=HRC-Transfer/OU=Agents/O=TACOM,,RQ000812,Trevino-Hale,Sr.,Thomas,C,Daughter,Carol Trevino,6903 Washington Way,Tampa,FL,33635,(267) 555-1704,,Mail,HRC,10/06/2022,No,,TREVINO-HALE|THOMAS|33635,"Trevino-Hale, Thomas",[TACOM];[CSR];[Admin];[ReadOnlyAudit];LocalDomainServers,
EE185B39EB93A7488B6A1FA60CD4079A,15AA,,03/23/2013 16:44:32,03/23/2013 16:44:32,CN=HRC-Transfer/OU=Agents/O=TACOM,,RQ000813,Haverstock,,Melissa,,Daughter,Jeffrey Haverstock,6925 Jefferson Blvd,Richmond,VA,23210,(484) 555-1374,melissa.haverstock@example.com,Phone,HRC,03/23/2013,No,03/23/2013,HAVERSTOCK|MELISSA|23210,"Haverstock, Melissa",[TACOM];[CSR];[Admin];[ReadOnlyAudit];LocalDomainServers,
E956EA65113CE21CA3A33178B95851EE,15AE,,02/11/2010 12:58:03,02/11/2010 12:58:03,CN=HRC-Transfer/OU=Agents/O=TACOM,,RQ000814,Ormsbee,,Linda,,Daughter,Anthony Ormsbee,9080 Spruce Dr Apt 19A,Little Rock,AR,72246-9404,(410) 555-1845,linda.ormsbee@example.com,Phone,HRC,02/11/2010,Yes,02/11/2010,ORMSBEE|LINDA|72246,"Ormsbee, Linda",[TACOM];[CSR];[Admin];[ReadOnlyAudit];LocalDomainServers,
BF68030C55464F6678D8A844C232E30C,15B2,,11/19/2005 09:59:14,11/19/2005 09:59:14,CN=HRC-Transfer/OU=Agents/O=TACOM,,RQ000815,Cartlewood,Jr.,Ryan,,Self,Ryan Cartlewood,8246 Armory Ln,Atlanta,GA,30302,(610) 555-1221,,Mail,HRC,11/19/2005,No,,CARTLEWOOD|RYAN|30302,"Cartlewood, Ryan",[TACOM];[CSR];[Admin];[ReadOnlyAudit];LocalDomainServers,
5FF1F388D0D89754624A717A1DFEE890,15B6,,12/09/2004 12:49:51,12/09/2004 12:49:51,CN=HRC-Transfer/OU=Agents/O=TACOM,,RQ000816,Kellerhaus,Jr.,Kevin,,Self,Kevin Kellerhaus,3566 Spruce Blvd,Philadelphia,PA,19129-8176,(717) 555-1809,,Mail,HRC,12/09/2004,No,12/09/2004,KELLERHAUS|KEVIN|19129,"Kellerhaus, Kevin",[TACOM];[CSR];[Admin];[ReadOnlyAudit];LocalDomainServers,
E24AEAD828A1E59F7F809D61B7613C67,15BA,,06/15/2023 16:40:42,06/15/2023 16:40:42,CN=Dwayne Petrakis/OU=CHPSID/O=TACOM,,RQ000817,Zimmerly,Sr.,Clarence,,Son,Barbara Zimmerly,4077 Dogwood Way,Savannah,GA,31436,(484) 555-1327,,Mail,Manual,06/15/2023,Yes,06/15/2023,ZIMMERLY|CLARENCE|31436,"Zimmerly, Clarence",[TACOM];[CSR];[Admin];[ReadOnlyAudit];LocalDomainServers,
2D6D19DD31F44F3C5260EF0177627D18,15BE,,08/24/2012 13:28:01,08/24/2012 13:28:01,CN=HRC-Transfer/OU=Agents/O=TACOM,,RQ000818,Montgomerie,,Heather,,Self,Heather Montgomerie,3606 Maple Pl,Pensacola,FL,32576,(856) 555-1662,heather.montgomerie@example.com,Mail,HRC,08/24/2012,No,08/24/2012,MONTGOMERIE|HEATHER|32576,"Montgomerie, Heather",[TACOM];[CSR];[Admin];[ReadOnlyAudit];LocalDomainServers,
ECDC6F1822A2BA52CCCD546E303FECAF,15C2,,02/02/2017 13:11:24,02/02/2017 13:11:24,CN=Ret Hamlin/OU=CHPSID/O=TACOM,,RQ000819,Ellsworthy,,Amanda,W,Son,Arthur Ellsworthy,2880 Maple Ter Apt 2D,Burlington,VT,05465,(484) 555-1614,amanda.ellsworthy@example.com,Phone,Congressional,02/02/2017,Yes,02/02/2017,ELLSWORTHY|AMANDA|05465,"Ellsworthy, Amanda W",[TACOM];[CSR];[Admin];[ReadOnlyAudit];LocalDomainServers,
DDD77E90548CCA0315BC048AA4330DA7,15C6,,04/10/2017 11:58:20,04/10/2017 11:58:20,CN=Lorraine Whitcombe/OU=CHPSID/O=TACOM,,RQ000820,Umberlake,,Margaret,P,Daughter,Margaret Umberlake,7962 Sycamore Rd,Albany,NY,12257,,,E-mail,Manual,04/10/2017,No,,UMBERLAKE|MARGARET|12257,"Umberlake, Margaret P",[TACOM];[CSR];[Admin];[ReadOnlyAudit];LocalDomainServers,
7E0E58C78E9A16C3066BE90851761DD1,15CA,,07/07/2005 10:17:57,07/07/2005 10:17:57,CN=Renata Vasquez-Holm/OU=CHPSID/O=TACOM,,RQ000821,Quennevile,Jr.,Angela,S,Self,Angela S Quennevile,6799 Hickory Pl,Lawton,OK,73596,(215) 555-1818,,Mail,Manual,07/07/2005,Yes,07/07/2005,QUENNEVILE|ANGELA|73596,"Quennevile, Angela S",[TACOM];[CSR];[Admin];[ReadOnlyAudit];LocalDomainServers,
D630428FA06D9B667179C1D740C77BEC,15CE,,04/07/2014 11:29:55,04/07/2014 11:29:55,CN=HRC-Transfer/OU=Agents/O=TACOM,,RQ000822,Greaves-Tolan,Sr.,Robert,K,Self,Robert K Greaves-Tolan,3505 Eisenhower Ln,San Diego,CA,92179,,,Phone,HRC,04/07/2014,No,04/07/2014,GREAVES-TOLAN|ROBERT|92179,"Greaves-Tolan, Robert K",[TACOM];[CSR];[Admin];[ReadOnlyAudit];LocalDomainServers,
29987F847B0D2433558AB767A5B847FC,15D2,,03/04/2016 17:02:10,03/04/2016 17:02:10,CN=HRC-Transfer/OU=Agents/O=TACOM,,RQ000823,Guajardo,Sr.,Elizabeth,K,Spouse,Eugene Guajardo,7636 Marshall Ln,Fort Wayne,IN,46822-8750,(717) 555-1362,elizabeth.guajardo@example.com,Mail,HRC,03/04/2016,Yes,03/04/2016,GUAJARDO|ELIZABETH|46822,"Guajardo, Elizabeth K",[TACOM];[CSR];[Admin];[ReadOnlyAudit];LocalDomainServers,
0544EB74527BCEA267821A71721C9848,15D6,,03/29/2007 15:38:45,03/29/2007 15:38:45,CN=HRC-Transfer/OU=Agents/O=TACOM,,RQ000824,Hollinbeck,,Brandon,T,Self,Brandon T Hollinbeck,1543 Walnut Ave,Norfolk,VA,23572,(703) 555-1386,,Mail,HRC,03/29/2007,Yes,,HOLLINBECK|BRANDON|23572,"Hollinbeck, Brandon T",[TACOM];[CSR];[Admin];[ReadOnlyAudit];LocalDomainServers,
B52066A6A2F864D7F9B68ADA9B809EEA,15DA,,04/18/2009 16:26:32,04/18/2009 16:26:32,CN=Lorraine Whitcombe/OU=CHPSID/O=TACOM,,RQ000825,Jessup-Kane,,Donald,,Spouse,William Jessup,899 Oak Ln,Harrisburg,PA,17168-1929,(856) 555-1765,donald.jessup@example.com,Mail,Manual,04/18/2009,No,04/18/2009,JESSUP-KANE|DONALD|17168,"Jessup-Kane, Donald",[TACOM];[CSR];[Admin];[ReadOnlyAudit];LocalDomainServers,
C33B6F0CE4A463E495BF4D6EB2F48CAF,15DE,,02/27/2007 17:00:41,02/27/2007 17:00:41,CN=HRC-Transfer/OU=Agents/O=TACOM,,RQ000826,Kellerhaus,Sr.,Heather,W,Self,Heather W Kellerhaus,9444 Bradley Ave,San Diego,CA,92129,(267) 555-1827,heather.kellerhaus@example.com,Mail,HRC,02/27/2007,Yes,02/27/2007,KELLERHAUS|HEATHER|92129,"Kellerhaus, Heather W",[TACOM];[CSR];[Admin];[ReadOnlyAudit];LocalDomainServers,
C01F1A95661BBC5BB17AB6E0D0CA9482,15E2,,07/07/2009 12:52:13,07/07/2009 12:52:13,CN=HRC-Transfer/OU=Agents/O=TACOM,,RQ000827,Washington-Pryce,,Donna,L,Spouse,Marcus Washington,4568 Poplar Dr Apt 12B,St. Louis,MO,63147,,donna.washington@example.com,Mail,HRC,07/07/2009,Yes,07/07/2009,WASHINGTON-PRYCE|DONNA|63147,"Washington-Pryce, Donna L",[TACOM];[CSR];[Admin];[ReadOnlyAudit];LocalDomainServers,
009ED8035913A4CF07D36D45D08618EB,15E6,,06/23/2013 16:59:06,06/23/2013 16:59:06,CN=Ret Hamlin/OU=CHPSID/O=TACOM,,RQ000828,Zimmerly,III,Michael,B,Self,Michael B Zimmerly,2846 Sycamore Ave,Harrisburg,PA,17119,(215) 555-1327,,Mail,Manual,06/23/2013,No,,ZIMMERLY|MICHAEL|17119,"Zimmerly, Michael B",[TACOM];[CSR];[Admin];[ReadOnlyAudit];LocalDomainServers,
5886369D24F00F361E6EF2F87FE7EB91,15EA,,09/26/2013 12:04:01,09/26/2013 12:04:01,CN=HRC-Transfer/OU=Agents/O=TACOM,,RQ000829,Xanthopoulos,,Mark,K,Daughter,Andre Xanthopoulos,1210 Pershing Ln,Cleveland,OH,44167,(610) 555-1024,,Mail,HRC,09/26/2013,Yes,09/26/2013,XANTHOPOULOS|MARK|44167,"Xanthopoulos, Mark K",[TACOM];[CSR];[Admin];[ReadOnlyAudit];LocalDomainServers,
4C1235A9B44B609323B6FAD2A6D34A24,15EE,,06/02/2019 15:59:10,06/02/2019 15:59:10,CN=Benedetta Kowalczyk/OU=CHPSID/O=TACOM,,RQ000830,Pemberley,Sr.,Jeffrey,C,Other NOK,Brian Pemberley,6623 Madison Ln,Louisville,KY,40258-0483,,,Phone,Congressional,06/02/2019,Yes,,PEMBERLEY|JEFFREY|40258,"Pemberley, Jeffrey C",[TACOM];[CSR];[Admin];[ReadOnlyAudit];LocalDomainServers,
A46F453C6A5D33514BCDB512BB71E315,15F2,,06/28/2011 09:49:36,06/28/2011 09:49:36,CN=HRC-Transfer/OU=Agents/O=TACOM,,RQ000831,Quarterman,,Rafael,,Son,Luis Quarterman,505 Lincoln St,Syracuse,NY,13213-7355,(302) 555-1224,rafael.quarterman@example.com,Mail,HRC,06/28/2011,No,,QUARTERMAN|RAFAEL|13213,"Quarterman, Rafael",[TACOM];[CSR];[Admin];[ReadOnlyAudit];LocalDomainServers,
2CDBED1D16E0357F75C20F9D66936929,15F6,,04/28/2020 12:40:47,04/28/2020 12:40:47,CN=HRC-Transfer/OU=Agents/O=TACOM,,RQ000832,Stroudmoor,,Brandon,E,Self,Brandon E Stroudmoor,6477 Maple Ave,Scranton,PA,18597,(540) 555-1496,brandon.stroudmoor@example.com,Mail,HRC,04/28/2020,Yes,,STROUDMOOR|BRANDON|18597,"Stroudmoor, Brandon E",[TACOM];[CSR];[Admin];[ReadOnlyAudit];LocalDomainServers,
9CE036EA19051E137D463E32E337E0CC,15FA,,01/17/2010 07:09:20,01/17/2010 07:09:20,CN=HRC-Transfer/OU=Agents/O=TACOM,,RQ000833,Yarrowdale,Jr.,Steven,D,Self,Steven D Yarrowdale,7327 Washington Pl,Chicago,IL,60648,(484) 555-1095,steven.yarrowdale@example.com,Mail,HRC,01/17/2010,No,01/17/2010,YARROWDALE|STEVEN|60648,"Yarrowdale, Steven D",[TACOM];[CSR];[Admin];[ReadOnlyAudit];LocalDomainServers,
A47C7C6801F96681957CD882FB52896F,15FE,,01/27/2025 08:06:18,01/27/2025 08:06:18,CN=Marlene Okafor/OU=CHPSID/O=TACOM,,RQ000834,Vandermolen,Jr.,Charles,B,Self,Charles B Vandermolen,5390 Ridgway St,New Orleans,LA,70125,(302) 555-1650,,Mail,Congressional,01/27/2025,Yes,,VANDERMOLEN|CHARLES|70125,"Vandermolen, Charles B",[TACOM];[CSR];[Admin];[ReadOnlyAudit];LocalDomainServers,
1958EF2225055D504933A594005D299A,1602,,03/02/2009 08:54:32,03/02/2009 08:54:32,CN=HRC-Transfer/OU=Agents/O=TACOM,,RQ000835,Templeton-Ash,,Harold,P,Son,Charles Templeton,3414 Laurel Ter,Pensacola,FL,32549-5158,(410) 555-1635,harold.templeton@example.com,Mail,HRC,03/02/2009,No,,TEMPLETON-ASH|HAROLD|32549,"Templeton-Ash, Harold P",[TACOM];[CSR];[Admin];[ReadOnlyAudit];LocalDomainServers,
32028508BF68A96C0901A11D87CF1756,1606,,10/29/2019 07:07:03,10/29/2019 07:07:03,CN=Marlene Okafor/OU=CHPSID/O=TACOM,,RQ000836,Pemberley,,Donald,,Self,Donald Pemberley,8888 Patton Dr Apt 38B,Jacksonville,FL,32237,(610) 555-1961,donald.pemberley@example.com,Phone,Congressional,10/29/2019,No,10/29/2019,PEMBERLEY|DONALD|32237,"Pemberley, Donald",[TACOM];[CSR];[Admin];[ReadOnlyAudit];LocalDomainServers,
61F0AF45A21E388E36CE194B0B374FF5,160A,,05/28/2006 12:00:55,05/28/2006 12:00:55,CN=HRC-Transfer/OU=Agents/O=TACOM,,RQ000837,Marrowbridge,,Lisa,N,Son,Joshua Marrowbridge,4213 Cedar St,Huntsville,AL,35822-3828,(484) 555-1342,,Mail,HRC,05/28/2006,Yes,05/28/2006,MARROWBRIDGE|LISA|35822,"Marrowbridge, Lisa N",[TACOM];[CSR];[Admin];[ReadOnlyAudit];LocalDomainServers,
152A11E39DFBF3FE4599A3B580C810F0,160E,,03/18/2017 12:37:24,03/18/2017 12:37:24,CN=HRC-Transfer/OU=Agents/O=TACOM,,RQ000838,Wexcombe,,Heather,,Self,Heather Wexcombe,3355 Washington Way Apt 16A,Wilmington,DE,19851,(856) 555-1910,heather.wexcombe@example.com,Phone,HRC,03/18/2017,No,,WEXCOMBE|HEATHER|19851,"Wexcombe, Heather",[TACOM];[CSR];[Admin];[ReadOnlyAudit];LocalDomainServers,
738C194447C763ADB9821B0B91DB40BD,1612,,04/07/2017 08:50:06,04/07/2017 08:50:06,CN=HRC-Transfer/OU=Agents/O=TACOM,,RQ000839,Ormsbee,,Jennifer,,Spouse,Joshua Ormsbee,3229 Washington Way,Seattle,WA,98174,,,Mail,NPRC,04/07/2017,No,,ORMSBEE|JENNIFER|98174,"Ormsbee, Jennifer",[TACOM];[CSR];[Admin];[ReadOnlyAudit];LocalDomainServers,RQ000499
C9665B8AE33D580CFCB99D6DDCF2D989,1616,,12/20/2015 17:55:18,12/20/2015 17:55:18,CN=HRC-Transfer/OU=Agents/O=TACOM,,RQ000840,Gastrelle,,Hector,B,Spouse,Linda Gastrelle,2703 Madison Ter,Anchorage,AK,99528,(410) 555-1768,hector.gastrelle@example.com,E-mail,HRC,12/20/2015,Yes,,GASTRELLE|HECTOR|99528,"Gastrelle, Hector B",[TACOM];[CSR];[Admin];[ReadOnlyAudit];LocalDomainServers,
A226B12446BB89EE05FDDFF98AE8C21F,161A,,05/08/2013 08:42:30,05/08/2013 08:42:30,CN=HRC-Transfer/OU=Agents/O=TACOM,,RQ000841,Isherwood,Sr.,Robert,C,Spouse,Brandon Isherwood,4893 Dogwood Ln,Columbus,OH,43261-6462,(302) 555-1858,robert.isherwood@example.com,E-mail,NPRC,05/08/2013,Yes,05/08/2013,ISHERWOOD|ROBERT|43261,"Isherwood, Robert C",[TACOM];[CSR];[Admin];[ReadOnlyAudit];LocalDomainServers,
DFFF5FAD5328F67D8569580375BD9228,161E,,06/16/2025 10:52:58,06/16/2025 10:52:58,CN=Benedetta Kowalczyk/OU=CHPSID/O=TACOM,,RQ000842,Galbreath,,Arthur,,Spouse,Justin Galbreath,9881 Maple Ave,Phoenix,AZ,85061,(215) 555-1790,arthur.galbreath@example.com,E-mail,Manual,06/16/2025,Yes,06/16/2025,GALBREATH|ARTHUR|85061,"Galbreath, Arthur",[TACOM];[CSR];[Admin];[ReadOnlyAudit];LocalDomainServers,
909333956ACBD2C0623B60C1591652CE,1622,,05/27/2013 13:41:40,05/27/2013 13:41:40,CN=Renata Vasquez-Holm/OU=CHPSID/O=TACOM,,RQ000843,Greaves-Tolan,,Mary,W,Self,Mary W Greaves-Tolan,6272 Elm Ln,Little Rock,AR,72271,(856) 555-1975,,E-mail,Congressional,05/27/2013,Yes,,GREAVES-TOLAN|MARY|72271,"Greaves-Tolan, Mary W",[TACOM];[CSR];[Admin];[ReadOnlyAudit];LocalDomainServers,
5BE988DC224B8BF5B3C2C419B88B6403,1626,,01/25/2023 15:37:56,01/25/2023 15:37:56,CN=HRC-Transfer/OU=Agents/O=TACOM,,RQ000844,Maldonado-Vega,,Christopher,,Self,Christopher Maldonado-Vega,1190 Veterans Memorial St Apt 1D,Nashville,TN,37258-2696,(856) 555-1835,,Mail,HRC,01/25/2023,Yes,,MALDONADO-VEGA|CHRISTOPHER|37258,"Maldonado-Vega, Christopher",[TACOM];[CSR];[Admin];[ReadOnlyAudit];LocalDomainServers,
13CBB62C4944E568282192705DCFCF7E,162A,,10/17/2023 09:23:25,10/17/2023 09:23:25,CN=Dwayne Petrakis/OU=CHPSID/O=TACOM,,RQ000845,Nethercott,Jr.,David,T,Self,David T Nethercott,8453 Lincoln Dr,San Antonio,TX,78213-2114,(717) 555-1455,,E-mail,Congressional,10/17/2023,Yes,,NETHERCOTT|DAVID|78213,"Nethercott, David T",[TACOM];[CSR];[Admin];[ReadOnlyAudit];LocalDomainServers,
CF4C2482707EB68555615E246A84426B,162E,,06/16/2013 12:29:24,06/16/2013 12:29:24,CN=HRC-Transfer/OU=Agents/O=TACOM,,RQ000846,Iverstone,,Virginia,R,Self,Virginia R Iverstone,46 Armory Ave,Cheyenne,WY,82008,,virginia.iverstone@example.com,Phone,HRC,06/16/2013,No,06/16/2013,IVERSTONE|VIRGINIA|82008,"Iverstone, Virginia R",[TACOM];[CSR];[Admin];[ReadOnlyAudit];LocalDomainServers,
E3A72D78757AF01841BAE9CE1F923596,1632,,12/03/2018 14:31:30,12/03/2018 14:31:30,CN=Benedetta Kowalczyk/OU=CHPSID/O=TACOM,,RQ000847,Zimmerly,,Heather,P,Self,Heather P Zimmerly,7103 Ridgway Ave,Scranton,PA,18570,(856) 555-1053,heather.zimmerly@example.com,Mail,Manual,12/03/2018,No,,ZIMMERLY|HEATHER|18570,"Zimmerly, Heather P",[TACOM];[CSR];[Admin];[ReadOnlyAudit];LocalDomainServers,
98C6AD4DA2E1735EB57F64995EED5E01,1636,,07/17/2006 12:14:33,07/17/2006 12:14:33,CN=Dwayne Petrakis/OU=CHPSID/O=TACOM,,RQ000848,Ellsworthy,III,Jeffrey,A,Self,Jeffrey A Ellsworthy,4631 Willow Rd,Birmingham,AL,35291,(410) 555-1489,,Phone,Congressional,07/17/2006,Yes,,ELLSWORTHY|JEFFREY|35291,"Ellsworthy, Jeffrey A",[TACOM];[CSR];[Admin];[ReadOnlyAudit];LocalDomainServers,
83E767FB211F2BFC492ACF33AFE4CC1A,163A,,05/24/2025 14:58:26,05/24/2025 14:58:26,CN=HRC-Transfer/OU=Agents/O=TACOM,,RQ000849,Hinojosa-Mata,,Brian E,E,Self,Brian E Hinojosa-Mata,1250 Magnolia Ave,Raleigh,NC,27639,,,Mail,HRC,05/24/2025,No,,HINOJOSA-MATA|BRIAN E|27639,"Hinojosa-Mata, Brian E",[TACOM];[CSR];[Admin];[ReadOnlyAudit];LocalDomainServers,
E2E8B50238103E3586CAC8835F959938,163E,,11/22/2011 16:14:43,11/22/2011 16:14:43,CN=Renata Vasquez-Holm/OU=CHPSID/O=TACOM,,RQ000850,Kestleman,,Dorothy,,Spouse,Carlos Kestleman,5796 Chestnut Ter,Des Moines,IA,50387,,dorothy.kestleman@example.com,E-mail,Manual,11/22/2011,No,11/22/2011,KESTLEMAN|DOROTHY|50387,"Kestleman, Dorothy",[TACOM];[CSR];[Admin];[ReadOnlyAudit];LocalDomainServers,
F33318918725AA77800976BD8DB03BD1,1642,,09/16/2025 11:21:53,09/16/2025 11:21:53,CN=Lorraine Whitcombe/OU=CHPSID/O=TACOM,,RQ000851,TEMPLETON-ASH,,Melissa,P,Spouse,David Templeton,2958 Cedar Dr Apt 30A,Buffalo,NY,14246,(717) 555-1240,,Mail,Manual,09/16/2025,No,,TEMPLETON-ASH|MELISSA|14246,"TEMPLETON-ASH, Melissa",[TACOM];[CSR];[Admin];[ReadOnlyAudit];LocalDomainServers,RQ000753
8BF3A39D10ED0FFDB135F497DFBF7F6D,1646,,09/12/2012 07:16:48,09/12/2012 07:16:48,CN=HRC-Transfer/OU=Agents/O=TACOM,,RQ000852,Templeton-Ash,Sr.,David,M,Self,David M Templeton-Ash,6035 Laurel St,Wheeling,WV,26008,(267) 555-1750,,Phone,NPRC,09/12/2012,No,09/12/2012,TEMPLETON-ASH|DAVID|26008,"Templeton-Ash, David M",[TACOM];[CSR];[Admin];[ReadOnlyAudit];LocalDomainServers,
731FFC970432D7A5F588390D3C9A6AAE,164A,,12/10/2021 07:38:47,12/10/2021 07:38:47,CN=HRC-Transfer/OU=Agents/O=TACOM,,RQ000853,Delgadillo,Jr.,Sandra,A,Daughter,Norman Delgadillo,5704 Maple Dr,Wheeling,WV,26008-2446,(484) 555-1430,,Mail,HRC,12/10/2021,Yes,,DELGADILLO|SANDRA|26008,"Delgadillo, Sandra A",[TACOM];[CSR];[Admin];[ReadOnlyAudit];LocalDomainServers,
DE099C6343D34D21C1F482B2F06E7C21,164E,,05/31/2022 15:07:29,05/31/2022 15:07:29,CN=HRC-Transfer/OU=Agents/O=TACOM,,RQ000854,Isherwood,III,Barbara,,Self,Barbara Isherwood,5815 Eisenhower St,Fort Wayne,IN,46813,(484) 555-1331,barbara.isherwood@example.com,E-mail,NPRC,05/31/2022,No,05/31/2022,ISHERWOOD|BARBARA|46813,"Isherwood, Barbara",[TACOM];[CSR];[Admin];[ReadOnlyAudit];LocalDomainServers,
17BCE2C5472618AC927E9FA5FB36E65C,1652,,10/04/2020 12:16:10,10/04/2020 12:16:10,CN=HRC-Transfer/OU=Agents/O=TACOM,,RQ000855,Castellanos,,Marcus,L,Self,Marcus L Castellanos,4062 Birch Ct,New Orleans,LA,70122,(267) 555-1429,marcus.castellanos@example.com,Mail,NPRC,10/04/2020,No,,CASTELLANOS|MARCUS|70122,"Castellanos, Marcus L",[TACOM];[CSR];[Admin];[ReadOnlyAudit];LocalDomainServers,
FAD594F99B5D3D7233E5C6CE9660D335,1656,,08/08/2019 12:16:36,08/08/2019 12:16:36,CN=HRC-Transfer/OU=Agents/O=TACOM,,RQ000856,Marrowbridge,,Terrence,E,Son,Eugene Marrowbridge,8374 Maple Blvd,Wheeling,WV,26080,(215) 555-1266,terrence.marrowbridge@example.com,Mail,NPRC,08/08/2019,Yes,08/08/2019,MARROWBRIDGE|TERRENCE|26080,"Marrowbridge, Terrence E",[TACOM];[CSR];[Admin];[ReadOnlyAudit];LocalDomainServers,
818A7F57EFC79E4C6284DA666E88075B,165A,,01/02/2006 10:45:29,01/02/2006 10:45:29,CN=HRC-Transfer/OU=Agents/O=TACOM,,RQ000857,Coldwater,,Timothy,R,Self,Timothy R Coldwater,3442 Bradley Rd,Richmond,VA,23231,(410) 555-1777,,E-mail,NPRC,01/02/2006,Yes,,COLDWATER|TIMOTHY|23231,"Coldwater, Timothy R",[TACOM];[CSR];[Admin];[ReadOnlyAudit];LocalDomainServers,
2764AA2B40A1BBAF6C8EE1C5BE22596C,165E,,05/06/2013 11:24:32,05/06/2013 11:24:32,CN=HRC-Transfer/OU=Agents/O=TACOM,,RQ000858,Pemberley,Jr.,Matthew,B,Self,Matthew B Pemberley,7317 Ridgway Ct,New Orleans,LA,70195-6311,(410) 555-1154,,Mail,HRC,05/06/2013,Yes,,PEMBERLEY|MATTHEW|70195,"Pemberley, Matthew B",[TACOM];[CSR];[Admin];[ReadOnlyAudit];LocalDomainServers,
368A15785DD18601D3974460ED13B006,1662,,09/11/2020 08:16:35,09/11/2020 08:16:35,CN=Dwayne Petrakis/OU=CHPSID/O=TACOM,,RQ000859,Pemberley,,Donald,,Son,Donald Pemberley,392 Cedar Ave,Fargo,ND,58117-7341,(484) 555-1153,donald.pemberley@example.com,Mail,Manual,09/11/2020,Yes,,PEMBERLEY|DONALD|58117,"Pemberley, Donald",[TACOM];[CSR];[Admin];[ReadOnlyAudit];LocalDomainServers,
A3A605D1C78B7BC73F376EB7806D6324,1666,,03/07/2014 07:23:03,03/07/2014 07:23:03,CN=HRC-Transfer/OU=Agents/O=TACOM,,RQ000860,Beddingfield,III,Ernesto,G,Son,Jessica Beddingfield,7288 Maple Ave,Fresno,CA,93722,,,Mail,HRC,03/07/2014,Yes,03/07/2014,BEDDINGFIELD|ERNESTO|93722,"Beddingfield, Ernesto G",[TACOM];[CSR];[Admin];[ReadOnlyAudit];LocalDomainServers,
B4BA13561E01265A141C060F0EA933A9,166A,,01/25/2012 16:54:45,01/25/2012 16:54:45,CN=Dwayne Petrakis/OU=CHPSID/O=TACOM,,RQ000861,Guajardo,,Matthew,T,Self,Matthew T Guajardo,8560 Oak St,Milwaukee,WI,53288,,,Phone,Manual,01/25/2012,Yes,,GUAJARDO|MATTHEW|53288,"Guajardo, Matthew T",[TACOM];[CSR];[Admin];[ReadOnlyAudit];LocalDomainServers,
ED0C56A5F5C49D38529C73285F981ECD,166E,,01/29/2021 14:24:16,01/29/2021 14:24:16,CN=HRC-Transfer/OU=Agents/O=TACOM,,RQ000862,Vosburgh,,Jeffrey,R,Self,Jeffrey R Vosburgh,4565 Poplar St,Charlotte,NC,28245,,,Phone,HRC,01/29/2021,Yes,01/29/2021,VOSBURGH|JEFFREY|28245,"Vosburgh, Jeffrey R",[TACOM];[CSR];[Admin];[ReadOnlyAudit];LocalDomainServers,
6D47EB99A51B62E6749FC2C959D62F63,1672,,09/06/2015 09:48:14,09/06/2015 09:48:14,CN=Renata Vasquez-Holm/OU=CHPSID/O=TACOM,,RQ000863,Villanueva-Cox,,Donna,M,Self,Donna M Villanueva-Cox,622 Jefferson Ter,Norfolk,VA,23588,(703) 555-1587,,Mail,Manual,09/06/2015,Yes,,VILLANUEVA-COX|DONNA|23588,"Villanueva-Cox, Donna M",[TACOM];[CSR];[Admin];[ReadOnlyAudit];LocalDomainServers,
99B05E0C53F065E75F726EBA5B0C494C,1676,,05/14/2015 15:07:14,05/14/2015 15:07:14,CN=HRC-Transfer/OU=Agents/O=TACOM,,RQ000864,Stanwycke,,Earl,E,Daughter,Sandra Stanwycke,6228 Elm Ter,Honolulu,HI,96887-1732,(610) 555-1942,,E-mail,NPRC,05/14/2015,Yes,,STANWYCKE|EARL|96887,"Stanwycke, Earl E",[TACOM];[CSR];[Admin];[ReadOnlyAudit];LocalDomainServers,
050013C5500C62C76B8ED752BC581777,167A,,01/02/2014 17:46:14,01/02/2014 17:46:14,CN=HRC-Transfer/OU=Agents/O=TACOM,,RQ000865,Coldwater,,Justin,N,Self,Justin N Coldwater,6588 Dogwood Ave,Phoenix,AZ,85023-6614,(703) 555-1078,,E-mail,NPRC,01/02/2014,Yes,,COLDWATER|JUSTIN|85023,"Coldwater, Justin N",[TACOM];[CSR];[Admin];[ReadOnlyAudit];LocalDomainServers,
B83F2ECD9F63C42364DCA76DDB024FC0,167E,,09/03/2022 14:32:08,09/03/2022 14:32:08,CN=HRC-Transfer/OU=Agents/O=TACOM,,RQ000866,Quarterman,III,Rafael,B,Self,Rafael B Quarterman,5008 Spruce Ln,St. Louis,MO,63164,,,E-mail,HRC,09/03/2022,No,09/03/2022,QUARTERMAN|RAFAEL|63164,"Quarterman, Rafael B",[TACOM];[CSR];[Admin];[ReadOnlyAudit];LocalDomainServers,
E80398EDA8C35F8F2BBA92C15CC8D793,1682,,07/02/2008 10:57:01,07/02/2008 10:57:01,CN=HRC-Transfer/OU=Agents/O=TACOM,,RQ000867,Haverstock,,Daniel,B,Son,Daniel Haverstock,9188 Eisenhower Way,Atlanta,GA,30303-8842,(215) 555-1953,daniel.haverstock@example.com,Mail,HRC,07/02/2008,Yes,07/02/2008,HAVERSTOCK|DANIEL|30303,"Haverstock, Daniel B",[TACOM];[CSR];[Admin];[ReadOnlyAudit];LocalDomainServers,
FB0468B6CB0EE4858F7CC76440006198,1686,,08/08/2008 16:01:56,08/08/2008 16:01:56,CN=HRC-Transfer/OU=Agents/O=TACOM,,RQ000868,Ingersby,III,Robert,F,Self,Robert F Ingersby,6104 Patton Dr,Boston,MA,02194,(540) 555-1538,,Phone,HRC,08/08/2008,No,08/08/2008,INGERSBY|ROBERT|02194,"Ingersby, Robert F",[TACOM];[CSR];[Admin];[ReadOnlyAudit];LocalDomainServers,
BBA765A5DB8564AE8A63FA4EA19362F7,168A,,03/29/2006 14:28:23,03/29/2006 14:28:23,CN=HRC-Transfer/OU=Agents/O=TACOM,,RQ000869,Rathbourne,Sr.,Luis,,Self,Luis Rathbourne,8883 Washington Ter,Indianapolis,IN,46241,,,Phone,HRC,03/29/2006,No,,RATHBOURNE|LUIS|46241,"Rathbourne, Luis",[TACOM];[CSR];[Admin];[ReadOnlyAudit];LocalDomainServers,
1ECEC9D9732B9E30AA2F4A84471D5BE9,168E,,06/26/2011 16:46:29,06/26/2011 16:46:29,CN=HRC-Transfer/OU=Agents/O=TACOM,,RQ000870,Pemberley,,Helen,,Self,Helen Pemberley,455 Juniper Way,Oklahoma City,OK,73100,,helen.pemberley@example.com,E-mail,HRC,06/26/2011,No,06/26/2011,PEMBERLEY|HELEN|73100,"Pemberley, Helen",[TACOM];[CSR];[Admin];[ReadOnlyAudit];LocalDomainServers,
AD6037A2929EFDAAF104853793C5E6F8,1692,,12/21/2012 16:50:43,12/21/2012 16:50:43,CN=Lorraine Whitcombe/OU=CHPSID/O=TACOM,,RQ000871,Urquhart,,Darnell,G,Son,Nicole Urquhart,3722 Ridgway Ct,Las Vegas,NV,89149,(856) 555-1006,darnell.urquhart@example.com,E-mail,Congressional,12/21/2012,No,12/21/2012,URQUHART|DARNELL|89149,"Urquhart, Darnell G",[TACOM];[CSR];[Admin];[ReadOnlyAudit];LocalDomainServers,
5F694511EC0BC48779D305CDC4B3A9D1,1696,,05/24/2013 15:28:23,05/24/2013 15:28:23,CN=HRC-Transfer/OU=Agents/O=TACOM,,RQ000872,Jessup-Kane,,Walter,L,Spouse,Justin Jessup,6975 Sycamore Rd,Atlanta,GA,30355,,,Phone,HRC,05/24/2013,Yes,05/24/2013,JESSUP-KANE|WALTER|30355,"Jessup-Kane, Walter L",[TACOM];[CSR];[Admin];[ReadOnlyAudit];LocalDomainServers,
F9AD517FA16E6B0094D55E0E91A9F367,169A,,06/19/2009 17:27:59,06/19/2009 17:27:59,CN=HRC-Transfer/OU=Agents/O=TACOM,,RQ000873,Stanwycke,,Charles,H,Self,Charles H Stanwycke,5639 Cedar Way Apt 10B,Raleigh,NC,27671,,,Mail,NPRC,06/19/2009,No,,STANWYCKE|CHARLES|27671,"Stanwycke, Charles H",[TACOM];[CSR];[Admin];[ReadOnlyAudit];LocalDomainServers,
1D9DF972BF77A493CE3E503C3A6D615D,169E,,03/04/2020 10:17:46,03/04/2020 10:17:46,CN=Ret Hamlin/OU=CHPSID/O=TACOM,,RQ000874,Ledesma-Ortiz,,Thomas,G,Daughter,Jennifer Ledesma,5209 Birch Rd,Peoria,IL,61607,(267) 555-1477,thomas.ledesma@example.com,E-mail,Congressional,03/04/2020,No,,LEDESMA-ORTIZ|THOMAS|61607,"Ledesma-Ortiz, Thomas G",[TACOM];[CSR];[Admin];[ReadOnlyAudit];LocalDomainServers,
83B34233FBF374D05EC5CADFDA7917CB,16A2,,03/25/2017 09:03:39,03/25/2017 09:03:39,CN=Lorraine Whitcombe/OU=CHPSID/O=TACOM,,RQ000875,Izquierdo,III,Jennifer,D,Self,Jennifer D Izquierdo,440 Spruce Rd,Tacoma,WA,98420,(267) 555-1395,,Mail,Congressional,03/25/2017,Yes,03/25/2017,IZQUIERDO|JENNIFER|98420,"Izquierdo, Jennifer D",[TACOM];[CSR];[Admin];[ReadOnlyAudit];LocalDomainServers,
2F68810B61CA256DB780DDD9C2E3C632,16A6,,08/07/2023 11:50:13,08/07/2023 11:50:13,CN=Dwayne Petrakis/OU=CHPSID/O=TACOM,,RQ000876,Gastrelle,,Norman,,Self,Norman Gastrelle,8362 Juniper Way,Tampa,FL,33686,(267) 555-1641,,Mail,Manual,08/07/2023,Yes,08/07/2023,GASTRELLE|NORMAN|33686,"Gastrelle, Norman",[TACOM];[CSR];[Admin];[ReadOnlyAudit];LocalDomainServers,
BAAFF3C50F08B347BAC6AF29D206F783,16AA,,02/11/2009 09:54:39,02/11/2009 09:54:39,CN=HRC-Transfer/OU=Agents/O=TACOM,,RQ000877,Sallisaw,,Gary,A,Spouse,Christopher Sallisaw,3523 Lincoln Pl,Charleston,WV,25309-7337,(610) 555-1803,gary.sallisaw@example.com,Mail,HRC,02/11/2009,Yes,02/11/2009,SALLISAW|GARY|25309,"Sallisaw, Gary A",[TACOM];[CSR];[Admin];[ReadOnlyAudit];LocalDomainServers,
DECB1943F150945A421C0CAA8D4FACAE,16AE,,10/22/2021 16:44:27,10/22/2021 16:44:27,CN=HRC-Transfer/OU=Agents/O=TACOM,,RQ000878,Xanthopoulos,,Angela,R,Spouse,Betty Xanthopoulos,7254 Poplar Pl Apt 21D,Charlotte,NC,28243,(215) 555-1457,,Phone,HRC,10/22/2021,Yes,,XANTHOPOULOS|ANGELA|28243,"Xanthopoulos, Angela R",[TACOM];[CSR];[Admin];[ReadOnlyAudit];LocalDomainServers,
53C8D6B86F9316FB2696FCDE80785130,16B2,,09/17/2025 10:11:05,09/17/2025 10:11:05,CN=HRC-Transfer/OU=Agents/O=TACOM,,RQ000879,Guajardo,,Ernesto,,Self,Ernesto Guajardo,5025 Magnolia Ln,Sacramento,CA,95889-9199,(540) 555-1880,ernesto.guajardo@example.com,Phone,HRC,09/17/2025,No,09/17/2025,GUAJARDO|ERNESTO|95889,"Guajardo, Ernesto",[TACOM];[CSR];[Admin];[ReadOnlyAudit];LocalDomainServers,
58BAA344E1443F894EBEAA7AC01E37B1,16B6,,01/28/2005 11:09:25,01/28/2005 11:09:25,CN=HRC-Transfer/OU=Agents/O=TACOM,,RQ000880,Fairweather,,James,D,Self,James D Fairweather,7779 Laurel Dr,Hartford,CT,06136,,,Phone,HRC,01/28/2005,Yes,01/28/2005,FAIRWEATHER|JAMES|06136,"Fairweather, James D",[TACOM];[CSR];[Admin];[ReadOnlyAudit];LocalDomainServers,
8CA565F6AA6B04DBC538AA7FF435E219,16BA,,09/05/2007 16:29:58,09/05/2007 16:29:58,CN=Renata Vasquez-Holm/OU=CHPSID/O=TACOM,,RQ000881,Zapata-Kell,,Mary,F,Daughter,Dorothy Zapata,3682 Chestnut Way Apt 2A,Seattle,WA,98179,(717) 555-1060,,Mail,Congressional,09/05/2007,Yes,,ZAPATA-KELL|MARY|98179,"Zapata-Kell, Mary F",[TACOM];[CSR];[Admin];[ReadOnlyAudit];LocalDomainServers,
C10E20346BFB536E057D4A2DD9AB7523,16BE,,09/10/2007 13:16:31,09/10/2007 13:16:31,CN=HRC-Transfer/OU=Agents/O=TACOM,,RQ000882,Greaves-Tolan,,Michael,G,Grandchild,Sarah Greaves,5766 Ridgway Way,Billings,MT,59144,(703) 555-1835,michael.greaves@example.com,Phone,NPRC,09/10/2007,No,09/10/2007,GREAVES-TOLAN|MICHAEL|59144,"Greaves-Tolan, Michael G",[TACOM];[CSR];[Admin];[ReadOnlyAudit];LocalDomainServers,
E0B6336D29366D99E4BDD0DD25F1DEF1,16C2,,08/12/2014 12:50:18,08/12/2014 12:50:18,CN=Benedetta Kowalczyk/OU=CHPSID/O=TACOM,,RQ000883,Mackelvane,Sr.,Mark,F,Self,Mark F Mackelvane,8215 Laurel Ave Apt 12C,San Diego,CA,92107,(856) 555-1904,,Mail,Congressional,08/12/2014,Yes,08/12/2014,MACKELVANE|MARK|92107,"Mackelvane, Mark F",[TACOM];[CSR];[Admin];[ReadOnlyAudit];LocalDomainServers,
163C7DBA583146E50B6B9215BDEEB476,16C6,,09/01/2025 13:13:53,09/01/2025 13:13:53,CN=HRC-Transfer/OU=Agents/O=TACOM,,RQ000884,Thornbury,,Gary,E,Self,Gary E Thornbury,6109 Marshall Ln,Hartford,CT,06170,(302) 555-1113,,Mail,NPRC,09/01/2025,Yes,09/01/2025,THORNBURY|GARY|06170,"Thornbury, Gary E",[TACOM];[CSR];[Admin];[ReadOnlyAudit];LocalDomainServers,
4AE215C119B1C7266078660F2AE3DD2D,16CA,,01/23/2024 14:53:38,01/23/2024 14:53:38,CN=HRC-Transfer/OU=Agents/O=TACOM,,RQ000885,Ledesma-Ortiz,III,Elizabeth,D,Son,Christopher Ledesma,9407 Spruce Ct,Lawton,OK,73569-9199,(610) 555-1245,,Phone,NPRC,01/23/2024,Yes,01/23/2024,LEDESMA-ORTIZ|ELIZABETH|73569,"Ledesma-Ortiz, Elizabeth D",[TACOM];[CSR];[Admin];[ReadOnlyAudit];LocalDomainServers,
2CB17FA5067FD7CC80ACD00B53745112,16CE,,07/26/2011 09:16:49,07/26/2011 09:16:49,CN=Lorraine Whitcombe/OU=CHPSID/O=TACOM,,RQ000886,Okonkwo-Bell,,Stephanie,T,Son,Jennifer Okonkwo,3860 Hickory Ln,Dallas,TX,75244-3112,(717) 555-1914,,E-mail,Manual,07/26/2011,No,07/26/2011,OKONKWO-BELL|STEPHANIE|75244,"Okonkwo-Bell, Stephanie T",[TACOM];[CSR];[Admin];[ReadOnlyAudit];LocalDomainServers,
6E40BCEF682E4CB557CAE68CEBBE62DA,16D2,,04/07/2006 17:29:09,04/07/2006 17:29:09,CN=HRC-Transfer/OU=Agents/O=TACOM,,RQ000887,Castellanos,III,Christopher,,Spouse,Jose Castellanos,5413 Patton Pl,Manchester,NH,03126-7784,(267) 555-1246,christopher.castellanos@example.com,E-mail,HRC,04/07/2006,Yes,,CASTELLANOS|CHRISTOPHER|03126,"Castellanos, Christopher",[TACOM];[CSR];[Admin];[ReadOnlyAudit];LocalDomainServers,
4BB0B9B4612889C8AB60AFF767351096,16D6,,06/11/2021 16:54:02,06/11/2021 16:54:02,CN=HRC-Transfer/OU=Agents/O=TACOM,,RQ000888,Vosburgh,Sr.,Stephanie,R,Self,Stephanie R Vosburgh,8627 Elm Way,Peoria,IL,61672,(215) 555-1910,stephanie.vosburgh@example.com,E-mail,HRC,06/11/2021,No,06/11/2021,VOSBURGH|STEPHANIE|61672,"Vosburgh, Stephanie R",[TACOM];[CSR];[Admin];[ReadOnlyAudit];LocalDomainServers,
20775B6587FB191B1386129DCE8D9FC3,16DA,,11/11/2010 16:10:04,11/11/2010 16:10:04,CN=Renata Vasquez-Holm/OU=CHPSID/O=TACOM,,RQ000889,Marrowbridge,,Carl,N,Daughter,Norman Marrowbridge,5011 Jefferson Ave,Spokane,WA,99237,(703) 555-1585,,E-mail,Congressional,11/11/2010,No,11/11/2010,MARROWBRIDGE|CARL|99237,"Marrowbridge, Carl N",[TACOM];[CSR];[Admin];[ReadOnlyAudit];LocalDomainServers,
9F214DDAADE04B1CC16EA1D679F764A6,16DE,,08/03/2024 14:54:48,08/03/2024 14:54:48,CN=HRC-Transfer/OU=Agents/O=TACOM,,RQ000890,Nethercott,III,Carl,T,Sibling,Sandra Nethercott,3822 Pershing Ln,Norfolk,VA,23551,(703) 555-1917,,Mail,HRC,08/03/2024,No,,NETHERCOTT|CARL|23551,"Nethercott, Carl T",[TACOM];[CSR];[Admin];[ReadOnlyAudit];LocalDomainServers,
0E9F18D87532C84FBB46A9146FE543B2,16E2,,01/15/2019 10:29:47,01/15/2019 10:29:47,CN=HRC-Transfer/OU=Agents/O=TACOM,,RQ000891,Beddingfield,Sr.,Patricia,,Self,Patricia Beddingfield,6435 Elm Ct,Huntsville,AL,35811,(703) 555-1476,,Mail,HRC,01/15/2019,Yes,01/15/2019,BEDDINGFIELD|PATRICIA|35811,"Beddingfield, Patricia",[TACOM];[CSR];[Admin];[ReadOnlyAudit];LocalDomainServers,
C317B47A075D441494147C4FAFE47D9C,16E6,,05/19/2018 17:29:46,05/19/2018 17:29:46,CN=HRC-Transfer/OU=Agents/O=TACOM,,RQ000892,Everleigh,,Rafael,G,Daughter,Michael Everleigh,1333 Birch Pl Apt 3C,Phoenix,AZ,85019,(717) 555-1925,,Phone,HRC,05/19/2018,Yes,,EVERLEIGH|RAFAEL|85019,"Everleigh, Rafael G",[TACOM];[CSR];[Admin];[ReadOnlyAudit];LocalDomainServers,
B54875788AD53F87D6B7B795C23D0284,16EA,,09/14/2008 11:29:06,09/14/2008 11:29:06,CN=HRC-Transfer/OU=Agents/O=TACOM,,RQ000893,Galbreath,,Leonard,B,Daughter,Heather Galbreath,9542 Madison Pl,St. Louis,MO,63179-9497,(410) 555-1273,leonard.galbreath@example.com,Mail,HRC,09/14/2008,No,,GALBREATH|LEONARD|63179,"Galbreath, Leonard B",[TACOM];[CSR];[Admin];[ReadOnlyAudit];LocalDomainServers,
73CC9BBF5BAA35AFD2EF822D4DB4827E,16EE,,01/20/2011 15:43:43,01/20/2011 15:43:43,CN=HRC-Transfer/OU=Agents/O=TACOM,,RQ000894,Jessup-Kane,,Jeffrey Jr,,Spouse,Charles Jessup,2092 Armory Ct,Louisville,KY,40216,(215) 555-1176,jeffrey.jessup@example.com,Mail,HRC,01/20/2011,No,,JESSUP-KANE|JEFFREY JR|40216,"Jessup-Kane, Jeffrey Jr",[TACOM];[CSR];[Admin];[ReadOnlyAudit];LocalDomainServers,
3FE4969ECA1DC1552C570E8B6B887179,16F2,,08/25/2015 07:40:15,08/25/2015 07:40:15,CN=HRC-Transfer/OU=Agents/O=TACOM,,RQ000895,Gastrelle,,Hector,F,Self,Hector F Gastrelle,8962 Laurel Ct,Fresno,CA,93735,,,E-mail,NPRC,08/25/2015,Yes,08/25/2015,GASTRELLE|HECTOR|93735,"Gastrelle, Hector F",[TACOM];[CSR];[Admin];[ReadOnlyAudit];LocalDomainServers,
AF0778E15B31E6817AFEBE6B9DC04E7C,16F6,,08/06/2019 09:02:20,08/06/2019 09:02:20,CN=Ret Hamlin/OU=CHPSID/O=TACOM,,RQ000896,Kestleman,Jr.,John,H,Self,John H Kestleman,857 Laurel Dr,New Orleans,LA,70152,(703) 555-1779,,Mail,Congressional,08/06/2019,Yes,08/06/2019,KESTLEMAN|JOHN|70152,"Kestleman, John H",[TACOM];[CSR];[Admin];[ReadOnlyAudit];LocalDomainServers,
8A8DDB01FFDA51D3913DDC53036D86AD,16FA,,05/26/2017 12:01:32,05/26/2017 12:01:32,CN=Marlene Okafor/OU=CHPSID/O=TACOM,,RQ000897,Ledesma-Ortiz,,Frances,,Spouse,Virginia Ledesma,7705 Veterans Memorial Rd,Anchorage,AK,99598,(856) 555-1518,,E-mail,Manual,05/26/2017,Yes,,LEDESMA-ORTIZ|FRANCES|99598,"Ledesma-Ortiz, Frances",[TACOM];[CSR];[Admin];[ReadOnlyAudit];LocalDomainServers,
4EF9C5FB14B18B4C839B9A9F45E84044,16FE,,10/29/2019 16:04:35,10/29/2019 16:04:35,CN=HRC-Transfer/OU=Agents/O=TACOM,,RQ000898,Ledesma-Ortiz,,Daniel,,Self,Daniel Ledesma-Ortiz,5305 Eisenhower Ave Apt 8A,Jacksonville,FL,32281,(540) 555-1214,daniel.ledesma@example.com,E-mail,HRC,10/29/2019,Yes,10/29/2019,LEDESMA-ORTIZ|DANIEL|32281,"Ledesma-Ortiz, Daniel",[TACOM];[CSR];[Admin];[ReadOnlyAudit];LocalDomainServers,
89B800C8C19B723F625CBA8076401D53,1702,,05/16/2009 08:05:35,05/16/2009 08:05:35,CN=Renata Vasquez-Holm/OU=CHPSID/O=TACOM,,RQ000899,Yeardley,,Sandra,L,Sibling,Lisa Yeardley,8367 Sycamore Rd,Tampa,FL,33679,(267) 555-1515,,Mail,Congressional,05/16/2009,Yes,05/16/2009,YEARDLEY|SANDRA|33679,"Yeardley, Sandra L",[TACOM];[CSR];[Admin];[ReadOnlyAudit];LocalDomainServers,
A1896D02034505D83F39134F66C7CB83,1706,,04/17/2022 07:27:47,04/17/2022 07:27:47,CN=Benedetta Kowalczyk/OU=CHPSID/O=TACOM,,RQ000900,Rockwell-Sayre,Sr.,Karen,A,Self,Karen A Rockwell-Sayre,7638 Bradley Ave,Syracuse,NY,13222,(302) 555-1352,karen.rockwell@example.com,E-mail,Manual,04/17/2022,Yes,04/17/2022,ROCKWELL-SAYRE|KAREN|13222,"Rockwell-Sayre, Karen A",[TACOM];[CSR];[Admin];[ReadOnlyAudit];LocalDomainServers,
03C9EBA94F89D96EC9D498DB0DD1F1F5,170A,,11/10/2020 13:51:52,11/10/2020 13:51:52,CN=HRC-Transfer/OU=Agents/O=TACOM,,RQ000901,Figueroa-Paz,Jr.,Linda,D,Parent,Sarah Figueroa,2486 Hickory Ter,Raleigh,NC,27656-4620,(610) 555-1896,linda.figueroa@example.com,Mail,NPRC,11/10/2020,No,11/10/2020,FIGUEROA-PAZ|LINDA|27656,"Figueroa-Paz, Linda D",[TACOM];[CSR];[Admin];[ReadOnlyAudit];LocalDomainServers,
02430A16833FE999B91F41EE6B84BA92,170E,,12/27/2019 12:55:22,12/27/2019 12:55:22,CN=HRC-Transfer/OU=Agents/O=TACOM,,RQ000902,Pemberley,Jr.,Ruth,W,Self,Ruth W Pemberley,4343 Jefferson Dr,Portland,OR,97275,,ruth.pemberley@example.com,E-mail,HRC,12/27/2019,Yes,,PEMBERLEY|RUTH|97275,"Pemberley, Ruth W",[TACOM];[CSR];[Admin];[ReadOnlyAudit];LocalDomainServers,
BBF8D7320EF0540BDE09F546F2E74007,1712,,12/11/2017 09:53:40,12/11/2017 09:53:40,CN=HRC-Transfer/OU=Agents/O=TACOM,,RQ000903,Jessup-Kane,Jr.,Donna,,Self,Donna Jessup-Kane,5641 Washington Ave Apt 8B,San Antonio,TX,78293,(267) 555-1779,,Mail,HRC,12/11/2017,No,,JESSUP-KANE|DONNA|78293,"Jessup-Kane, Donna",[TACOM];[CSR];[Admin];[ReadOnlyAudit];LocalDomainServers,
A1E0649B910260A5F087C46F0DF7ACFC,1716,,01/31/2010 11:48:25,01/31/2010 11:48:25,CN=Benedetta Kowalczyk/OU=CHPSID/O=TACOM,,RQ000904,Yellowley,,Harold,S,Spouse,Earl Yellowley,4166 Walnut Dr,Toledo,OH,43608,,,Mail,Manual,01/31/2010,No,01/31/2010,YELLOWLEY|HAROLD|43608,"Yellowley, Harold S",[TACOM];[CSR];[Admin];[ReadOnlyAudit];LocalDomainServers,
F1EC501F995F9F6357ED2DA09379A95A,171A,,10/29/2014 15:57:33,10/29/2014 15:57:33,CN=HRC-Transfer/OU=Agents/O=TACOM,,RQ000905,Jessup-Kane,,Nancy,P,Self,Nancy P Jessup-Kane,3316 Sycamore Rd,Huntsville,AL,35871,(540) 555-1803,,Mail,NPRC,10/29/2014,Yes,,JESSUP-KANE|NANCY|35871,"Jessup-Kane, Nancy P",[TACOM];[CSR];[Admin];[ReadOnlyAudit];LocalDomainServers,
4A87A7FAA9910DD1161F983579C1419A,171E,,02/28/2015 16:09:25,02/28/2015 16:09:25,CN=HRC-Transfer/OU=Agents/O=TACOM,,RQ000906,Benavidez-Cruz,Jr.,Sarah,F,Self,Sarah F Benavidez-Cruz,5014 Ridgway Blvd,Portland,ME,04118,(703) 555-1313,,Mail,NPRC,02/28/2015,No,,BENAVIDEZ-CRUZ|SARAH|04118,"Benavidez-Cruz, Sarah F",[TACOM];[CSR];[Admin];[ReadOnlyAudit];LocalDomainServers,
93F9E1CE439B81C8562E225DF24BA874,1722,,01/12/2012 09:13:46,01/12/2012 09:13:46,CN=Renata Vasquez-Holm/OU=CHPSID/O=TACOM,,RQ000907,Escobedo-Ruiz,,Andrew,R,Spouse,Evelyn Escobedo,5473 Eisenhower Ln,Des Moines,IA,50364,(540) 555-1297,,Mail,Manual,01/12/2012,Yes,01/12/2012,ESCOBEDO-RUIZ|ANDREW|50364,"Escobedo-Ruiz, Andrew R",[TACOM];[CSR];[Admin];[ReadOnlyAudit];LocalDomainServers,
C8244D9BC11778B57794838F11A6D6A4,1726,,05/30/2013 16:18:04,05/30/2013 16:18:04,CN=HRC-Transfer/OU=Agents/O=TACOM,,RQ000908,Ostrowski-Lane,,Walter,K,Spouse,Mark Ostrowski,195 Oak Way,Albany,NY,12251,(703) 555-1262,,Mail,HRC,05/30/2013,Yes,,OSTROWSKI-LANE|WALTER|12251,"Ostrowski-Lane, Walter K",[TACOM];[CSR];[Admin];[ReadOnlyAudit];LocalDomainServers,
EC91AEB8CB1642B22C1F922428681D56,172A,,04/27/2014 11:32:42,04/27/2014 11:32:42,CN=Benedetta Kowalczyk/OU=CHPSID/O=TACOM,,RQ000909,Benavidez-Cruz,,Thomas,A,Son,Hector Benavidez,629 Oak Rd,Charleston,WV,25395,(703) 555-1586,thomas.benavidez@example.com,Phone,Manual,04/27/2014,Yes,04/27/2014,BENAVIDEZ-CRUZ|THOMAS|25395,"Benavidez-Cruz, Thomas A",[TACOM];[CSR];[Admin];[ReadOnlyAudit];LocalDomainServers,
2305C23CE85D2733C4A68B29D429F449,172E,,12/14/2019 15:03:13,12/14/2019 15:03:13,CN=Marlene Okafor/OU=CHPSID/O=TACOM,,RQ000910,Kellerhaus,,Jamal,B,Self,Jamal B Kellerhaus,1608 Washington St,Knoxville,TN,37906,(267) 555-1060,jamal.kellerhaus@example.com,E-mail,Manual,12/14/2019,No,12/14/2019,KELLERHAUS|JAMAL|37906,"Kellerhaus, Jamal B",[TACOM];[CSR];[Admin];[ReadOnlyAudit];LocalDomainServers,
33CA0E4EA0ECC8AF263ED222EFFB8673,1732,,01/21/2026 12:21:35,01/21/2026 12:21:35,CN=HRC-Transfer/OU=Agents/O=TACOM,,RQ000911,Norquist,,Luis,G,Daughter,Steven Norquist,1453 Laurel St,Newark,NJ,07165,(215) 555-1462,,Mail,NPRC,01/21/2026,Yes,01/21/2026,NORQUIST|LUIS|07165,"Norquist, Luis G",[TACOM];[CSR];[Admin];[ReadOnlyAudit];LocalDomainServers,
DBEE1E1803A688838C52D10200B6CB93,1736,,03/25/2009 11:27:03,03/25/2009 11:27:03,CN=Benedetta Kowalczyk/OU=CHPSID/O=TACOM,,RQ000912,Washington-Pryce,,Brandon,C,Sibling,Ernesto Washington,2438 Ridgway Ave,Newark,NJ,07114,(484) 555-1689,,E-mail,Manual,03/25/2009,No,03/25/2009,WASHINGTON-PRYCE|BRANDON|07114,"Washington-Pryce, Brandon C",[TACOM];[CSR];[Admin];[ReadOnlyAudit];LocalDomainServers,
301D724063705EFAE797F06EED2F2938,173A,,05/10/2022 13:01:49,05/10/2022 13:01:49,CN=HRC-Transfer/OU=Agents/O=TACOM,,RQ000913,Oakhurst-Pell,,Marcus,M,Self,Marcus M Oakhurst-Pell,2905 Eisenhower Ct,Burlington,VT,05450-9856,(484) 555-1288,,Mail,HRC,05/10/2022,Yes,05/10/2022,OAKHURST-PELL|MARCUS|05450,"Oakhurst-Pell, Marcus M",[TACOM];[CSR];[Admin];[ReadOnlyAudit];LocalDomainServers,
CA611E898D2C39ED26FF3C372A060451,173E,,11/24/2022 12:00:33,11/24/2022 12:00:33,CN=Marlene Okafor/OU=CHPSID/O=TACOM,,RQ000914,Greaves-Tolan,,Clarence,P,Daughter,David Greaves,6114 Marshall Ter,Houston,TX,77061,(540) 555-1784,clarence.greaves@example.com,Mail,Congressional,11/24/2022,Yes,,GREAVES-TOLAN|CLARENCE|77061,"Greaves-Tolan, Clarence P",[TACOM];[CSR];[Admin];[ReadOnlyAudit];LocalDomainServers,
8DF6A01FC7136C47AE4F85C6A306EEFE,1742,,02/17/2015 08:30:50,02/17/2015 08:30:50,CN=HRC-Transfer/OU=Agents/O=TACOM,,RQ000915,Jarvinen-Roe,,Ralph,N,Self,Ralph N Jarvinen-Roe,2822 Washington Way,Buffalo,NY,14270-5233,,,Mail,HRC,02/17/2015,Yes,,JARVINEN-ROE|RALPH|14270,"Jarvinen-Roe, Ralph N",[TACOM];[CSR];[Admin];[ReadOnlyAudit];LocalDomainServers,
1D828AA3144B2FAE71B3E0D7A6819CB6,1746,,09/24/2013 07:30:21,09/24/2013 07:30:21,CN=HRC-Transfer/OU=Agents/O=TACOM,,RQ000916,Wickersham,III,C.,,Daughter,Frances Wickersham,6663 Chestnut Pl,Peoria,IL,61606,(717) 555-1015,carl.wickersham@example.com,Mail,HRC,09/24/2013,No,,WICKERSHAM|C.|61606,"Wickersham, C.",[TACOM];[CSR];[Admin];[ReadOnlyAudit];LocalDomainServers,
D65D5D2CB436AD5331EEEABA47F8D9A1,174A,,03/20/2017 11:41:29,03/20/2017 11:41:29,CN=HRC-Transfer/OU=Agents/O=TACOM,,RQ000917,Ahlquist-Bane,,Patricia,W,Self,Patricia W Ahlquist-Bane,9864 Birch St,Albuquerque,NM,87104,,patricia.ahlquist@example.com,Mail,HRC,03/20/2017,No,,AHLQUIST-BANE|PATRICIA|87104,"Ahlquist-Bane, Patricia W",[TACOM];[CSR];[Admin];[ReadOnlyAudit];LocalDomainServers,
13802CD6B7587E2CA78CE4B316C3AE15,174E,,11/21/2022 13:43:00,11/21/2022 13:43:00,CN=Dwayne Petrakis/OU=CHPSID/O=TACOM,,RQ000918,Kirkbride,Sr.,Clarence,T,Self,Clarence T Kirkbride,9056 Willow Dr,Pittsburgh,PA,15219,(540) 555-1110,clarence.kirkbride@example.com,E-mail,Congressional,11/21/2022,No,,KIRKBRIDE|CLARENCE|15219,"Kirkbride, Clarence T",[TACOM];[CSR];[Admin];[ReadOnlyAudit];LocalDomainServers,
6161697FD5E20E0D4BA271306A8EFEAE,1752,,05/26/2008 08:29:47,05/26/2008 08:29:47,CN=HRC-Transfer/OU=Agents/O=TACOM,,RQ000919,Abernook,,T.,A,Self,Timothy A Abernook,1889 Eisenhower Pl,Hartford,CT,06109,(540) 555-1336,timothy.abernook@example.com,E-mail,NPRC,05/26/2008,No,,ABERNOOK|T.|06109,"Abernook, T.",[TACOM];[CSR];[Admin];[ReadOnlyAudit];LocalDomainServers,
DC1160CECFF222AE6BC4A55717688C4A,1756,,06/19/2005 12:05:11,06/19/2005 12:05:11,CN=HRC-Transfer/OU=Agents/O=TACOM,,RQ000920,Quimbley,Sr.,Andrew,,Daughter,Brandon Quimbley,6070 Eisenhower Ln,Burlington,VT,05467-1566,(484) 555-1362,andrew.quimbley@example.com,Phone,HRC,06/19/2005,No,06/19/2005,QUIMBLEY|ANDREW|05467,"Quimbley, Andrew",[TACOM];[CSR];[Admin];[ReadOnlyAudit];LocalDomainServers,
44CA295E6D3950D1EB67BF6A6448706E,175A,,09/09/2021 07:47:34,09/09/2021 07:47:34,CN=HRC-Transfer/OU=Agents/O=TACOM,,RQ000921,Stroudmoor,,Mary,,Self,Mary Stroudmoor,8088 Maple Ct,Memphis,TN,38197,(610) 555-1978,,Phone,HRC,09/09/2021,Yes,09/09/2021,STROUDMOOR|MARY|38197,"Stroudmoor, Mary",[TACOM];[CSR];[Admin];[ReadOnlyAudit];LocalDomainServers,
7FD56357898C437D0DFD7FA1F9C2ECF0,175E,,04/04/2015 10:17:19,04/04/2015 10:17:19,CN=Lorraine Whitcombe/OU=CHPSID/O=TACOM,,RQ000922,Vandermolen,,Norman,K,Self,Norman K Vandermolen,6661 Poplar Blvd,Wilmington,DE,19816,(302) 555-1636,,Mail,Congressional,04/04/2015,Yes,,VANDERMOLEN|NORMAN|19816,"Vandermolen, Norman K",[TACOM];[CSR];[Admin];[ReadOnlyAudit];LocalDomainServers,
5B3AFCE38AAAFBF5CF130E2B576FE0A8,1762,,07/30/2005 14:32:10,07/30/2005 14:32:10,CN=Marlene Okafor/OU=CHPSID/O=TACOM,,RQ000923,Coldwater,,Matthew,,Parent,Ernesto Coldwater,3842 Ridgway Rd,Wheeling,WV,26094-5597,,matthew.coldwater@example.com,E-mail,Congressional,07/30/2005,Yes,,COLDWATER|MATTHEW|26094,"Coldwater, Matthew",[TACOM];[CSR];[Admin];[ReadOnlyAudit];LocalDomainServers,
6432520DE72AAEB7260D0C5848C5E562,1766,,10/25/2012 08:39:50,10/25/2012 08:39:50,CN=HRC-Transfer/OU=Agents/O=TACOM,,RQ000924,Reyes-Almonte,Sr.,D.,W,Self,David W Reyes-Almonte,8435 Pershing Ct Apt 7C,Seattle,WA,98100-1362,(540) 555-1726,,Mail,HRC,10/25/2012,No,,REYES-ALMONTE|D.|98100,"Reyes-Almonte, D.",[TACOM];[CSR];[Admin];[ReadOnlyAudit];LocalDomainServers,
0D65F7E919C1B69AD54C4A323255E41A,176A,,06/24/2022 16:27:17,06/24/2022 16:27:17,CN=HRC-Transfer/OU=Agents/O=TACOM,,RQ000925,Lindquarry,,Jessica,D,Daughter,Donald Lindquarry,5166 Patton Way,Milwaukee,WI,53283,,,Phone,HRC,06/24/2022,No,,LINDQUARRY|JESSICA|53283,"Lindquarry, Jessica D",[TACOM];[CSR];[Admin];[ReadOnlyAudit];LocalDomainServers,
22C509B7D67E07F9A8773757228F3E2C,176E,,10/17/2014 11:15:04,10/17/2014 11:15:04,CN=HRC-Transfer/OU=Agents/O=TACOM,,RQ000926,Ledesma-Ortiz,Jr.,Eugene,K,Spouse,Andrew Ledesma,8274 Eisenhower Ter,Omaha,NE,68182,(410) 555-1435,eugene.ledesma@example.com,Mail,NPRC,10/17/2014,Yes,10/17/2014,LEDESMA-ORTIZ|EUGENE|68182,"Ledesma-Ortiz, Eugene K",[TACOM];[CSR];[Admin];[ReadOnlyAudit];LocalDomainServers,
FD704647143F919D90DC27712EEFEC35,1772,,04/27/2008 16:07:08,04/27/2008 16:07:08,CN=HRC-Transfer/OU=Agents/O=TACOM,,RQ000927,Washington-Pryce,,Margaret,N,Daughter,Rafael Washington,1570 Lincoln Ave,El Paso,TX,79975,(484) 555-1270,,Phone,HRC,04/27/2008,Yes,,WASHINGTON-PRYCE|MARGARET|79975,"Washington-Pryce, Margaret N",[TACOM];[CSR];[Admin];[ReadOnlyAudit];LocalDomainServers,
F789DBC1F87796B487195E2598727617,1776,,09/15/2009 07:53:15,09/15/2009 07:53:15,CN=HRC-Transfer/OU=Agents/O=TACOM,,RQ000928,Izquierdo Jr.,Sr.,Barbara,R,Daughter,David Izquierdo,7621 Marshall Ave,Huntsville,AL,35843,(540) 555-1782,,Mail,NPRC,09/15/2009,No,,IZQUIERDO JR.|BARBARA|35843,"Izquierdo Jr., Barbara",[TACOM];[CSR];[Admin];[ReadOnlyAudit];LocalDomainServers,
2B9D9453AC284F51C353A2E9DD924AD8,177A,,07/10/2024 13:34:23,07/10/2024 13:34:23,CN=Benedetta Kowalczyk/OU=CHPSID/O=TACOM,,RQ000929,Fennimark,,Barbara,H,Self,Barbara H Fennimark,1351 Dogwood Pl,Minneapolis,MN,55499,(410) 555-1994,,E-mail,Manual,07/10/2024,Yes,07/10/2024,FENNIMARK|BARBARA|55499,"Fennimark, Barbara H",[TACOM];[CSR];[Admin];[ReadOnlyAudit];LocalDomainServers,
645BE2B1EEBF842A9EF1E14297FBB2E0,177E,,02/15/2010 17:36:31,02/15/2010 17:36:31,CN=HRC-Transfer/OU=Agents/O=TACOM,,RQ000930,Quarterman,,Brian,W,Son,Melissa Quarterman,9158 Poplar Dr Apt 5A,Wilmington,DE,19850,(610) 555-1681,,Phone,HRC,02/15/2010,No,,QUARTERMAN|BRIAN|19850,"Quarterman, Brian W",[TACOM];[CSR];[Admin];[ReadOnlyAudit];LocalDomainServers,
ADBE107725EA6EE89602B175CD29930F,1782,,12/22/2004 10:08:55,12/22/2004 10:08:55,CN=HRC-Transfer/OU=Agents/O=TACOM,,RQ000931,Trevino-Hale,III,Timothy,F,Self,Timothy F Trevino-Hale,8282 Pershing St,Scranton,PA,18583,(717) 555-1586,timothy.trevino@example.com,Phone,HRC,12/22/2004,No,12/22/2004,TREVINO-HALE|TIMOTHY|18583,"Trevino-Hale, Timothy F",[TACOM];[CSR];[Admin];[ReadOnlyAudit];LocalDomainServers,
076573CC0CEBAD302D8152875AA7CBAE,1786,,09/19/2019 10:56:01,09/19/2019 10:56:01,CN=HRC-Transfer/OU=Agents/O=TACOM,,RQ000932,Castellanos,Sr.,Sarah,R,Daughter,Arthur Castellanos,9245 Cedar Dr,Omaha,NE,68172,(610) 555-1549,sarah.castellanos@example.com,E-mail,HRC,09/19/2019,No,09/19/2019,CASTELLANOS|SARAH|68172,"Castellanos, Sarah R",[TACOM];[CSR];[Admin];[ReadOnlyAudit];LocalDomainServers,
2CAA56A63C9882F0E74E4BBBF3EC5638,178A,,07/23/2017 08:15:29,07/23/2017 08:15:29,CN=Ret Hamlin/OU=CHPSID/O=TACOM,,RQ000933,Northway,III,Charles,P,Son,Helen Northway,7969 Willow St Apt 11B,Columbus,GA,31978,(540) 555-1657,,Mail,Congressional,07/23/2017,Yes,,NORTHWAY|CHARLES|31978,"Northway, Charles P",[TACOM];[CSR];[Admin];[ReadOnlyAudit];LocalDomainServers,
4F4156C34278CA54DB09532EFB23A1A6,178E,,10/01/2019 12:14:46,10/01/2019 12:14:46,CN=HRC-Transfer/OU=Agents/O=TACOM,,RQ000934,LINDQUARRY,Sr.,Justin,,Spouse,Justin Lindquarry,109 Patton Ct,Seattle,WA,98134-8430,(215) 555-1836,,Mail,HRC,10/01/2019,No,,LINDQUARRY|JUSTIN|98134,"LINDQUARRY, Justin",[TACOM];[CSR];[Admin];[ReadOnlyAudit];LocalDomainServers,
7B9C8A8DD8CE7406FFC257E68F42CEF5,1792,,01/12/2024 08:26:43,01/12/2024 08:26:43,CN=Ret Hamlin/OU=CHPSID/O=TACOM,,RQ000935,Kirkbride,Jr.,Linda,G,Daughter,Margaret Kirkbride,9630 Chestnut Pl,Dayton,OH,45491,,,Mail,Congressional,01/12/2024,Yes,01/12/2024,KIRKBRIDE|LINDA|45491,"Kirkbride, Linda G",[TACOM];[CSR];[Admin];[ReadOnlyAudit];LocalDomainServers,
CDDD34316D0B13854A908B582A67EA26,1796,,04/26/2009 08:58:40,04/26/2009 08:58:40,CN=HRC-Transfer/OU=Agents/O=TACOM,,RQ000936,Yellowley,,Kevin,A,Son,Leonard Yellowley,9008 Elm Way,Denver,CO,80296,(267) 555-1498,,E-mail,HRC,04/26/2009,No,04/26/2009,YELLOWLEY|KEVIN|80296,"Yellowley, Kevin A",[TACOM];[CSR];[Admin];[ReadOnlyAudit];LocalDomainServers,
66DA030E0323252BD47E1E7E421A609C,179A,,12/28/2014 07:42:52,12/28/2014 07:42:52,CN=HRC-Transfer/OU=Agents/O=TACOM,,RQ000937,Pettiford,III,Andre,,Sibling,Howard Pettiford,2747 Magnolia Ave,Pittsburgh,PA,15269-2063,(302) 555-1840,andre.pettiford@example.com,Phone,HRC,12/28/2014,No,,PETTIFORD|ANDRE|15269,"Pettiford, Andre",[TACOM];[CSR];[Admin];[ReadOnlyAudit];LocalDomainServers,
F1026EE9860728A029F312A8DA99DBA2,179E,,02/19/2022 10:27:56,02/19/2022 10:27:56,CN=Ret Hamlin/OU=CHPSID/O=TACOM,,RQ000938,Fennimark,Sr.,Matthew,A,Self,Matthew A Fennimark,447 Pershing Rd,Spokane,WA,99283,(610) 555-1148,matthew.fennimark@example.com,Mail,Congressional,02/19/2022,Yes,02/19/2022,FENNIMARK|MATTHEW|99283,"Fennimark, Matthew A",[TACOM];[CSR];[Admin];[ReadOnlyAudit];LocalDomainServers,
A933CF654885DE7F18E80A34E1E702B0,17A2,,09/12/2020 07:22:36,09/12/2020 07:22:36,CN=HRC-Transfer/OU=Agents/O=TACOM,,RQ000939,Coldwater,,Richard,D,Son,Norman Coldwater,4092 Poplar Pl,Cleveland,OH,44191,(484) 555-1826,,Mail,HRC,09/12/2020,Yes,09/12/2020,COLDWATER|RICHARD|44191,"Coldwater, Richard D",[TACOM];[CSR];[Admin];[ReadOnlyAudit];LocalDomainServers,
41107AC998FAA5ECC92F9AA7E82A64B4,17A6,,02/14/2005 14:07:35,02/14/2005 14:07:35,CN=Dwayne Petrakis/OU=CHPSID/O=TACOM,,RQ000940,Dellacroix,Jr.,Thomas,K,Other NOK,Daniel Dellacroix,4507 Eisenhower Dr,Chicago,IL,60680,,thomas.dellacroix@example.com,Phone,Congressional,02/14/2005,Yes,,DELLACROIX|THOMAS|60680,"Dellacroix, Thomas K",[TACOM];[CSR];[Admin];[ReadOnlyAudit];LocalDomainServers,
5D8972053CE227619C754CBEE555B496,17AA,,10/14/2017 13:40:46,10/14/2017 13:40:46,CN=HRC-Transfer/OU=Agents/O=TACOM,,RQ000941,Oakhurst-Pell,Sr.,James,,Self,James Oakhurst-Pell,8437 Willow Way,Newark,NJ,07119,(717) 555-1453,,Mail,HRC,10/14/2017,No,10/14/2017,OAKHURST-PELL|JAMES|07119,"Oakhurst-Pell, James",[TACOM];[CSR];[Admin];[ReadOnlyAudit];LocalDomainServers,
A7F332A275B6A4C376EA37FF9D20B921,17AE,,02/16/2022 14:33:04,02/16/2022 14:33:04,CN=HRC-Transfer/OU=Agents/O=TACOM,,RQ000942,Maldonado-Vega,,Nancy,D,Self,Nancy D Maldonado-Vega,2824 Jefferson Way,Toledo,OH,43680-1102,(410) 555-1072,,E-mail,HRC,02/16/2022,Yes,02/16/2022,MALDONADO-VEGA|NANCY|43680,"Maldonado-Vega, Nancy D",[TACOM];[CSR];[Admin];[ReadOnlyAudit];LocalDomainServers,
83183AF6CB40A236BB769C825E0C53D1,17B2,,10/10/2025 07:08:22,10/10/2025 07:08:22,CN=HRC-Transfer/OU=Agents/O=TACOM,,RQ000943,Underhill-Voss,Sr.,Linda,H,Son,Joshua Underhill,2357 Sycamore St,Omaha,NE,68139,,,E-mail,HRC,10/10/2025,No,,UNDERHILL-VOSS|LINDA|68139,"Underhill-Voss, Linda H",[TACOM];[CSR];[Admin];[ReadOnlyAudit];LocalDomainServers,
6480521D22ECA66791D85811FEDAD384,17B6,,03/24/2018 15:37:24,03/24/2018 15:37:24,CN=HRC-Transfer/OU=Agents/O=TACOM,,RQ000944,Stroudmoor,Jr.,Linda,,Son,Mildred Stroudmoor,4872 Poplar Dr,Jacksonville,FL,32228-4098,(717) 555-1025,linda.stroudmoor@example.com,E-mail,HRC,03/24/2018,No,,STROUDMOOR|LINDA|32228,"Stroudmoor, Linda",[TACOM];[CSR];[Admin];[ReadOnlyAudit];LocalDomainServers,
67EFDF56AC23E8C84F866CC654F647CF,17BA,,07/25/2005 16:08:17,07/25/2005 16:08:17,CN=Dwayne Petrakis/OU=CHPSID/O=TACOM,,RQ000945,Cartlewood,Sr.,Marcus,,Parent,Barbara Cartlewood,8486 Ridgway St Apt 6B,Billings,MT,59107,(856) 555-1779,marcus.cartlewood@example.com,Phone,Congressional,07/25/2005,Yes,,CARTLEWOOD|MARCUS|59107,"Cartlewood, Marcus",[TACOM];[CSR];[Admin];[ReadOnlyAudit];LocalDomainServers,
0A090C196AD2BA762B5E2E6DAC6B914A,17BE,,08/23/2026 10:29:06,08/23/2026 10:29:06,CN=Lorraine Whitcombe/OU=CHPSID/O=TACOM,,RQ000946,Figueroa-Paz,Jr.,Linda,D,Parent,Sarah Figueroa,2486 Hickory Ter,Raleigh,NC,27656,(610) 555-1896,linda.figueroa@example.com,Mail,Manual,08/23/2026,No,,FIGUEROA-PAZ|LINDA|27656,"Figueroa-Paz, Linda",[TACOM];[CSR];[Admin];[ReadOnlyAudit];LocalDomainServers,
A4E0223F656733CF0D7FFA47EE6D67E8,17C2,,06/02/2026 09:57:54,06/02/2026 09:57:54,CN=HRC-Transfer/OU=Agents/O=TACOM,,RQ000947,Kestleman,,Amanda,,Self,Amanda Kestleman,4605 Spruce Ter,Pensacola,FL,32516,(484) 555-1423,amanda.kestleman@example.com,Mail,NPRC,06/02/2026,No,,KESTLEMAN|AMANDA|32516,"Kestleman, Amanda",[TACOM];[CSR];[Admin];[ReadOnlyAudit];LocalDomainServers,
DBEEDAF9A1807DDD732541ECB9EE95C0,17C6,,10/22/2005 07:51:45,10/22/2005 07:51:45,CN=Lorraine Whitcombe/OU=CHPSID/O=TACOM,,RQ000948,Jarvinen-Roe,,Ernesto,,Parent,Raymond Jarvinen,5519 Spruce Pl,Colorado Springs,CO,80900-1617,(717) 555-1525,,Phone,Manual,10/22/2005,Yes,,JARVINEN-ROE|ERNESTO|80900,"Jarvinen-Roe, Ernesto",[TACOM];[CSR];[Admin];[ReadOnlyAudit];LocalDomainServers,
42960E249397823970B68611EA2753B6,17CA,,05/05/2004 09:06:12,05/05/2004 09:06:12,CN=HRC-Transfer/OU=Agents/O=TACOM,,RQ000949,Delgadillo,,Angela,M,Self,Angela M Delgadillo,7363 Patton St,Nashville,TN,37249,,angela.delgadillo@example.com,Mail,HRC,05/05/2004,Yes,05/05/2004,DELGADILLO|ANGELA|37249,"Delgadillo, Angela M",[TACOM];[CSR];[Admin];[ReadOnlyAudit];LocalDomainServers,
DCCBACEA04AB4160F0114C773134A8D2,17CE,,12/20/2025 07:57:23,12/20/2025 07:57:23,CN=Ret Hamlin/OU=CHPSID/O=TACOM,,RQ000950,Montgomerie,Jr.,Darnell,,Sibling,Hector Montgomerie,2751 Poplar Way,Phoenix,AZ,85045,,,Phone,Congressional,12/20/2025,Yes,,MONTGOMERIE|DARNELL|85045,"Montgomerie, Darnell",[TACOM];[CSR];[Admin];[ReadOnlyAudit];LocalDomainServers,
40CD8E1910CCE532A12179FD4D725DA5,17D2,,11/01/2014 11:48:25,11/01/2014 11:48:25,CN=Marlene Okafor/OU=CHPSID/O=TACOM,,RQ000951,Maldonado-Vega Jr.,,Robert,K,Self,Robert K Maldonado-Vega,3639 Jefferson Ln,Jacksonville,FL,32280-0551,(302) 555-1574,robert.maldonado@example.com,Phone,Manual,11/01/2014,No,,MALDONADO-VEGA JR.|ROBERT|32280,"Maldonado-Vega Jr., Robert",[TACOM];[CSR];[Admin];[ReadOnlyAudit];LocalDomainServers,
11B560DB96BB97970CE5A616C66DB48A,17D6,,10/12/2011 16:16:38,10/12/2011 16:16:38,CN=Marlene Okafor/OU=CHPSID/O=TACOM,,RQ000952,Ledesma-Ortiz,,Raymond,K,Parent,Sandra Ledesma,1543 Eisenhower Way,Sacramento,CA,95897-8921,(410) 555-1854,raymond.ledesma@example.com,E-mail,Manual,10/12/2011,No,,LEDESMA-ORTIZ|RAYMOND|95897,"Ledesma-Ortiz, Raymond K",[TACOM];[CSR];[Admin];[ReadOnlyAudit];LocalDomainServers,
ABF393573F398E384DC32EC47D6CE9A1,17DA,,02/09/2010 08:28:29,02/09/2010 08:28:29,CN=HRC-Transfer/OU=Agents/O=TACOM,,RQ000953,Northway,,James,G,Self,James G Northway,8827 Madison Ave,Houston,TX,77033,(540) 555-1694,,Mail,HRC,02/09/2010,Yes,02/09/2010,NORTHWAY|JAMES|77033,"Northway, James G",[TACOM];[CSR];[Admin];[ReadOnlyAudit];LocalDomainServers,
9436D8F49AAF27E458E639917D561BCE,17DE,,05/23/2007 17:41:19,05/23/2007 17:41:19,CN=Lorraine Whitcombe/OU=CHPSID/O=TACOM,,RQ000954,Ormsbee,,Harold,F,Self,Harold F Ormsbee,2758 Elm Pl,Toledo,OH,43649,(302) 555-1263,,Mail,Congressional,05/23/2007,Yes,05/23/2007,ORMSBEE|HAROLD|43649,"Ormsbee, Harold F",[TACOM];[CSR];[Admin];[ReadOnlyAudit];LocalDomainServers,
CB3D197388B0E40DFD2D7F7A68AF4F26,17E2,,07/17/2008 15:31:17,07/17/2008 15:31:17,CN=Renata Vasquez-Holm/OU=CHPSID/O=TACOM,,RQ000955,Northway,III,Harold,B,Son,Margaret Northway,1883 Eisenhower Rd,Richmond,VA,23279,(410) 555-1816,,E-mail,Manual,07/17/2008,Yes,07/17/2008,NORTHWAY|HAROLD|23279,"Northway, Harold B",[TACOM];[CSR];[Admin];[ReadOnlyAudit];LocalDomainServers,
698DBE052D689C0E10CE1E8F6642D066,17E6,,04/13/2010 07:55:05,04/13/2010 07:55:05,CN=HRC-Transfer/OU=Agents/O=TACOM,,RQ000956,Lindquarry,,Daniel R,R,Self,Daniel R Lindquarry,4469 Veterans Memorial Blvd,Fayetteville,NC,28352,(540) 555-1113,daniel.lindquarry@example.com,Phone,NPRC,04/13/2010,No,,LINDQUARRY|DANIEL R|28352,"Lindquarry, Daniel R",[TACOM];[CSR];[Admin];[ReadOnlyAudit];LocalDomainServers,RQ000484
1FC7572AAD3CD3D3EA5AD4680623E6F4,17EA,,04/19/2019 11:20:27,04/19/2019 11:20:27,CN=HRC-Transfer/OU=Agents/O=TACOM,,RQ000957,Haverstock,,Andrew,W,Son,Gary Haverstock,6898 Armory Ln,Dallas,TX,75227-5894,(215) 555-1996,andrew.haverstock@example.com,Phone,HRC,04/19/2019,Yes,04/19/2019,HAVERSTOCK|ANDREW|75227,"Haverstock, Andrew W",[TACOM];[CSR];[Admin];[ReadOnlyAudit];LocalDomainServers,
F534704005B59B236CB1CCDACD2C31DD,17EE,,01/04/2022 13:01:08,01/04/2022 13:01:08,CN=Ret Hamlin/OU=CHPSID/O=TACOM,,RQ000958,Ostrowski-Lane,,Arthur,D,Daughter,Norman Ostrowski,2191 Dogwood St,Pittsburgh,PA,15226,(410) 555-1693,,Phone,Congressional,01/04/2022,Yes,,OSTROWSKI-LANE|ARTHUR|15226,"Ostrowski-Lane, Arthur D",[TACOM];[CSR];[Admin];[ReadOnlyAudit];LocalDomainServers,
F2B4590A0CD10488381199D99923DACF,17F2,,11/11/2024 09:44:44,11/11/2024 09:44:44,CN=Marlene Okafor/OU=CHPSID/O=TACOM,,RQ000959,Umberlake,,Sarah,S,Other NOK,Clarence Umberlake,9507 Marshall Ave,Dayton,OH,45431,(484) 555-1221,,E-mail,Manual,11/11/2024,Yes,11/11/2024,UMBERLAKE|SARAH|45431,"Umberlake, Sarah S",[TACOM];[CSR];[Admin];[ReadOnlyAudit];LocalDomainServers,
47DB16348603C0B9BB274ED8EA981291,17F6,,01/23/2015 16:49:57,01/23/2015 16:49:57,CN=HRC-Transfer/OU=Agents/O=TACOM,,RQ000960,Marrowbridge,,John,A,Self,John A Marrowbridge,4083 Oak Ct,Cleveland,OH,44141,(856) 555-1260,,Mail,NPRC,01/23/2015,No,,MARROWBRIDGE|JOHN|44141,"Marrowbridge, John A",[TACOM];[CSR];[Admin];[ReadOnlyAudit];LocalDomainServers,
1402F2FA88ADF0F486DF4409CA7280EC,17FA,,06/14/2014 13:42:23,06/14/2014 13:42:23,CN=HRC-Transfer/OU=Agents/O=TACOM,,RQ000961,Saldivar,Sr.,Luis,H,Son,Justin Saldivar,8671 Washington Ct,Buffalo,NY,14207,,luis.saldivar@example.com,Phone,NPRC,06/14/2014,Yes,06/14/2014,SALDIVAR|LUIS|14207,"Saldivar, Luis H",[TACOM];[CSR];[Admin];[ReadOnlyAudit];LocalDomainServers,
69A34BB278419966ADF733F84D27EEEB,17FE,,10/03/2009 15:41:10,10/03/2009 15:41:10,CN=HRC-Transfer/OU=Agents/O=TACOM,,RQ000962,Vanterpool,Jr.,Jennifer,C,Self,Jennifer C Vanterpool,7476 Spruce Way,Boston,MA,02116,(410) 555-1623,,Mail,NPRC,10/03/2009,Yes,,VANTERPOOL|JENNIFER|02116,"Vanterpool, Jennifer C",[TACOM];[CSR];[Admin];[ReadOnlyAudit];LocalDomainServers,
0A6468A038B196E962976429D948F490,1802,,12/21/2010 13:07:56,12/21/2010 13:07:56,CN=HRC-Transfer/OU=Agents/O=TACOM,,RQ000963,Lindquarry,,Eugene,,Daughter,Elizabeth Lindquarry,3418 Dogwood Pl Apt 28A,Columbus,OH,43200,(484) 555-1442,,E-mail,HRC,12/21/2010,Yes,12/21/2010,LINDQUARRY|EUGENE|43200,"Lindquarry, Eugene",[TACOM];[CSR];[Admin];[ReadOnlyAudit];LocalDomainServers,
7B516C990F1BB326376DDE034415CF93,1806,,07/09/2008 12:11:56,07/09/2008 12:11:56,CN=HRC-Transfer/OU=Agents/O=TACOM,,RQ000964,Zellinger,,Eugene,C,Self,Eugene C Zellinger,3330 Armory Ln,Tacoma,WA,98444-3555,(703) 555-1649,,Phone,HRC,07/09/2008,Yes,07/09/2008,ZELLINGER|EUGENE|98444,"Zellinger, Eugene C",[TACOM];[CSR];[Admin];[ReadOnlyAudit];LocalDomainServers,
ED8430EE1835319A07141EB987788D28,180A,,05/18/2019 16:17:46,05/18/2019 16:17:46,CN=HRC-Transfer/OU=Agents/O=TACOM,,RQ000965,Ellsworthy,Jr.,Marcus,G,Self,Marcus G Ellsworthy,6337 Lincoln Way,Killeen,TX,76558,(302) 555-1761,,E-mail,HRC,05/18/2019,Yes,05/18/2019,ELLSWORTHY|MARCUS|76558,"Ellsworthy, Marcus G",[TACOM];[CSR];[Admin];[ReadOnlyAudit];LocalDomainServers,
905467A32E27384A664A385B79F07FEB,180E,,06/19/2010 13:40:00,06/19/2010 13:40:00,CN=HRC-Transfer/OU=Agents/O=TACOM,,RQ000966,Abernook,Sr.,Frances,L,Self,Frances L Abernook,6050 Armory Ln,Detroit,MI,48248,(410) 555-1141,,Mail,HRC,06/19/2010,No,06/19/2010,ABERNOOK|FRANCES|48248,"Abernook, Frances L",[TACOM];[CSR];[Admin];[ReadOnlyAudit];LocalDomainServers,
6BDB1829D496846176A0EBAC673DEA3C,1812,,04/06/2025 11:27:34,04/06/2025 11:27:34,CN=Dwayne Petrakis/OU=CHPSID/O=TACOM,,RQ000967,Ledesma-Ortiz,,Terrence,D,Spouse,Tyler Ledesma,2619 Maple Ave,Huntsville,AL,35806,(484) 555-1762,,Mail,Manual,04/06/2025,No,,LEDESMA-ORTIZ|TERRENCE|35806,"Ledesma-Ortiz, Terrence D",[TACOM];[CSR];[Admin];[ReadOnlyAudit];LocalDomainServers,
DAA74D0F1F5F4D755DDA4E1CA6E736C0,1816,,04/26/2026 13:19:59,04/26/2026 13:19:59,CN=HRC-Transfer/OU=Agents/O=TACOM,,RQ000968,Lindquarry,,Thomas,K,Self,Thomas K Lindquarry,9038 Birch Way,Fresno,CA,93726,(703) 555-1928,,Phone,HRC,04/26/2026,Yes,,LINDQUARRY|THOMAS|93726,"Lindquarry, Thomas K",[TACOM];[CSR];[Admin];[ReadOnlyAudit];LocalDomainServers,
1B4AB1E575A75FA5C3DA129B6597B56D,181A,,05/15/2009 10:50:20,05/15/2009 10:50:20,CN=Lorraine Whitcombe/OU=CHPSID/O=TACOM,,RQ000969,Fennimark,,Carol,R,Son,Dorothy Fennimark,5098 Madison Ln,Lawton,OK,73598,(610) 555-1954,carol.fennimark@example.com,Mail,Congressional,05/15/2009,No,05/15/2009,FENNIMARK|CAROL|73598,"Fennimark, Carol R",[TACOM];[CSR];[Admin];[ReadOnlyAudit];LocalDomainServers,
49FB4BBB7710CC0C2ABE249BBFFE31FD,181E,,07/25/2017 12:43:14,07/25/2017 12:43:14,CN=HRC-Transfer/OU=Agents/O=TACOM,,RQ000970,Wickersham,,John,,Self,John Wickersham,6103 Hickory Rd,Dallas,TX,75228-7605,(302) 555-1585,john.wickersham@example.com,Mail,HRC,07/25/2017,Yes,07/25/2017,WICKERSHAM|JOHN|75228,"Wickersham, John",[TACOM];[CSR];[Admin];[ReadOnlyAudit];LocalDomainServers,
B353974C141C6E162BE1D675C4DB7492,1822,,01/21/2010 08:21:32,01/21/2010 08:21:32,CN=Renata Vasquez-Holm/OU=CHPSID/O=TACOM,,RQ000971,Ledesma-Ortiz,Jr.,Kevin,,Daughter,Andrew Ledesma,5451 Laurel Ave,Tampa,FL,33643,(540) 555-1992,kevin.ledesma@example.com,E-mail,Congressional,01/21/2010,No,01/21/2010,LEDESMA-ORTIZ|KEVIN|33643,"Ledesma-Ortiz, Kevin",[TACOM];[CSR];[Admin];[ReadOnlyAudit];LocalDomainServers,
DE63430EFEF3BB7ADE4F4B5B8378FDE7,1826,,11/23/2019 11:14:35,11/23/2019 11:14:35,CN=HRC-Transfer/OU=Agents/O=TACOM,,RQ000972,Templeton-Ash,,D.,F,Sibling,Steven Templeton,8070 Magnolia Ter,Killeen,TX,76581,(856) 555-1545,,E-mail,NPRC,11/23/2019,No,,TEMPLETON-ASH|D.|76581,"Templeton-Ash, D.",[TACOM];[CSR];[Admin];[ReadOnlyAudit];LocalDomainServers,
C8E9F4D50B6FB25F1B6E965883A4238F,182A,,01/04/2013 17:17:41,01/04/2013 17:17:41,CN=Lorraine Whitcombe/OU=CHPSID/O=TACOM,,RQ000973,Yamaguchi-Orr,,Amanda,M,Self,Amanda M Yamaguchi-Orr,8931 Magnolia Ter,Tacoma,WA,98456-3965,,,Mail,Congressional,01/04/2013,No,01/04/2013,YAMAGUCHI-ORR|AMANDA|98456,"Yamaguchi-Orr, Amanda M",[TACOM];[CSR];[Admin];[ReadOnlyAudit];LocalDomainServers,
D063792384E21106CE0B7586EAD5DFE1,182E,,10/24/2011 13:45:30,10/24/2011 13:45:30,CN=HRC-Transfer/OU=Agents/O=TACOM,,RQ000974,Zapata-Kell,III,Mary,,Self,Mary Zapata-Kell,4236 Spruce Pl,Fresno,CA,93778-6647,(267) 555-1721,mary.zapata@example.com,Phone,NPRC,10/24/2011,Yes,,ZAPATA-KELL|MARY|93778,"Zapata-Kell, Mary",[TACOM];[CSR];[Admin];[ReadOnlyAudit];LocalDomainServers,
64E9B7F478E6DBD4A28C255D143C1AC4,1832,,12/20/2021 11:50:30,12/20/2021 11:50:30,CN=HRC-Transfer/OU=Agents/O=TACOM,,RQ000975,Jaramillo,Sr.,Howard,T,Son,Kevin Jaramillo,9878 Cedar Dr,Honolulu,HI,96803-7439,(703) 555-1622,,Phone,NPRC,12/20/2021,Yes,,JARAMILLO|HOWARD|96803,"Jaramillo, Howard T",[TACOM];[CSR];[Admin];[ReadOnlyAudit];LocalDomainServers,
88A2627D3D67DE2375D776F3F8D80F69,1836,,07/13/2013 16:57:47,07/13/2013 16:57:47,CN=Marlene Okafor/OU=CHPSID/O=TACOM,,RQ000976,Yellowley,,Carol,,Self,Carol Yellowley,9572 Madison Ter,St. Louis,MO,63149,(267) 555-1279,,Mail,Congressional,07/13/2013,Yes,,YELLOWLEY|CAROL|63149,"Yellowley, Carol",[TACOM];[CSR];[Admin];[ReadOnlyAudit];LocalDomainServers,
73E3E341BAB8A37701BAF27C7F32D7B6,183A,,10/04/2010 10:48:59,10/04/2010 10:48:59,CN=HRC-Transfer/OU=Agents/O=TACOM,,RQ000977,Barrowclough,,Ruth,C,Spouse,Christopher Barrowclough,9125 Laurel Ter,Honolulu,HI,96877,(856) 555-1293,ruth.barrowclough@example.com,E-mail,NPRC,10/04/2010,No,10/04/2010,BARROWCLOUGH|RUTH|96877,"Barrowclough, Ruth C",[TACOM];[CSR];[Admin];[ReadOnlyAudit];LocalDomainServers,
617872437F0928FA9585C45C817591B3,183E,,04/18/2014 10:21:46,04/18/2014 10:21:46,CN=HRC-Transfer/OU=Agents/O=TACOM,,RQ000978,Benavidez-Cruz,,Matthew,S,Self,Matthew S Benavidez-Cruz,9175 Laurel Pl,Wheeling,WV,26024,(302) 555-1394,matthew.benavidez@example.com,E-mail,HRC,04/18/2014,Yes,04/18/2014,BENAVIDEZ-CRUZ|MATTHEW|26024,"Benavidez-Cruz, Matthew S",[TACOM];[CSR];[Admin];[ReadOnlyAudit];LocalDomainServers,
8BAB8ED0F1B242FE1641A716A44BFF96,1842,,03/10/2007 15:00:49,03/10/2007 15:00:49,CN=Marlene Okafor/OU=CHPSID/O=TACOM,,RQ000979,Rockwell-Sayre,,Brandon,,Self,Brandon Rockwell-Sayre,4092 Jefferson Blvd,Tucson,AZ,85711,(703) 555-1788,brandon.rockwell@example.com,Mail,Congressional,03/10/2007,Yes,03/10/2007,ROCKWELL-SAYRE|BRANDON|85711,"Rockwell-Sayre, Brandon",[TACOM];[CSR];[Admin];[ReadOnlyAudit];LocalDomainServers,
73FAC919772ED5437E0689270C9E19B1,1846,,06/11/2018 07:47:33,06/11/2018 07:47:33,CN=HRC-Transfer/OU=Agents/O=TACOM,,RQ000980,ZELLINGER,Jr.,Sandra,,Self,Sandra Zellinger,967 Poplar Dr,Trenton,NJ,08641,(215) 555-1489,sandra.zellinger@example.com,Phone,NPRC,06/11/2018,No,,ZELLINGER|SANDRA|08641,"ZELLINGER, Sandra",[TACOM];[CSR];[Admin];[ReadOnlyAudit];LocalDomainServers,
69959BBE348A1320C92E1BCBACC90823,184A,,05/17/2021 17:30:37,05/17/2021 17:30:37,CN=Ret Hamlin/OU=CHPSID/O=TACOM,,RQ000981,Figueroa-Paz,,Richard,J,Self,Richard J Figueroa-Paz,7893 Ridgway Pl,Raleigh,NC,27670,,richard.figueroa@example.com,E-mail,Congressional,05/17/2021,Yes,,FIGUEROA-PAZ|RICHARD|27670,"Figueroa-Paz, Richard J",[TACOM];[CSR];[Admin];[ReadOnlyAudit];LocalDomainServers,
BED4262402F494109F1A16AC45893FE7,184E,,03/07/2023 12:49:27,03/07/2023 12:49:27,CN=Lorraine Whitcombe/OU=CHPSID/O=TACOM,,RQ000982,Vandermolen,Sr.,Michael,,Self,Michael Vandermolen,1637 Bradley St,El Paso,TX,79923-0114,,michael.vandermolen@example.com,E-mail,Manual,03/07/2023,Yes,03/07/2023,VANDERMOLEN|MICHAEL|79923,"Vandermolen, Michael",[TACOM];[CSR];[Admin];[ReadOnlyAudit];LocalDomainServers,
6B0AD18534982BD69797880CC1B56F0D,1852,,05/13/2026 09:31:27,05/13/2026 09:31:27,CN=HRC-Transfer/OU=Agents/O=TACOM,,RQ000983,Trevino-Hale,Jr.,Patricia,D,Self,Patricia D Trevino-Hale,7729 Maple Rd,Tampa,FL,33698,(610) 555-1180,,Phone,NPRC,05/13/2026,Yes,05/13/2026,TREVINO-HALE|PATRICIA|33698,"Trevino-Hale, Patricia D",[TACOM];[CSR];[Admin];[ReadOnlyAudit];LocalDomainServers,
189FBF794BE874285E8C53C140787C30,1856,,03/23/2010 16:25:05,03/23/2010 16:25:05,CN=HRC-Transfer/OU=Agents/O=TACOM,,RQ000984,Nakashima,,Helen,S,Self,Helen S Nakashima,2158 Sycamore Rd Apt 19A,Las Vegas,NV,89109,(703) 555-1828,helen.nakashima@example.com,Mail,NPRC,03/23/2010,Yes,,NAKASHIMA|HELEN|89109,"Nakashima, Helen S",[TACOM];[CSR];[Admin];[ReadOnlyAudit];LocalDomainServers,
B5153B7788422580A62F72E4BC7FA928,185A,,08/24/2026 08:34:58,08/24/2026 08:34:58,CN=HRC-Transfer/OU=Agents/O=TACOM,,RQ000985,Zimmerly,Jr.,N.,M,Self,Nicole M Zimmerly,1553 Birch Ln,Dayton,OH,45421,(610) 555-1043,,Mail,HRC,08/24/2026,No,,ZIMMERLY|N.|45421,"Zimmerly, N.",[TACOM];[CSR];[Admin];[ReadOnlyAudit];LocalDomainServers,
3E61BD49F070C192CE8552350575E566,185E,,12/30/2024 11:09:59,12/30/2024 11:09:59,CN=Benedetta Kowalczyk/OU=CHPSID/O=TACOM,,RQ000986,Kirkbride,III,Ernesto,,Sibling,James Kirkbride,1539 Dogwood St,Albany,NY,12218,(610) 555-1665,,E-mail,Manual,12/30/2024,Yes,12/30/2024,KIRKBRIDE|ERNESTO|12218,"Kirkbride, Ernesto",[TACOM];[CSR];[Admin];[ReadOnlyAudit];LocalDomainServers,
EE95DEE3E95E1F75CC918F67962E3AFD,1862,,08/16/2006 10:44:41,08/16/2006 10:44:41,CN=HRC-Transfer/OU=Agents/O=TACOM,,RQ000987,Gastrelle,Jr.,Nicole,N,Grandchild,Walter Gastrelle,8429 Maple Pl,Nashville,TN,37299,(856) 555-1018,nicole.gastrelle@example.com,Phone,NPRC,08/16/2006,No,08/16/2006,GASTRELLE|NICOLE|37299,"Gastrelle, Nicole N",[TACOM];[CSR];[Admin];[ReadOnlyAudit];LocalDomainServers,
C5E492BD77D4F450968F70B3183382D5,1866,,10/28/2021 16:11:12,10/28/2021 16:11:12,CN=HRC-Transfer/OU=Agents/O=TACOM,,RQ000988,Zabrowski,,Brian,T,Self,Brian T Zabrowski,2064 Dogwood Blvd,Sioux Falls,SD,57192,,,E-mail,HRC,10/28/2021,Yes,10/28/2021,ZABROWSKI|BRIAN|57192,"Zabrowski, Brian T",[TACOM];[CSR];[Admin];[ReadOnlyAudit];LocalDomainServers,
46CE58105A32AC5CD47207026A021150,186A,,06/19/2006 14:35:31,06/19/2006 14:35:31,CN=HRC-Transfer/OU=Agents/O=TACOM,,RQ000989,Yeardley,,Susan,,Sibling,Gary Yeardley,7022 Chestnut St,Denver,CO,80278,(215) 555-1287,,Mail,NPRC,06/19/2006,Yes,,YEARDLEY|SUSAN|80278,"Yeardley, Susan",[TACOM];[CSR];[Admin];[ReadOnlyAudit];LocalDomainServers,
182349332F5F11CAEE4CE13D9CFDEC29,186E,,07/22/2011 11:21:13,07/22/2011 11:21:13,CN=HRC-Transfer/OU=Agents/O=TACOM,,RQ000990,Abernook,Jr.,Arthur,,Spouse,Steven Abernook,8604 Willow Rd,Wheeling,WV,26032,(703) 555-1436,arthur.abernook@example.com,E-mail,NPRC,07/22/2011,No,,ABERNOOK|ARTHUR|26032,"Abernook, Arthur",[TACOM];[CSR];[Admin];[ReadOnlyAudit];LocalDomainServers,
A6CA5E1F5B55552E37B8F36E6F11A322,1872,,06/22/2009 14:57:16,06/22/2009 14:57:16,CN=HRC-Transfer/OU=Agents/O=TACOM,,RQ000991,Galbreath,,Marcus,,Self,Marcus Galbreath,7905 Cedar Way,Norfolk,VA,23540,(484) 555-1475,,E-mail,HRC,06/22/2009,No,,GALBREATH|MARCUS|23540,"Galbreath, Marcus",[TACOM];[CSR];[Admin];[ReadOnlyAudit];LocalDomainServers,
E2A11AE44E58E635AC534E92EC44934E,1876,,02/09/2021 17:16:04,02/09/2021 17:16:04,CN=HRC-Transfer/OU=Agents/O=TACOM,,RQ000992,Barrowclough,,Joshua,,Parent,Hector Barrowclough,7556 Laurel Dr,Huntsville,AL,35827,(610) 555-1180,,Mail,HRC,02/09/2021,No,,BARROWCLOUGH|JOSHUA|35827,"Barrowclough, Joshua",[TACOM];[CSR];[Admin];[ReadOnlyAudit];LocalDomainServers,
2C592D4FCABCC2D59A9A96A010A92570,187A,,10/09/2005 11:03:55,10/09/2005 11:03:55,CN=HRC-Transfer/OU=Agents/O=TACOM,,RQ000993,Yamaguchi-Orr,,Richard,,Son,Matthew Yamaguchi,8263 Walnut Ln,Fresno,CA,93756-5103,(484) 555-1127,,Phone,HRC,10/09/2005,Yes,10/09/2005,YAMAGUCHI-ORR|RICHARD|93756,"Yamaguchi-Orr, Richard",[TACOM];[CSR];[Admin];[ReadOnlyAudit];LocalDomainServers,
7D5239C0C01DA4D2A020C622E1AB8476,187E,,11/13/2018 14:26:16,11/13/2018 14:26:16,CN=HRC-Transfer/OU=Agents/O=TACOM,,RQ000994,Marrowbridge,Jr.,Howard,P,Grandchild,Arthur Marrowbridge,8398 Oak Ave,Fargo,ND,58122,(267) 555-1424,howard.marrowbridge@example.com,Phone,NPRC,11/13/2018,No,11/13/2018,MARROWBRIDGE|HOWARD|58122,"Marrowbridge, Howard P",[TACOM];[CSR];[Admin];[ReadOnlyAudit];LocalDomainServers,
5C20B9A4763AE4289D8314528071E378,1882,,03/26/2022 13:06:14,03/26/2022 13:06:14,CN=HRC-Transfer/OU=Agents/O=TACOM,,RQ000995,Ellingboe,,Andrew,,Spouse,James Ellingboe,9121 Maple Pl,Fargo,ND,58172,(302) 555-1753,,Phone,HRC,03/26/2022,No,03/26/2022,ELLINGBOE|ANDREW|58172,"Ellingboe, Andrew",[TACOM];[CSR];[Admin];[ReadOnlyAudit];LocalDomainServers,
A6B21C93A68122DC2441F6984CE3D218,1886,,02/25/2008 16:35:30,02/25/2008 16:35:30,CN=HRC-Transfer/OU=Agents/O=TACOM,,RQ000996,Lattimore,,Heather,,Self,Heather Lattimore,5150 Armory Way,Scranton,PA,18564,,,E-mail,HRC,02/25/2008,No,02/25/2008,LATTIMORE|HEATHER|18564,"Lattimore, Heather",[TACOM];[CSR];[Admin];[ReadOnlyAudit];LocalDomainServers,
5D374D6CAEE3AF656F77583A90E5AB73,188A,,04/07/2017 12:03:48,04/07/2017 12:03:48,CN=Renata Vasquez-Holm/OU=CHPSID/O=TACOM,,RQ000997,Isherwood,,Marcus,N,Self,Marcus N Isherwood,1530 Sycamore Way Apt 5B,Tucson,AZ,85756-0375,(267) 555-1011,,Mail,Congressional,04/07/2017,Yes,04/07/2017,ISHERWOOD|MARCUS|85756,"Isherwood, Marcus N",[TACOM];[CSR];[Admin];[ReadOnlyAudit];LocalDomainServers,
0F3B17BFA58C210DB901C78671FD91A4,188E,,12/18/2018 09:09:47,12/18/2018 09:09:47,CN=HRC-Transfer/OU=Agents/O=TACOM,,RQ000998,Castellanos,III,Jessica,C,Spouse,Steven Castellanos,6297 Ridgway Rd,Tucson,AZ,85750,,jessica.castellanos@example.com,Mail,NPRC,12/18/2018,No,12/18/2018,CASTELLANOS|JESSICA|85750,"Castellanos, Jessica C",[TACOM];[CSR];[Admin];[ReadOnlyAudit];LocalDomainServers,
A328323FF4B71EDC91A5AABF2547D7BC,1892,,06/07/2026 14:16:57,06/07/2026 14:16:57,CN=Lorraine Whitcombe/OU=CHPSID/O=TACOM,,RQ000999,Lockridge,III,B.,C,Self,Barbara C Lockridge,9676 Ridgway Dr,Oklahoma City,OK,73152,(215) 555-1775,,Mail,Manual,06/07/2026,No,,LOCKRIDGE|B.|73152,"Lockridge, B.",[TACOM];[CSR];[Admin];[ReadOnlyAudit];LocalDomainServers,
254CCF21A09FD9EE5CFB6A387BF2BF2C,1896,,12/27/2008 08:23:41,12/27/2008 08:23:41,CN=HRC-Transfer/OU=Agents/O=TACOM,,RQ001000,Kellerhaus,,Daniel,E,Self,Daniel E Kellerhaus,359 Marshall Ter,Sacramento,CA,95801,(703) 555-1922,daniel.kellerhaus@example.com,Phone,HRC,12/27/2008,Yes,12/27/2008,KELLERHAUS|DANIEL|95801,"Kellerhaus, Daniel E",[TACOM];[CSR];[Admin];[ReadOnlyAudit];LocalDomainServers,
C5EAABFA621FC17336DE5C4CF6E14BF8,189A,,08/15/2012 17:06:20,08/15/2012 17:06:20,CN=HRC-Transfer/OU=Agents/O=TACOM,,RQ001001,Greaves-Tolan,,Daniel,N,Son,Mildred Greaves,935 Bradley Rd,Boise,ID,83711-4540,,daniel.greaves@example.com,Mail,HRC,08/15/2012,Yes,08/15/2012,GREAVES-TOLAN|DANIEL|83711,"Greaves-Tolan, Daniel N",[TACOM];[CSR];[Admin];[ReadOnlyAudit];LocalDomainServers,
CB35AA934F75783DCCC1F942E1496DF9,189E,,07/02/2023 07:28:31,07/02/2023 07:28:31,CN=Dwayne Petrakis/OU=CHPSID/O=TACOM,,RQ001002,Iverstone,Sr.,Luis,P,Grandchild,Nancy Iverstone,434 Madison Pl,Wheeling,WV,26047-9056,(484) 555-1976,,Mail,Manual,07/02/2023,Yes,07/02/2023,IVERSTONE|LUIS|26047,"Iverstone, Luis P",[TACOM];[CSR];[Admin];[ReadOnlyAudit];LocalDomainServers,
04D9F28922096523E589251F84B8C033,18A2,,11/14/2009 15:24:57,11/14/2009 15:24:57,CN=HRC-Transfer/OU=Agents/O=TACOM,,RQ001003,Sallisaw,Jr.,Robert,M,Self,Robert M Sallisaw,579 Eisenhower Ct,Fresno,CA,93761,(610) 555-1403,,Mail,HRC,11/14/2009,Yes,11/14/2009,SALLISAW|ROBERT|93761,"Sallisaw, Robert M",[TACOM];[CSR];[Admin];[ReadOnlyAudit];LocalDomainServers,
9CE99AFC140842055F0E3607FE171A0C,18A6,,07/11/2015 07:58:52,07/11/2015 07:58:52,CN=HRC-Transfer/OU=Agents/O=TACOM,,RQ001004,Drakeford,,Charles,,Self,Charles Drakeford,2384 Eisenhower Way,Detroit,MI,48228,,charles.drakeford@example.com,E-mail,NPRC,07/11/2015,Yes,,DRAKEFORD|CHARLES|48228,"Drakeford, Charles",[TACOM];[CSR];[Admin];[ReadOnlyAudit];LocalDomainServers,
1D3D48B6A18764F9410CFE5046CD49EB,18AA,,12/02/2006 12:05:19,12/02/2006 12:05:19,CN=HRC-Transfer/OU=Agents/O=TACOM,,RQ001005,Ellsworthy,Jr.,Carol,,Self,Carol Ellsworthy,8112 Lincoln Dr,Fort Wayne,IN,46850,,,Mail,HRC,12/02/2006,No,12/02/2006,ELLSWORTHY|CAROL|46850,"Ellsworthy, Carol",[TACOM];[CSR];[Admin];[ReadOnlyAudit];LocalDomainServers,
31D13B2D7DC7CECEF0DEA9C976A2803E,18AE,,12/01/2025 07:01:04,12/01/2025 07:01:04,CN=Ret Hamlin/OU=CHPSID/O=TACOM,,RQ001006,Okonkwo-Bell,,Anthony,P,Self,Anthony P Okonkwo-Bell,5695 Madison Rd,Kansas City,MO,64180,,,Mail,Manual,12/01/2025,No,12/01/2025,OKONKWO-BELL|ANTHONY|64180,"Okonkwo-Bell, Anthony P",[TACOM];[CSR];[Admin];[ReadOnlyAudit];LocalDomainServers,
AB4060ED2D99DC40AA24D5B79591FA9A,18B2,,02/25/2021 07:33:59,02/25/2021 07:33:59,CN=HRC-Transfer/OU=Agents/O=TACOM,,RQ001007,Coldwater,Sr.,Steven,E,Self,Steven E Coldwater,9678 Magnolia Blvd,Columbia,SC,29218,(703) 555-1806,steven.coldwater@example.com,E-mail,HRC,02/25/2021,No,,COLDWATER|STEVEN|29218,"Coldwater, Steven E",[TACOM];[CSR];[Admin];[ReadOnlyAudit];LocalDomainServers,
75E6B5E667D74679CBD29155DA70CC8C,18B6,,03/08/2026 14:10:07,03/08/2026 14:10:07,CN=Marlene Okafor/OU=CHPSID/O=TACOM,,RQ001008,Wexcombe,Jr.,William,,Self,William Wexcombe,2832 Hickory Ct,Albuquerque,NM,87120,(540) 555-1443,william.wexcombe@example.com,Mail,Congressional,03/08/2026,No,03/08/2026,WEXCOMBE|WILLIAM|87120,"Wexcombe, William",[TACOM];[CSR];[Admin];[ReadOnlyAudit];LocalDomainServers,
B9E6F41104C7D75EDC25B00E1408AD7A,18BA,,02/16/2009 11:40:37,02/16/2009 11:40:37,CN=HRC-Transfer/OU=Agents/O=TACOM,,RQ001009,Saldivar,III,Angela,G,Self,Angela G Saldivar,8696 Ridgway Ln,Columbus,OH,43299,,angela.saldivar@example.com,E-mail,HRC,02/16/2009,Yes,02/16/2009,SALDIVAR|ANGELA|43299,"Saldivar, Angela G",[TACOM];[CSR];[Admin];[ReadOnlyAudit];LocalDomainServers,
4DD84FFAE153D3EE780F8572F98CABE2,18BE,,01/01/2007 14:33:31,01/01/2007 14:33:31,CN=HRC-Transfer/OU=Agents/O=TACOM,,RQ001010,Zimmerly,,Andrew,N,Spouse,Howard Zimmerly,51 Washington Rd,Nashville,TN,37230,(856) 555-1058,,Mail,NPRC,01/01/2007,Yes,01/01/2007,ZIMMERLY|ANDREW|37230,"Zimmerly, Andrew N",[TACOM];[CSR];[Admin];[ReadOnlyAudit];LocalDomainServers,
9AFB6C315CB3033DF1F3F3BF306FFA9A,18C2,,10/28/2016 14:47:02,10/28/2016 14:47:02,CN=HRC-Transfer/OU=Agents/O=TACOM,,RQ001011,Vanterpool,,Linda,,Spouse,Michael Vanterpool,5374 Lincoln Dr Apt 10B,St. Louis,MO,63119,(410) 555-1488,linda.vanterpool@example.com,E-mail,NPRC,10/28/2016,Yes,,VANTERPOOL|LINDA|63119,"Vanterpool, Linda",[TACOM];[CSR];[Admin];[ReadOnlyAudit];LocalDomainServers,
9262B6936A911679EFBDFD150E1D5251,18C6,,11/03/2017 08:20:31,11/03/2017 08:20:31,CN=HRC-Transfer/OU=Agents/O=TACOM,,RQ001012,Pettiford,,Elizabeth,S,Son,Howard Pettiford,9460 Eisenhower Ave,Providence,RI,02993,(540) 555-1961,,Phone,HRC,11/03/2017,Yes,11/03/2017,PETTIFORD|ELIZABETH|02993,"Pettiford, Elizabeth S",[TACOM];[CSR];[Admin];[ReadOnlyAudit];LocalDomainServers,
10050CBF65EB2AAA8A126C164699CDEF,18CA,,05/06/2007 17:09:19,05/06/2007 17:09:19,CN=HRC-Transfer/OU=Agents/O=TACOM,,RQ001013,Escobedo-Ruiz,,Steven N,N,Son,Kevin Escobedo,3774 Oak Ave,Sioux Falls,SD,57176-1527,,,Phone,HRC,05/06/2007,No,,ESCOBEDO-RUIZ|STEVEN N|57176,"Escobedo-Ruiz, Steven N",[TACOM];[CSR];[Admin];[ReadOnlyAudit];LocalDomainServers,
35EFB590256DD76C19C499E9F381A218,18CE,,02/05/2010 14:50:44,02/05/2010 14:50:44,CN=HRC-Transfer/OU=Agents/O=TACOM,,RQ001014,Yellowley,,Justin,,Self,Justin Yellowley,2598 Hickory Ave,Omaha,NE,68157,(717) 555-1092,justin.yellowley@example.com,Mail,NPRC,02/05/2010,Yes,02/05/2010,YELLOWLEY|JUSTIN|68157,"Yellowley, Justin",[TACOM];[CSR];[Admin];[ReadOnlyAudit];LocalDomainServers,
896B8D57DA9277F7F1BBBCBA8E528D83,18D2,,02/07/2010 13:09:57,02/07/2010 13:09:57,CN=HRC-Transfer/OU=Agents/O=TACOM,,RQ001015,Kirkbride,Sr.,Susan,,Self,Susan Kirkbride,7746 Elm Way Apt 7B,Des Moines,IA,50316,,susan.kirkbride@example.com,Mail,HRC,02/07/2010,Yes,,KIRKBRIDE|SUSAN|50316,"Kirkbride, Susan",[TACOM];[CSR];[Admin];[ReadOnlyAudit];LocalDomainServers,
AF2748451382962D4BCFF348B0E98603,18D6,,01/31/2009 09:38:44,01/31/2009 09:38:44,CN=HRC-Transfer/OU=Agents/O=TACOM,,RQ001016,Lindquarry,,Betty,N,Parent,Brandon Lindquarry,5241 Bradley Ln,Des Moines,IA,50370,(484) 555-1585,,Phone,NPRC,01/31/2009,No,01/31/2009,LINDQUARRY|BETTY|50370,"Lindquarry, Betty N",[TACOM];[CSR];[Admin];[ReadOnlyAudit];LocalDomainServers,
1D29539A593039FF1161D4768425DDFA,18DA,,10/18/2015 15:23:15,10/18/2015 15:23:15,CN=HRC-Transfer/OU=Agents/O=TACOM,,RQ001017,Northway,,Margaret,D,Spouse,Mary Northway,6335 Spruce Ave,Birmingham,AL,35234-5088,(610) 555-1772,margaret.northway@example.com,Phone,NPRC,10/18/2015,Yes,,NORTHWAY|MARGARET|35234,"Northway, Margaret D",[TACOM];[CSR];[Admin];[ReadOnlyAudit];LocalDomainServers,
DA8375388AA73A5F29372FB4D0156A5D,18DE,,11/18/2010 08:06:37,11/18/2010 08:06:37,CN=HRC-Transfer/OU=Agents/O=TACOM,,RQ001018,Dunmore-Vey,,Eugene,,Daughter,Jennifer Dunmore,3557 Laurel Ct,Colorado Springs,CO,80933,(856) 555-1415,,E-mail,HRC,11/18/2010,Yes,11/18/2010,DUNMORE-VEY|EUGENE|80933,"Dunmore-Vey, Eugene",[TACOM];[CSR];[Admin];[ReadOnlyAudit];LocalDomainServers,
D7E1DB92ACBF93798E47E1C2B92024C8,18E2,,09/11/2010 13:35:30,09/11/2010 13:35:30,CN=Lorraine Whitcombe/OU=CHPSID/O=TACOM,,RQ001019,Zimmerly,,Harold,W,Spouse,Thomas Zimmerly,4178 Dogwood Ave,Manchester,NH,03102,(610) 555-1717,,E-mail,Congressional,09/11/2010,No,09/11/2010,ZIMMERLY|HAROLD|03102,"Zimmerly, Harold W",[TACOM];[CSR];[Admin];[ReadOnlyAudit];LocalDomainServers,
7284C947652367A14E932F7FAA4F1FCA,18E6,,10/17/2020 10:01:53,10/17/2020 10:01:53,CN=Benedetta Kowalczyk/OU=CHPSID/O=TACOM,,RQ001020,Quennevile,,Betty,,Self,Betty Quennevile,9068 Veterans Memorial Ter,Providence,RI,02963-8073,(410) 555-1672,betty.quennevile@example.com,Mail,Congressional,10/17/2020,Yes,10/17/2020,QUENNEVILE|BETTY|02963,"Quennevile, Betty",[TACOM];[CSR];[Admin];[ReadOnlyAudit];LocalDomainServers,
63ACF7A4EC5D4FB919085D713A4BB6D2,18EA,,10/08/2016 14:38:52,10/08/2016 14:38:52,CN=HRC-Transfer/OU=Agents/O=TACOM,,RQ001021,Jaramillo,,Angela,E,Self,Angela E Jaramillo,6058 Eisenhower Ln Apt 40A,Charleston,WV,25373-7547,(302) 555-1489,,E-mail,HRC,10/08/2016,No,10/08/2016,JARAMILLO|ANGELA|25373,"Jaramillo, Angela E",[TACOM];[CSR];[Admin];[ReadOnlyAudit];LocalDomainServers,
C92D81D9DC662954ED07CA2CBA617D22,18EE,,05/18/2004 07:21:31,05/18/2004 07:21:31,CN=HRC-Transfer/OU=Agents/O=TACOM,,RQ001022,Ledesma-Ortiz,III,Justin,D,Self,Justin D Ledesma-Ortiz,8208 Veterans Memorial Blvd Apt 34A,Tucson,AZ,85774,(484) 555-1172,,Mail,NPRC,05/18/2004,No,,LEDESMA-ORTIZ|JUSTIN|85774,"Ledesma-Ortiz, Justin D",[TACOM];[CSR];[Admin];[ReadOnlyAudit];LocalDomainServers,
734784B72880C92F4957AD9ABC5AAD2E,18F2,,07/27/2024 10:03:09,07/27/2024 10:03:09,CN=Benedetta Kowalczyk/OU=CHPSID/O=TACOM,,RQ001023,Crandall-Mott,III,Anthony,S,Self,Anthony S Crandall-Mott,3617 Marshall Dr,Oklahoma City,OK,73186-5216,(610) 555-1761,anthony.crandall@example.com,Mail,Manual,07/27/2024,Yes,07/27/2024,CRANDALL-MOTT|ANTHONY|73186,"Crandall-Mott, Anthony S",[TACOM];[CSR];[Admin];[ReadOnlyAudit];LocalDomainServers,
94E3980DF6AA7F7F20EBA27FC4DDCCC1,18F6,,01/11/2023 12:19:31,01/11/2023 12:19:31,CN=HRC-Transfer/OU=Agents/O=TACOM,,RQ001024,Ashcroft-Mayne,,Mary,G,Daughter,Eugene Ashcroft,4075 Pershing Dr,Knoxville,TN,37972,,,Mail,HRC,01/11/2023,No,,ASHCROFT-MAYNE|MARY|37972,"Ashcroft-Mayne, Mary",[TACOM];[CSR];[Admin];[ReadOnlyAudit];LocalDomainServers,
A615D55E50BFBD233CDA9AF36EF1B312,18FA,,05/16/2009 09:03:43,05/16/2009 09:03:43,CN=HRC-Transfer/OU=Agents/O=TACOM,,RQ001025,Ellsworthy,III,Betty,,Self,Betty Ellsworthy,584 Dogwood Ave,Wheeling,WV,26010,,betty.ellsworthy@example.com,Phone,HRC,05/16/2009,Yes,05/16/2009,ELLSWORTHY|BETTY|26010,"Ellsworthy, Betty",[TACOM];[CSR];[Admin];[ReadOnlyAudit];LocalDomainServers,
F27917171B703F7B327A746436825324,18FE,,03/26/2008 14:13:56,03/26/2008 14:13:56,CN=Marlene Okafor/OU=CHPSID/O=TACOM,,RQ001026,Fortenbury,III,Ruth,,Son,James Fortenbury,4358 Oak Blvd,Milwaukee,WI,53241,(610) 555-1809,ruth.fortenbury@example.com,Mail,Congressional,03/26/2008,No,,FORTENBURY|RUTH|53241,"Fortenbury, Ruth",[TACOM];[CSR];[Admin];[ReadOnlyAudit];LocalDomainServers,
4098599A9FD2C7696E2DC464C5B12FCB,1902,,06/29/2017 09:45:52,06/29/2017 09:45:52,CN=HRC-Transfer/OU=Agents/O=TACOM,,RQ001027,Ormsbee,,Ralph,,Self,Ralph Ormsbee,6572 Cedar Ct,Savannah,GA,31410,,ralph.ormsbee@example.com,E-mail,NPRC,06/29/2017,Yes,,ORMSBEE|RALPH|31410,"Ormsbee, Ralph",[TACOM];[CSR];[Admin];[ReadOnlyAudit];LocalDomainServers,
3C854456AA7B08FAA08077028C7DC362,1906,,12/29/2008 07:08:36,12/29/2008 07:08:36,CN=Ret Hamlin/OU=CHPSID/O=TACOM,,RQ001028,Castellanos,,Brian,W,Son,Angela Castellanos,4922 Poplar Pl,Billings,MT,59123-7936,,,Mail,Manual,12/29/2008,No,12/29/2008,CASTELLANOS|BRIAN|59123,"Castellanos, Brian W",[TACOM];[CSR];[Admin];[ReadOnlyAudit];LocalDomainServers,
CE7AF3FADA3C16866C71385AD772F44C,190A,,02/07/2008 17:33:07,02/07/2008 17:33:07,CN=Lorraine Whitcombe/OU=CHPSID/O=TACOM,,RQ001029,Ashcroft-Mayne,,Marcus,D,Spouse,Mark Ashcroft,9599 Patton Way,Philadelphia,PA,19183,,,Mail,Manual,02/07/2008,Yes,,ASHCROFT-MAYNE|MARCUS|19183,"Ashcroft-Mayne, Marcus D",[TACOM];[CSR];[Admin];[ReadOnlyAudit];LocalDomainServers,
03C715CF76574197FE6F255CBE122528,190E,,02/14/2010 15:53:14,02/14/2010 15:53:14,CN=Dwayne Petrakis/OU=CHPSID/O=TACOM,,RQ001030,Quimbley,Sr.,Jose,G,Self,Jose G Quimbley,7398 Ridgway Blvd,Huntsville,AL,35868-4223,(703) 555-1554,,Mail,Congressional,02/14/2010,Yes,,QUIMBLEY|JOSE|35868,"Quimbley, Jose G",[TACOM];[CSR];[Admin];[ReadOnlyAudit];LocalDomainServers,
1A461154A971DFC01251A0E111A8156F,1912,,04/16/2010 10:55:36,04/16/2010 10:55:36,CN=Renata Vasquez-Holm/OU=CHPSID/O=TACOM,,RQ001031,Quimbley,,Michael,P,Daughter,Joshua Quimbley,8898 Eisenhower Ter,Wilmington,DE,19839-2393,(410) 555-1103,,Mail,Congressional,04/16/2010,No,04/16/2010,QUIMBLEY|MICHAEL|19839,"Quimbley, Michael P",[TACOM];[CSR];[Admin];[ReadOnlyAudit];LocalDomainServers,
05E2ECE14DA9B9AB25406660D48195E1,1916,,03/16/2020 08:12:34,03/16/2020 08:12:34,CN=HRC-Transfer/OU=Agents/O=TACOM,,RQ001032,Escobedo-Ruiz,Sr.,Betty,D,Parent,Christopher Escobedo,2043 Lincoln Blvd,Huntsville,AL,35846,(302) 555-1536,,Mail,HRC,03/16/2020,No,,ESCOBEDO-RUIZ|BETTY|35846,"Escobedo-Ruiz, Betty D",[TACOM];[CSR];[Admin];[ReadOnlyAudit];LocalDomainServers,
A2E41E59AE7B9C851B5AF5540B7922AC,191A,,08/02/2004 15:47:09,08/02/2004 15:47:09,CN=HRC-Transfer/OU=Agents/O=TACOM,,RQ001033,Yarrowdale,,Angela,T,Self,Angela T Yarrowdale,798 Oak Rd Apt 38A,Honolulu,HI,96856,(856) 555-1618,angela.yarrowdale@example.com,Phone,HRC,08/02/2004,No,08/02/2004,YARROWDALE|ANGELA|96856,"Yarrowdale, Angela T",[TACOM];[CSR];[Admin];[ReadOnlyAudit];LocalDomainServers,
41C8EA09F6E77A856FB7A1E8876AC2F8,191E,,01/14/2014 07:31:29,01/14/2014 07:31:29,CN=HRC-Transfer/OU=Agents/O=TACOM,,RQ001034,Montgomerie,Sr.,Michael,,Self,Michael Montgomerie,2228 Eisenhower Rd Apt 9D,Charlotte,NC,28297-8175,,michael.montgomerie@example.com,Phone,HRC,01/14/2014,Yes,,MONTGOMERIE|MICHAEL|28297,"Montgomerie, Michael",[TACOM];[CSR];[Admin];[ReadOnlyAudit];LocalDomainServers,
B775E54340D42B5EB883E953E1BFF98C,1922,,03/26/2019 12:02:13,03/26/2019 12:02:13,CN=HRC-Transfer/OU=Agents/O=TACOM,,RQ001035,Lattimore,Jr.,Frances,F,Son,Betty Lattimore,1294 Elm St Apt 22D,Los Angeles,CA,90022,(410) 555-1017,,Phone,HRC,03/26/2019,Yes,,LATTIMORE|FRANCES|90022,"Lattimore, Frances F",[TACOM];[CSR];[Admin];[ReadOnlyAudit];LocalDomainServers,
5DBFF79224EB174EDA0F7C561EE91EEF,1926,,07/04/2021 13:41:29,07/04/2021 13:41:29,CN=HRC-Transfer/OU=Agents/O=TACOM,,RQ001036,Vosburgh,,Lisa,T,Self,Lisa T Vosburgh,7803 Patton Rd,Columbus,OH,43230-6132,(410) 555-1835,lisa.vosburgh@example.com,Mail,NPRC,07/04/2021,No,07/04/2021,VOSBURGH|LISA|43230,"Vosburgh, Lisa T",[TACOM];[CSR];[Admin];[ReadOnlyAudit];LocalDomainServers,
5ADADD9B5BEF839BF09F5E6D7B022491,192A,,08/18/2017 13:43:55,08/18/2017 13:43:55,CN=Dwayne Petrakis/OU=CHPSID/O=TACOM,,RQ001037,Quimbley,,Walter,A,Grandchild,Helen Quimbley,1618 Cedar Pl,Lawton,OK,73534-9873,(703) 555-1995,,E-mail,Manual,08/18/2017,Yes,,QUIMBLEY|WALTER|73534,"Quimbley, Walter A",[TACOM];[CSR];[Admin];[ReadOnlyAudit];LocalDomainServers,
6C2E81E18040E1C28D2F50AD532C9336,192E,,08/23/2017 17:20:02,08/23/2017 17:20:02,CN=HRC-Transfer/OU=Agents/O=TACOM,,RQ001038,Galbreath,Sr.,Sandra,,Self,Sandra Galbreath,3041 Spruce Ave Apt 23D,Houston,TX,77064,(703) 555-1970,,E-mail,HRC,08/23/2017,Yes,,GALBREATH|SANDRA|77064,"Galbreath, Sandra",[TACOM];[CSR];[Admin];[ReadOnlyAudit];LocalDomainServers,
261AECEF8775C24542FD08921E436697,1932,,10/31/2011 07:37:10,10/31/2011 07:37:10,CN=HRC-Transfer/OU=Agents/O=TACOM,,RQ001039,Washington-Pryce,III,Ryan,P,Grandchild,Andre Washington,825 Bradley St Apt 30D,New Orleans,LA,70142,(856) 555-1310,,Mail,HRC,10/31/2011,Yes,,WASHINGTON-PRYCE|RYAN|70142,"Washington-Pryce, Ryan P",[TACOM];[CSR];[Admin];[ReadOnlyAudit];LocalDomainServers,
E713D0E902873DA6146A8EE7266B9906,1936,,03/14/2021 17:18:32,03/14/2021 17:18:32,CN=Marlene Okafor/OU=CHPSID/O=TACOM,,RQ001040,Zabrowski,Jr.,Susan,L,Self,Susan L Zabrowski,6819 Madison Ave Apt 17B,Kansas City,MO,64181,,susan.zabrowski@example.com,Mail,Congressional,03/14/2021,Yes,,ZABROWSKI|SUSAN|64181,"Zabrowski, Susan L",[TACOM];[CSR];[Admin];[ReadOnlyAudit];LocalDomainServers,
49CED0C11C0FF86E97CD7DD07C19880A,193A,,09/02/2017 16:03:29,09/02/2017 16:03:29,CN=HRC-Transfer/OU=Agents/O=TACOM,,RQ001041,Norquist,III,Christopher,,Self,Christopher Norquist,4570 Elm Way,Des Moines,IA,50372,(302) 555-1269,,Phone,HRC,09/02/2017,Yes,09/02/2017,NORQUIST|CHRISTOPHER|50372,"Norquist, Christopher",[TACOM];[CSR];[Admin];[ReadOnlyAudit];LocalDomainServers,
F17E24B24A3E43C6FC59F3A457E03A69,193E,,04/27/2005 14:26:43,04/27/2005 14:26:43,CN=Benedetta Kowalczyk/OU=CHPSID/O=TACOM,,RQ001042,Vanterpool,Jr.,Norman,,Spouse,Ryan Vanterpool,3503 Elm Pl Apt 16B,Louisville,KY,40215,(540) 555-1807,,Mail,Manual,04/27/2005,Yes,,VANTERPOOL|NORMAN|40215,"Vanterpool, Norman",[TACOM];[CSR];[Admin];[ReadOnlyAudit];LocalDomainServers,
E7CDC38FB68AD6BC5F2330A2B56B2DE2,1942,,08/02/2006 17:43:25,08/02/2006 17:43:25,CN=HRC-Transfer/OU=Agents/O=TACOM,,RQ001043,Ingersby,III,Tyler,,Son,Elizabeth Ingersby,6238 Elm Blvd,Louisville,KY,40241,,tyler.ingersby@example.com,E-mail,HRC,08/02/2006,No,08/02/2006,INGERSBY|TYLER|40241,"Ingersby, Tyler",[TACOM];[CSR];[Admin];[ReadOnlyAudit];LocalDomainServers,
452F3656670FBF708001990D11723C86,1946,,08/24/2018 10:26:06,08/24/2018 10:26:06,CN=Benedetta Kowalczyk/OU=CHPSID/O=TACOM,,RQ001044,Umberlake,Jr.,Carol,B,Self,Carol B Umberlake,7668 Jefferson Ter Apt 36C,Burlington,VT,05468,(856) 555-1109,,E-mail,Congressional,08/24/2018,No,08/24/2018,UMBERLAKE|CAROL|05468,"Umberlake, Carol B",[TACOM];[CSR];[Admin];[ReadOnlyAudit];LocalDomainServers,
B3C13EE7BA9C26BBCB4453E9D53B00CA,194A,,12/07/2018 13:37:01,12/07/2018 13:37:01,CN=Lorraine Whitcombe/OU=CHPSID/O=TACOM,,RQ001045,Zimmerly,,Justin,A,Self,Justin A Zimmerly,7288 Armory Rd Apt 1A,Baltimore,MD,21293-7671,(302) 555-1867,justin.zimmerly@example.com,Mail,Congressional,12/07/2018,Yes,12/07/2018,ZIMMERLY|JUSTIN|21293,"Zimmerly, Justin A",[TACOM];[CSR];[Admin];[ReadOnlyAudit];LocalDomainServers,
BC5CF9593D5507FAA629FCC8380C40DB,194E,,03/12/2021 17:44:34,03/12/2021 17:44:34,CN=HRC-Transfer/OU=Agents/O=TACOM,,RQ001046,Crandall-Mott,,James,,Self,James Crandall-Mott,4047 Elm Blvd,Scranton,PA,18514,(302) 555-1240,,Phone,HRC,03/12/2021,No,03/12/2021,CRANDALL-MOTT|JAMES|18514,"Crandall-Mott, James",[TACOM];[CSR];[Admin];[ReadOnlyAudit];LocalDomainServers,
55012C86CA01430EDF634D476994D0A9,1952,,01/19/2006 11:12:53,01/19/2006 11:12:53,CN=Lorraine Whitcombe/OU=CHPSID/O=TACOM,,RQ001047,Prendergast,Sr.,Jamal,,Son,Tyler Prendergast,2257 Marshall Blvd,Scranton,PA,18524,(484) 555-1951,,Mail,Manual,01/19/2006,Yes,01/19/2006,PRENDERGAST|JAMAL|18524,"Prendergast, Jamal",[TACOM];[CSR];[Admin];[ReadOnlyAudit];LocalDomainServers,
B1354F1418062C886D2A0F3688CBC44E,1956,,10/18/2010 10:33:42,10/18/2010 10:33:42,CN=Lorraine Whitcombe/OU=CHPSID/O=TACOM,,RQ001048,Northway,,Dorothy,G,Sibling,Gary Northway,9843 Maple Ter,Harrisburg,PA,17173,,dorothy.northway@example.com,Mail,Manual,10/18/2010,Yes,10/18/2010,NORTHWAY|DOROTHY|17173,"Northway, Dorothy G",[TACOM];[CSR];[Admin];[ReadOnlyAudit];LocalDomainServers,
88A34A58F036D1C6F9E3C29296D8790B,195A,,08/04/2022 09:36:37,08/04/2022 09:36:37,CN=HRC-Transfer/OU=Agents/O=TACOM,,RQ001049,Benavidez-Cruz,,Jamal,L,Self,Jamal L Benavidez-Cruz,9508 Willow Ct,Worcester,MA,01682,(267) 555-1566,jamal.benavidez@example.com,E-mail,NPRC,08/04/2022,Yes,08/04/2022,BENAVIDEZ-CRUZ|JAMAL|01682,"Benavidez-Cruz, Jamal L",[TACOM];[CSR];[Admin];[ReadOnlyAudit];LocalDomainServers,
77722ABD7D10D9019A39651DC26BD20F,195E,,10/13/2020 12:37:56,10/13/2020 12:37:56,CN=Lorraine Whitcombe/OU=CHPSID/O=TACOM,,RQ001050,Vosburgh,,Mark,G,Self,Mark G Vosburgh,9263 Elm Blvd,Grand Rapids,MI,49598,(410) 555-1175,,Mail,Manual,10/13/2020,Yes,10/13/2020,VOSBURGH|MARK|49598,"Vosburgh, Mark G",[TACOM];[CSR];[Admin];[ReadOnlyAudit];LocalDomainServers,
016C4E8FA68E75693073937CB1D420DE,1962,,12/26/2018 09:42:40,12/26/2018 09:42:40,CN=Ret Hamlin/OU=CHPSID/O=TACOM,,RQ001051,Jessup-Kane,III,Clarence,R,Spouse,Eugene Jessup,4824 Willow Ave,Richmond,VA,23221,(703) 555-1564,clarence.jessup@example.com,Mail,Manual,12/26/2018,Yes,12/26/2018,JESSUP-KANE|CLARENCE|23221,"Jessup-Kane, Clarence R",[TACOM];[CSR];[Admin];[ReadOnlyAudit];LocalDomainServers,
0B69D37FCD7E43C11B64E05CC73481ED,1966,,09/09/2022 12:06:27,09/09/2022 12:06:27,CN=HRC-Transfer/OU=Agents/O=TACOM,,RQ001052,Hinojosa-Mata,,Christopher,F,Self,Christopher F Hinojosa-Mata,9543 Hickory Ct,Tucson,AZ,85716,(215) 555-1597,,E-mail,HRC,09/09/2022,Yes,09/09/2022,HINOJOSA-MATA|CHRISTOPHER|85716,"Hinojosa-Mata, Christopher F",[TACOM];[CSR];[Admin];[ReadOnlyAudit];LocalDomainServers,
2746ED94BD9C77BAF3D24FD89FF33CCE,196A,,04/07/2007 10:18:04,04/07/2007 10:18:04,CN=Marlene Okafor/OU=CHPSID/O=TACOM,,RQ001053,Isherwood,Sr.,Christopher,,Son,Terrence Isherwood,5115 Walnut Ave Apt 11C,Cleveland,OH,44179,(484) 555-1109,,Mail,Congressional,04/07/2007,Yes,04/07/2007,ISHERWOOD|CHRISTOPHER|44179,"Isherwood, Christopher",[TACOM];[CSR];[Admin];[ReadOnlyAudit];LocalDomainServers,
B132FFC4FFBA3C9E1B39862C426ACA19,196E,,11/25/2017 10:25:38,11/25/2017 10:25:38,CN=Marlene Okafor/OU=CHPSID/O=TACOM,,RQ001054,LOCKRIDGE,III,Virginia,,Self,Virginia Lockridge,9473 Willow Pl,Cheyenne,WY,82085,(302) 555-1060,virginia.lockridge@example.com,E-mail,Manual,11/25/2017,No,,LOCKRIDGE|VIRGINIA|82085,"LOCKRIDGE, Virginia",[TACOM];[CSR];[Admin];[ReadOnlyAudit];LocalDomainServers,
FCFDEB91A11016C3570DA9DE17F1EF00,1972,,02/16/2008 13:23:58,02/16/2008 13:23:58,CN=HRC-Transfer/OU=Agents/O=TACOM,,RQ001055,Hargreave,,Carlos,F,Self,Carlos F Hargreave,293 Armory Way,Houston,TX,77058,(540) 555-1917,carlos.hargreave@example.com,Phone,HRC,02/16/2008,No,,HARGREAVE|CARLOS|77058,"Hargreave, Carlos F",[TACOM];[CSR];[Admin];[ReadOnlyAudit];LocalDomainServers,
4B61F3885BF32379F9B3D7DFA8E88305,1976,,01/21/2009 13:18:54,01/21/2009 13:18:54,CN=HRC-Transfer/OU=Agents/O=TACOM,,RQ001056,Maldonado-Vega,Jr.,Leonard,A,Self,Leonard A Maldonado-Vega,3521 Juniper Blvd,Atlanta,GA,30339,(856) 555-1725,,Mail,HRC,01/21/2009,No,01/21/2009,MALDONADO-VEGA|LEONARD|30339,"Maldonado-Vega, Leonard A",[TACOM];[CSR];[Admin];[ReadOnlyAudit];LocalDomainServers,
43AC05171C80268608790B45D7A68F46,197A,,07/13/2010 09:43:22,07/13/2010 09:43:22,CN=Ret Hamlin/OU=CHPSID/O=TACOM,,RQ001057,Pettiford,,Andrew,T,Self,Andrew T Pettiford,9570 Marshall Dr,Toledo,OH,43660,,andrew.pettiford@example.com,Mail,Congressional,07/13/2010,Yes,,PETTIFORD|ANDREW|43660,"Pettiford, Andrew T",[TACOM];[CSR];[Admin];[ReadOnlyAudit];LocalDomainServers,
B4A0286DC9FEA16441B2405251CCBE2B,197E,,03/15/2018 07:46:16,03/15/2018 07:46:16,CN=HRC-Transfer/OU=Agents/O=TACOM,,RQ001058,Isherwood,Jr.,Richard,A,Son,Carlos Isherwood,2115 Dogwood Ave,El Paso,TX,79967,,,Mail,HRC,03/15/2018,Yes,03/15/2018,ISHERWOOD|RICHARD|79967,"Isherwood, Richard A",[TACOM];[CSR];[Admin];[ReadOnlyAudit];LocalDomainServers,
16D63DF9B16225BB9F36472519A705FA,1982,,12/31/2025 15:04:31,12/31/2025 15:04:31,CN=HRC-Transfer/OU=Agents/O=TACOM,,RQ001059,Hargreave,,Evelyn,G,Daughter,Ruth Hargreave,9858 Lincoln Rd,Wilmington,DE,19819-0993,(267) 555-1853,,E-mail,NPRC,12/31/2025,Yes,12/31/2025,HARGREAVE|EVELYN|19819,"Hargreave, Evelyn G",[TACOM];[CSR];[Admin];[ReadOnlyAudit];LocalDomainServers,
AC1989D2D17224F48DAB4494AE96B6C5,1986,,04/28/2008 10:44:44,04/28/2008 10:44:44,CN=HRC-Transfer/OU=Agents/O=TACOM,,RQ001060,Ormsbee,,Elizabeth,,Grandchild,Melissa Ormsbee,1818 Chestnut Ter,Orlando,FL,32839-4407,(484) 555-1069,,Mail,NPRC,04/28/2008,Yes,04/28/2008,ORMSBEE|ELIZABETH|32839,"Ormsbee, Elizabeth",[TACOM];[CSR];[Admin];[ReadOnlyAudit];LocalDomainServers,
D6FF6E64E382891B11C1F81E89CC415D,198A,,12/05/2008 15:22:28,12/05/2008 15:22:28,CN=Lorraine Whitcombe/OU=CHPSID/O=TACOM,,RQ001061,Umberlake,,Lisa,,Self,Lisa Umberlake,2448 Cedar Way,Peoria,IL,61647,(410) 555-1148,lisa.umberlake@example.com,Mail,Manual,12/05/2008,Yes,,UMBERLAKE|LISA|61647,"Umberlake, Lisa",[TACOM];[CSR];[Admin];[ReadOnlyAudit];LocalDomainServers,
341024A7B153C9E44D439DB1054B61B2,198E,,09/08/2008 08:13:24,09/08/2008 08:13:24,CN=Dwayne Petrakis/OU=CHPSID/O=TACOM,,RQ001062,Zapata-Kell,Jr.,Stephanie,P,Self,Stephanie P Zapata-Kell,9006 Juniper Ln,Fayetteville,NC,28321,,stephanie.zapata@example.com,E-mail,Congressional,09/08/2008,No,09/08/2008,ZAPATA-KELL|STEPHANIE|28321,"Zapata-Kell, Stephanie P",[TACOM];[CSR];[Admin];[ReadOnlyAudit];LocalDomainServers,
E71F4663AEEBACF44A4C1588651D6506,1992,,06/18/2010 12:07:39,06/18/2010 12:07:39,CN=HRC-Transfer/OU=Agents/O=TACOM,,RQ001063,Dunmore-Vey,,Angela,K,Self,Angela K Dunmore-Vey,8455 Lincoln Ct,Oklahoma City,OK,73178,(484) 555-1782,angela.dunmore@example.com,E-mail,HRC,06/18/2010,Yes,06/18/2010,DUNMORE-VEY|ANGELA|73178,"Dunmore-Vey, Angela K",[TACOM];[CSR];[Admin];[ReadOnlyAudit];LocalDomainServers,
0A8F507D29FE2DB749ADBE0964E4B139,1996,,01/05/2020 12:38:02,01/05/2020 12:38:02,CN=Marlene Okafor/OU=CHPSID/O=TACOM,,RQ001064,Pettiford,Jr.,Margaret,C,Self,Margaret C Pettiford,7664 Washington St,Columbia,SC,29206,(267) 555-1265,margaret.pettiford@example.com,E-mail,Manual,01/05/2020,No,,PETTIFORD|MARGARET|29206,"Pettiford, Margaret C",[TACOM];[CSR];[Admin];[ReadOnlyAudit];LocalDomainServers,
6CC0EE4AA4860289D7AD91F8DF8D3099,199A,,08/17/2009 14:32:49,08/17/2009 14:32:49,CN=HRC-Transfer/OU=Agents/O=TACOM,,RQ001065,Maldonado-Vega,,Carlos,B,Daughter,Timothy Maldonado,4002 Marshall Blvd,Toledo,OH,43622,(717) 555-1919,,Phone,HRC,08/17/2009,No,,MALDONADO-VEGA|CARLOS|43622,"Maldonado-Vega, Carlos B",[TACOM];[CSR];[Admin];[ReadOnlyAudit];LocalDomainServers,
7EBBD9F8727957C907D7EE91226F2F45,199E,,02/04/2007 17:26:36,02/04/2007 17:26:36,CN=HRC-Transfer/OU=Agents/O=TACOM,,RQ001066,Nethercott,Jr.,Dorothy,M,Daughter,Donna Nethercott,6208 Walnut Ct,Portland,ME,04186,(717) 555-1876,,E-mail,HRC,02/04/2007,Yes,02/04/2007,NETHERCOTT|DOROTHY|04186,"Nethercott, Dorothy M",[TACOM];[CSR];[Admin];[ReadOnlyAudit];LocalDomainServers,
73A87740953ED47B479DD9BE123C9B90,19A2,,02/20/2011 13:01:35,02/20/2011 13:01:35,CN=HRC-Transfer/OU=Agents/O=TACOM,,RQ001067,Cartlewood,,Elizabeth,,Self,Elizabeth Cartlewood,2543 Poplar Way,Cheyenne,WY,82084,(484) 555-1824,elizabeth.cartlewood@example.com,Phone,HRC,02/20/2011,No,02/20/2011,CARTLEWOOD|ELIZABETH|82084,"Cartlewood, Elizabeth",[TACOM];[CSR];[Admin];[ReadOnlyAudit];LocalDomainServers,
5048B00D9AFB767A7319869C23377D5D,19A6,,07/23/2017 16:28:21,07/23/2017 16:28:21,CN=Renata Vasquez-Holm/OU=CHPSID/O=TACOM,,RQ001068,Nethercott,Sr.,Nancy,J,Self,Nancy J Nethercott,5262 Veterans Memorial Ter Apt 7B,Norfolk,VA,23574,,nancy.nethercott@example.com,Mail,Manual,07/23/2017,Yes,,NETHERCOTT|NANCY|23574,"Nethercott, Nancy J",[TACOM];[CSR];[Admin];[ReadOnlyAudit];LocalDomainServers,
264C01386E4DE0CC8E825AA7392CB25C,19AA,,01/22/2005 16:23:14,01/22/2005 16:23:14,CN=Lorraine Whitcombe/OU=CHPSID/O=TACOM,,RQ001069,Oakhurst-Pell,Sr.,Darnell,H,Self,Darnell H Oakhurst-Pell,2842 Eisenhower Ter,Colorado Springs,CO,80954,(610) 555-1124,,Mail,Manual,01/22/2005,No,,OAKHURST-PELL|DARNELL|80954,"Oakhurst-Pell, Darnell H",[TACOM];[CSR];[Admin];[ReadOnlyAudit];LocalDomainServers,
0A2958DB8700D9BBCC87B9082C42DCB0,19AE,,09/23/2021 12:36:17,09/23/2021 12:36:17,CN=HRC-Transfer/OU=Agents/O=TACOM,,RQ001070,QUARTERMAN,,Angela,,Self,Angela Quarterman,6768 Dogwood Way Apt 28A,Anchorage,AK,99575,(215) 555-1031,,Phone,HRC,09/23/2021,No,,QUARTERMAN|ANGELA|99575,"QUARTERMAN, Angela",[TACOM];[CSR];[Admin];[ReadOnlyAudit];LocalDomainServers,
0FF94A32DEA7CE9F78ADA57B243E0C21,19B2,,01/02/2005 12:28:50,01/02/2005 12:28:50,CN=HRC-Transfer/OU=Agents/O=TACOM,,RQ001071,Okonkwo-Bell,Jr.,Marcus,G,Daughter,Betty Okonkwo,4047 Walnut Rd,San Diego,CA,92156-4017,(267) 555-1852,marcus.okonkwo@example.com,Mail,NPRC,01/02/2005,Yes,01/02/2005,OKONKWO-BELL|MARCUS|92156,"Okonkwo-Bell, Marcus G",[TACOM];[CSR];[Admin];[ReadOnlyAudit];LocalDomainServers,
A65554BE50218B3AE699DA4B96901628,19B6,,11/04/2024 17:00:41,11/04/2024 17:00:41,CN=HRC-Transfer/OU=Agents/O=TACOM,,RQ001072,Kirkbride,,Linda Jr,,Self,Linda Kirkbride,5213 Patton Blvd,Knoxville,TN,37947,(856) 555-1493,linda.kirkbride@example.com,E-mail,HRC,11/04/2024,No,,KIRKBRIDE|LINDA JR|37947,"Kirkbride, Linda Jr",[TACOM];[CSR];[Admin];[ReadOnlyAudit];LocalDomainServers,RQ000402
3AEA79A37E84AD4B8C26960B23325CBC,19BA,,10/06/2004 08:40:24,10/06/2004 08:40:24,CN=HRC-Transfer/OU=Agents/O=TACOM,,RQ001073,Quinonez,,Sandra,H,Son,Dorothy Quinonez,6342 Lincoln Ln,Charleston,WV,25329,(717) 555-1422,,Mail,NPRC,10/06/2004,Yes,,QUINONEZ|SANDRA|25329,"Quinonez, Sandra H",[TACOM];[CSR];[Admin];[ReadOnlyAudit];LocalDomainServers,
0F6A64CF2C2BDEAA59E65D89D78886BF,19BE,,02/28/2024 16:25:57,02/28/2024 16:25:57,CN=HRC-Transfer/OU=Agents/O=TACOM,,RQ001074,Nakashima,Sr.,Marcus,H,Spouse,Carol Nakashima,4051 Cedar Blvd,Fort Wayne,IN,46852,(610) 555-1390,marcus.nakashima@example.com,E-mail,HRC,02/28/2024,Yes,02/28/2024,NAKASHIMA|MARCUS|46852,"Nakashima, Marcus H",[TACOM];[CSR];[Admin];[ReadOnlyAudit];LocalDomainServers,
3C21689DD9308E368AE0A6334B3C9DD4,19C2,,03/06/2020 07:13:29,03/06/2020 07:13:29,CN=Benedetta Kowalczyk/OU=CHPSID/O=TACOM,,RQ001075,Altamirano-Diaz,,Charles,,Self,Charles Altamirano-Diaz,9478 Poplar Ter,Pittsburgh,PA,15294-9929,(267) 555-1105,charles.altamirano@example.com,Phone,Congressional,03/06/2020,Yes,03/06/2020,ALTAMIRANO-DIAZ|CHARLES|15294,"Altamirano-Diaz, Charles",[TACOM];[CSR];[Admin];[ReadOnlyAudit];LocalDomainServers,
BBCABF6DE8D517867CBD8141EA59701A,19C6,,10/05/2024 11:44:54,10/05/2024 11:44:54,CN=Marlene Okafor/OU=CHPSID/O=TACOM,,RQ001076,Dunmore-Vey,,Charles P,P,Self,Charles P Dunmore-Vey,1598 Walnut Pl,Denver,CO,80249,,,E-mail,Manual,10/05/2024,No,,DUNMORE-VEY|CHARLES P|80249,"Dunmore-Vey, Charles P",[TACOM];[CSR];[Admin];[ReadOnlyAudit];LocalDomainServers,
E4C93E4907A4DA0D67C228D8C88CAD67,19CA,,04/29/2013 08:38:37,04/29/2013 08:38:37,CN=HRC-Transfer/OU=Agents/O=TACOM,,RQ001077,Quarterman,,Carlos,R,Self,Carlos R Quarterman,2638 Elm Ter,Richmond,VA,23218,(484) 555-1697,carlos.quarterman@example.com,Mail,NPRC,04/29/2013,Yes,04/29/2013,QUARTERMAN|CARLOS|23218,"Quarterman, Carlos R",[TACOM];[CSR];[Admin];[ReadOnlyAudit];LocalDomainServers,
7016CADC6A8597CE038A1DDDF6D2EE64,19CE,,10/03/2014 08:02:19,10/03/2014 08:02:19,CN=HRC-Transfer/OU=Agents/O=TACOM,,RQ001078,Fairweather,,Norman,F,Other NOK,Ryan Fairweather,8404 Juniper Ct,Harrisburg,PA,17185,(610) 555-1049,norman.fairweather@example.com,Mail,HRC,10/03/2014,Yes,,FAIRWEATHER|NORMAN|17185,"Fairweather, Norman F",[TACOM];[CSR];[Admin];[ReadOnlyAudit];LocalDomainServers,
73FA729E8BDBC80A599A6F3F298EF05A,19D2,,06/24/2023 07:22:04,06/24/2023 07:22:04,CN=HRC-Transfer/OU=Agents/O=TACOM,,RQ001079,Trevino-Hale,,Andre,R,Self,Andre R Trevino-Hale,5765 Oak Ln,Buffalo,NY,14278,,,E-mail,NPRC,06/24/2023,Yes,06/24/2023,TREVINO-HALE|ANDRE|14278,"Trevino-Hale, Andre R",[TACOM];[CSR];[Admin];[ReadOnlyAudit];LocalDomainServers,
8B412850010A47F4DC69BA13E896F20A,19D6,,06/25/2026 16:37:16,06/25/2026 16:37:16,CN=Renata Vasquez-Holm/OU=CHPSID/O=TACOM,,RQ001080,Fairweather,III,Margaret,E,Self,Margaret E Fairweather,6126 Veterans Memorial Blvd,Trenton,NJ,08633-8953,,,Phone,Manual,06/25/2026,No,06/25/2026,FAIRWEATHER|MARGARET|08633,"Fairweather, Margaret E",[TACOM];[CSR];[Admin];[ReadOnlyAudit];LocalDomainServers,
65460FBFE4C3A3B03317E7FFC56932D8,19DA,,12/26/2007 07:46:28,12/26/2007 07:46:28,CN=Dwayne Petrakis/OU=CHPSID/O=TACOM,,RQ001081,Drakeford,,Jessica,,Daughter,Steven Drakeford,6165 Spruce Ter,Tucson,AZ,85772,(610) 555-1870,jessica.drakeford@example.com,Mail,Congressional,12/26/2007,Yes,,DRAKEFORD|JESSICA|85772,"Drakeford, Jessica",[TACOM];[CSR];[Admin];[ReadOnlyAudit];LocalDomainServers,
7539DC30D7BD73121C4CC7F35E70556E,19DE,,01/21/2013 10:18:05,01/21/2013 10:18:05,CN=HRC-Transfer/OU=Agents/O=TACOM,,RQ001082,Redfearn,,Karen,K,Son,Jeffrey Redfearn,140 Dogwood Ter,Omaha,NE,68149,(267) 555-1013,karen.redfearn@example.com,Mail,NPRC,01/21/2013,No,01/21/2013,REDFEARN|KAREN|68149,"Redfearn, Karen K",[TACOM];[CSR];[Admin];[ReadOnlyAudit];LocalDomainServers,
E8CFECC38DAF7E73B98AF96623037268,19E2,,08/13/2016 08:07:34,08/13/2016 08:07:34,CN=HRC-Transfer/OU=Agents/O=TACOM,,RQ001083,Fennimark,Sr.,Virginia,J,Spouse,Tyler Fennimark,6246 Eisenhower Ave,Kansas City,MO,64171-1357,,virginia.fennimark@example.com,Mail,HRC,08/13/2016,Yes,,FENNIMARK|VIRGINIA|64171,"Fennimark, Virginia J",[TACOM];[CSR];[Admin];[ReadOnlyAudit];LocalDomainServers,
B7662FB6300C4C0A3839E7D7418D3479,19E6,,08/05/2019 08:52:09,08/05/2019 08:52:09,CN=HRC-Transfer/OU=Agents/O=TACOM,,RQ001084,Saldivar Jr.,,Hector,L,Self,Hector L Saldivar,7604 Juniper Ln,Atlanta,GA,30343-5161,,,Phone,NPRC,08/05/2019,No,,SALDIVAR JR.|HECTOR|30343,"Saldivar Jr., Hector",[TACOM];[CSR];[Admin];[ReadOnlyAudit];LocalDomainServers,
5D84928C01B1199BCA79DC7172A234CF,19EA,,07/23/2025 10:50:27,07/23/2025 10:50:27,CN=HRC-Transfer/OU=Agents/O=TACOM,,RQ001085,Ellingboe,Jr.,Mildred,F,Spouse,Matthew Ellingboe,8105 Elm Blvd,Jackson,MS,39241,(856) 555-1072,,Phone,NPRC,07/23/2025,Yes,07/23/2025,ELLINGBOE|MILDRED|39241,"Ellingboe, Mildred F",[TACOM];[CSR];[Admin];[ReadOnlyAudit];LocalDomainServers,
D96A9DB7EFA0F7B1E166BECD7BDC9653,19EE,,06/15/2019 11:59:24,06/15/2019 11:59:24,CN=HRC-Transfer/OU=Agents/O=TACOM,,RQ001086,Saldivar,III,Patricia,T,Self,Patricia T Saldivar,3327 Bradley St,Huntsville,AL,35890,(856) 555-1134,,Phone,NPRC,06/15/2019,Yes,,SALDIVAR|PATRICIA|35890,"Saldivar, Patricia T",[TACOM];[CSR];[Admin];[ReadOnlyAudit];LocalDomainServers,
EA4C4CEB17D87C8AE2E812D63D03B2E0,19F2,,09/19/2024 08:24:47,09/19/2024 08:24:47,CN=Marlene Okafor/OU=CHPSID/O=TACOM,,RQ001087,Okonkwo-Bell,,William,,Self,William Okonkwo-Bell,3121 Chestnut Ter,Chicago,IL,60691-6376,(215) 555-1683,,Mail,Manual,09/19/2024,No,09/19/2024,OKONKWO-BELL|WILLIAM|60691,"Okonkwo-Bell, William",[TACOM];[CSR];[Admin];[ReadOnlyAudit];LocalDomainServers,
486D3089A35913B2FEDB8B313C099771,19F6,,10/19/2017 10:54:59,10/19/2017 10:54:59,CN=Dwayne Petrakis/OU=CHPSID/O=TACOM,,RQ001088,Ledesma-Ortiz,Jr.,Daniel,L,Daughter,Evelyn Ledesma,4171 Armory Ave,Portland,OR,97292,(410) 555-1612,,E-mail,Manual,10/19/2017,Yes,10/19/2017,LEDESMA-ORTIZ|DANIEL|97292,"Ledesma-Ortiz, Daniel L",[TACOM];[CSR];[Admin];[ReadOnlyAudit];LocalDomainServers,
80DA4050B36F12FAE970F97D60672574,19FA,,06/07/2017 11:47:38,06/07/2017 11:47:38,CN=HRC-Transfer/OU=Agents/O=TACOM,,RQ001089,Ellingboe,,Karen,F,Spouse,Donna Ellingboe,3927 Walnut Pl,Fayetteville,NC,28350,,karen.ellingboe@example.com,Mail,HRC,06/07/2017,No,06/07/2017,ELLINGBOE|KAREN|28350,"Ellingboe, Karen F",[TACOM];[CSR];[Admin];[ReadOnlyAudit];LocalDomainServers,
A5695EA16413D25501E20ECDBA7FC6B6,19FE,,02/20/2023 09:18:56,02/20/2023 09:18:56,CN=HRC-Transfer/OU=Agents/O=TACOM,,RQ001090,Washington-Pryce Jr.,,Christopher,R,Self,Christopher R Washington-Pryce,2596 Cedar Ave,Tacoma,WA,98428-6526,,,E-mail,HRC,02/20/2023,No,,WASHINGTON-PRYCE JR.|CHRISTOPHER|98428,"Washington-Pryce Jr., Christopher",[TACOM];[CSR];[Admin];[ReadOnlyAudit];LocalDomainServers,
A3F06BCEBED6A8A405CC7D5E84278DE0,1A02,,04/22/2024 15:28:09,04/22/2024 15:28:09,CN=Benedetta Kowalczyk/OU=CHPSID/O=TACOM,,RQ001091,Beddingfield,Sr.,Patricia,,Daughter,Terrence Beddingfield,5001 Elm St,Richmond,VA,23250,(717) 555-1157,patricia.beddingfield@example.com,Mail,Congressional,04/22/2024,Yes,,BEDDINGFIELD|PATRICIA|23250,"Beddingfield, Patricia",[TACOM];[CSR];[Admin];[ReadOnlyAudit];LocalDomainServers,
928541DF776D0751260B396CD4DA8118,1A06,,05/07/2008 08:45:28,05/07/2008 08:45:28,CN=HRC-Transfer/OU=Agents/O=TACOM,,RQ001092,Lockridge,,Carol,T,Grandchild,Patricia Lockridge,7074 Lincoln Blvd,Charleston,WV,25310,(610) 555-1514,carol.lockridge@example.com,Phone,HRC,05/07/2008,No,05/07/2008,LOCKRIDGE|CAROL|25310,"Lockridge, Carol T",[TACOM];[CSR];[Admin];[ReadOnlyAudit];LocalDomainServers,
B91A476EBB83366D6941D42A8CD4F6D3,1A0A,,02/02/2006 08:57:02,02/02/2006 08:57:02,CN=HRC-Transfer/OU=Agents/O=TACOM,,RQ001093,Gastrelle,III,Nancy,F,Self,Nancy F Gastrelle,848 Spruce Dr,Scranton,PA,18576,(703) 555-1943,,Mail,HRC,02/02/2006,No,02/02/2006,GASTRELLE|NANCY|18576,"Gastrelle, Nancy F",[TACOM];[CSR];[Admin];[ReadOnlyAudit];LocalDomainServers,
76FC9C8E797B4AF3637D2F95E743033B,1A0E,,11/10/2025 09:52:59,11/10/2025 09:52:59,CN=Dwayne Petrakis/OU=CHPSID/O=TACOM,,RQ001094,Benavidez-Cruz Jr.,,Matthew,S,Self,Matthew S Benavidez-Cruz,9175 Laurel Pl,Wheeling,WV,26024,(302) 555-1394,matthew.benavidez@example.com,E-mail,Manual,11/10/2025,No,,BENAVIDEZ-CRUZ JR.|MATTHEW|26024,"Benavidez-Cruz Jr., Matthew",[TACOM];[CSR];[Admin];[ReadOnlyAudit];LocalDomainServers,
E99E1E3574C826D640C6DE2F727B48C5,1A12,,05/18/2020 11:41:17,05/18/2020 11:41:17,CN=HRC-Transfer/OU=Agents/O=TACOM,,RQ001095,Zabrowski,,James,M,Self,James M Zabrowski,8251 Jefferson Ct,Spokane,WA,99285,(856) 555-1016,,Phone,HRC,05/18/2020,Yes,05/18/2020,ZABROWSKI|JAMES|99285,"Zabrowski, James M",[TACOM];[CSR];[Admin];[ReadOnlyAudit];LocalDomainServers,
B3497C31F1F4D436656F628E1E72F479,1A16,,05/29/2009 14:43:58,05/29/2009 14:43:58,CN=Dwayne Petrakis/OU=CHPSID/O=TACOM,,RQ001096,Everleigh,Jr.,Brian,B,Self,Brian B Everleigh,763 Sycamore Dr,Newark,NJ,07151,,,Mail,Manual,05/29/2009,Yes,05/29/2009,EVERLEIGH|BRIAN|07151,"Everleigh, Brian B",[TACOM];[CSR];[Admin];[ReadOnlyAudit];LocalDomainServers,
B29BB798C946AC8E4201662AEFF2A165,1A1A,,08/22/2024 12:02:19,08/22/2024 12:02:19,CN=HRC-Transfer/OU=Agents/O=TACOM,,RQ001097,Ormsbee,III,John,,Daughter,Jessica Ormsbee,37 Poplar Rd,Columbia,SC,29247-3210,,,Mail,HRC,08/22/2024,No,08/22/2024,ORMSBEE|JOHN|29247,"Ormsbee, John",[TACOM];[CSR];[Admin];[ReadOnlyAudit];LocalDomainServers,
E58591B763AC3CFBB245EC84C759AD7F,1A1E,,06/03/2020 11:02:36,06/03/2020 11:02:36,CN=HRC-Transfer/OU=Agents/O=TACOM,,RQ001098,Barrowclough,III,David,N,Self,David N Barrowclough,4404 Birch Blvd,Wilmington,DE,19863,(717) 555-1723,david.barrowclough@example.com,Mail,NPRC,06/03/2020,No,06/03/2020,BARROWCLOUGH|DAVID|19863,"Barrowclough, David N",[TACOM];[CSR];[Admin];[ReadOnlyAudit];LocalDomainServers,
72637F345E4BAB2A252F34570EFC6DD4,1A22,,03/01/2010 10:41:56,03/01/2010 10:41:56,CN=Dwayne Petrakis/OU=CHPSID/O=TACOM,,RQ001099,Mackelvane,III,Barbara,E,Self,Barbara E Mackelvane,8343 Bradley Ter,Buffalo,NY,14263-8079,,,E-mail,Manual,03/01/2010,No,03/01/2010,MACKELVANE|BARBARA|14263,"Mackelvane, Barbara E",[TACOM];[CSR];[Admin];[ReadOnlyAudit];LocalDomainServers,
EC5DEF6C79EC90EE3E4011EC58E01A97,1A26,,03/07/2022 07:46:23,03/07/2022 07:46:23,CN=HRC-Transfer/OU=Agents/O=TACOM,,RQ001100,Ostrowski-Lane,,Luis,C,Self,Luis C Ostrowski-Lane,802 Pershing Rd,Albany,NY,12284,(267) 555-1005,luis.ostrowski@example.com,Mail,HRC,03/07/2022,Yes,,OSTROWSKI-LANE|LUIS|12284,"Ostrowski-Lane, Luis C",[TACOM];[CSR];[Admin];[ReadOnlyAudit];LocalDomainServers,
2055AEE63A56C45D624871B710E4C2CF,1A2A,,08/23/2010 08:14:12,08/23/2010 08:14:12,CN=HRC-Transfer/OU=Agents/O=TACOM,,RQ001101,Greaves-Tolan,III,Helen,B,Self,Helen B Greaves-Tolan,1694 Chestnut Pl,Colorado Springs,CO,80968,(410) 555-1657,,E-mail,NPRC,08/23/2010,Yes,08/23/2010,GREAVES-TOLAN|HELEN|80968,"Greaves-Tolan, Helen B",[TACOM];[CSR];[Admin];[ReadOnlyAudit];LocalDomainServers,
F9BA508028BEBD129E578D9A4DC03D1D,1A2E,,01/01/2025 08:04:02,01/01/2025 08:04:02,CN=Benedetta Kowalczyk/OU=CHPSID/O=TACOM,,RQ001102,Whitlock-Bay,,Justin,S,Spouse,Brandon Whitlock,2108 Walnut Way,Dayton,OH,45452,,justin.whitlock@example.com,E-mail,Congressional,01/01/2025,No,01/01/2025,WHITLOCK-BAY|JUSTIN|45452,"Whitlock-Bay, Justin S",[TACOM];[CSR];[Admin];[ReadOnlyAudit];LocalDomainServers,
900F870D6AD10BA77DF36598101914B9,1A32,,05/30/2024 14:44:27,05/30/2024 14:44:27,CN=HRC-Transfer/OU=Agents/O=TACOM,,RQ001103,Greaves-Tolan,,Nancy,W,Self,Nancy W Greaves-Tolan,1330 Dogwood Way,Peoria,IL,61696,,nancy.greaves@example.com,Phone,HRC,05/30/2024,Yes,05/30/2024,GREAVES-TOLAN|NANCY|61696,"Greaves-Tolan, Nancy W",[TACOM];[CSR];[Admin];[ReadOnlyAudit];LocalDomainServers,
105B14D1D3E9B69AB32617ACE11CAFBE,1A36,,09/07/2018 14:44:17,09/07/2018 14:44:17,CN=HRC-Transfer/OU=Agents/O=TACOM,,RQ001104,Quinonez,,Hector,L,Self,Hector L Quinonez,7352 Magnolia Ln,Philadelphia,PA,19138-3821,(856) 555-1624,hector.quinonez@example.com,Phone,HRC,09/07/2018,Yes,,QUINONEZ|HECTOR|19138,"Quinonez, Hector L",[TACOM];[CSR];[Admin];[ReadOnlyAudit];LocalDomainServers,
F82E1A7B6730154B32E8C8180B36DD5D,1A3A,,06/03/2007 11:49:17,06/03/2007 11:49:17,CN=HRC-Transfer/OU=Agents/O=TACOM,,RQ001105,Oakhurst-Pell,Sr.,Anthony,M,Self,Anthony M Oakhurst-Pell,7709 Maple Pl,Louisville,KY,40252,(717) 555-1098,anthony.oakhurst@example.com,E-mail,HRC,06/03/2007,Yes,06/03/2007,OAKHURST-PELL|ANTHONY|40252,"Oakhurst-Pell, Anthony M",[TACOM];[CSR];[Admin];[ReadOnlyAudit];LocalDomainServers,
17A62C28A4D67193F844B6C8E165D171,1A3E,,09/16/2008 15:47:34,09/16/2008 15:47:34,CN=Marlene Okafor/OU=CHPSID/O=TACOM,,RQ001106,Ellsworthy,,John,F,Self,John F Ellsworthy,9052 Walnut Rd,Albany,NY,12222-5299,,,Mail,Congressional,09/16/2008,No,09/16/2008,ELLSWORTHY|JOHN|12222,"Ellsworthy, John F",[TACOM];[CSR];[Admin];[ReadOnlyAudit];LocalDomainServers,
BF6E709C9E78AD1DB48585A8D5C2F147,1A42,,11/24/2023 13:16:36,11/24/2023 13:16:36,CN=HRC-Transfer/OU=Agents/O=TACOM,,RQ001107,Quennevile,,Hector,J,Grandchild,Clarence Quennevile,490 Magnolia Ave Apt 4B,Boise,ID,83726,(410) 555-1101,hector.quennevile@example.com,Phone,HRC,11/24/2023,No,11/24/2023,QUENNEVILE|HECTOR|83726,"Quennevile, Hector J",[TACOM];[CSR];[Admin];[ReadOnlyAudit];LocalDomainServers,
AE750F4B46BE94101DCFE3F4136B19FE,1A46,,08/13/2015 17:15:50,08/13/2015 17:15:50,CN=HRC-Transfer/OU=Agents/O=TACOM,,RQ001108,Kestleman,Sr.,Donna,,Self,Donna Kestleman,9093 Washington Dr,Tampa,FL,33682-5679,(717) 555-1732,,Phone,HRC,08/13/2015,No,,KESTLEMAN|DONNA|33682,"Kestleman, Donna",[TACOM];[CSR];[Admin];[ReadOnlyAudit];LocalDomainServers,
D19A1B2779373829DB4B5AD7E4F57025,1A4A,,06/30/2024 08:32:10,06/30/2024 08:32:10,CN=Dwayne Petrakis/OU=CHPSID/O=TACOM,,RQ001109,Marrowbridge,Jr.,Earl,J,Self,Earl J Marrowbridge,1983 Sycamore Ter,Orlando,FL,32863,,,E-mail,Manual,06/30/2024,No,,MARROWBRIDGE|EARL|32863,"Marrowbridge, Earl",[TACOM];[CSR];[Admin];[ReadOnlyAudit];LocalDomainServers,
6224154A29FE065DA5A3254AD8AF6124,1A4E,,11/24/2008 15:21:19,11/24/2008 15:21:19,CN=HRC-Transfer/OU=Agents/O=TACOM,,RQ001110,Kellerhaus,,Harold,,Self,Harold Kellerhaus,946 Veterans Memorial St,Sacramento,CA,95893,(215) 555-1676,,E-mail,HRC,11/24/2008,No,,KELLERHAUS|HAROLD|95893,"Kellerhaus, Harold",[TACOM];[CSR];[Admin];[ReadOnlyAudit];LocalDomainServers,
2962D0262F2758CDFDEA2E999E22E1EE,1A52,,06/20/2007 14:43:50,06/20/2007 14:43:50,CN=Benedetta Kowalczyk/OU=CHPSID/O=TACOM,,RQ001111,Prendergast,,Lisa,,Spouse,Jamal Prendergast,2205 Lincoln Dr,Newark,NJ,07138,,,Phone,Congressional,06/20/2007,Yes,06/20/2007,PRENDERGAST|LISA|07138,"Prendergast, Lisa",[TACOM];[CSR];[Admin];[ReadOnlyAudit];LocalDomainServers,
F6EF0EFF831F79F8D8A1E5E8E006AA20,1A56,,04/06/2024 16:59:31,04/06/2024 16:59:31,CN=Marlene Okafor/OU=CHPSID/O=TACOM,,RQ001112,Trevino-Hale,Sr.,Donald,K,Self,Donald K Trevino-Hale,6887 Chestnut Blvd,Knoxville,TN,37964,(703) 555-1790,donald.trevino@example.com,Phone,Manual,04/06/2024,Yes,,TREVINO-HALE|DONALD|37964,"Trevino-Hale, Donald K",[TACOM];[CSR];[Admin];[ReadOnlyAudit];LocalDomainServers,
E69D9E15DDA7E831BAB75A794C1E0A25,1A5A,,12/17/2016 07:58:34,12/17/2016 07:58:34,CN=Ret Hamlin/OU=CHPSID/O=TACOM,,RQ001113,Yarrowdale,,Tyler,K,Grandchild,Betty Yarrowdale,8468 Walnut St,Birmingham,AL,35213-3969,,,Mail,Manual,12/17/2016,Yes,,YARROWDALE|TYLER|35213,"Yarrowdale, Tyler K",[TACOM];[CSR];[Admin];[ReadOnlyAudit];LocalDomainServers,
06DD125184BBC4E5AD3A3B4C89FAE79E,1A5E,,01/17/2019 17:37:04,01/17/2019 17:37:04,CN=Marlene Okafor/OU=CHPSID/O=TACOM,,RQ001114,Mackelvane,,Hector,L,Son,Timothy Mackelvane,4077 Ridgway Ln,Minneapolis,MN,55479,(856) 555-1733,hector.mackelvane@example.com,Phone,Manual,01/17/2019,No,01/17/2019,MACKELVANE|HECTOR|55479,"Mackelvane, Hector L",[TACOM];[CSR];[Admin];[ReadOnlyAudit];LocalDomainServers,
3A2037625D51138AC715261DE6A5975C,1A62,,02/23/2026 16:24:31,02/23/2026 16:24:31,CN=Renata Vasquez-Holm/OU=CHPSID/O=TACOM,,RQ001115,Ahlquist-Bane,,Susan,B,Son,Mary Ahlquist,8006 Dogwood Way,Birmingham,AL,35210,(610) 555-1612,susan.ahlquist@example.com,Mail,Manual,02/23/2026,No,02/23/2026,AHLQUIST-BANE|SUSAN|35210,"Ahlquist-Bane, Susan B",[TACOM];[CSR];[Admin];[ReadOnlyAudit];LocalDomainServers,
7D3AF7650E185699FB020F9B2F926509,1A66,,06/02/2022 14:17:17,06/02/2022 14:17:17,CN=HRC-Transfer/OU=Agents/O=TACOM,,RQ001116,Zabrowski,,Jose,,Son,Earl Zabrowski,8264 Poplar Ct,Pensacola,FL,32574,(302) 555-1814,,Mail,HRC,06/02/2022,Yes,,ZABROWSKI|JOSE|32574,"Zabrowski, Jose",[TACOM];[CSR];[Admin];[ReadOnlyAudit];LocalDomainServers,
A486B5A2F9833E93150FB643220EFA88,1A6A,,09/18/2023 15:13:38,09/18/2023 15:13:38,CN=Lorraine Whitcombe/OU=CHPSID/O=TACOM,,RQ001117,Tarquinio,,Amanda,,Parent,Jose Tarquinio,8918 Washington Ct,Albuquerque,NM,87150,(302) 555-1769,,Mail,Congressional,09/18/2023,Yes,09/18/2023,TARQUINIO|AMANDA|87150,"Tarquinio, Amanda",[TACOM];[CSR];[Admin];[ReadOnlyAudit];LocalDomainServers,
D31F2BFC64899156B13ABF8D7A1E2E80,1A6E,,05/20/2009 11:26:33,05/20/2009 11:26:33,CN=HRC-Transfer/OU=Agents/O=TACOM,,RQ001118,Vosburgh,,Clarence,E,Self,Clarence E Vosburgh,4932 Maple Ave,Kansas City,MO,64126,(717) 555-1073,,E-mail,HRC,05/20/2009,No,,VOSBURGH|CLARENCE|64126,"Vosburgh, Clarence E",[TACOM];[CSR];[Admin];[ReadOnlyAudit];LocalDomainServers,
FD89774C586D475CD35C544762C62E08,1A72,,08/08/2011 07:42:59,08/08/2011 07:42:59,CN=HRC-Transfer/OU=Agents/O=TACOM,,RQ001119,Ashcroft-Mayne,III,Hector,H,Self,Hector H Ashcroft-Mayne,39 Walnut Rd,Houston,TX,77038,(215) 555-1681,hector.ashcroft@example.com,Phone,HRC,08/08/2011,No,08/08/2011,ASHCROFT-MAYNE|HECTOR|77038,"Ashcroft-Mayne, Hector H",[TACOM];[CSR];[Admin];[ReadOnlyAudit];LocalDomainServers,
80E9D5AAC012606EAB2E3F9F3330B7D8,1A76,,05/23/2008 08:23:03,05/23/2008 08:23:03,CN=HRC-Transfer/OU=Agents/O=TACOM,,RQ001120,Xanthopoulos,,Matthew,B,Self,Matthew B Xanthopoulos,5887 Marshall Dr,Providence,RI,02999,(484) 555-1736,,Phone,HRC,05/23/2008,Yes,,XANTHOPOULOS|MATTHEW|02999,"Xanthopoulos, Matthew B",[TACOM];[CSR];[Admin];[ReadOnlyAudit];LocalDomainServers,
EDABBD06F248C3728C228E743E6B207A,1A7A,,09/29/2023 10:03:14,09/29/2023 10:03:14,CN=Benedetta Kowalczyk/OU=CHPSID/O=TACOM,,RQ001121,Sallisaw,,Gary,R,Self,Gary R Sallisaw,9601 Madison Ct,Spokane,WA,99236,,,Mail,Congressional,09/29/2023,Yes,09/29/2023,SALLISAW|GARY|99236,"Sallisaw, Gary R",[TACOM];[CSR];[Admin];[ReadOnlyAudit];LocalDomainServers,
843AF75309942D0AAA77D7B6EF7ADA15,1A7E,,08/12/2009 13:59:39,08/12/2009 13:59:39,CN=HRC-Transfer/OU=Agents/O=TACOM,,RQ001122,Zapata-Kell,Sr.,Leonard,L,Self,Leonard L Zapata-Kell,8086 Laurel Way,Detroit,MI,48215,(484) 555-1432,,Mail,NPRC,08/12/2009,No,,ZAPATA-KELL|LEONARD|48215,"Zapata-Kell, Leonard L",[TACOM];[CSR];[Admin];[ReadOnlyAudit];LocalDomainServers,
C3642D2384B56E015825639CD5ED41C3,1A82,,08/07/2017 12:16:32,08/07/2017 12:16:32,CN=Marlene Okafor/OU=CHPSID/O=TACOM,,RQ001123,NORTHWAY,III,Charles,P,Son,Helen Northway,7969 Willow St Apt 11B,Columbus,GA,31978,(540) 555-1657,,Mail,Manual,08/07/2017,No,,NORTHWAY|CHARLES|31978,"NORTHWAY, Charles",[TACOM];[CSR];[Admin];[ReadOnlyAudit];LocalDomainServers,
614F22572E480928AB83EB7CC24B34A9,1A86,,09/14/2006 09:14:06,09/14/2006 09:14:06,CN=HRC-Transfer/OU=Agents/O=TACOM,,RQ001124,Norquist,Sr.,Jessica,P,Self,Jessica P Norquist,5251 Armory Ln Apt 5C,Providence,RI,02926,,,Mail,HRC,09/14/2006,No,09/14/2006,NORQUIST|JESSICA|02926,"Norquist, Jessica P",[TACOM];[CSR];[Admin];[ReadOnlyAudit];LocalDomainServers,
76FC088ADCC7991DBC5FE89788FE9668,1A8A,,06/17/2020 11:21:30,06/17/2020 11:21:30,CN=HRC-Transfer/OU=Agents/O=TACOM,,RQ001125,Maldonado-Vega,Sr.,Andre,K,Self,Andre K Maldonado-Vega,8093 Juniper Pl,Columbus,GA,31933,(610) 555-1263,andre.maldonado@example.com,Mail,HRC,06/17/2020,No,06/17/2020,MALDONADO-VEGA|ANDRE|31933,"Maldonado-Vega, Andre K",[TACOM];[CSR];[Admin];[ReadOnlyAudit];LocalDomainServers,
363BF8E5D1B30AA166EA557223A301EA,1A8E,,10/01/2007 07:57:20,10/01/2007 07:57:20,CN=Renata Vasquez-Holm/OU=CHPSID/O=TACOM,,RQ001126,Rockwell-Sayre,,Timothy,L,Grandchild,Heather Rockwell,9134 Veterans Memorial St Apt 17B,Savannah,GA,31406,(703) 555-1426,timothy.rockwell@example.com,E-mail,Congressional,10/01/2007,Yes,10/01/2007,ROCKWELL-SAYRE|TIMOTHY|31406,"Rockwell-Sayre, Timothy L",[TACOM];[CSR];[Admin];[ReadOnlyAudit];LocalDomainServers,
2631CD7E0CD448C979F3EB523ADF6303,1A92,,07/11/2017 17:05:27,07/11/2017 17:05:27,CN=HRC-Transfer/OU=Agents/O=TACOM,,RQ001127,Escobedo-Ruiz,Sr.,Harold,,Daughter,Sarah Escobedo,1541 Armory Ct,Nashville,TN,37236-1282,(215) 555-1305,,Mail,NPRC,07/11/2017,No,,ESCOBEDO-RUIZ|HAROLD|37236,"Escobedo-Ruiz, Harold",[TACOM];[CSR];[Admin];[ReadOnlyAudit];LocalDomainServers,
DEFA5EDB0150D71A1204DD1B466F368D,1A96,,12/04/2014 14:06:03,12/04/2014 14:06:03,CN=Renata Vasquez-Holm/OU=CHPSID/O=TACOM,,RQ001128,Castellanos,Sr.,Virginia,B,Parent,Daniel Castellanos,8550 Sycamore St,Omaha,NE,68116-0683,(410) 555-1394,,Mail,Manual,12/04/2014,Yes,12/04/2014,CASTELLANOS|VIRGINIA|68116,"Castellanos, Virginia B",[TACOM];[CSR];[Admin];[ReadOnlyAudit];LocalDomainServers,
FB6E7AE3CC54E3F45F08E6215CC0FD75,1A9A,,03/11/2025 13:54:15,03/11/2025 13:54:15,CN=HRC-Transfer/OU=Agents/O=TACOM,,RQ001129,Ashcroft-Mayne,III,Brandon,W,Self,Brandon W Ashcroft-Mayne,7268 Lincoln St,Dayton,OH,45405,,,Mail,HRC,03/11/2025,Yes,,ASHCROFT-MAYNE|BRANDON|45405,"Ashcroft-Mayne, Brandon W",[TACOM];[CSR];[Admin];[ReadOnlyAudit];LocalDomainServers,
DDF5022196847AA2C114785612C8B4AB,1A9E,,05/29/2020 17:22:58,05/29/2020 17:22:58,CN=Marlene Okafor/OU=CHPSID/O=TACOM,,RQ001130,Ashcroft-Mayne,,Virginia,,Self,Virginia Ashcroft-Mayne,1105 Eisenhower St,Spokane,WA,99216,,,Mail,Manual,05/29/2020,No,05/29/2020,ASHCROFT-MAYNE|VIRGINIA|99216,"Ashcroft-Mayne, Virginia",[TACOM];[CSR];[Admin];[ReadOnlyAudit];LocalDomainServers,
2201A54DE231459D5AB8AED89D966DC1,1AA2,,12/17/2020 13:12:30,12/17/2020 13:12:30,CN=HRC-Transfer/OU=Agents/O=TACOM,,RQ001131,Hollinbeck,,Ralph,,Son,Stephanie Hollinbeck,3900 Sycamore Way Apt 39C,Pittsburgh,PA,15279,(267) 555-1924,,Phone,HRC,12/17/2020,Yes,12/17/2020,HOLLINBECK|RALPH|15279,"Hollinbeck, Ralph",[TACOM];[CSR];[Admin];[ReadOnlyAudit];LocalDomainServers,
9E96C94EDCDC7F8F0D41660FD5D56C31,1AA6,,07/12/2015 10:23:06,07/12/2015 10:23:06,CN=HRC-Transfer/OU=Agents/O=TACOM,,RQ001132,Dunmore-Vey,,Carlos,,Self,Carlos Dunmore-Vey,3095 Ridgway St,Honolulu,HI,96894-7253,(856) 555-1709,carlos.dunmore@example.com,E-mail,HRC,07/12/2015,Yes,07/12/2015,DUNMORE-VEY|CARLOS|96894,"Dunmore-Vey, Carlos",[TACOM];[CSR];[Admin];[ReadOnlyAudit];LocalDomainServers,
A869E8EE68C14AB8570275C7478AE28E,1AAA,,11/12/2007 16:00:06,11/12/2007 16:00:06,CN=HRC-Transfer/OU=Agents/O=TACOM,,RQ001133,Urquhart,,Betty,J,Self,Betty J Urquhart,1113 Cedar Ter,Memphis,TN,38102,(610) 555-1619,betty.urquhart@example.com,E-mail,HRC,11/12/2007,Yes,,URQUHART|BETTY|38102,"Urquhart, Betty J",[TACOM];[CSR];[Admin];[ReadOnlyAudit];LocalDomainServers,
F162A9977052EEC403C7DF7A1034702E,1AAE,,02/23/2005 13:13:03,02/23/2005 13:13:03,CN=HRC-Transfer/OU=Agents/O=TACOM,,RQ001134,Quimbley,III,Luis,F,Self,Luis F Quimbley,480 Bradley Ave,Las Vegas,NV,89182,(540) 555-1269,luis.quimbley@example.com,Mail,HRC,02/23/2005,No,,QUIMBLEY|LUIS|89182,"Quimbley, Luis F",[TACOM];[CSR];[Admin];[ReadOnlyAudit];LocalDomainServers,
A234F454EE8EBD91FD514C1D5279E6F8,1AB2,,08/07/2019 16:50:24,08/07/2019 16:50:24,CN=Marlene Okafor/OU=CHPSID/O=TACOM,,RQ001135,Nethercott,,Nicole,S,Self,Nicole S Nethercott,6179 Elm St,Denver,CO,80288,(484) 555-1089,,Mail,Manual,08/07/2019,No,08/07/2019,NETHERCOTT|NICOLE|80288,"Nethercott, Nicole S",[TACOM];[CSR];[Admin];[ReadOnlyAudit];LocalDomainServers,
055059F787C0AE11C37C9F33676BBCE5,1AB6,,02/16/2024 10:09:46,02/16/2024 10:09:46,CN=HRC-Transfer/OU=Agents/O=TACOM,,RQ001136,Dellacroix,,Brandon,R,Self,Brandon R Dellacroix,5463 Ridgway Way,Columbia,SC,29295-0484,(215) 555-1342,,Phone,NPRC,02/16/2024,No,,DELLACROIX|BRANDON|29295,"Dellacroix, Brandon R",[TACOM];[CSR];[Admin];[ReadOnlyAudit];LocalDomainServers,
A5D34A0147F0BFA15DE86FF421D93CD9,1ABA,,11/18/2017 14:53:01,11/18/2017 14:53:01,CN=HRC-Transfer/OU=Agents/O=TACOM,,RQ001137,Hollinbeck,III,Andre,L,Self,Andre L Hollinbeck,6020 Maple Ter,Pensacola,FL,32516,(856) 555-1154,andre.hollinbeck@example.com,E-mail,NPRC,11/18/2017,No,11/18/2017,HOLLINBECK|ANDRE|32516,"Hollinbeck, Andre L",[TACOM];[CSR];[Admin];[ReadOnlyAudit];LocalDomainServers,
969EA1AD4267C12CB96ABA23DFE2F887,1ABE,,12/04/2007 08:51:42,12/04/2007 08:51:42,CN=HRC-Transfer/OU=Agents/O=TACOM,,RQ001138,Figueroa-Paz,Jr.,Karen,H,Self,Karen H Figueroa-Paz,5689 Jefferson Rd,Baltimore,MD,21275,(703) 555-1496,,Mail,HRC,12/04/2007,Yes,12/04/2007,FIGUEROA-PAZ|KAREN|21275,"Figueroa-Paz, Karen H",[TACOM];[CSR];[Admin];[ReadOnlyAudit];LocalDomainServers,
B54C7A1EEFBFA749EE244FDAC9DA0A4B,1AC2,,11/26/2018 08:43:22,11/26/2018 08:43:22,CN=HRC-Transfer/OU=Agents/O=TACOM,,RQ001139,Haverstock,III,Andrew,R,Son,Robert Haverstock,135 Armory Rd,Knoxville,TN,37925,(717) 555-1644,,Phone,HRC,11/26/2018,Yes,,HAVERSTOCK|ANDREW|37925,"Haverstock, Andrew R",[TACOM];[CSR];[Admin];[ReadOnlyAudit];LocalDomainServers,
A010255534B41755D6CD39E8FD68B617,1AC6,,03/25/2011 16:45:01,03/25/2011 16:45:01,CN=Dwayne Petrakis/OU=CHPSID/O=TACOM,,RQ001140,Lindquarry,,Earl,P,Son,Lisa Lindquarry,7388 Cedar Ter,Chicago,IL,60698,(302) 555-1024,,Phone,Manual,03/25/2011,Yes,03/25/2011,LINDQUARRY|EARL|60698,"Lindquarry, Earl P",[TACOM];[CSR];[Admin];[ReadOnlyAudit];LocalDomainServers,
085DCF4D6C380D8A6C191D793B8C80E9,1ACA,,08/30/2022 08:52:33,08/30/2022 08:52:33,CN=Marlene Okafor/OU=CHPSID/O=TACOM,,RQ001141,CASTELLANOS,,Helen,,Self,Helen Castellanos,9593 Ridgway Blvd Apt 14D,Seattle,WA,98148,,,Mail,Manual,08/30/2022,No,,CASTELLANOS|HELEN|98148,"CASTELLANOS, Helen",[TACOM];[CSR];[Admin];[ReadOnlyAudit];LocalDomainServers,
576F95F7DFE366E763BE726A40090EFB,1ACE,,08/14/2026 07:01:01,08/14/2026 07:01:01,CN=Dwayne Petrakis/OU=CHPSID/O=TACOM,,RQ001142,Zellinger,Jr.,Anthony,,Son,Darnell Zellinger,3836 Patton Ln,Anchorage,AK,99568-1445,(717) 555-1207,,Phone,Manual,08/14/2026,Yes,08/14/2026,ZELLINGER|ANTHONY|99568,"Zellinger, Anthony",[TACOM];[CSR];[Admin];[ReadOnlyAudit];LocalDomainServers,
1069B56484E55CC2F275988EBB22DE7E,1AD2,,07/07/2023 07:14:44,07/07/2023 07:14:44,CN=HRC-Transfer/OU=Agents/O=TACOM,,RQ001143,Drakeford,III,Ernesto,M,Sibling,Norman Drakeford,5143 Marshall Rd,Newark,NJ,07127,(856) 555-1991,,E-mail,HRC,07/07/2023,Yes,,DRAKEFORD|ERNESTO|07127,"Drakeford, Ernesto M",[TACOM];[CSR];[Admin];[ReadOnlyAudit];LocalDomainServers,
1C68ACB5D885AF4FB6701BAA2E11E4FA,1AD6,,10/09/2007 08:33:31,10/09/2007 08:33:31,CN=HRC-Transfer/OU=Agents/O=TACOM,,RQ001144,Everleigh,Jr.,Eugene,R,Daughter,Heather Everleigh,2666 Cedar Ct,Columbus,GA,31924,(267) 555-1943,,Phone,HRC,10/09/2007,Yes,10/09/2007,EVERLEIGH|EUGENE|31924,"Everleigh, Eugene R",[TACOM];[CSR];[Admin];[ReadOnlyAudit];LocalDomainServers,
E2575586C54C2E9EF91A9E2E6BA85A5C,1ADA,,07/14/2026 13:04:16,07/14/2026 13:04:16,CN=HRC-Transfer/OU=Agents/O=TACOM,,RQ001145,Sallisaw,Jr.,Matthew,M,Self,Matthew M Sallisaw,8349 Armory Ln Apt 22C,Minneapolis,MN,55458-9111,,,Mail,NPRC,07/14/2026,Yes,07/14/2026,SALLISAW|MATTHEW|55458,"Sallisaw, Matthew M",[TACOM];[CSR];[Admin];[ReadOnlyAudit];LocalDomainServers,
7F72E13102DE7CCB9E6DFC0FE52FAA15,1ADE,,08/20/2016 10:51:09,08/20/2016 10:51:09,CN=Marlene Okafor/OU=CHPSID/O=TACOM,,RQ001146,Fortenbury,,Matthew,,Self,Matthew Fortenbury,4229 Sycamore Ave,Columbus,GA,31986,,matthew.fortenbury@example.com,Mail,Manual,08/20/2016,No,08/20/2016,FORTENBURY|MATTHEW|31986,"Fortenbury, Matthew",[TACOM];[CSR];[Admin];[ReadOnlyAudit];LocalDomainServers,
E4A5603EA9E76ED90F48DF9F91CC943E,1AE2,,01/27/2005 13:04:26,01/27/2005 13:04:26,CN=HRC-Transfer/OU=Agents/O=TACOM,,RQ001147,Galbreath,III,Lisa,,Self,Lisa Galbreath,2285 Cedar Ln,Billings,MT,59160,(703) 555-1046,lisa.galbreath@example.com,Mail,HRC,01/27/2005,Yes,,GALBREATH|LISA|59160,"Galbreath, Lisa",[TACOM];[CSR];[Admin];[ReadOnlyAudit];LocalDomainServers,
C2B10AC604893E228EB70D1407235A94,1AE6,,12/07/2019 16:04:23,12/07/2019 16:04:23,CN=HRC-Transfer/OU=Agents/O=TACOM,,RQ001148,Jarvinen-Roe,,Clarence,A,Spouse,Earl Jarvinen,3087 Veterans Memorial Pl,Charleston,WV,25331,(703) 555-1090,clarence.jarvinen@example.com,Mail,NPRC,12/07/2019,Yes,,JARVINEN-ROE|CLARENCE|25331,"Jarvinen-Roe, Clarence A",[TACOM];[CSR];[Admin];[ReadOnlyAudit];LocalDomainServers,
5B96B753D4E43E0BABF11A2B274A8082,1AEA,,12/03/2023 16:39:00,12/03/2023 16:39:00,CN=HRC-Transfer/OU=Agents/O=TACOM,,RQ001149,Fortenbury,Jr.,Walter,,Self,Walter Fortenbury,9309 Sycamore Ln,Indianapolis,IN,46282,(302) 555-1674,,Mail,NPRC,12/03/2023,No,12/03/2023,FORTENBURY|WALTER|46282,"Fortenbury, Walter",[TACOM];[CSR];[Admin];[ReadOnlyAudit];LocalDomainServers,
B09E754CC408223F354BDA08FD1E9736,1AEE,,08/26/2024 09:44:48,08/26/2024 09:44:48,CN=HRC-Transfer/OU=Agents/O=TACOM,,RQ001150,Ullswater,,Frances,,Self,Frances Ullswater,3810 Chestnut Pl,Anchorage,AK,99521-2632,(610) 555-1315,frances.ullswater@example.com,Phone,HRC,08/26/2024,Yes,,ULLSWATER|FRANCES|99521,"Ullswater, Frances",[TACOM];[CSR];[Admin];[ReadOnlyAudit];LocalDomainServers,
ABB8A83A8F30065A0DEFA15F6CAD3B95,1AF2,,03/06/2010 16:38:06,03/06/2010 16:38:06,CN=Dwayne Petrakis/OU=CHPSID/O=TACOM,,RQ001151,Ahlquist-Bane,,Gary,,Sibling,Jeffrey Ahlquist,3178 Patton Ave,Omaha,NE,68166,(267) 555-1490,gary.ahlquist@example.com,Mail,Congressional,03/06/2010,Yes,03/06/2010,AHLQUIST-BANE|GARY|68166,"Ahlquist-Bane, Gary",[TACOM];[CSR];[Admin];[ReadOnlyAudit];LocalDomainServers,
5F6B055F0A92BE95BA5B27D3E047F9C7,1AF6,,04/15/2017 08:13:57,04/15/2017 08:13:57,CN=HRC-Transfer/OU=Agents/O=TACOM,,RQ001152,Wexcombe,III,Jennifer,,Daughter,Gary Wexcombe,479 Oak Rd,Portland,ME,04134-9551,(856) 555-1208,jennifer.wexcombe@example.com,Mail,HRC,04/15/2017,Yes,04/15/2017,WEXCOMBE|JENNIFER|04134,"Wexcombe, Jennifer",[TACOM];[CSR];[Admin];[ReadOnlyAudit];LocalDomainServers,
C4C796EC801C957FA27ED3104D7FDA48,1AFA,,09/26/2021 15:44:28,09/26/2021 15:44:28,CN=Ret Hamlin/OU=CHPSID/O=TACOM,,RQ001153,Yellowley,,Timothy,F,Spouse,Joshua Yellowley,5643 Ridgway Ln,Lawton,OK,73530,(717) 555-1854,,Mail,Congressional,09/26/2021,Yes,09/26/2021,YELLOWLEY|TIMOTHY|73530,"Yellowley, Timothy F",[TACOM];[CSR];[Admin];[ReadOnlyAudit];LocalDomainServers,
79B8DB3605CA5C8B5CA0C71CDF4EC222,1AFE,,09/09/2006 14:14:04,09/09/2006 14:14:04,CN=HRC-Transfer/OU=Agents/O=TACOM,,RQ001154,Haverstock,III,Virginia,S,Parent,Brian Haverstock,4468 Ridgway Blvd Apt 8A,St. Louis,MO,63195-6396,(540) 555-1082,,E-mail,HRC,09/09/2006,Yes,,HAVERSTOCK|VIRGINIA|63195,"Haverstock, Virginia S",[TACOM];[CSR];[Admin];[ReadOnlyAudit];LocalDomainServers,
884010EAD6D51E362D142B121D31A26D,1B02,,11/24/2022 10:19:09,11/24/2022 10:19:09,CN=HRC-Transfer/OU=Agents/O=TACOM,,RQ001155,Montgomerie,,Darnell,L,Self,Darnell L Montgomerie,7916 Armory Dr,Cleveland,OH,44127,(267) 555-1888,darnell.montgomerie@example.com,Mail,HRC,11/24/2022,Yes,11/24/2022,MONTGOMERIE|DARNELL|44127,"Montgomerie, Darnell L",[TACOM];[CSR];[Admin];[ReadOnlyAudit];LocalDomainServers,
F01832E6C41718972CF6DC73EC127497,1B06,,11/12/2012 16:56:50,11/12/2012 16:56:50,CN=Marlene Okafor/OU=CHPSID/O=TACOM,,RQ001156,Guajardo,,Brandon,E,Daughter,Tyler Guajardo,859 Cedar Ter,Salt Lake City,UT,84169,(410) 555-1481,brandon.guajardo@example.com,Mail,Congressional,11/12/2012,Yes,11/12/2012,GUAJARDO|BRANDON|84169,"Guajardo, Brandon E",[TACOM];[CSR];[Admin];[ReadOnlyAudit];LocalDomainServers,
A08B2A0C6C3C08AE35CDC8DABEB1320B,1B0A,,07/02/2010 16:02:00,07/02/2010 16:02:00,CN=HRC-Transfer/OU=Agents/O=TACOM,,RQ001157,Quarterman,III,Michael,W,Self,Michael W Quarterman,680 Maple St,Anchorage,AK,99578,,michael.quarterman@example.com,Mail,HRC,07/02/2010,No,07/02/2010,QUARTERMAN|MICHAEL|99578,"Quarterman, Michael W",[TACOM];[CSR];[Admin];[ReadOnlyAudit];LocalDomainServers,
E59CCBBA4997FB06DE2971FE35E779FB,1B0E,,05/30/2019 08:49:36,05/30/2019 08:49:36,CN=Lorraine Whitcombe/OU=CHPSID/O=TACOM,,RQ001158,Tarquinio,Jr.,Donna,,Daughter,Virginia Tarquinio,8488 Spruce Ln,Savannah,GA,31446-6562,,,Phone,Congressional,05/30/2019,Yes,,TARQUINIO|DONNA|31446,"Tarquinio, Donna",[TACOM];[CSR];[Admin];[ReadOnlyAudit];LocalDomainServers,
C1DC659B13C95AA63ADDF2CC7B4D4E28,1B12,,09/06/2023 07:47:16,09/06/2023 07:47:16,CN=HRC-Transfer/OU=Agents/O=TACOM,,RQ001159,Reyes-Almonte,,Walter,,Daughter,Helen Reyes,2288 Cedar Pl,Orlando,FL,32862-6513,,walter.reyes@example.com,Mail,NPRC,09/06/2023,No,09/06/2023,REYES-ALMONTE|WALTER|32862,"Reyes-Almonte, Walter",[TACOM];[CSR];[Admin];[ReadOnlyAudit];LocalDomainServers,
FD10E8FEEA0E1D77B45545DAC5598545,1B16,,07/11/2024 13:08:53,07/11/2024 13:08:53,CN=HRC-Transfer/OU=Agents/O=TACOM,,RQ001160,Iverstone,,Hector,N,Self,Hector N Iverstone,3609 Spruce Ter Apt 15A,Columbus,GA,31911,(610) 555-1127,hector.iverstone@example.com,Mail,HRC,07/11/2024,Yes,07/11/2024,IVERSTONE|HECTOR|31911,"Iverstone, Hector N",[TACOM];[CSR];[Admin];[ReadOnlyAudit];LocalDomainServers,
5AB12BD81E8F7A33AED921588EE92CF6,1B1A,,12/08/2011 09:12:16,12/08/2011 09:12:16,CN=HRC-Transfer/OU=Agents/O=TACOM,,RQ001161,Galbreath,Jr.,Christopher,L,Spouse,Michael Galbreath,1082 Washington Ave,Baltimore,MD,21249-0436,(410) 555-1322,,Mail,HRC,12/08/2011,Yes,12/08/2011,GALBREATH|CHRISTOPHER|21249,"Galbreath, Christopher L",[TACOM];[CSR];[Admin];[ReadOnlyAudit];LocalDomainServers,
4E8AA5A93826BBE7BC4F264678E8B30B,1B1E,,08/17/2022 15:52:46,08/17/2022 15:52:46,CN=HRC-Transfer/OU=Agents/O=TACOM,,RQ001162,Jaramillo,,Daniel,,Spouse,Amanda Jaramillo,1932 Eisenhower Rd,Chicago,IL,60689,,,Mail,HRC,08/17/2022,No,08/17/2022,JARAMILLO|DANIEL|60689,"Jaramillo, Daniel",[TACOM];[CSR];[Admin];[ReadOnlyAudit];LocalDomainServers,
353A6C8820881B490083FE5752277AEA,1B22,,11/21/2019 10:10:39,11/21/2019 10:10:39,CN=Dwayne Petrakis/OU=CHPSID/O=TACOM,,RQ001163,Xanthopoulos,,Marcus,T,Self,Marcus T Xanthopoulos,5097 Magnolia Blvd,El Paso,TX,79935,(856) 555-1885,,Mail,Manual,11/21/2019,Yes,11/21/2019,XANTHOPOULOS|MARCUS|79935,"Xanthopoulos, Marcus T",[TACOM];[CSR];[Admin];[ReadOnlyAudit];LocalDomainServers,
B150103766FCA591D901DFE18A2D407E,1B26,,10/09/2004 13:11:36,10/09/2004 13:11:36,CN=HRC-Transfer/OU=Agents/O=TACOM,,RQ001164,Wexcombe,,Ralph,S,Self,Ralph S Wexcombe,6373 Oak Ct,Louisville,KY,40223,(267) 555-1925,ralph.wexcombe@example.com,Phone,NPRC,10/09/2004,Yes,,WEXCOMBE|RALPH|40223,"Wexcombe, Ralph S",[TACOM];[CSR];[Admin];[ReadOnlyAudit];LocalDomainServers,
C30445FD2BDC5F165B33FF467685D1EF,1B2A,,02/11/2021 10:59:16,02/11/2021 10:59:16,CN=Dwayne Petrakis/OU=CHPSID/O=TACOM,,RQ001165,Hinojosa-Mata,,Darnell,M,Daughter,Harold Hinojosa,5798 Eisenhower Ave,Seattle,WA,98122,,,Mail,Congressional,02/11/2021,Yes,,HINOJOSA-MATA|DARNELL|98122,"Hinojosa-Mata, Darnell M",[TACOM];[CSR];[Admin];[ReadOnlyAudit];LocalDomainServers,
5D850D525787465903C65CDC057E0B48,1B2E,,07/28/2011 11:01:29,07/28/2011 11:01:29,CN=HRC-Transfer/OU=Agents/O=TACOM,,RQ001166,Rathbourne,III,Margaret,D,Spouse,Terrence Rathbourne,4951 Walnut St,Huntsville,AL,35852,(717) 555-1110,,E-mail,HRC,07/28/2011,No,07/28/2011,RATHBOURNE|MARGARET|35852,"Rathbourne, Margaret D",[TACOM];[CSR];[Admin];[ReadOnlyAudit];LocalDomainServers,
0212B7B6539251F797F840DBA3251045,1B32,,11/22/2013 17:04:13,11/22/2013 17:04:13,CN=HRC-Transfer/OU=Agents/O=TACOM,,RQ001167,Castellanos,III,Terrence,J,Self,Terrence J Castellanos,2706 Veterans Memorial Ave,Spokane,WA,99220,(410) 555-1488,,Mail,HRC,11/22/2013,Yes,,CASTELLANOS|TERRENCE|99220,"Castellanos, Terrence J",[TACOM];[CSR];[Admin];[ReadOnlyAudit];LocalDomainServers,
AFBCAF53E0C7C886974F2809A00FF81F,1B36,,05/06/2024 09:02:19,05/06/2024 09:02:19,CN=Lorraine Whitcombe/OU=CHPSID/O=TACOM,,RQ001168,Fortenbury,,Timothy D,D,Son,Hector Fortenbury,9398 Pershing Ter Apt 1B,Sioux Falls,SD,57133,(703) 555-1627,,Mail,Manual,05/06/2024,No,,FORTENBURY|TIMOTHY D|57133,"Fortenbury, Timothy D",[TACOM];[CSR];[Admin];[ReadOnlyAudit];LocalDomainServers,RQ000483
8850338761E2ABFBDEB9653F41ECABD2,1B3A,,03/17/2015 11:27:28,03/17/2015 11:27:28,CN=HRC-Transfer/OU=Agents/O=TACOM,,RQ001169,Fortenbury,,Mark,,Daughter,Frances Fortenbury,3381 Madison Dr,Jacksonville,FL,32253,(540) 555-1881,mark.fortenbury@example.com,Mail,HRC,03/17/2015,Yes,,FORTENBURY|MARK|32253,"Fortenbury, Mark",[TACOM];[CSR];[Admin];[ReadOnlyAudit];LocalDomainServers,
DB5702E8DA2AF3D20527E2FE732F3830,1B3E,,05/24/2004 12:48:14,05/24/2004 12:48:14,CN=HRC-Transfer/OU=Agents/O=TACOM,,RQ001170,Kirkbride,,Luis,B,Self,Luis B Kirkbride,9615 Eisenhower Dr Apt 14A,Wheeling,WV,26057,(410) 555-1438,,Mail,HRC,05/24/2004,Yes,,KIRKBRIDE|LUIS|26057,"Kirkbride, Luis B",[TACOM];[CSR];[Admin];[ReadOnlyAudit];LocalDomainServers,
2B526970BBC2B6EE464B63E3948B6C9A,1B42,,06/29/2004 10:53:24,06/29/2004 10:53:24,CN=HRC-Transfer/OU=Agents/O=TACOM,,RQ001171,Rathbourne,,Terrence,H,Self,Terrence H Rathbourne,7878 Birch Ct,Toledo,OH,43640,(302) 555-1982,terrence.rathbourne@example.com,Mail,NPRC,06/29/2004,No,06/29/2004,RATHBOURNE|TERRENCE|43640,"Rathbourne, Terrence H",[TACOM];[CSR];[Admin];[ReadOnlyAudit];LocalDomainServers,
F3C0FE7F8CC374A1A1B3A972791AA8FA,1B46,,02/06/2022 08:12:38,02/06/2022 08:12:38,CN=HRC-Transfer/OU=Agents/O=TACOM,,RQ001172,Coldwater,Sr.,Carol,H,Self,Carol H Coldwater,2538 Washington Blvd,Dayton,OH,45409,(267) 555-1855,,Mail,HRC,02/06/2022,Yes,,COLDWATER|CAROL|45409,"Coldwater, Carol H",[TACOM];[CSR];[Admin];[ReadOnlyAudit];LocalDomainServers,
826B62EE027ED13EB79C648E0CB5A1DA,1B4A,,01/27/2020 16:08:55,01/27/2020 16:08:55,CN=Ret Hamlin/OU=CHPSID/O=TACOM,,RQ001173,Thornbury,,Heather,,Self,Heather Thornbury,8419 Pershing St,Indianapolis,IN,46236-7291,,heather.thornbury@example.com,Phone,Manual,01/27/2020,Yes,01/27/2020,THORNBURY|HEATHER|46236,"Thornbury, Heather",[TACOM];[CSR];[Admin];[ReadOnlyAudit];LocalDomainServers,
5F26C0BE3BF2701B90E6FEE5516ABA9E,1B4E,,01/04/2025 12:52:15,01/04/2025 12:52:15,CN=HRC-Transfer/OU=Agents/O=TACOM,,RQ001174,Beddingfield,,Norman,G,Self,Norman G Beddingfield,9084 Washington Ave,Little Rock,AR,72234,(703) 555-1096,norman.beddingfield@example.com,Mail,HRC,01/04/2025,Yes,01/04/2025,BEDDINGFIELD|NORMAN|72234,"Beddingfield, Norman G",[TACOM];[CSR];[Admin];[ReadOnlyAudit];LocalDomainServers,
195FCD4666766838A16C0BA36CDCD040,1B52,,08/02/2005 12:50:24,08/02/2005 12:50:24,CN=HRC-Transfer/OU=Agents/O=TACOM,,RQ001175,Quimbley,,Rafael,,Self,Rafael Quimbley,9341 Jefferson Ave,Billings,MT,59158,(302) 555-1986,rafael.quimbley@example.com,Phone,NPRC,08/02/2005,Yes,,QUIMBLEY|RAFAEL|59158,"Quimbley, Rafael",[TACOM];[CSR];[Admin];[ReadOnlyAudit];LocalDomainServers,
D55D35D677851716A6D2B33B1E3E588A,1B56,,03/02/2020 14:42:49,03/02/2020 14:42:49,CN=Ret Hamlin/OU=CHPSID/O=TACOM,,RQ001176,Escobedo-Ruiz,Sr.,Tyler,,Self,Tyler Escobedo-Ruiz,7615 Oak Blvd,Atlanta,GA,30331-5747,(717) 555-1491,tyler.escobedo@example.com,Mail,Congressional,03/02/2020,No,03/02/2020,ESCOBEDO-RUIZ|TYLER|30331,"Escobedo-Ruiz, Tyler",[TACOM];[CSR];[Admin];[ReadOnlyAudit];LocalDomainServers,
83205DACE75DAE588CEC2837792447EF,1B5A,,11/18/2015 09:39:30,11/18/2015 09:39:30,CN=HRC-Transfer/OU=Agents/O=TACOM,,RQ001177,Quennevile,,Margaret,,Self,Margaret Quennevile,5703 Willow Pl Apt 27C,Seattle,WA,98141,(856) 555-1336,margaret.quennevile@example.com,Mail,NPRC,11/18/2015,No,,QUENNEVILE|MARGARET|98141,"Quennevile, Margaret",[TACOM];[CSR];[Admin];[ReadOnlyAudit];LocalDomainServers,
96366E1E23C10619F331A2C8A7286389,1B5E,,12/13/2021 08:50:26,12/13/2021 08:50:26,CN=HRC-Transfer/OU=Agents/O=TACOM,,RQ001178,Zapata-Kell,Sr.,Anthony,,Spouse,Norman Zapata,917 Chestnut Ave,Jacksonville,FL,32254-3887,,anthony.zapata@example.com,E-mail,NPRC,12/13/2021,No,12/13/2021,ZAPATA-KELL|ANTHONY|32254,"Zapata-Kell, Anthony",[TACOM];[CSR];[Admin];[ReadOnlyAudit];LocalDomainServers,
F291E3FA1B2F5CD938DB72E4CCAB9730,1B62,,08/28/2004 16:29:29,08/28/2004 16:29:29,CN=Benedetta Kowalczyk/OU=CHPSID/O=TACOM,,RQ001179,Nakashima,Jr.,John,B,Spouse,Elizabeth Nakashima,5590 Elm Blvd,Tampa,FL,33681,,,E-mail,Manual,08/28/2004,No,,NAKASHIMA|JOHN|33681,"Nakashima, John B",[TACOM];[CSR];[Admin];[ReadOnlyAudit];LocalDomainServers,
C9B92A0E45DE4FF0575B193BA5FD24AA,1B66,,10/26/2006 08:18:53,10/26/2006 08:18:53,CN=Ret Hamlin/OU=CHPSID/O=TACOM,,RQ001180,Vosburgh,,Joshua,G,Spouse,Darnell Vosburgh,2021 Madison Ln,Nashville,TN,37249,(302) 555-1913,,Mail,Manual,10/26/2006,No,,VOSBURGH|JOSHUA|37249,"Vosburgh, Joshua",[TACOM];[CSR];[Admin];[ReadOnlyAudit];LocalDomainServers,
1F704D770405F068E899E4BB885FE842,1B6A,,06/09/2014 13:08:30,06/09/2014 13:08:30,CN=HRC-Transfer/OU=Agents/O=TACOM,,RQ001181,Reyes-Almonte,,John,T,Daughter,Raymond Reyes,3234 Sycamore Ln,Tacoma,WA,98414,(610) 555-1707,john.reyes@example.com,Mail,HRC,06/09/2014,Yes,06/09/2014,REYES-ALMONTE|JOHN|98414,"Reyes-Almonte, John T",[TACOM];[CSR];[Admin];[ReadOnlyAudit];LocalDomainServers,
4386302346119F19C9D8A8B1857A7074,1B6E,,04/29/2009 08:28:14,04/29/2009 08:28:14,CN=Lorraine Whitcombe/OU=CHPSID/O=TACOM,,RQ001182,Lindquarry,,William,,Self,William Lindquarry,8561 Armory Way,Columbia,SC,29268-0177,(484) 555-1377,,Mail,Manual,04/29/2009,Yes,,LINDQUARRY|WILLIAM|29268,"Lindquarry, William",[TACOM];[CSR];[Admin];[ReadOnlyAudit];LocalDomainServers,
07E88B2A49EE4801FAC3213EF62025E9,1B72,,07/08/2013 10:12:23,07/08/2013 10:12:23,CN=HRC-Transfer/OU=Agents/O=TACOM,,RQ001183,Norquist,III,Norman,G,Self,Norman G Norquist,5656 Veterans Memorial Way,Anchorage,AK,99596,(610) 555-1732,,E-mail,HRC,07/08/2013,Yes,,NORQUIST|NORMAN|99596,"Norquist, Norman G",[TACOM];[CSR];[Admin];[ReadOnlyAudit];LocalDomainServers,
9DD1079010D7F5B0A2B03E734DAFB699,1B76,,09/15/2022 07:17:17,09/15/2022 07:17:17,CN=HRC-Transfer/OU=Agents/O=TACOM,,RQ001184,Saldivar,Jr.,Barbara,N,Self,Barbara N Saldivar,9057 Patton Dr,Oklahoma City,OK,73161-6272,(484) 555-1312,barbara.saldivar@example.com,E-mail,HRC,09/15/2022,No,,SALDIVAR|BARBARA|73161,"Saldivar, Barbara",[TACOM];[CSR];[Admin];[ReadOnlyAudit];LocalDomainServers,
9601E3B260D8807E08F8E40AE95E6C7B,1B7A,,01/29/2006 17:54:59,01/29/2006 17:54:59,CN=HRC-Transfer/OU=Agents/O=TACOM,,RQ001185,Ellingboe,,Brandon,H,Self,Brandon H Ellingboe,8971 Jefferson Ct Apt 37D,Louisville,KY,40209,(410) 555-1754,,Mail,NPRC,01/29/2006,Yes,01/29/2006,ELLINGBOE|BRANDON|40209,"Ellingboe, Brandon H",[TACOM];[CSR];[Admin];[ReadOnlyAudit];LocalDomainServers,
BD3B8868FA5D292402052ACE43B05343,1B7E,,10/19/2024 14:12:39,10/19/2024 14:12:39,CN=HRC-Transfer/OU=Agents/O=TACOM,,RQ001186,Castellanos,,Mary,D,Self,Mary D Castellanos,100 Ridgway Ter,Portland,ME,04114,(703) 555-1230,,Phone,HRC,10/19/2024,Yes,,CASTELLANOS|MARY|04114,"Castellanos, Mary D",[TACOM];[CSR];[Admin];[ReadOnlyAudit];LocalDomainServers,
F62BE71CA3BEE02C026799C99B5624F1,1B82,,01/06/2007 14:26:08,01/06/2007 14:26:08,CN=HRC-Transfer/OU=Agents/O=TACOM,,RQ001187,Quennevile,Jr.,Rafael,,Self,Rafael Quennevile,2581 Juniper Rd,Las Vegas,NV,89148,(410) 555-1974,rafael.quennevile@example.com,Mail,HRC,01/06/2007,No,,QUENNEVILE|RAFAEL|89148,"Quennevile, Rafael",[TACOM];[CSR];[Admin];[ReadOnlyAudit];LocalDomainServers,
356FD60C36F68ED1B7A8D2B1A8FDCE59,1B86,,02/08/2022 17:49:48,02/08/2022 17:49:48,CN=HRC-Transfer/OU=Agents/O=TACOM,,RQ001188,Haverstock,III,Anthony,,Self,Anthony Haverstock,6219 Pershing Ave,Wilmington,DE,19818-9578,(267) 555-1354,anthony.haverstock@example.com,Mail,NPRC,02/08/2022,No,,HAVERSTOCK|ANTHONY|19818,"Haverstock, Anthony",[TACOM];[CSR];[Admin];[ReadOnlyAudit];LocalDomainServers,
12A22156BDF245B47D7B60ACEBFE9697,1B8A,,07/14/2026 08:17:01,07/14/2026 08:17:01,CN=Benedetta Kowalczyk/OU=CHPSID/O=TACOM,,RQ001189,Bramwold,Jr.,Patricia,J,Daughter,Amanda Bramwold,6239 Marshall Way,Atlanta,GA,30357,(302) 555-1117,patricia.bramwold@example.com,Mail,Manual,07/14/2026,No,07/14/2026,BRAMWOLD|PATRICIA|30357,"Bramwold, Patricia J",[TACOM];[CSR];[Admin];[ReadOnlyAudit];LocalDomainServers,
25C7077442B39D1E2AB5675C516514EC,1B8E,,11/24/2020 07:37:27,11/24/2020 07:37:27,CN=HRC-Transfer/OU=Agents/O=TACOM,,RQ001190,Northway,,Justin,G,Self,Justin G Northway,6444 Juniper Dr,Atlanta,GA,30336-7653,(267) 555-1430,justin.northway@example.com,Phone,HRC,11/24/2020,No,11/24/2020,NORTHWAY|JUSTIN|30336,"Northway, Justin G",[TACOM];[CSR];[Admin];[ReadOnlyAudit];LocalDomainServers,
F1FB18F822B8AB093233A6A7911C273B,1B92,,08/14/2018 17:54:54,08/14/2018 17:54:54,CN=HRC-Transfer/OU=Agents/O=TACOM,,RQ001191,Xanthopoulos,,A.,L,Sibling,Patricia Xanthopoulos,1505 Laurel St,Kansas City,MO,64160,,,E-mail,HRC,08/14/2018,No,,XANTHOPOULOS|A.|64160,"Xanthopoulos, A.",[TACOM];[CSR];[Admin];[ReadOnlyAudit];LocalDomainServers,RQ000182
BF9619A75AC48020C06702C0BC795855,1B96,,07/21/2023 15:40:28,07/21/2023 15:40:28,CN=Dwayne Petrakis/OU=CHPSID/O=TACOM,,RQ001192,Benavidez-Cruz,III,Harold,P,Self,Harold P Benavidez-Cruz,478 Cedar Dr,Denver,CO,80207-1640,(410) 555-1781,harold.benavidez@example.com,E-mail,Congressional,07/21/2023,No,,BENAVIDEZ-CRUZ|HAROLD|80207,"Benavidez-Cruz, Harold P",[TACOM];[CSR];[Admin];[ReadOnlyAudit];LocalDomainServers,
9EDCE27861477D8AAD83DCEBFD4C65F1,1B9A,,06/22/2009 12:06:41,06/22/2009 12:06:41,CN=Benedetta Kowalczyk/OU=CHPSID/O=TACOM,,RQ001193,Altamirano-Diaz,,Walter,F,Self,Walter F Altamirano-Diaz,570 Spruce Way,Memphis,TN,38181-1542,(610) 555-1099,,Mail,Congressional,06/22/2009,Yes,,ALTAMIRANO-DIAZ|WALTER|38181,"Altamirano-Diaz, Walter F",[TACOM];[CSR];[Admin];[ReadOnlyAudit];LocalDomainServers,
BB3524B0B487B42195B503798116FC9B,1B9E,,04/20/2012 14:31:03,04/20/2012 14:31:03,CN=HRC-Transfer/OU=Agents/O=TACOM,,RQ001194,Stroudmoor,,Hector,,Self,Hector Stroudmoor,6009 Maple Ter,Seattle,WA,98194,(215) 555-1300,hector.stroudmoor@example.com,Phone,HRC,04/20/2012,No,04/20/2012,STROUDMOOR|HECTOR|98194,"Stroudmoor, Hector",[TACOM];[CSR];[Admin];[ReadOnlyAudit];LocalDomainServers,
485F35C982A1EB1B8F1393107592E659,1BA2,,02/14/2012 13:24:20,02/14/2012 13:24:20,CN=HRC-Transfer/OU=Agents/O=TACOM,,RQ001195,Crandall-Mott,,David,,Self,David Crandall-Mott,2378 Chestnut Ter,Nashville,TN,37225,(856) 555-1220,,Mail,NPRC,02/14/2012,Yes,02/14/2012,CRANDALL-MOTT|DAVID|37225,"Crandall-Mott, David",[TACOM];[CSR];[Admin];[ReadOnlyAudit];LocalDomainServers,
516673C31686BDD25AC2D4D8A1331A91,1BA6,,10/27/2023 17:08:09,10/27/2023 17:08:09,CN=HRC-Transfer/OU=Agents/O=TACOM,,RQ001196,Castellanos,,Harold,,Self,Harold Castellanos,341 Willow Blvd,Peoria,IL,61646,(703) 555-1602,,Phone,NPRC,10/27/2023,No,10/27/2023,CASTELLANOS|HAROLD|61646,"Castellanos, Harold",[TACOM];[CSR];[Admin];[ReadOnlyAudit];LocalDomainServers,
6441766339D4A1EA07552BCE2E497E74,1BAA,,04/20/2009 09:42:43,04/20/2009 09:42:43,CN=Ret Hamlin/OU=CHPSID/O=TACOM,,RQ001197,Norquist,Jr.,Melissa,,Self,Melissa Norquist,2670 Sycamore Ct,Chicago,IL,60678,(856) 555-1802,melissa.norquist@example.com,Mail,Congressional,04/20/2009,Yes,04/20/2009,NORQUIST|MELISSA|60678,"Norquist, Melissa",[TACOM];[CSR];[Admin];[ReadOnlyAudit];LocalDomainServers,
33B2C4825E430541BC0B2A03BA2C6D24,1BAE,,02/28/2005 17:13:38,02/28/2005 17:13:38,CN=Ret Hamlin/OU=CHPSID/O=TACOM,,RQ001198,Vanterpool,,Kevin,G,Self,Kevin G Vanterpool,8272 Juniper Ave,Peoria,IL,61621,(484) 555-1844,,Mail,Manual,02/28/2005,Yes,,VANTERPOOL|KEVIN|61621,"Vanterpool, Kevin G",[TACOM];[CSR];[Admin];[ReadOnlyAudit];LocalDomainServers,
A85C0AD4DBD65EB07B1FCB89A2D3281F,1BB2,,03/07/2019 17:05:37,03/07/2019 17:05:37,CN=Renata Vasquez-Holm/OU=CHPSID/O=TACOM,,RQ001199,Zimmerly,,Betty,B,Self,Betty B Zimmerly,4974 Eisenhower St,Memphis,TN,38115-2359,(302) 555-1626,,E-mail,Congressional,03/07/2019,Yes,,ZIMMERLY|BETTY|38115,"Zimmerly, Betty B",[TACOM];[CSR];[Admin];[ReadOnlyAudit];LocalDomainServers,
90891425626DD54A459E6A041C5C2205,1BB6,,09/23/2025 10:37:06,09/23/2025 10:37:06,CN=HRC-Transfer/OU=Agents/O=TACOM,,RQ001200,Wickersham,Jr.,Sandra,C,Daughter,Mary Wickersham,1244 Walnut Pl,Sioux Falls,SD,57167,,,Mail,HRC,09/23/2025,Yes,09/23/2025,WICKERSHAM|SANDRA|57167,"Wickersham, Sandra C",[TACOM];[CSR];[Admin];[ReadOnlyAudit];LocalDomainServers,
89DCFE2D23D3EC26550ED74EBBB49BDB,1BBA,,03/16/2012 07:47:39,03/16/2012 07:47:39,CN=HRC-Transfer/OU=Agents/O=TACOM,,RQ001201,Ahlquist-Bane,Jr.,Evelyn,B,Self,Evelyn B Ahlquist-Bane,5208 Eisenhower Way,Hartford,CT,06153-6742,,evelyn.ahlquist@example.com,E-mail,NPRC,03/16/2012,No,,AHLQUIST-BANE|EVELYN|06153,"Ahlquist-Bane, Evelyn B",[TACOM];[CSR];[Admin];[ReadOnlyAudit];LocalDomainServers,
68F8A36A8BDAED43D08D1DB6F394B809,1BBE,,06/25/2012 09:58:16,06/25/2012 09:58:16,CN=HRC-Transfer/OU=Agents/O=TACOM,,RQ001202,Escobedo-Ruiz,,Hector,C,Self,Hector C Escobedo-Ruiz,9830 Pershing Ter,Omaha,NE,68177,(717) 555-1925,hector.escobedo@example.com,Mail,HRC,06/25/2012,No,,ESCOBEDO-RUIZ|HECTOR|68177,"Escobedo-Ruiz, Hector C",[TACOM];[CSR];[Admin];[ReadOnlyAudit];LocalDomainServers,
44A4C9189C7E95762550F28F70E43154,1BC2,,01/31/2005 13:19:11,01/31/2005 13:19:11,CN=Renata Vasquez-Holm/OU=CHPSID/O=TACOM,,RQ001203,Izquierdo,,Christopher,L,Self,Christopher L Izquierdo,18 Lincoln Ter,Milwaukee,WI,53236,(484) 555-1320,,Mail,Congressional,01/31/2005,No,,IZQUIERDO|CHRISTOPHER|53236,"Izquierdo, Christopher L",[TACOM];[CSR];[Admin];[ReadOnlyAudit];LocalDomainServers,
CDFE657E0C94B87F0F1D631BEA0E2E58,1BC6,,05/02/2019 12:39:57,05/02/2019 12:39:57,CN=Benedetta Kowalczyk/OU=CHPSID/O=TACOM,,RQ001204,Lockridge,,Timothy,R,Spouse,Steven Lockridge,1149 Washington Way,Scranton,PA,18535,(703) 555-1358,timothy.lockridge@example.com,Mail,Congressional,05/02/2019,Yes,05/02/2019,LOCKRIDGE|TIMOTHY|18535,"Lockridge, Timothy R",[TACOM];[CSR];[Admin];[ReadOnlyAudit];LocalDomainServers,
14E9484B6AC4DD20BDBA69FBD43BE92A,1BCA,,11/02/2022 07:31:01,11/02/2022 07:31:01,CN=HRC-Transfer/OU=Agents/O=TACOM,,RQ001205,Trevino-Hale Jr.,,Joshua,,Self,Joshua Trevino-Hale,6388 Lincoln St,Birmingham,AL,35279,(717) 555-1521,,Mail,HRC,11/02/2022,No,,TREVINO-HALE JR.|JOSHUA|35279,"Trevino-Hale Jr., Joshua",[TACOM];[CSR];[Admin];[ReadOnlyAudit];LocalDomainServers,
BCD40ECCF36A5001997F58BB82853530,1BCE,,06/17/2019 09:06:45,06/17/2019 09:06:45,CN=HRC-Transfer/OU=Agents/O=TACOM,,RQ001206,Ahlquist-Bane,Sr.,Tyler,,Self,Tyler Ahlquist-Bane,3806 Magnolia Ln,Shreveport,LA,71168,(484) 555-1927,tyler.ahlquist@example.com,Phone,HRC,06/17/2019,No,06/17/2019,AHLQUIST-BANE|TYLER|71168,"Ahlquist-Bane, Tyler",[TACOM];[CSR];[Admin];[ReadOnlyAudit];LocalDomainServers,
66A631B6D35E59FDFEBF0E13C97EDA50,1BD2,,06/26/2017 16:29:38,06/26/2017 16:29:38,CN=HRC-Transfer/OU=Agents/O=TACOM,,RQ001207,Trevino-Hale,III,Heather,K,Spouse,John Trevino,6583 Willow Rd,Harrisburg,PA,17194,(540) 555-1002,,Mail,HRC,06/26/2017,No,06/26/2017,TREVINO-HALE|HEATHER|17194,"Trevino-Hale, Heather K",[TACOM];[CSR];[Admin];[ReadOnlyAudit];LocalDomainServers,
1DA112A8E302E732B07C925BE2859C4B,1BD6,,11/07/2023 08:31:11,11/07/2023 08:31:11,CN=HRC-Transfer/OU=Agents/O=TACOM,,RQ001208,Dunmore-Vey,,Nicole,,Self,Nicole Dunmore-Vey,1299 Marshall Ln,Raleigh,NC,27613-7423,(856) 555-1242,,Phone,HRC,11/07/2023,Yes,11/07/2023,DUNMORE-VEY|NICOLE|27613,"Dunmore-Vey, Nicole",[TACOM];[CSR];[Admin];[ReadOnlyAudit];LocalDomainServers,
6E0CB6C861660C45551000D10A412675,1BDA,,09/24/2021 17:18:56,09/24/2021 17:18:56,CN=Benedetta Kowalczyk/OU=CHPSID/O=TACOM,,RQ001209,Dellacroix,,John,,Self,John Dellacroix,6705 Washington Rd,Phoenix,AZ,85031,(610) 555-1563,,E-mail,Congressional,09/24/2021,No,09/24/2021,DELLACROIX|JOHN|85031,"Dellacroix, John",[TACOM];[CSR];[Admin];[ReadOnlyAudit];LocalDomainServers,
FF0138ACDBE47F5736218D72778B3194,1BDE,,03/19/2010 16:13:41,03/19/2010 16:13:41,CN=HRC-Transfer/OU=Agents/O=TACOM,,RQ001210,Haverstock,Sr.,Betty,,Son,Barbara Haverstock,1134 Chestnut Ter,Little Rock,AR,72217,,,E-mail,HRC,03/19/2010,Yes,03/19/2010,HAVERSTOCK|BETTY|72217,"Haverstock, Betty",[TACOM];[CSR];[Admin];[ReadOnlyAudit];LocalDomainServers,
4CD4A96A39AF860E4C06BD22886D907E,1BE2,,07/15/2023 11:50:55,07/15/2023 11:50:55,CN=HRC-Transfer/OU=Agents/O=TACOM,,RQ001211,Quennevile,Sr.,Frances,F,Self,Frances F Quennevile,1887 Eisenhower Ter,Indianapolis,IN,46250-4029,(717) 555-1198,,E-mail,HRC,07/15/2023,Yes,07/15/2023,QUENNEVILE|FRANCES|46250,"Quennevile, Frances F",[TACOM];[CSR];[Admin];[ReadOnlyAudit];LocalDomainServers,
E6A42EA642A97FB196A3172235B57B81,1BE6,,03/01/2005 08:19:49,03/01/2005 08:19:49,CN=HRC-Transfer/OU=Agents/O=TACOM,,RQ001212,Hollinbeck,Jr.,Heather,J,Self,Heather J Hollinbeck,4869 Maple St Apt 25A,Memphis,TN,38116,(540) 555-1895,heather.hollinbeck@example.com,Mail,HRC,03/01/2005,Yes,03/01/2005,HOLLINBECK|HEATHER|38116,"Hollinbeck, Heather J",[TACOM];[CSR];[Admin];[ReadOnlyAudit];LocalDomainServers,
C0B1E361AD95573DACB7BAAE71D476EA,1BEA,,12/26/2015 07:49:17,12/26/2015 07:49:17,CN=HRC-Transfer/OU=Agents/O=TACOM,,RQ001213,Thornbury,,Melissa,J,Self,Melissa J Thornbury,7967 Spruce Blvd,Tampa,FL,33626,(856) 555-1262,,Mail,NPRC,12/26/2015,No,,THORNBURY|MELISSA|33626,"Thornbury, Melissa J",[TACOM];[CSR];[Admin];[ReadOnlyAudit];LocalDomainServers,
5D75BD76137090AA2918F17371D812CE,1BEE,,11/19/2006 07:49:38,11/19/2006 07:49:38,CN=Renata Vasquez-Holm/OU=CHPSID/O=TACOM,,RQ001214,VILLANUEVA-COX,,Angela,H,Son,William Villanueva,4818 Willow Ct,Chicago,IL,60632,(410) 555-1691,angela.villanueva@example.com,Phone,Manual,11/19/2006,No,,VILLANUEVA-COX|ANGELA|60632,"VILLANUEVA-COX, Angela",[TACOM];[CSR];[Admin];[ReadOnlyAudit];LocalDomainServers,
2CDC9AA6F7B88E27E50227E5F536ABAE,1BF2,,10/18/2024 12:24:06,10/18/2024 12:24:06,CN=Lorraine Whitcombe/OU=CHPSID/O=TACOM,,RQ001215,Isherwood,Jr.,Mary,H,Daughter,Luis Isherwood,8013 Madison Dr,New Orleans,LA,70170-2432,(856) 555-1695,,Mail,Manual,10/18/2024,Yes,10/18/2024,ISHERWOOD|MARY|70170,"Isherwood, Mary H",[TACOM];[CSR];[Admin];[ReadOnlyAudit];LocalDomainServers,
5F881BBDCFBB56C452F1E8E2558C9700,1BF6,,10/12/2018 11:13:50,10/12/2018 11:13:50,CN=HRC-Transfer/OU=Agents/O=TACOM,,RQ001216,Prendergast,,Jose,F,Self,Jose F Prendergast,6344 Washington Rd Apt 26B,Hartford,CT,06118,,jose.prendergast@example.com,Mail,HRC,10/12/2018,Yes,10/12/2018,PRENDERGAST|JOSE|06118,"Prendergast, Jose F",[TACOM];[CSR];[Admin];[ReadOnlyAudit];LocalDomainServers,
4B750516CA75F5CD3B4D0249B2CAA0A9,1BFA,,04/11/2011 17:04:19,04/11/2011 17:04:19,CN=HRC-Transfer/OU=Agents/O=TACOM,,RQ001217,Drakeford,Sr.,Mark,N,Son,Melissa Drakeford,5674 Oak Ave,Cleveland,OH,44181,(717) 555-1054,,Mail,HRC,04/11/2011,Yes,04/11/2011,DRAKEFORD|MARK|44181,"Drakeford, Mark N",[TACOM];[CSR];[Admin];[ReadOnlyAudit];LocalDomainServers,
C018F5219BFFAFDEB5784F7D2E080DB8,1BFE,,09/28/2008 11:59:26,09/28/2008 11:59:26,CN=Ret Hamlin/OU=CHPSID/O=TACOM,,RQ001218,Saldivar,,Margaret,A,Daughter,Sandra Saldivar,4038 Washington Ave,Chicago,IL,60609,(610) 555-1257,,Mail,Congressional,09/28/2008,Yes,,SALDIVAR|MARGARET|60609,"Saldivar, Margaret A",[TACOM];[CSR];[Admin];[ReadOnlyAudit];LocalDomainServers,
EA85FE9E19078739E72202EB268FE053,1C02,,12/24/2017 14:48:26,12/24/2017 14:48:26,CN=HRC-Transfer/OU=Agents/O=TACOM,,RQ001219,Drakeford,,Leonard,A,Self,Leonard A Drakeford,8935 Eisenhower Ln,Louisville,KY,40200-9235,(717) 555-1266,,Mail,NPRC,12/24/2017,Yes,,DRAKEFORD|LEONARD|40200,"Drakeford, Leonard A",[TACOM];[CSR];[Admin];[ReadOnlyAudit];LocalDomainServers,
A6E9B5DD6FA623BF24536AFA07CFE796,1C06,,06/19/2016 10:37:38,06/19/2016 10:37:38,CN=Renata Vasquez-Holm/OU=CHPSID/O=TACOM,,RQ001220,Jarvinen-Roe,,Steven,K,Self,Steven K Jarvinen-Roe,8259 Spruce Rd,Anchorage,AK,99510-7122,,,Phone,Manual,06/19/2016,Yes,06/19/2016,JARVINEN-ROE|STEVEN|99510,"Jarvinen-Roe, Steven K",[TACOM];[CSR];[Admin];[ReadOnlyAudit];LocalDomainServers,
EEB28278DA66F479E786EC49A0C5A44F,1C0A,,02/28/2014 07:16:38,02/28/2014 07:16:38,CN=Benedetta Kowalczyk/OU=CHPSID/O=TACOM,,RQ001221,Yeardley,,Lisa,R,Daughter,Jose Yeardley,4722 Poplar Way,Lawton,OK,73531,(703) 555-1889,lisa.yeardley@example.com,Mail,Manual,02/28/2014,Yes,,YEARDLEY|LISA|73531,"Yeardley, Lisa R",[TACOM];[CSR];[Admin];[ReadOnlyAudit];LocalDomainServers,
A391299DAEBF2FF9CFB2875CD14802C2,1C0E,,07/27/2018 08:52:41,07/27/2018 08:52:41,CN=Lorraine Whitcombe/OU=CHPSID/O=TACOM,,RQ001222,Yarrowdale,,Brian,,Self,Brian Yarrowdale,6344 Marshall Rd,Syracuse,NY,13228,,brian.yarrowdale@example.com,Mail,Manual,07/27/2018,No,07/27/2018,YARROWDALE|BRIAN|13228,"Yarrowdale, Brian",[TACOM];[CSR];[Admin];[ReadOnlyAudit];LocalDomainServers,
FEFD5CC955C1290883E8F1B068C815D9,1C12,,09/09/2023 11:26:57,09/09/2023 11:26:57,CN=HRC-Transfer/OU=Agents/O=TACOM,,RQ001223,Lindquarry,,Evelyn,M,Self,Evelyn M Lindquarry,5845 Magnolia Ter,Trenton,NJ,08644,,,Mail,NPRC,09/09/2023,No,,LINDQUARRY|EVELYN|08644,"Lindquarry, Evelyn M",[TACOM];[CSR];[Admin];[ReadOnlyAudit];LocalDomainServers,
60C75D41CDAD104E402FBB642D1BF368,1C16,,01/06/2024 08:11:38,01/06/2024 08:11:38,CN=HRC-Transfer/OU=Agents/O=TACOM,,RQ001224,Crandall-Mott,,Amanda,,Self,Amanda Crandall-Mott,4971 Pershing Pl,Newark,NJ,07166,,,Mail,HRC,01/06/2024,Yes,01/06/2024,CRANDALL-MOTT|AMANDA|07166,"Crandall-Mott, Amanda",[TACOM];[CSR];[Admin];[ReadOnlyAudit];LocalDomainServers,
4EACAAAD228D598C8E5F18E8628A84F7,1C1A,,11/10/2016 10:44:34,11/10/2016 10:44:34,CN=HRC-Transfer/OU=Agents/O=TACOM,,RQ001225,Villanueva-Cox,,Robert,,Self,Robert Villanueva-Cox,1196 Walnut Ter,Orlando,FL,32899-6356,(540) 555-1745,,Phone,HRC,11/10/2016,Yes,11/10/2016,VILLANUEVA-COX|ROBERT|32899,"Villanueva-Cox, Robert",[TACOM];[CSR];[Admin];[ReadOnlyAudit];LocalDomainServers,
2FF2EB615E89770DD445F2B57125BFE2,1C1E,,05/06/2006 13:24:15,05/06/2006 13:24:15,CN=HRC-Transfer/OU=Agents/O=TACOM,,RQ001226,Ashcroft-Mayne,Jr.,Howard,K,Self,Howard K Ashcroft-Mayne,3682 Laurel Ct,Huntsville,AL,35805,(610) 555-1559,howard.ashcroft@example.com,E-mail,HRC,05/06/2006,No,05/06/2006,ASHCROFT-MAYNE|HOWARD|35805,"Ashcroft-Mayne, Howard K",[TACOM];[CSR];[Admin];[ReadOnlyAudit];LocalDomainServers,
23A4A293BFB575C8F50FF9E94BB48551,1C22,,09/03/2010 08:07:37,09/03/2010 08:07:37,CN=HRC-Transfer/OU=Agents/O=TACOM,,RQ001227,Mackelvane,III,Jeffrey,W,Self,Jeffrey W Mackelvane,9066 Laurel Ter,Wheeling,WV,26075,(302) 555-1365,jeffrey.mackelvane@example.com,Phone,NPRC,09/03/2010,No,,MACKELVANE|JEFFREY|26075,"Mackelvane, Jeffrey W",[TACOM];[CSR];[Admin];[ReadOnlyAudit];LocalDomainServers,
76B216D41E6DE0926F3CDA49725B797B,1C26,,03/25/2009 10:33:12,03/25/2009 10:33:12,CN=HRC-Transfer/OU=Agents/O=TACOM,,RQ001228,Rathbourne,Jr.,John,,Self,John Rathbourne,3308 Patton Rd,Fort Wayne,IN,46856,,,Mail,NPRC,03/25/2009,Yes,03/25/2009,RATHBOURNE|JOHN|46856,"Rathbourne, John",[TACOM];[CSR];[Admin];[ReadOnlyAudit];LocalDomainServers,
5599273E8687B0AA5E2FD7E3676C447A,1C2A,,09/02/2019 09:14:50,09/02/2019 09:14:50,CN=HRC-Transfer/OU=Agents/O=TACOM,,RQ001229,Ostrowski-Lane,,Charles,W,Spouse,Brian Ostrowski,2647 Spruce St,Albany,NY,12285-1394,(267) 555-1846,,Mail,HRC,09/02/2019,No,09/02/2019,OSTROWSKI-LANE|CHARLES|12285,"Ostrowski-Lane, Charles W",[TACOM];[CSR];[Admin];[ReadOnlyAudit];LocalDomainServers,
AD641F02FF237D2FBE792360E09315F4,1C2E,,10/04/2013 09:59:05,10/04/2013 09:59:05,CN=HRC-Transfer/OU=Agents/O=TACOM,,RQ001230,Rockwell-Sayre,Sr.,Charles,D,Self,Charles D Rockwell-Sayre,8902 Oak Way,Providence,RI,02977,,charles.rockwell@example.com,E-mail,HRC,10/04/2013,Yes,10/04/2013,ROCKWELL-SAYRE|CHARLES|02977,"Rockwell-Sayre, Charles D",[TACOM];[CSR];[Admin];[ReadOnlyAudit];LocalDomainServers,
F04875E096472F26C6D83326FB17FDEE,1C32,,08/06/2014 14:05:07,08/06/2014 14:05:07,CN=Ret Hamlin/OU=CHPSID/O=TACOM,,RQ001231,Gastrelle,,Evelyn,G,Self,Evelyn G Gastrelle,3588 Marshall Blvd,Des Moines,IA,50367,(703) 555-1405,evelyn.gastrelle@example.com,E-mail,Congressional,08/06/2014,No,08/06/2014,GASTRELLE|EVELYN|50367,"Gastrelle, Evelyn G",[TACOM];[CSR];[Admin];[ReadOnlyAudit];LocalDomainServers,
6A5F7AAB1F5FAE70A249799AAFDF100C,1C36,,01/03/2023 17:32:22,01/03/2023 17:32:22,CN=HRC-Transfer/OU=Agents/O=TACOM,,RQ001232,Gastrelle,Jr.,Sarah,A,Self,Sarah A Gastrelle,509 Ridgway Ter,San Diego,CA,92177,,sarah.gastrelle@example.com,E-mail,NPRC,01/03/2023,No,01/03/2023,GASTRELLE|SARAH|92177,"Gastrelle, Sarah A",[TACOM];[CSR];[Admin];[ReadOnlyAudit];LocalDomainServers,
E7F5170A0B2B06CED566980C62D74031,1C3A,,07/08/2012 16:26:36,07/08/2012 16:26:36,CN=Ret Hamlin/OU=CHPSID/O=TACOM,,RQ001233,Marrowbridge,,Nicole,L,Son,Howard Marrowbridge,7194 Elm Dr Apt 15B,Omaha,NE,68182-5431,(410) 555-1128,nicole.marrowbridge@example.com,Mail,Manual,07/08/2012,Yes,07/08/2012,MARROWBRIDGE|NICOLE|68182,"Marrowbridge, Nicole L",[TACOM];[CSR];[Admin];[ReadOnlyAudit];LocalDomainServers,
A43481E23A19F548D70E9716ADC8A550,1C3E,,08/09/2024 10:42:44,08/09/2024 10:42:44,CN=HRC-Transfer/OU=Agents/O=TACOM,,RQ001234,Delgadillo,Jr.,Sandra A,A,Daughter,Norman Delgadillo,5704 Maple Dr,Wheeling,WV,26008-2446,(484) 555-1430,,Mail,NPRC,08/09/2024,No,,DELGADILLO|SANDRA A|26008,"Delgadillo, Sandra A",[TACOM];[CSR];[Admin];[ReadOnlyAudit];LocalDomainServers,
EEA5BFB76AAC21BC834549E3CDD7C62F,1C42,,04/06/2006 13:22:45,04/06/2006 13:22:45,CN=Renata Vasquez-Holm/OU=CHPSID/O=TACOM,,RQ001235,Stanwycke,,Thomas,S,Self,Thomas S Stanwycke,2845 Chestnut Ter,Colorado Springs,CO,80996-3148,(267) 555-1732,thomas.stanwycke@example.com,E-mail,Congressional,04/06/2006,No,04/06/2006,STANWYCKE|THOMAS|80996,"Stanwycke, Thomas S",[TACOM];[CSR];[Admin];[ReadOnlyAudit];LocalDomainServers,
010E6A5200CCD4A7964ABE58B3679E81,1C46,,03/11/2018 10:04:41,03/11/2018 10:04:41,CN=Marlene Okafor/OU=CHPSID/O=TACOM,,RQ001236,Dunmore-Vey,,Karen,M,Self,Karen M Dunmore-Vey,7123 Marshall Dr Apt 34A,Philadelphia,PA,19195,(610) 555-1427,karen.dunmore@example.com,Phone,Congressional,03/11/2018,Yes,03/11/2018,DUNMORE-VEY|KAREN|19195,"Dunmore-Vey, Karen M",[TACOM];[CSR];[Admin];[ReadOnlyAudit];LocalDomainServers,
BD07CE3A451C37A590CC5F148EC1A3B8,1C4A,,03/30/2006 16:30:48,03/30/2006 16:30:48,CN=Renata Vasquez-Holm/OU=CHPSID/O=TACOM,,RQ001237,Zimmerly,III,Eugene,,Self,Eugene Zimmerly,7738 Walnut St,Huntsville,AL,35890,,,Phone,Manual,03/30/2006,Yes,03/30/2006,ZIMMERLY|EUGENE|35890,"Zimmerly, Eugene",[TACOM];[CSR];[Admin];[ReadOnlyAudit];LocalDomainServers,
C8C108AB7D2DF1FF208A4D9A62B6C5A6,1C4E,,11/06/2004 15:54:34,11/06/2004 15:54:34,CN=HRC-Transfer/OU=Agents/O=TACOM,,RQ001238,Pemberley,,Robert,B,Self,Robert B Pemberley,8249 Maple Ln,Charleston,WV,25338,(410) 555-1274,,E-mail,HRC,11/06/2004,Yes,,PEMBERLEY|ROBERT|25338,"Pemberley, Robert B",[TACOM];[CSR];[Admin];[ReadOnlyAudit];LocalDomainServers,
1560462974640A1DC88256FF0B767B56,1C52,,03/29/2011 14:35:24,03/29/2011 14:35:24,CN=Benedetta Kowalczyk/OU=CHPSID/O=TACOM,,RQ001239,Pemberley,Sr.,Thomas,W,Daughter,Eugene Pemberley,1853 Marshall Ter,Fresno,CA,93713,(484) 555-1049,,Mail,Manual,03/29/2011,No,,PEMBERLEY|THOMAS|93713,"Pemberley, Thomas W",[TACOM];[CSR];[Admin];[ReadOnlyAudit];LocalDomainServers,
9BD6AD3D013816B4039C32822E9A4346,1C56,,04/11/2019 17:40:43,04/11/2019 17:40:43,CN=HRC-Transfer/OU=Agents/O=TACOM,,RQ001240,Castellanos,,Barbara,W,Sibling,Heather Castellanos,9153 Oak Pl,Columbia,SC,29263,(856) 555-1774,,Mail,HRC,04/11/2019,No,,CASTELLANOS|BARBARA|29263,"Castellanos, Barbara W",[TACOM];[CSR];[Admin];[ReadOnlyAudit];LocalDomainServers,
C7D8FF4AC60750733AFE0FC9F9CF8C24,1C5A,,11/12/2021 11:34:45,11/12/2021 11:34:45,CN=HRC-Transfer/OU=Agents/O=TACOM,,RQ001241,Whitlock-Bay,,Betty,F,Self,Betty F Whitlock-Bay,7706 Eisenhower Blvd,Newark,NJ,07165,,,E-mail,HRC,11/12/2021,Yes,11/12/2021,WHITLOCK-BAY|BETTY|07165,"Whitlock-Bay, Betty F",[TACOM];[CSR];[Admin];[ReadOnlyAudit];LocalDomainServers,
5D22B98073996913E8FC35EAD966FD95,1C5E,,05/06/2018 10:25:14,05/06/2018 10:25:14,CN=HRC-Transfer/OU=Agents/O=TACOM,,RQ001242,Jaramillo,Jr.,Donald,W,Self,Donald W Jaramillo,9020 Magnolia Blvd,Billings,MT,59125-1209,(267) 555-1926,,Mail,NPRC,05/06/2018,Yes,05/06/2018,JARAMILLO|DONALD|59125,"Jaramillo, Donald W",[TACOM];[CSR];[Admin];[ReadOnlyAudit];LocalDomainServers,
B8536A1AFACAE40C4E71D386D68C5148,1C62,,04/16/2006 07:29:51,04/16/2006 07:29:51,CN=HRC-Transfer/OU=Agents/O=TACOM,,RQ001243,Quinonez,III,Anthony,C,Self,Anthony C Quinonez,1134 Armory Ln,Savannah,GA,31454,(717) 555-1700,anthony.quinonez@example.com,Mail,HRC,04/16/2006,Yes,04/16/2006,QUINONEZ|ANTHONY|31454,"Quinonez, Anthony C",[TACOM];[CSR];[Admin];[ReadOnlyAudit];LocalDomainServers,
5D26745DB58E94D7101C302BD982F9DA,1C66,,05/10/2017 08:29:12,05/10/2017 08:29:12,CN=HRC-Transfer/OU=Agents/O=TACOM,,RQ001244,Ingersby,,James,,Self,James Ingersby,2717 Magnolia Blvd,Peoria,IL,61611,(610) 555-1965,james.ingersby@example.com,Mail,HRC,05/10/2017,Yes,05/10/2017,INGERSBY|JAMES|61611,"Ingersby, James",[TACOM];[CSR];[Admin];[ReadOnlyAudit];LocalDomainServers,
2339C9F87320F81956E5C096D0A2D87C,1C6A,,03/18/2005 17:34:47,03/18/2005 17:34:47,CN=HRC-Transfer/OU=Agents/O=TACOM,,RQ001245,Xanthopoulos,,David,,Self,David Xanthopoulos,2907 Chestnut Rd Apt 2C,Las Vegas,NV,89112-2844,(215) 555-1043,,Mail,NPRC,03/18/2005,Yes,,XANTHOPOULOS|DAVID|89112,"Xanthopoulos, David",[TACOM];[CSR];[Admin];[ReadOnlyAudit];LocalDomainServers,
8FC1C560A1D005FA885AEE9E4C7E317D,1C6E,,11/02/2009 14:11:26,11/02/2009 14:11:26,CN=Renata Vasquez-Holm/OU=CHPSID/O=TACOM,,RQ001246,Whitlock-Bay,,Harold,,Self,Harold Whitlock-Bay,782 Chestnut Way,Manchester,NH,03119,(703) 555-1551,,Phone,Congressional,11/02/2009,No,,WHITLOCK-BAY|HAROLD|03119,"Whitlock-Bay, Harold",[TACOM];[CSR];[Admin];[ReadOnlyAudit];LocalDomainServers,
D2B3A76E19B75FA5C4AFA54C00C0B876,1C72,,07/06/2011 14:11:02,07/06/2011 14:11:02,CN=Ret Hamlin/OU=CHPSID/O=TACOM,,RQ001247,Sallisaw,III,Carl,R,Spouse,Heather Sallisaw,413 Pershing Way,Hartford,CT,06119,(717) 555-1427,carl.sallisaw@example.com,E-mail,Congressional,07/06/2011,Yes,07/06/2011,SALLISAW|CARL|06119,"Sallisaw, Carl R",[TACOM];[CSR];[Admin];[ReadOnlyAudit];LocalDomainServers,
1A5B610757FD31549FCF99EDED3E6238,1C76,,04/18/2017 14:34:14,04/18/2017 14:34:14,CN=Ret Hamlin/OU=CHPSID/O=TACOM,,RQ001248,Thornbury,,Timothy,M,Self,Timothy M Thornbury,5341 Chestnut Ln,Jackson,MS,39219,(484) 555-1495,,Mail,Manual,04/18/2017,Yes,04/18/2017,THORNBURY|TIMOTHY|39219,"Thornbury, Timothy M",[TACOM];[CSR];[Admin];[ReadOnlyAudit];LocalDomainServers,
C0CF9E213F4DED2A9F30014049F2D4AB,1C7A,,03/18/2008 15:32:52,03/18/2008 15:32:52,CN=Renata Vasquez-Holm/OU=CHPSID/O=TACOM,,RQ001249,Oakhurst-Pell,Jr.,Mary,B,Self,Mary B Oakhurst-Pell,4935 Cedar Dr,Boise,ID,83729,,mary.oakhurst@example.com,E-mail,Congressional,03/18/2008,No,,OAKHURST-PELL|MARY|83729,"Oakhurst-Pell, Mary B",[TACOM];[CSR];[Admin];[ReadOnlyAudit];LocalDomainServers,
B99F800C8353A4D3444248FFC51B61B0,1C7E,,08/29/2023 13:45:24,08/29/2023 13:45:24,CN=Lorraine Whitcombe/OU=CHPSID/O=TACOM,,RQ001250,Ullswater,Jr.,Andre,G,Self,Andre G Ullswater,9461 Dogwood Ln,Minneapolis,MN,55485,(302) 555-1522,,Mail,Manual,08/29/2023,Yes,08/29/2023,ULLSWATER|ANDRE|55485,"Ullswater, Andre G",[TACOM];[CSR];[Admin];[ReadOnlyAudit];LocalDomainServers,
CB6DB3FD9F9E9FE415D18C85E5997279,1C82,,03/05/2006 12:13:41,03/05/2006 12:13:41,CN=HRC-Transfer/OU=Agents/O=TACOM,,RQ001251,Thornbury,Jr.,Linda,R,Self,Linda R Thornbury,5857 Lincoln Rd,Denver,CO,80273,(717) 555-1948,,Mail,HRC,03/05/2006,Yes,03/05/2006,THORNBURY|LINDA|80273,"Thornbury, Linda R",[TACOM];[CSR];[Admin];[ReadOnlyAudit];LocalDomainServers,
2483697D6B078320EC564E3DE33404B3,1C86,,05/01/2021 07:02:49,05/01/2021 07:02:49,CN=HRC-Transfer/OU=Agents/O=TACOM,,RQ001252,Altamirano-Diaz,Sr.,Andrew,,Self,Andrew Altamirano-Diaz,9259 Spruce Ave Apt 30D,Trenton,NJ,08687,(484) 555-1060,andrew.altamirano@example.com,Mail,HRC,05/01/2021,Yes,,ALTAMIRANO-DIAZ|ANDREW|08687,"Altamirano-Diaz, Andrew",[TACOM];[CSR];[Admin];[ReadOnlyAudit];LocalDomainServers,
3629439843FB4DD969D81DDF20DF4A4F,1C8A,,09/02/2023 10:17:58,09/02/2023 10:17:58,CN=Ret Hamlin/OU=CHPSID/O=TACOM,,RQ001253,Greaves-Tolan,Sr.,Eugene,R,Self,Eugene R Greaves-Tolan,2708 Laurel Blvd,Buffalo,NY,14207,(484) 555-1398,eugene.greaves@example.com,E-mail,Congressional,09/02/2023,Yes,09/02/2023,GREAVES-TOLAN|EUGENE|14207,"Greaves-Tolan, Eugene R",[TACOM];[CSR];[Admin];[ReadOnlyAudit];LocalDomainServers,
0BDA2172259EB2797D23CC062712B2F5,1C8E,,09/17/2025 16:58:58,09/17/2025 16:58:58,CN=HRC-Transfer/OU=Agents/O=TACOM,,RQ001254,Yellowley,,Justin,R,Self,Justin R Yellowley,7966 Juniper Dr Apt 9B,Las Vegas,NV,89157,(703) 555-1161,,Mail,NPRC,09/17/2025,Yes,,YELLOWLEY|JUSTIN|89157,"Yellowley, Justin R",[TACOM];[CSR];[Admin];[ReadOnlyAudit];LocalDomainServers,
4AF0633487CDEC7D25D85FDB20DB2C05,1C92,,01/14/2019 15:54:09,01/14/2019 15:54:09,CN=Benedetta Kowalczyk/OU=CHPSID/O=TACOM,,RQ001255,Drakeford Jr.,III,Harold,J,Self,Harold J Drakeford,1160 Bradley St Apt 25D,Savannah,GA,31463,,,Mail,Manual,01/14/2019,No,,DRAKEFORD JR.|HAROLD|31463,"Drakeford Jr., Harold",[TACOM];[CSR];[Admin];[ReadOnlyAudit];LocalDomainServers,
B990789975C575A89EADE7B0869D2E3B,1C96,,01/29/2023 07:02:40,01/29/2023 07:02:40,CN=HRC-Transfer/OU=Agents/O=TACOM,,RQ001256,Oakhurst-Pell,,Ralph,,Self,Ralph Oakhurst-Pell,2028 Willow Blvd,Billings,MT,59183,(410) 555-1589,ralph.oakhurst@example.com,Mail,NPRC,01/29/2023,Yes,,OAKHURST-PELL|RALPH|59183,"Oakhurst-Pell, Ralph",[TACOM];[CSR];[Admin];[ReadOnlyAudit];LocalDomainServers,
E5998A176FC3AC1A05C49D3494F40205,1C9A,,04/18/2019 15:50:02,04/18/2019 15:50:02,CN=Renata Vasquez-Holm/OU=CHPSID/O=TACOM,,RQ001257,Thornbury,,Ralph,C,Son,Ralph Thornbury,3918 Cedar Dr,Denver,CO,80254-2755,(856) 555-1894,,E-mail,Manual,04/18/2019,Yes,04/18/2019,THORNBURY|RALPH|80254,"Thornbury, Ralph C",[TACOM];[CSR];[Admin];[ReadOnlyAudit];LocalDomainServers,
688077055C5CE3ADB90FA67F2BA40DAC,1C9E,,06/12/2011 10:31:09,06/12/2011 10:31:09,CN=Ret Hamlin/OU=CHPSID/O=TACOM,,RQ001258,Kellerhaus,III,Richard,A,Grandchild,Linda Kellerhaus,898 Spruce Ter Apt 10C,Boise,ID,83769-2289,(540) 555-1002,,Mail,Congressional,06/12/2011,Yes,06/12/2011,KELLERHAUS|RICHARD|83769,"Kellerhaus, Richard A",[TACOM];[CSR];[Admin];[ReadOnlyAudit];LocalDomainServers,
32C999F36C835F0192BC14D3A6A00C66,1CA2,,05/01/2026 11:09:04,05/01/2026 11:09:04,CN=Renata Vasquez-Holm/OU=CHPSID/O=TACOM,,RQ001259,Rockwell-Sayre,III,Jennifer,L,Self,Jennifer L Rockwell-Sayre,9394 Magnolia St,Memphis,TN,38194-6659,(703) 555-1379,,Mail,Congressional,05/01/2026,Yes,,ROCKWELL-SAYRE|JENNIFER|38194,"Rockwell-Sayre, Jennifer L",[TACOM];[CSR];[Admin];[ReadOnlyAudit];LocalDomainServers,
F71C203BF054648AAEE9263F80C582F9,1CA6,,12/16/2008 14:39:41,12/16/2008 14:39:41,CN=Marlene Okafor/OU=CHPSID/O=TACOM,,RQ001260,Zellinger,,Donna,,Self,Donna Zellinger,5161 Chestnut Blvd,Milwaukee,WI,53254,(267) 555-1889,donna.zellinger@example.com,E-mail,Congressional,12/16/2008,Yes,12/16/2008,ZELLINGER|DONNA|53254,"Zellinger, Donna",[TACOM];[CSR];[Admin];[ReadOnlyAudit];LocalDomainServers,
18CB1B826B0A86A2D7913E1B61482FE6,1CAA,,01/14/2019 16:27:53,01/14/2019 16:27:53,CN=Benedetta Kowalczyk/OU=CHPSID/O=TACOM,,RQ001261,Prendergast,,Brandon,B,Self,Brandon B Prendergast,5946 Dogwood Dr,Memphis,TN,38173,,brandon.prendergast@example.com,Mail,Manual,01/14/2019,Yes,01/14/2019,PRENDERGAST|BRANDON|38173,"Prendergast, Brandon B",[TACOM];[CSR];[Admin];[ReadOnlyAudit];LocalDomainServers,
D633FDBCAB05BF64A8790445FDE7CA86,1CAE,,04/20/2018 15:42:47,04/20/2018 15:42:47,CN=Marlene Okafor/OU=CHPSID/O=TACOM,,RQ001262,Jaramillo,Jr.,Norman,R,Son,Angela Jaramillo,7695 Pershing Ct,Omaha,NE,68146,,norman.jaramillo@example.com,Mail,Congressional,04/20/2018,Yes,,JARAMILLO|NORMAN|68146,"Jaramillo, Norman R",[TACOM];[CSR];[Admin];[ReadOnlyAudit];LocalDomainServers,
0C6DC2CE306ED5F430862C889BAE7405,1CB2,,12/01/2020 15:41:28,12/01/2020 15:41:28,CN=HRC-Transfer/OU=Agents/O=TACOM,,RQ001263,Drakeford,,Howard,,Self,Howard Drakeford,731 Jefferson Dr,Providence,RI,02986,(484) 555-1123,,E-mail,HRC,12/01/2020,Yes,,DRAKEFORD|HOWARD|02986,"Drakeford, Howard",[TACOM];[CSR];[Admin];[ReadOnlyAudit];LocalDomainServers,
33A473B3DD2775C8C1CEFDDC7FB57B38,1CB6,,07/08/2009 13:06:30,07/08/2009 13:06:30,CN=HRC-Transfer/OU=Agents/O=TACOM,,RQ001264,Jaramillo,,Patricia,R,Self,Patricia R Jaramillo,5124 Veterans Memorial Way,Providence,RI,02922,,,Phone,HRC,07/08/2009,Yes,,JARAMILLO|PATRICIA|02922,"Jaramillo, Patricia R",[TACOM];[CSR];[Admin];[ReadOnlyAudit];LocalDomainServers,
18FDB039426E0160BC0496F311DA3BBA,1CBA,,11/21/2013 15:35:00,11/21/2013 15:35:00,CN=Ret Hamlin/OU=CHPSID/O=TACOM,,RQ001265,Villanueva-Cox,Sr.,Elizabeth,,Spouse,Ruth Villanueva,5342 Sycamore Ter Apt 29C,El Paso,TX,79975,(856) 555-1950,,Phone,Manual,11/21/2013,Yes,,VILLANUEVA-COX|ELIZABETH|79975,"Villanueva-Cox, Elizabeth",[TACOM];[CSR];[Admin];[ReadOnlyAudit];LocalDomainServers,
D2138C5B386A2D1E013212C9F0716CF4,1CBE,,10/16/2009 08:47:53,10/16/2009 08:47:53,CN=HRC-Transfer/OU=Agents/O=TACOM,,RQ001266,Izquierdo,III,Harold,D,Self,Harold D Izquierdo,8256 Bradley Way,Savannah,GA,31430,(484) 555-1367,harold.izquierdo@example.com,Mail,HRC,10/16/2009,Yes,,IZQUIERDO|HAROLD|31430,"Izquierdo, Harold D",[TACOM];[CSR];[Admin];[ReadOnlyAudit];LocalDomainServers,
0DA4A3B4D2FD75F92AB0315FBFFD34F8,1CC2,,01/13/2015 07:15:02,01/13/2015 07:15:02,CN=Marlene Okafor/OU=CHPSID/O=TACOM,,RQ001267,Redfearn,,Steven,H,Spouse,John Redfearn,523 Oak Ave,Houston,TX,77002,(302) 555-1127,,E-mail,Manual,01/13/2015,Yes,,REDFEARN|STEVEN|77002,"Redfearn, Steven H",[TACOM];[CSR];[Admin];[ReadOnlyAudit];LocalDomainServers,
047A329CEEED3776199337A9149969D4,1CC6,,12/16/2015 07:23:53,12/16/2015 07:23:53,CN=HRC-Transfer/OU=Agents/O=TACOM,,RQ001268,Wickersham Jr.,III,Carl,,Daughter,Frances Wickersham,6663 Chestnut Pl,Peoria,IL,61606,(717) 555-1015,carl.wickersham@example.com,Mail,HRC,12/16/2015,No,,WICKERSHAM JR.|CARL|61606,"Wickersham Jr., Carl",[TACOM];[CSR];[Admin];[ReadOnlyAudit];LocalDomainServers,
80E1E29E1EC5E1241D8F91A8D7BDF482,1CCA,,01/25/2016 15:06:50,01/25/2016 15:06:50,CN=Dwayne Petrakis/OU=CHPSID/O=TACOM,,RQ001269,Mackelvane,Jr.,Sandra,P,Self,Sandra P Mackelvane,6686 Washington Blvd,Oklahoma City,OK,73181,(484) 555-1927,sandra.mackelvane@example.com,Phone,Congressional,01/25/2016,Yes,01/25/2016,MACKELVANE|SANDRA|73181,"Mackelvane, Sandra P",[TACOM];[CSR];[Admin];[ReadOnlyAudit];LocalDomainServers,
B8B36CDC6FD71072552BF548A754434E,1CCE,,09/02/2019 17:28:10,09/02/2019 17:28:10,CN=HRC-Transfer/OU=Agents/O=TACOM,,RQ001270,Stroudmoor,Sr.,Christopher,,Self,Christopher Stroudmoor,8489 Armory Ter,St. Louis,MO,63145,(484) 555-1422,christopher.stroudmoor@example.com,Mail,HRC,09/02/2019,No,,STROUDMOOR|CHRISTOPHER|63145,"Stroudmoor, Christopher",[TACOM];[CSR];[Admin];[ReadOnlyAudit];LocalDomainServers,
46BDE45DF4DF97A074D338B851410953,1CD2,,02/27/2016 16:02:42,02/27/2016 16:02:42,CN=HRC-Transfer/OU=Agents/O=TACOM,,RQ001271,Izquierdo,Sr.,Mary,B,Grandchild,Carol Izquierdo,8533 Ridgway Ct,Albany,NY,12268,(717) 555-1538,mary.izquierdo@example.com,Phone,HRC,02/27/2016,Yes,02/27/2016,IZQUIERDO|MARY|12268,"Izquierdo, Mary B",[TACOM];[CSR];[Admin];[ReadOnlyAudit];LocalDomainServers,
8DCB74F9D27ACAB2E725DEAED2D4FC42,1CD6,,09/20/2018 08:01:23,09/20/2018 08:01:23,CN=Ret Hamlin/OU=CHPSID/O=TACOM,,RQ001272,Wexcombe,Jr.,Clarence,K,Self,Clarence K Wexcombe,8034 Magnolia Way,Columbia,SC,29215,(856) 555-1746,clarence.wexcombe@example.com,E-mail,Manual,09/20/2018,Yes,09/20/2018,WEXCOMBE|CLARENCE|29215,"Wexcombe, Clarence K",[TACOM];[CSR];[Admin];[ReadOnlyAudit];LocalDomainServers,
B9EF01D94168434ADC167BF8D0BFCA7A,1CDA,,01/30/2019 10:49:11,01/30/2019 10:49:11,CN=HRC-Transfer/OU=Agents/O=TACOM,,RQ001273,Vandermolen,,Mildred,L,Grandchild,Thomas Vandermolen,4808 Chestnut Ct,Trenton,NJ,08632,(856) 555-1844,mildred.vandermolen@example.com,Mail,NPRC,01/30/2019,No,,VANDERMOLEN|MILDRED|08632,"Vandermolen, Mildred L",[TACOM];[CSR];[Admin];[ReadOnlyAudit];LocalDomainServers,
7B3A06B186CE2DF123298CC4E47E8DD0,1CDE,,06/10/2011 15:37:29,06/10/2011 15:37:29,CN=HRC-Transfer/OU=Agents/O=TACOM,,RQ001274,Ingersby,Sr.,Steven,N,Self,Steven N Ingersby,3463 Oak Ln Apt 22A,Boise,ID,83747,(856) 555-1423,steven.ingersby@example.com,E-mail,HRC,06/10/2011,No,,INGERSBY|STEVEN|83747,"Ingersby, Steven N",[TACOM];[CSR];[Admin];[ReadOnlyAudit];LocalDomainServers,
34655567465371F390AA599F7DFCBB73,1CE2,,03/14/2006 17:13:36,03/14/2006 17:13:36,CN=Lorraine Whitcombe/OU=CHPSID/O=TACOM,,RQ001275,Ullswater,,Karen,J,Spouse,Jamal Ullswater,4296 Patton Ct,Tacoma,WA,98488,(856) 555-1991,karen.ullswater@example.com,Mail,Congressional,03/14/2006,Yes,03/14/2006,ULLSWATER|KAREN|98488,"Ullswater, Karen J",[TACOM];[CSR];[Admin];[ReadOnlyAudit];LocalDomainServers,
89EF2CED41520B95A9ED819831416241,1CE6,,01/14/2026 07:37:49,01/14/2026 07:37:49,CN=HRC-Transfer/OU=Agents/O=TACOM,,RQ001276,Wexcombe,III,Dorothy P,P,Self,Dorothy P Wexcombe,9823 Spruce Ave,Dayton,OH,45473,(302) 555-1655,,Mail,NPRC,01/14/2026,No,,WEXCOMBE|DOROTHY P|45473,"Wexcombe, Dorothy P",[TACOM];[CSR];[Admin];[ReadOnlyAudit];LocalDomainServers,
6C142F4556EE500A76CEDF8DE5E3D21C,1CEA,,03/16/2026 16:21:41,03/16/2026 16:21:41,CN=HRC-Transfer/OU=Agents/O=TACOM,,RQ001277,Hollinbeck,,Angela,D,Spouse,Charles Hollinbeck,6788 Sycamore Ct,Spokane,WA,99286,(703) 555-1207,angela.hollinbeck@example.com,Mail,NPRC,03/16/2026,No,,HOLLINBECK|ANGELA|99286,"Hollinbeck, Angela D",[TACOM];[CSR];[Admin];[ReadOnlyAudit];LocalDomainServers,
2C518C0F35DFE9DE4F3C7AF440A5C682,1CEE,,08/10/2007 12:49:54,08/10/2007 12:49:54,CN=Renata Vasquez-Holm/OU=CHPSID/O=TACOM,,RQ001278,Hargreave,Jr.,Ernesto,B,Sibling,Rafael Hargreave,5716 Eisenhower Ct,Colorado Springs,CO,80963,(540) 555-1709,,Mail,Manual,08/10/2007,Yes,,HARGREAVE|ERNESTO|80963,"Hargreave, Ernesto B",[TACOM];[CSR];[Admin];[ReadOnlyAudit];LocalDomainServers,
DCDC454560C641427BFC31027D916F76,1CF2,,06/08/2017 09:48:34,06/08/2017 09:48:34,CN=Renata Vasquez-Holm/OU=CHPSID/O=TACOM,,RQ001279,Prendergast,III,Timothy,,Self,Timothy Prendergast,9543 Juniper Rd,Richmond,VA,23230,(610) 555-1448,timothy.prendergast@example.com,Phone,Manual,06/08/2017,Yes,06/08/2017,PRENDERGAST|TIMOTHY|23230,"Prendergast, Timothy",[TACOM];[CSR];[Admin];[ReadOnlyAudit];LocalDomainServers,
608606E3F03F2D897B884DB37826A94F,1CF6,,06/13/2004 11:19:56,06/13/2004 11:19:56,CN=Ret Hamlin/OU=CHPSID/O=TACOM,,RQ001280,Bramwold,Sr.,Hector,D,Spouse,Steven Bramwold,6787 Magnolia Ct,Trenton,NJ,08695-4115,(410) 555-1163,,Phone,Manual,06/13/2004,No,,BRAMWOLD|HECTOR|08695,"Bramwold, Hector D",[TACOM];[CSR];[Admin];[ReadOnlyAudit];LocalDomainServers,
A7CCFF211EC50426A6720288747904EF,1CFA,,07/26/2010 09:24:40,07/26/2010 09:24:40,CN=Marlene Okafor/OU=CHPSID/O=TACOM,,RQ001281,Greaves-Tolan,,Donald,R,Grandchild,Raymond Greaves,781 Juniper Way,Pittsburgh,PA,15210,,donald.greaves@example.com,Mail,Congressional,07/26/2010,No,07/26/2010,GREAVES-TOLAN|DONALD|15210,"Greaves-Tolan, Donald R",[TACOM];[CSR];[Admin];[ReadOnlyAudit];LocalDomainServers,
F2946AF42AECD9F3466E9A0A7DB9935C,1CFE,,12/04/2022 09:01:10,12/04/2022 09:01:10,CN=Dwayne Petrakis/OU=CHPSID/O=TACOM,,RQ001282,Underhill-Voss,,Nicole,K,Self,Nicole K Underhill-Voss,9333 Laurel Blvd Apt 40B,Portland,ME,04131,(267) 555-1462,nicole.underhill@example.com,Mail,Manual,12/04/2022,Yes,12/04/2022,UNDERHILL-VOSS|NICOLE|04131,"Underhill-Voss, Nicole K",[TACOM];[CSR];[Admin];[ReadOnlyAudit];LocalDomainServers,
A8BD7533FC5CB5D0E5A9657C8739D5B1,1D02,,09/14/2023 17:49:51,09/14/2023 17:49:51,CN=HRC-Transfer/OU=Agents/O=TACOM,,RQ001283,Tarquinio,Jr.,Dorothy,F,Self,Dorothy F Tarquinio,7335 Spruce Ave,Raleigh,NC,27613,(856) 555-1756,dorothy.tarquinio@example.com,Mail,NPRC,09/14/2023,Yes,,TARQUINIO|DOROTHY|27613,"Tarquinio, Dorothy F",[TACOM];[CSR];[Admin];[ReadOnlyAudit];LocalDomainServers,
7A60E5D0D384AFC13D17C5B36D75A21A,1D06,,07/07/2017 13:03:29,07/07/2017 13:03:29,CN=Ret Hamlin/OU=CHPSID/O=TACOM,,RQ001284,Norquist,,Sarah,E,Sibling,Donna Norquist,7421 Patton Way,Peoria,IL,61640,(540) 555-1450,,E-mail,Congressional,07/07/2017,Yes,07/07/2017,NORQUIST|SARAH|61640,"Norquist, Sarah E",[TACOM];[CSR];[Admin];[ReadOnlyAudit];LocalDomainServers,
7748899806FE746857A1E2030E9A8D74,1D0A,,04/03/2023 12:56:20,04/03/2023 12:56:20,CN=HRC-Transfer/OU=Agents/O=TACOM,,RQ001285,Xanthopoulos,,Elizabeth,P,Self,Elizabeth P Xanthopoulos,35 Eisenhower Ln,San Antonio,TX,78291,(703) 555-1824,elizabeth.xanthopoulos@example.com,Mail,NPRC,04/03/2023,Yes,04/03/2023,XANTHOPOULOS|ELIZABETH|78291,"Xanthopoulos, Elizabeth P",[TACOM];[CSR];[Admin];[ReadOnlyAudit];LocalDomainServers,
83B3BF801D8113979B9D797B47D3B242,1D0E,,11/06/2017 07:12:38,11/06/2017 07:12:38,CN=HRC-Transfer/OU=Agents/O=TACOM,,RQ001286,Fennimark,,Michael,,Self,Michael Fennimark,744 Oak Blvd,Fayetteville,NC,28377,,,Mail,NPRC,11/06/2017,Yes,,FENNIMARK|MICHAEL|28377,"Fennimark, Michael",[TACOM];[CSR];[Admin];[ReadOnlyAudit];LocalDomainServers,
1190B1EC48147BF41693865E4DCAEC63,1D12,,05/31/2026 16:51:00,05/31/2026 16:51:00,CN=HRC-Transfer/OU=Agents/O=TACOM,,RQ001287,Drakeford,,David,T,Self,David T Drakeford,4712 Washington Ter,Providence,RI,02987-2354,(540) 555-1268,david.drakeford@example.com,E-mail,NPRC,05/31/2026,Yes,,DRAKEFORD|DAVID|02987,"Drakeford, David T",[TACOM];[CSR];[Admin];[ReadOnlyAudit];LocalDomainServers,
22C11B40C389FD272BCEB4F88408FFC4,1D16,,07/31/2014 07:13:09,07/31/2014 07:13:09,CN=Dwayne Petrakis/OU=CHPSID/O=TACOM,,RQ001288,Wickersham,Sr.,Ryan,J,Son,Betty Wickersham,8270 Poplar Blvd,Tucson,AZ,85757,,,Phone,Congressional,07/31/2014,No,07/31/2014,WICKERSHAM|RYAN|85757,"Wickersham, Ryan J",[TACOM];[CSR];[Admin];[ReadOnlyAudit];LocalDomainServers,
EFFC3A2C7C4ED7F1979268CD798339DF,1D1A,,10/23/2021 17:53:46,10/23/2021 17:53:46,CN=Renata Vasquez-Holm/OU=CHPSID/O=TACOM,,RQ001289,Xanthopoulos,Sr.,Andre,B,Self,Andre B Xanthopoulos,7080 Chestnut Blvd,Indianapolis,IN,46283,(302) 555-1820,,E-mail,Congressional,10/23/2021,Yes,,XANTHOPOULOS|ANDRE|46283,"Xanthopoulos, Andre B",[TACOM];[CSR];[Admin];[ReadOnlyAudit];LocalDomainServers,
C3BC24482B40C9AF17FC3BA32FA829F0,1D1E,,07/19/2006 08:34:05,07/19/2006 08:34:05,CN=HRC-Transfer/OU=Agents/O=TACOM,,RQ001290,Ledesma-Ortiz,,Clarence,E,Self,Clarence E Ledesma-Ortiz,6273 Bradley St Apt 9A,Baltimore,MD,21249,(410) 555-1734,,Mail,HRC,07/19/2006,Yes,07/19/2006,LEDESMA-ORTIZ|CLARENCE|21249,"Ledesma-Ortiz, Clarence E",[TACOM];[CSR];[Admin];[ReadOnlyAudit];LocalDomainServers,
4EEBC95187E9FD9F96AE8EC7372E3664,1D22,,07/25/2014 09:02:46,07/25/2014 09:02:46,CN=Ret Hamlin/OU=CHPSID/O=TACOM,,RQ001291,Zabrowski,,Melissa,,Self,Melissa Zabrowski,7701 Veterans Memorial St,Scranton,PA,18594,,,Mail,Congressional,07/25/2014,No,07/25/2014,ZABROWSKI|MELISSA|18594,"Zabrowski, Melissa",[TACOM];[CSR];[Admin];[ReadOnlyAudit];LocalDomainServers,
911350BF568105DE957069252615FDDF,1D26,,06/08/2010 08:16:07,06/08/2010 08:16:07,CN=HRC-Transfer/OU=Agents/O=TACOM,,RQ001292,Lindquarry,Sr.,Sandra,,Parent,Elizabeth Lindquarry,318 Walnut Ter,Buffalo,NY,14256,,,Mail,NPRC,06/08/2010,Yes,,LINDQUARRY|SANDRA|14256,"Lindquarry, Sandra",[TACOM];[CSR];[Admin];[ReadOnlyAudit];LocalDomainServers,
A57CCE6B03EFEE2E9D0056879E0698AA,1D2A,,05/16/2016 09:50:21,05/16/2016 09:50:21,CN=HRC-Transfer/OU=Agents/O=TACOM,,RQ001293,Ellingboe,,Jessica,K,Self,Jessica K Ellingboe,2520 Veterans Memorial Rd,Jacksonville,FL,32243-0490,(540) 555-1188,jessica.ellingboe@example.com,Phone,NPRC,05/16/2016,Yes,05/16/2016,ELLINGBOE|JESSICA|32243,"Ellingboe, Jessica K",[TACOM];[CSR];[Admin];[ReadOnlyAudit];LocalDomainServers,
A78B5B08CB3B81373E803289AFA499DE,1D2E,,06/28/2017 13:27:12,06/28/2017 13:27:12,CN=HRC-Transfer/OU=Agents/O=TACOM,,RQ001294,Pettiford,,Justin,,Self,Justin Pettiford,4599 Jefferson Blvd,Pensacola,FL,32592,(717) 555-1693,,E-mail,HRC,06/28/2017,Yes,,PETTIFORD|JUSTIN|32592,"Pettiford, Justin",[TACOM];[CSR];[Admin];[ReadOnlyAudit];LocalDomainServers,
0A0B6F5AD86648310E25C8B732CF2129,1D32,,06/14/2009 10:51:49,06/14/2009 10:51:49,CN=Benedetta Kowalczyk/OU=CHPSID/O=TACOM,,RQ001295,Jessup-Kane,,Matthew,R,Self,Matthew R Jessup-Kane,8142 Hickory Ln,San Antonio,TX,78299,(410) 555-1574,,E-mail,Congressional,06/14/2009,Yes,06/14/2009,JESSUP-KANE|MATTHEW|78299,"Jessup-Kane, Matthew R",[TACOM];[CSR];[Admin];[ReadOnlyAudit];LocalDomainServers,
9D9BD9FB1B747B1AF44E0A20C3BEE64C,1D36,,01/04/2025 08:18:32,01/04/2025 08:18:32,CN=Ret Hamlin/OU=CHPSID/O=TACOM,,RQ001296,Templeton-Ash,III,Sarah,,Self,Sarah Templeton-Ash,5455 Dogwood St,Killeen,TX,76575-6303,(703) 555-1957,,Phone,Congressional,01/04/2025,No,01/04/2025,TEMPLETON-ASH|SARAH|76575,"Templeton-Ash, Sarah",[TACOM];[CSR];[Admin];[ReadOnlyAudit];LocalDomainServers,
2B9AE97AEDB5E7A6A198048514D51D10,1D3A,,06/28/2017 14:12:27,06/28/2017 14:12:27,CN=Dwayne Petrakis/OU=CHPSID/O=TACOM,,RQ001297,Iverstone,,Anthony,G,Self,Anthony G Iverstone,2831 Lincoln Way,Albany,NY,12235-1005,(540) 555-1191,,E-mail,Manual,06/28/2017,Yes,,IVERSTONE|ANTHONY|12235,"Iverstone, Anthony G",[TACOM];[CSR];[Admin];[ReadOnlyAudit];LocalDomainServers,
F3AAC6374EA9F0AD21C66B985E2C134D,1D3E,,09/04/2017 07:07:38,09/04/2017 07:07:38,CN=Lorraine Whitcombe/OU=CHPSID/O=TACOM,,RQ001298,Nethercott,Sr.,Frances,B,Self,Frances B Nethercott,2045 Armory Rd,Wheeling,WV,26060-6890,(267) 555-1915,frances.nethercott@example.com,Phone,Manual,09/04/2017,Yes,,NETHERCOTT|FRANCES|26060,"Nethercott, Frances B",[TACOM];[CSR];[Admin];[ReadOnlyAudit];LocalDomainServers,
8BFF30026885FBEC1A64F776F539AA75,1D42,,04/19/2021 09:33:09,04/19/2021 09:33:09,CN=HRC-Transfer/OU=Agents/O=TACOM,,RQ001299,Quennevile,,Marcus,,Son,Donna Quennevile,8071 Dogwood Rd Apt 21C,Portland,ME,04144,(610) 555-1964,marcus.quennevile@example.com,Phone,HRC,04/19/2021,Yes,04/19/2021,QUENNEVILE|MARCUS|04144,"Quennevile, Marcus",[TACOM];[CSR];[Admin];[ReadOnlyAudit];LocalDomainServers,
AF72A47A25A216BDCE388E3882B64BBF,1D46,,11/10/2018 07:49:21,11/10/2018 07:49:21,CN=HRC-Transfer/OU=Agents/O=TACOM,,RQ001300,Templeton-Ash,,Gary,,Self,Gary Templeton-Ash,3378 Laurel Ter,Fort Wayne,IN,46802,(484) 555-1073,,Mail,NPRC,11/10/2018,No,,TEMPLETON-ASH|GARY|46802,"Templeton-Ash, Gary",[TACOM];[CSR];[Admin];[ReadOnlyAudit];LocalDomainServers,
FE0199D150B9FA1FF54D35C940201871,1D4A,,08/05/2011 08:12:56,08/05/2011 08:12:56,CN=HRC-Transfer/OU=Agents/O=TACOM,,RQ001301,Trevino-Hale,III,Arthur,,Other NOK,Ryan Trevino,1485 Poplar Ln,Fayetteville,NC,28399,(302) 555-1114,,Phone,HRC,08/05/2011,No,,TREVINO-HALE|ARTHUR|28399,"Trevino-Hale, Arthur",[TACOM];[CSR];[Admin];[ReadOnlyAudit];LocalDomainServers,
69823A92EAA83C77BA3FEBA2D154050B,1D4E,,12/18/2005 13:03:38,12/18/2005 13:03:38,CN=Dwayne Petrakis/OU=CHPSID/O=TACOM,,RQ001302,Nakashima,III,Susan,R,Daughter,Jeffrey Nakashima,7238 Madison Way,Tucson,AZ,85797-1136,(703) 555-1350,,Phone,Congressional,12/18/2005,No,,NAKASHIMA|SUSAN|85797,"Nakashima, Susan R",[TACOM];[CSR];[Admin];[ReadOnlyAudit];LocalDomainServers,
3CD97E788423DAB988F082207B5D41A9,1D52,,11/03/2025 07:35:13,11/03/2025 07:35:13,CN=HRC-Transfer/OU=Agents/O=TACOM,,RQ001303,Beddingfield,,Kevin D,D,Spouse,Stephanie Beddingfield,3285 Spruce Ter,Tampa,FL,33688,(717) 555-1407,,Phone,NPRC,11/03/2025,No,,BEDDINGFIELD|KEVIN D|33688,"Beddingfield, Kevin D",[TACOM];[CSR];[Admin];[ReadOnlyAudit];LocalDomainServers,
B259C8C6B1F10236DD863A33DD666DF8,1D56,,03/16/2019 17:21:36,03/16/2019 17:21:36,CN=HRC-Transfer/OU=Agents/O=TACOM,,RQ001304,Zellinger,,Virginia,T,Sibling,Nicole Zellinger,949 Hickory Dr,New Orleans,LA,70180,(410) 555-1924,virginia.zellinger@example.com,E-mail,HRC,03/16/2019,Yes,,ZELLINGER|VIRGINIA|70180,"Zellinger, Virginia T",[TACOM];[CSR];[Admin];[ReadOnlyAudit];LocalDomainServers,
F98B7D97C77D58614D674E053455825B,1D5A,,02/02/2008 09:32:47,02/02/2008 09:32:47,CN=Lorraine Whitcombe/OU=CHPSID/O=TACOM,,RQ001305,Beddingfield,Jr.,Eugene,M,Self,Eugene M Beddingfield,1897 Veterans Memorial Ct,Hartford,CT,06143,(717) 555-1595,eugene.beddingfield@example.com,Phone,Congressional,02/02/2008,No,02/02/2008,BEDDINGFIELD|EUGENE|06143,"Beddingfield, Eugene M",[TACOM];[CSR];[Admin];[ReadOnlyAudit];LocalDomainServers,
5D945BA8F9A0C313402EAC566FBE37CE,1D5E,,02/10/2011 14:42:48,02/10/2011 14:42:48,CN=HRC-Transfer/OU=Agents/O=TACOM,,RQ001306,Oakhurst-Pell,,Donna,T,Parent,Walter Oakhurst,2580 Willow Ter,Fargo,ND,58118,,donna.oakhurst@example.com,Mail,NPRC,02/10/2011,Yes,02/10/2011,OAKHURST-PELL|DONNA|58118,"Oakhurst-Pell, Donna T",[TACOM];[CSR];[Admin];[ReadOnlyAudit];LocalDomainServers,
5F066F39227B3D97B39E1CA5963A047D,1D62,,02/28/2018 11:19:13,02/28/2018 11:19:13,CN=Ret Hamlin/OU=CHPSID/O=TACOM,,RQ001307,Quinonez,,Andrew,P,Self,Andrew P Quinonez,1430 Lincoln Blvd,Kansas City,MO,64189,(302) 555-1584,,Mail,Congressional,02/28/2018,Yes,02/28/2018,QUINONEZ|ANDREW|64189,"Quinonez, Andrew P",[TACOM];[CSR];[Admin];[ReadOnlyAudit];LocalDomainServers,
1CAC636A82A7D83AA3695A4FA42D6771,1D66,,06/16/2008 12:41:55,06/16/2008 12:41:55,CN=HRC-Transfer/OU=Agents/O=TACOM,,RQ001308,Zapata-Kell,,Arthur,,Self,Arthur Zapata-Kell,4973 Pershing Rd,Burlington,VT,05440,(610) 555-1166,arthur.zapata@example.com,Phone,NPRC,06/16/2008,No,06/16/2008,ZAPATA-KELL|ARTHUR|05440,"Zapata-Kell, Arthur",[TACOM];[CSR];[Admin];[ReadOnlyAudit];LocalDomainServers,
B76279058CDBDB1E8E3BA0EC7EAB784E,1D6A,,03/28/2009 15:23:51,03/28/2009 15:23:51,CN=HRC-Transfer/OU=Agents/O=TACOM,,RQ001309,Villanueva-Cox,,Virginia,H,Self,Virginia H Villanueva-Cox,6120 Birch Ter,Jackson,MS,39257-7419,(410) 555-1170,,E-mail,HRC,03/28/2009,No,03/28/2009,VILLANUEVA-COX|VIRGINIA|39257,"Villanueva-Cox, Virginia H",[TACOM];[CSR];[Admin];[ReadOnlyAudit];LocalDomainServers,
A897190F2CA12F0EE376AB74E99E9119,1D6E,,08/26/2010 09:07:17,08/26/2010 09:07:17,CN=HRC-Transfer/OU=Agents/O=TACOM,,RQ001310,Rockwell-Sayre,III,Robert,,Self,Robert Rockwell-Sayre,6654 Birch Ln,Burlington,VT,05477,(703) 555-1690,robert.rockwell@example.com,Mail,HRC,08/26/2010,No,,ROCKWELL-SAYRE|ROBERT|05477,"Rockwell-Sayre, Robert",[TACOM];[CSR];[Admin];[ReadOnlyAudit];LocalDomainServers,
A3DD53273655A8947D75E420499B62CC,1D72,,02/19/2026 09:14:01,02/19/2026 09:14:01,CN=Lorraine Whitcombe/OU=CHPSID/O=TACOM,,RQ001311,Coldwater,Sr.,Carol,,Self,Carol Coldwater,1263 Madison Dr,Worcester,MA,01613,(717) 555-1695,carol.coldwater@example.com,Mail,Congressional,02/19/2026,No,02/19/2026,COLDWATER|CAROL|01613,"Coldwater, Carol",[TACOM];[CSR];[Admin];[ReadOnlyAudit];LocalDomainServers,
DFE2183B5FFDBA1C06E17BF11F9CBACD,1D76,,07/13/2014 07:17:55,07/13/2014 07:17:55,CN=HRC-Transfer/OU=Agents/O=TACOM,,RQ001312,Northway,Sr.,Frances,A,Grandchild,Sandra Northway,6500 Juniper St Apt 34B,Wheeling,WV,26022,(540) 555-1900,frances.northway@example.com,E-mail,HRC,07/13/2014,Yes,07/13/2014,NORTHWAY|FRANCES|26022,"Northway, Frances A",[TACOM];[CSR];[Admin];[ReadOnlyAudit];LocalDomainServers,
327A2B90C84402F990B0F185C5AB43D3,1D7A,,08/14/2026 09:59:47,08/14/2026 09:59:47,CN=HRC-Transfer/OU=Agents/O=TACOM,,RQ001313,Redfearn,,Charles,,Daughter,Frances Redfearn,8993 Madison Ln,Des Moines,IA,50374-5879,(302) 555-1882,charles.redfearn@example.com,Mail,NPRC,08/14/2026,No,,REDFEARN|CHARLES|50374,"Redfearn, Charles",[TACOM];[CSR];[Admin];[ReadOnlyAudit];LocalDomainServers,
DEBC0E99A96CBB9DFEBF199492A66616,1D7E,,04/24/2014 11:36:59,04/24/2014 11:36:59,CN=HRC-Transfer/OU=Agents/O=TACOM,,RQ001314,Haverstock,Sr.,Howard,R,Self,Howard R Haverstock,9052 Maple Ct,Trenton,NJ,08625,(610) 555-1305,,E-mail,HRC,04/24/2014,No,04/24/2014,HAVERSTOCK|HOWARD|08625,"Haverstock, Howard R",[TACOM];[CSR];[Admin];[ReadOnlyAudit];LocalDomainServers,
C04B11448FA9CF61B21BE8AAE515DD41,1D82,,10/18/2010 15:43:56,10/18/2010 15:43:56,CN=Dwayne Petrakis/OU=CHPSID/O=TACOM,,RQ001315,OAKHURST-PELL,Sr.,Anthony,M,Self,Anthony M Oakhurst-Pell,7709 Maple Pl,Louisville,KY,40252,(717) 555-1098,anthony.oakhurst@example.com,E-mail,Manual,10/18/2010,No,,OAKHURST-PELL|ANTHONY|40252,"OAKHURST-PELL, Anthony",[TACOM];[CSR];[Admin];[ReadOnlyAudit];LocalDomainServers,RQ001105
EBC737413CF8376BB903FD6AE25C0081,1D86,,08/14/2010 14:19:14,08/14/2010 14:19:14,CN=Benedetta Kowalczyk/OU=CHPSID/O=TACOM,,RQ001316,Yarrowdale,,Hector,,Sibling,Norman Yarrowdale,2424 Jefferson Rd,Worcester,MA,01638-1349,(610) 555-1388,hector.yarrowdale@example.com,Mail,Manual,08/14/2010,Yes,08/14/2010,YARROWDALE|HECTOR|01638,"Yarrowdale, Hector",[TACOM];[CSR];[Admin];[ReadOnlyAudit];LocalDomainServers,
594391B1811E03F17A1F2BCE175BD636,1D8A,,02/07/2025 11:09:30,02/07/2025 11:09:30,CN=HRC-Transfer/OU=Agents/O=TACOM,,RQ001317,Dunmore-Vey,,N.,,Self,Nicole Dunmore-Vey,1299 Marshall Ln,Raleigh,NC,27613-7423,(856) 555-1242,,Phone,NPRC,02/07/2025,No,,DUNMORE-VEY|N.|27613,"Dunmore-Vey, N.",[TACOM];[CSR];[Admin];[ReadOnlyAudit];LocalDomainServers,RQ001208
6333681ED671A2F3F10650F3AA61FA45,1D8E,,08/25/2017 12:06:17,08/25/2017 12:06:17,CN=HRC-Transfer/OU=Agents/O=TACOM,,RQ001318,Ledesma-Ortiz,Sr.,Luis,,Daughter,Karen Ledesma,3518 Pershing Dr,Huntsville,AL,35886,(302) 555-1923,luis.ledesma@example.com,Mail,HRC,08/25/2017,No,,LEDESMA-ORTIZ|LUIS|35886,"Ledesma-Ortiz, Luis",[TACOM];[CSR];[Admin];[ReadOnlyAudit];LocalDomainServers,
723B1989A5057EBE44E391ACD30B67EC,1D92,,09/17/2017 10:25:12,09/17/2017 10:25:12,CN=HRC-Transfer/OU=Agents/O=TACOM,,RQ001319,Nakashima,,Justin,W,Daughter,Donald Nakashima,5812 Bradley Blvd,Pensacola,FL,32524,(484) 555-1044,justin.nakashima@example.com,Mail,HRC,09/17/2017,No,09/17/2017,NAKASHIMA|JUSTIN|32524,"Nakashima, Justin W",[TACOM];[CSR];[Admin];[ReadOnlyAudit];LocalDomainServers,
BD61D86FD08162D2952C2149FEA3B657,1D96,,01/11/2014 15:18:41,01/11/2014 15:18:41,CN=HRC-Transfer/OU=Agents/O=TACOM,,RQ001320,Vanterpool,,Thomas,,Self,Thomas Vanterpool,6511 Juniper Pl,Minneapolis,MN,55448-8270,(302) 555-1237,thomas.vanterpool@example.com,Mail,HRC,01/11/2014,No,,VANTERPOOL|THOMAS|55448,"Vanterpool, Thomas",[TACOM];[CSR];[Admin];[ReadOnlyAudit];LocalDomainServers,
0CAB3540C837120EB6750C29484DD62E,1D9A,,12/02/2011 15:49:25,12/02/2011 15:49:25,CN=HRC-Transfer/OU=Agents/O=TACOM,,RQ001321,Lattimore,Sr.,Thomas,E,Self,Thomas E Lattimore,2198 Lincoln Ln,Fargo,ND,58111,,,Phone,HRC,12/02/2011,No,12/02/2011,LATTIMORE|THOMAS|58111,"Lattimore, Thomas E",[TACOM];[CSR];[Admin];[ReadOnlyAudit];LocalDomainServers,
F74149969AC7E787FC0D0F1EFB3C5AFD,1D9E,,08/13/2025 11:18:19,08/13/2025 11:18:19,CN=HRC-Transfer/OU=Agents/O=TACOM,,RQ001322,Mackelvane,Jr.,James H,H,Daughter,Andre Mackelvane,5920 Madison Ave,Anchorage,AK,99573-2790,,,Mail,NPRC,08/13/2025,No,,MACKELVANE|JAMES H|99573,"Mackelvane, James H",[TACOM];[CSR];[Admin];[ReadOnlyAudit];LocalDomainServers,
9A127BB7EB51D6CC541CAA3AC46F2FE5,1DA2,,08/19/2020 15:22:46,08/19/2020 15:22:46,CN=HRC-Transfer/OU=Agents/O=TACOM,,RQ001323,Umberlake,,Leonard,,Spouse,Margaret Umberlake,2362 Magnolia Dr,Portland,OR,97251,(215) 555-1874,,Mail,HRC,08/19/2020,Yes,,UMBERLAKE|LEONARD|97251,"Umberlake, Leonard",[TACOM];[CSR];[Admin];[ReadOnlyAudit];LocalDomainServers,
95C3D72AE4BBBC7D860E1A9408E08BFC,1DA6,,07/24/2007 08:12:20,07/24/2007 08:12:20,CN=HRC-Transfer/OU=Agents/O=TACOM,,RQ001324,Guajardo,,Mildred,K,Sibling,Carl Guajardo,3154 Armory St,Scranton,PA,18548,(703) 555-1035,mildred.guajardo@example.com,E-mail,NPRC,07/24/2007,Yes,07/24/2007,GUAJARDO|MILDRED|18548,"Guajardo, Mildred K",[TACOM];[CSR];[Admin];[ReadOnlyAudit];LocalDomainServers,
35F9EC239673CA3500512833DFBE9D57,1DAA,,05/01/2008 15:51:13,05/01/2008 15:51:13,CN=HRC-Transfer/OU=Agents/O=TACOM,,RQ001325,Zabrowski,Jr.,Tyler,,Self,Tyler Zabrowski,7665 Maple Blvd,Newark,NJ,07146-8143,(856) 555-1858,,E-mail,NPRC,05/01/2008,No,05/01/2008,ZABROWSKI|TYLER|07146,"Zabrowski, Tyler",[TACOM];[CSR];[Admin];[ReadOnlyAudit];LocalDomainServers,
27BA377670AB73936DB957006ED756B8,1DAE,,03/01/2004 07:36:35,03/01/2004 07:36:35,CN=HRC-Transfer/OU=Agents/O=TACOM,,RQ001326,Bramwold,III,Andrew,,Self,Andrew Bramwold,9760 Walnut Ln,Des Moines,IA,50304-0985,(302) 555-1081,,Phone,NPRC,03/01/2004,No,,BRAMWOLD|ANDREW|50304,"Bramwold, Andrew",[TACOM];[CSR];[Admin];[ReadOnlyAudit];LocalDomainServers,
6868B4B5EC46A08196FB39205041492D,1DB2,,03/11/2026 10:22:19,03/11/2026 10:22:19,CN=HRC-Transfer/OU=Agents/O=TACOM,,RQ001327,Vanterpool,III,Ryan,M,Son,Rafael Vanterpool,3261 Oak Ct,Kansas City,MO,64187,(302) 555-1280,ryan.vanterpool@example.com,Phone,NPRC,03/11/2026,Yes,,VANTERPOOL|RYAN|64187,"Vanterpool, Ryan M",[TACOM];[CSR];[Admin];[ReadOnlyAudit];LocalDomainServers,
5AFDF7B14651F5DAC990F73593787AFA,1DB6,,01/04/2021 08:11:06,01/04/2021 08:11:06,CN=HRC-Transfer/OU=Agents/O=TACOM,,RQ001328,Drakeford,,Helen,,Self,Helen Drakeford,4174 Walnut Ter Apt 20D,Tampa,FL,33665,,helen.drakeford@example.com,E-mail,HRC,01/04/2021,Yes,,DRAKEFORD|HELEN|33665,"Drakeford, Helen",[TACOM];[CSR];[Admin];[ReadOnlyAudit];LocalDomainServers,
D92DD48CDCD71BB809110C2B382EE318,1DBA,,09/20/2014 09:21:00,09/20/2014 09:21:00,CN=Dwayne Petrakis/OU=CHPSID/O=TACOM,,RQ001329,Trevino-Hale,III,Jennifer,,Spouse,Lisa Trevino,3736 Patton Ln,Denver,CO,80277-0812,(703) 555-1611,jennifer.trevino@example.com,Mail,Manual,09/20/2014,Yes,,TREVINO-HALE|JENNIFER|80277,"Trevino-Hale, Jennifer",[TACOM];[CSR];[Admin];[ReadOnlyAudit];LocalDomainServers,
CE4182F88A3B85F20F2D9F120CECF953,1DBE,,06/05/2023 17:59:55,06/05/2023 17:59:55,CN=HRC-Transfer/OU=Agents/O=TACOM,,RQ001330,Washington-Pryce,,Ralph,N,Daughter,Norman Washington,3544 Laurel Blvd,Tampa,FL,33667,(717) 555-1023,ralph.washington@example.com,Mail,HRC,06/05/2023,Yes,,WASHINGTON-PRYCE|RALPH|33667,"Washington-Pryce, Ralph N",[TACOM];[CSR];[Admin];[ReadOnlyAudit];LocalDomainServers,
AE9DEC3033759A8012B059FF3984DB3C,1DC2,,08/17/2006 10:16:04,08/17/2006 10:16:04,CN=HRC-Transfer/OU=Agents/O=TACOM,,RQ001331,Tarquinio,,Betty,C,Daughter,Tyler Tarquinio,55 Dogwood Dr,Atlanta,GA,30383-0755,(302) 555-1344,,Mail,NPRC,08/17/2006,Yes,,TARQUINIO|BETTY|30383,"Tarquinio, Betty C",[TACOM];[CSR];[Admin];[ReadOnlyAudit];LocalDomainServers,
0049D8A1DEDD7C7B76B075774B967EF5,1DC6,,04/06/2025 07:49:23,04/06/2025 07:49:23,CN=Marlene Okafor/OU=CHPSID/O=TACOM,,RQ001332,Vanterpool,Jr.,Christopher,,Grandchild,Frances Vanterpool,6176 Cedar Way,Honolulu,HI,96852,(703) 555-1008,christopher.vanterpool@example.com,Mail,Manual,04/06/2025,Yes,04/06/2025,VANTERPOOL|CHRISTOPHER|96852,"Vanterpool, Christopher",[TACOM];[CSR];[Admin];[ReadOnlyAudit];LocalDomainServers,
AEEB1955423C7A30E802700CC61A01B1,1DCA,,05/07/2020 15:05:47,05/07/2020 15:05:47,CN=HRC-Transfer/OU=Agents/O=TACOM,,RQ001333,Ledesma-Ortiz,,Andre,,Self,Andre Ledesma-Ortiz,7724 Oak Ave,Cleveland,OH,44105,,,Phone,HRC,05/07/2020,Yes,05/07/2020,LEDESMA-ORTIZ|ANDRE|44105,"Ledesma-Ortiz, Andre",[TACOM];[CSR];[Admin];[ReadOnlyAudit];LocalDomainServers,
296CFA46A48147050D44FA18F6072B3B,1DCE,,06/02/2012 13:52:13,06/02/2012 13:52:13,CN=HRC-Transfer/OU=Agents/O=TACOM,,RQ001334,Galbreath,,Donald,,Daughter,Luis Galbreath,5072 Laurel Way,San Antonio,TX,78276,(856) 555-1922,,Mail,HRC,06/02/2012,No,06/02/2012,GALBREATH|DONALD|78276,"Galbreath, Donald",[TACOM];[CSR];[Admin];[ReadOnlyAudit];LocalDomainServers,
0CF5D8714F60235CCB731EA2C5B16F06,1DD2,,12/28/2015 12:14:10,12/28/2015 12:14:10,CN=Renata Vasquez-Holm/OU=CHPSID/O=TACOM,,RQ001335,Ellsworthy,,John,A,Grandchild,Darnell Ellsworthy,3129 Armory Ct,Huntsville,AL,35885-4684,(717) 555-1866,,Mail,Manual,12/28/2015,No,12/28/2015,ELLSWORTHY|JOHN|35885,"Ellsworthy, John A",[TACOM];[CSR];[Admin];[ReadOnlyAudit];LocalDomainServers,
B6BEA08ECE250D643F766FC064BB3CAA,1DD6,,09/22/2007 16:47:34,09/22/2007 16:47:34,CN=Ret Hamlin/OU=CHPSID/O=TACOM,,RQ001336,Castellanos,,Carl,G,Son,Frances Castellanos,2521 Veterans Memorial Ct,Sioux Falls,SD,57140,(267) 555-1392,,Mail,Manual,09/22/2007,No,,CASTELLANOS|CARL|57140,"Castellanos, Carl G",[TACOM];[CSR];[Admin];[ReadOnlyAudit];LocalDomainServers,
6B69C0F94B305D5D9D5A60F0C983C582,1DDA,,07/31/2013 07:27:32,07/31/2013 07:27:32,CN=Renata Vasquez-Holm/OU=CHPSID/O=TACOM,,RQ001337,Nethercott,Jr.,Angela,,Self,Angela Nethercott,613 Magnolia St,Orlando,FL,32834,(610) 555-1989,angela.nethercott@example.com,Mail,Congressional,07/31/2013,No,07/31/2013,NETHERCOTT|ANGELA|32834,"Nethercott, Angela",[TACOM];[CSR];[Admin];[ReadOnlyAudit];LocalDomainServers,
B3FA3F50CF537481B466DE3FF2D81C3B,1DDE,,03/04/2016 14:11:14,03/04/2016 14:11:14,CN=HRC-Transfer/OU=Agents/O=TACOM,,RQ001338,Ellingboe,Sr.,Andrew,,Son,Virginia Ellingboe,6933 Patton St,Des Moines,IA,50329,(610) 555-1910,,E-mail,NPRC,03/04/2016,No,03/04/2016,ELLINGBOE|ANDREW|50329,"Ellingboe, Andrew",[TACOM];[CSR];[Admin];[ReadOnlyAudit];LocalDomainServers,
18F158B92ADA0AE4E91E7233D1AB5AD2,1DE2,,01/20/2023 14:03:06,01/20/2023 14:03:06,CN=Lorraine Whitcombe/OU=CHPSID/O=TACOM,,RQ001339,Stroudmoor,,Mildred,L,Self,Mildred L Stroudmoor,3908 Ridgway Dr,Colorado Springs,CO,80986-4645,(410) 555-1383,,E-mail,Congressional,01/20/2023,No,01/20/2023,STROUDMOOR|MILDRED|80986,"Stroudmoor, Mildred L",[TACOM];[CSR];[Admin];[ReadOnlyAudit];LocalDomainServers,
47535F4C7D61F852BBE6D8578AA6D1D7,1DE6,,01/28/2015 15:14:41,01/28/2015 15:14:41,CN=Lorraine Whitcombe/OU=CHPSID/O=TACOM,,RQ001340,Lindquarry,,Karen,J,Self,Karen J Lindquarry,9640 Juniper Ter,Cleveland,OH,44189,(540) 555-1866,karen.lindquarry@example.com,Mail,Manual,01/28/2015,Yes,01/28/2015,LINDQUARRY|KAREN|44189,"Lindquarry, Karen J",[TACOM];[CSR];[Admin];[ReadOnlyAudit];LocalDomainServers,
EB902AB885BBB7A221CDB60CE74FFFB9,1DEA,,05/11/2013 16:13:14,05/11/2013 16:13:14,CN=Benedetta Kowalczyk/OU=CHPSID/O=TACOM,,RQ001341,Okonkwo-Bell,,Luis,M,Self,Luis M Okonkwo-Bell,6501 Eisenhower Ave,Tampa,FL,33637,(717) 555-1867,,Phone,Congressional,05/11/2013,Yes,05/11/2013,OKONKWO-BELL|LUIS|33637,"Okonkwo-Bell, Luis M",[TACOM];[CSR];[Admin];[ReadOnlyAudit];LocalDomainServers,
409ECFEC647F10114D69B1A8F1769C7E,1DEE,,05/25/2006 09:10:35,05/25/2006 09:10:35,CN=HRC-Transfer/OU=Agents/O=TACOM,,RQ001342,Whitlock-Bay,Sr.,Elizabeth,J,Son,Evelyn Whitlock,3961 Dogwood Way,Albany,NY,12236,(703) 555-1298,,E-mail,HRC,05/25/2006,Yes,05/25/2006,WHITLOCK-BAY|ELIZABETH|12236,"Whitlock-Bay, Elizabeth J",[TACOM];[CSR];[Admin];[ReadOnlyAudit];LocalDomainServers,
5F193BDD835B439C74223E5CDE3FB276,1DF2,,08/15/2020 15:08:22,08/15/2020 15:08:22,CN=HRC-Transfer/OU=Agents/O=TACOM,,RQ001343,Vosburgh,,Terrence,S,Spouse,Ruth Vosburgh,64 Veterans Memorial Pl,Orlando,FL,32810-2078,(302) 555-1109,,E-mail,NPRC,08/15/2020,Yes,,VOSBURGH|TERRENCE|32810,"Vosburgh, Terrence S",[TACOM];[CSR];[Admin];[ReadOnlyAudit];LocalDomainServers,
4E2CA3851D97C9E219457F657B144FCA,1DF6,,12/09/2012 08:35:48,12/09/2012 08:35:48,CN=HRC-Transfer/OU=Agents/O=TACOM,,RQ001344,Oakhurst-Pell,Jr.,Virginia,B,Self,Virginia B Oakhurst-Pell,3210 Spruce Dr,Richmond,VA,23247-8451,(215) 555-1174,,Mail,HRC,12/09/2012,Yes,12/09/2012,OAKHURST-PELL|VIRGINIA|23247,"Oakhurst-Pell, Virginia B",[TACOM];[CSR];[Admin];[ReadOnlyAudit];LocalDomainServers,
E7A53369376343242FC676848E219FE3,1DFA,,11/17/2015 12:25:27,11/17/2015 12:25:27,CN=Marlene Okafor/OU=CHPSID/O=TACOM,,RQ001345,Ostrowski-Lane,,Robert,,Other NOK,James Ostrowski,2770 Birch Ter,Salt Lake City,UT,84127,,,Phone,Congressional,11/17/2015,Yes,11/17/2015,OSTROWSKI-LANE|ROBERT|84127,"Ostrowski-Lane, Robert",[TACOM];[CSR];[Admin];[ReadOnlyAudit];LocalDomainServers,
41E213CE5A7C8804F5AC7305CA424913,1DFE,,03/26/2021 17:16:23,03/26/2021 17:16:23,CN=HRC-Transfer/OU=Agents/O=TACOM,,RQ001346,Everleigh,Jr.,Betty,C,Self,Betty C Everleigh,9813 Oak Way,Fargo,ND,58118,(410) 555-1042,,Phone,HRC,03/26/2021,Yes,03/26/2021,EVERLEIGH|BETTY|58118,"Everleigh, Betty C",[TACOM];[CSR];[Admin];[ReadOnlyAudit];LocalDomainServers,
2970035BAFC20BC2CAC74FC366555D6D,1E02,,12/03/2011 09:40:17,12/03/2011 09:40:17,CN=HRC-Transfer/OU=Agents/O=TACOM,,RQ001347,Kestleman,Jr.,Timothy,T,Self,Timothy T Kestleman,5162 Cedar Rd,Charlotte,NC,28205,(215) 555-1119,,E-mail,HRC,12/03/2011,Yes,,KESTLEMAN|TIMOTHY|28205,"Kestleman, Timothy T",[TACOM];[CSR];[Admin];[ReadOnlyAudit];LocalDomainServers,
B464EB5BDFD0A0E538931751CC39D7F0,1E06,,06/13/2022 12:09:43,06/13/2022 12:09:43,CN=HRC-Transfer/OU=Agents/O=TACOM,,RQ001348,Vosburgh,III,Earl,B,Self,Earl B Vosburgh,6928 Willow St,Fort Wayne,IN,46817,(410) 555-1913,,Mail,NPRC,06/13/2022,No,,VOSBURGH|EARL|46817,"Vosburgh, Earl B",[TACOM];[CSR];[Admin];[ReadOnlyAudit];LocalDomainServers,
CFBF7C7F5431E218E5BB4DE2AA1B6926,1E0A,,07/01/2005 11:00:27,07/01/2005 11:00:27,CN=HRC-Transfer/OU=Agents/O=TACOM,,RQ001349,Jarvinen-Roe,Jr.,Dorothy,C,Self,Dorothy C Jarvinen-Roe,7943 Elm Ave,Los Angeles,CA,90057-6685,(267) 555-1935,,E-mail,HRC,07/01/2005,Yes,,JARVINEN-ROE|DOROTHY|90057,"Jarvinen-Roe, Dorothy C",[TACOM];[CSR];[Admin];[ReadOnlyAudit];LocalDomainServers,
9F0418201463F3220667A146E1509DBD,1E0E,,10/19/2023 08:17:29,10/19/2023 08:17:29,CN=HRC-Transfer/OU=Agents/O=TACOM,,RQ001350,Zimmerly,,Sarah,E,Son,Daniel Zimmerly,7757 Willow Ct,Raleigh,NC,27688,(215) 555-1879,,Phone,NPRC,10/19/2023,Yes,,ZIMMERLY|SARAH|27688,"Zimmerly, Sarah E",[TACOM];[CSR];[Admin];[ReadOnlyAudit];LocalDomainServers,
04BB89BABFA7D9AC009F353A1C873157,1E12,,03/04/2007 08:09:54,03/04/2007 08:09:54,CN=Marlene Okafor/OU=CHPSID/O=TACOM,,RQ001351,Nakashima,Jr.,Anthony,R,Son,Heather Nakashima,6376 Chestnut Ct,Syracuse,NY,13269,(703) 555-1758,anthony.nakashima@example.com,E-mail,Congressional,03/04/2007,Yes,,NAKASHIMA|ANTHONY|13269,"Nakashima, Anthony R",[TACOM];[CSR];[Admin];[ReadOnlyAudit];LocalDomainServers,
163529A1FC4F8C3167005B4AB075E9F4,1E16,,09/14/2025 11:16:42,09/14/2025 11:16:42,CN=HRC-Transfer/OU=Agents/O=TACOM,,RQ001352,Lattimore Jr.,III,Matthew,,Sibling,Anthony Lattimore,9357 Patton Blvd,Minneapolis,MN,55460,,,Mail,NPRC,09/14/2025,No,,LATTIMORE JR.|MATTHEW|55460,"Lattimore Jr., Matthew",[TACOM];[CSR];[Admin];[ReadOnlyAudit];LocalDomainServers,
E580E7A939C27B1C9DB6245E559131D1,1E1A,,12/22/2012 10:45:24,12/22/2012 10:45:24,CN=HRC-Transfer/OU=Agents/O=TACOM,,RQ001353,Isherwood,,Andrew,,Self,Andrew Isherwood,4858 Dogwood Ct Apt 15A,Billings,MT,59131,(302) 555-1379,,E-mail,HRC,12/22/2012,Yes,,ISHERWOOD|ANDREW|59131,"Isherwood, Andrew",[TACOM];[CSR];[Admin];[ReadOnlyAudit];LocalDomainServers,
FE57E437C05903B36063B1C95E165A0E,1E1E,,03/07/2007 13:41:24,03/07/2007 13:41:24,CN=Dwayne Petrakis/OU=CHPSID/O=TACOM,,RQ001354,Saldivar,,Heather,,Self,Heather Saldivar,6954 Eisenhower Ave,Sacramento,CA,95809,(215) 555-1228,heather.saldivar@example.com,E-mail,Manual,03/07/2007,Yes,03/07/2007,SALDIVAR|HEATHER|95809,"Saldivar, Heather",[TACOM];[CSR];[Admin];[ReadOnlyAudit];LocalDomainServers,
6D3DACBCD80011DDDE48A5D66A49F452,1E22,,08/05/2007 09:46:04,08/05/2007 09:46:04,CN=Dwayne Petrakis/OU=CHPSID/O=TACOM,,RQ001355,Northway,Sr.,Rafael,W,Self,Rafael W Northway,3953 Bradley Ct,San Diego,CA,92123,,,Mail,Congressional,08/05/2007,No,,NORTHWAY|RAFAEL|92123,"Northway, Rafael W",[TACOM];[CSR];[Admin];[ReadOnlyAudit];LocalDomainServers,
D1DC1A0F2AA2C12F606F2C75FF752C41,1E26,,06/08/2025 08:54:11,06/08/2025 08:54:11,CN=HRC-Transfer/OU=Agents/O=TACOM,,RQ001356,Haverstock,,Helen,L,Daughter,Helen Haverstock,3758 Sycamore Dr,Oklahoma City,OK,73112,(410) 555-1348,,Mail,NPRC,06/08/2025,Yes,06/08/2025,HAVERSTOCK|HELEN|73112,"Haverstock, Helen L",[TACOM];[CSR];[Admin];[ReadOnlyAudit];LocalDomainServers,
F8F63044C675F72C00CB9770EB638BAE,1E2A,,05/04/2012 12:09:24,05/04/2012 12:09:24,CN=HRC-Transfer/OU=Agents/O=TACOM,,RQ001357,Iverstone Jr.,,Nicole,W,Grandchild,Carol Iverstone,3895 Madison Dr,Billings,MT,59105,(302) 555-1907,nicole.iverstone@example.com,Phone,NPRC,05/04/2012,No,,IVERSTONE JR.|NICOLE|59105,"Iverstone Jr., Nicole",[TACOM];[CSR];[Admin];[ReadOnlyAudit];LocalDomainServers,
358B90ABD4140AC3465C9D68E52A3B85,1E2E,,05/27/2005 12:47:08,05/27/2005 12:47:08,CN=Lorraine Whitcombe/OU=CHPSID/O=TACOM,,RQ001358,Figueroa-Paz,Sr.,Jennifer,N,Self,Jennifer N Figueroa-Paz,9862 Poplar Ln,Fargo,ND,58191,(410) 555-1216,,Phone,Congressional,05/27/2005,No,,FIGUEROA-PAZ|JENNIFER|58191,"Figueroa-Paz, Jennifer N",[TACOM];[CSR];[Admin];[ReadOnlyAudit];LocalDomainServers,
9E774E32C08CA9656C28657BE1FF075B,1E32,,02/02/2009 14:01:26,02/02/2009 14:01:26,CN=HRC-Transfer/OU=Agents/O=TACOM,,RQ001359,Underhill-Voss,,Angela,R,Self,Angela R Underhill-Voss,7524 Eisenhower Rd,Boise,ID,83727,(267) 555-1358,,Mail,HRC,02/02/2009,No,02/02/2009,UNDERHILL-VOSS|ANGELA|83727,"Underhill-Voss, Angela R",[TACOM];[CSR];[Admin];[ReadOnlyAudit];LocalDomainServers,
5BBA2A6DA8E8DD69FBA2CE58C90BE18B,1E36,,12/27/2010 17:22:36,12/27/2010 17:22:36,CN=HRC-Transfer/OU=Agents/O=TACOM,,RQ001360,Ormsbee,,Nicole,A,Self,Nicole A Ormsbee,2253 Dogwood Rd,Louisville,KY,40297,(717) 555-1794,,Phone,HRC,12/27/2010,Yes,12/27/2010,ORMSBEE|NICOLE|40297,"Ormsbee, Nicole A",[TACOM];[CSR];[Admin];[ReadOnlyAudit];LocalDomainServers,
2E667040145B3603CD865075AF2101C1,1E3A,,12/14/2015 15:29:28,12/14/2015 15:29:28,CN=Benedetta Kowalczyk/OU=CHPSID/O=TACOM,,RQ001361,Nakashima,III,Marcus,N,Self,Marcus N Nakashima,5559 Juniper Way,Sacramento,CA,95895,(540) 555-1604,marcus.nakashima@example.com,E-mail,Congressional,12/14/2015,No,12/14/2015,NAKASHIMA|MARCUS|95895,"Nakashima, Marcus N",[TACOM];[CSR];[Admin];[ReadOnlyAudit];LocalDomainServers,
7508329190846BA68C243A135C19D09B,1E3E,,06/15/2015 14:43:24,06/15/2015 14:43:24,CN=Lorraine Whitcombe/OU=CHPSID/O=TACOM,,RQ001362,Templeton-Ash,III,Nancy,R,Son,Betty Templeton,3443 Veterans Memorial Ln,Des Moines,IA,50310,(540) 555-1532,nancy.templeton@example.com,Mail,Congressional,06/15/2015,No,,TEMPLETON-ASH|NANCY|50310,"Templeton-Ash, Nancy R",[TACOM];[CSR];[Admin];[ReadOnlyAudit];LocalDomainServers,
A5B57011CF1480C54717F32D38B22B7F,1E42,,09/22/2025 13:01:08,09/22/2025 13:01:08,CN=HRC-Transfer/OU=Agents/O=TACOM,,RQ001363,Umberlake,,Christopher,,Self,Christopher Umberlake,7590 Armory Ter,Burlington,VT,05497-6440,(215) 555-1781,christopher.umberlake@example.com,E-mail,HRC,09/22/2025,Yes,09/22/2025,UMBERLAKE|CHRISTOPHER|05497,"Umberlake, Christopher",[TACOM];[CSR];[Admin];[ReadOnlyAudit];LocalDomainServers,
FB01A3143594C6375C20B1CD45E5F455,1E46,,05/10/2012 17:00:12,05/10/2012 17:00:12,CN=Marlene Okafor/OU=CHPSID/O=TACOM,,RQ001364,Ingersby,,Anthony,,Self,Anthony Ingersby,1838 Willow Dr Apt 34A,Raleigh,NC,27670-7859,(703) 555-1127,,Mail,Manual,05/10/2012,No,05/10/2012,INGERSBY|ANTHONY|27670,"Ingersby, Anthony",[TACOM];[CSR];[Admin];[ReadOnlyAudit];LocalDomainServers,
2000349093E35E636BABDB8CB0EEABAC,1E4A,,04/18/2007 08:40:10,04/18/2007 08:40:10,CN=Benedetta Kowalczyk/OU=CHPSID/O=TACOM,,RQ001365,Nethercott,,Darnell,P,Self,Darnell P Nethercott,1962 Jefferson Ave,Albany,NY,12248-2392,(267) 555-1092,darnell.nethercott@example.com,Mail,Congressional,04/18/2007,Yes,04/18/2007,NETHERCOTT|DARNELL|12248,"Nethercott, Darnell P",[TACOM];[CSR];[Admin];[ReadOnlyAudit];LocalDomainServers,
F06F45D8B760D6A8D7B4B3DA13747668,1E4E,,04/27/2008 10:52:01,04/27/2008 10:52:01,CN=Marlene Okafor/OU=CHPSID/O=TACOM,,RQ001366,Iverstone,,Elizabeth,D,Self,Elizabeth D Iverstone,9061 Washington Ter,Manchester,NH,03100,,,E-mail,Manual,04/27/2008,No,,IVERSTONE|ELIZABETH|03100,"Iverstone, Elizabeth D",[TACOM];[CSR];[Admin];[ReadOnlyAudit];LocalDomainServers,
D76A75C6D07F3B42CD6665D2DA0D011F,1E52,,10/05/2019 07:13:33,10/05/2019 07:13:33,CN=HRC-Transfer/OU=Agents/O=TACOM,,RQ001367,Wickersham,,Steven,P,Grandchild,Jamal Wickersham,2492 Marshall Blvd,Albany,NY,12213,(267) 555-1767,steven.wickersham@example.com,Phone,HRC,10/05/2019,Yes,10/05/2019,WICKERSHAM|STEVEN|12213,"Wickersham, Steven P",[TACOM];[CSR];[Admin];[ReadOnlyAudit];LocalDomainServers,
197060614057A7999DD9589C9D19493F,1E56,,10/23/2011 08:48:09,10/23/2011 08:48:09,CN=Ret Hamlin/OU=CHPSID/O=TACOM,,RQ001368,Zellinger,,Jose,H,Self,Jose H Zellinger,9123 Patton St,Providence,RI,02934,(540) 555-1091,,Phone,Congressional,10/23/2011,No,,ZELLINGER|JOSE|02934,"Zellinger, Jose H",[TACOM];[CSR];[Admin];[ReadOnlyAudit];LocalDomainServers,
4E03384B3CA2FEC9212091CB3F40E8A0,1E5A,,08/27/2018 07:05:18,08/27/2018 07:05:18,CN=HRC-Transfer/OU=Agents/O=TACOM,,RQ001369,Underhill-Voss,III,Charles,W,Son,Karen Underhill,7033 Armory St,Manchester,NH,03114,(703) 555-1310,charles.underhill@example.com,Mail,HRC,08/27/2018,No,08/27/2018,UNDERHILL-VOSS|CHARLES|03114,"Underhill-Voss, Charles W",[TACOM];[CSR];[Admin];[ReadOnlyAudit];LocalDomainServers,
5001204A928116AAB27EEEA0601728B7,1E5E,,10/06/2010 16:17:11,10/06/2010 16:17:11,CN=HRC-Transfer/OU=Agents/O=TACOM,,RQ001370,Whitlock-Bay,,Eugene,A,Self,Eugene A Whitlock-Bay,1247 Birch Pl,Jackson,MS,39210,(703) 555-1293,,Mail,HRC,10/06/2010,No,10/06/2010,WHITLOCK-BAY|EUGENE|39210,"Whitlock-Bay, Eugene A",[TACOM];[CSR];[Admin];[ReadOnlyAudit];LocalDomainServers,
89DD5156CF1D675246311172F73035D8,1E62,,09/08/2006 13:37:08,09/08/2006 13:37:08,CN=HRC-Transfer/OU=Agents/O=TACOM,,RQ001371,Pettiford,,Brian,H,Spouse,Donald Pettiford,1084 Pershing Ave Apt 18A,Manchester,NH,03169-3762,(717) 555-1443,brian.pettiford@example.com,E-mail,NPRC,09/08/2006,No,09/08/2006,PETTIFORD|BRIAN|03169,"Pettiford, Brian H",[TACOM];[CSR];[Admin];[ReadOnlyAudit];LocalDomainServers,
10D75D77649D5B71586223B6BACB5012,1E66,,04/17/2019 14:43:27,04/17/2019 14:43:27,CN=Dwayne Petrakis/OU=CHPSID/O=TACOM,,RQ001372,Montgomerie,,Mary,J,Self,Mary J Montgomerie,7937 Veterans Memorial Ln,San Diego,CA,92187-4979,(302) 555-1597,,E-mail,Congressional,04/17/2019,Yes,,MONTGOMERIE|MARY|92187,"Montgomerie, Mary J",[TACOM];[CSR];[Admin];[ReadOnlyAudit];LocalDomainServers,
5DA9607D0DA44444947836FA50D2A4BE,1E6A,,06/12/2025 12:47:32,06/12/2025 12:47:32,CN=HRC-Transfer/OU=Agents/O=TACOM,,RQ001373,Villanueva-Cox,III,Andrew,E,Self,Andrew E Villanueva-Cox,3366 Washington Dr,Fayetteville,NC,28341,(717) 555-1671,andrew.villanueva@example.com,E-mail,HRC,06/12/2025,Yes,06/12/2025,VILLANUEVA-COX|ANDREW|28341,"Villanueva-Cox, Andrew E",[TACOM];[CSR];[Admin];[ReadOnlyAudit];LocalDomainServers,
7E313A5D82A75B36CEA74FB62153E7D6,1E6E,,01/04/2023 07:47:55,01/04/2023 07:47:55,CN=Renata Vasquez-Holm/OU=CHPSID/O=TACOM,,RQ001374,Yeardley,Jr.,Mary,C,Self,Mary C Yeardley,631 Dogwood Rd,Portland,OR,97249,(856) 555-1600,mary.yeardley@example.com,Phone,Manual,01/04/2023,Yes,,YEARDLEY|MARY|97249,"Yeardley, Mary C",[TACOM];[CSR];[Admin];[ReadOnlyAudit];LocalDomainServers,
BC4E6CF9A7CD5DD9ED07221B59025ADE,1E72,,12/14/2023 14:06:33,12/14/2023 14:06:33,CN=HRC-Transfer/OU=Agents/O=TACOM,,RQ001375,Nakashima,,Timothy,J,Self,Timothy J Nakashima,1476 Elm Ter,Pensacola,FL,32518,(302) 555-1622,timothy.nakashima@example.com,Mail,HRC,12/14/2023,Yes,,NAKASHIMA|TIMOTHY|32518,"Nakashima, Timothy J",[TACOM];[CSR];[Admin];[ReadOnlyAudit];LocalDomainServers,
9DE477E107EFABB6A456F90AF2D52CB0,1E76,,08/31/2010 07:42:12,08/31/2010 07:42:12,CN=HRC-Transfer/OU=Agents/O=TACOM,,RQ001376,Ellingboe,Jr.,Walter,,Daughter,Jose Ellingboe,3541 Elm Blvd,Huntsville,AL,35828,(484) 555-1455,,Mail,HRC,08/31/2010,Yes,08/31/2010,ELLINGBOE|WALTER|35828,"Ellingboe, Walter",[TACOM];[CSR];[Admin];[ReadOnlyAudit];LocalDomainServers,
9A405F6129BB3645EA238B32224DE8F8,1E7A,,07/03/2023 17:42:01,07/03/2023 17:42:01,CN=HRC-Transfer/OU=Agents/O=TACOM,,RQ001377,Marrowbridge,,Earl,,Self,Earl Marrowbridge,8395 Oak Way,Sacramento,CA,95831,(302) 555-1111,,Mail,NPRC,07/03/2023,Yes,07/03/2023,MARROWBRIDGE|EARL|95831,"Marrowbridge, Earl",[TACOM];[CSR];[Admin];[ReadOnlyAudit];LocalDomainServers,
EFC56D97AB2E384E304FFFE25745AA0B,1E7E,,02/09/2007 15:52:41,02/09/2007 15:52:41,CN=Marlene Okafor/OU=CHPSID/O=TACOM,,RQ001378,Templeton-Ash,,Charles,B,Self,Charles B Templeton-Ash,6187 Jefferson Ct,Dayton,OH,45418,(717) 555-1013,charles.templeton@example.com,Mail,Manual,02/09/2007,Yes,,TEMPLETON-ASH|CHARLES|45418,"Templeton-Ash, Charles B",[TACOM];[CSR];[Admin];[ReadOnlyAudit];LocalDomainServers,
6FFCD5E6E845F8BB748CC7BE5E0E0865,1E82,,09/13/2010 10:45:53,09/13/2010 10:45:53,CN=HRC-Transfer/OU=Agents/O=TACOM,,RQ001379,Guajardo,,Mildred,N,Self,Mildred N Guajardo,2814 Pershing Blvd,San Diego,CA,92199,(484) 555-1597,mildred.guajardo@example.com,Mail,HRC,09/13/2010,No,09/13/2010,GUAJARDO|MILDRED|92199,"Guajardo, Mildred N",[TACOM];[CSR];[Admin];[ReadOnlyAudit];LocalDomainServers,
F54F94372D09A83242B667F84D306156,1E86,,12/08/2025 12:04:17,12/08/2025 12:04:17,CN=HRC-Transfer/OU=Agents/O=TACOM,,RQ001380,Oakhurst-Pell Jr.,Sr.,James,,Self,James Oakhurst-Pell,8437 Willow Way,Newark,NJ,07119,(717) 555-1453,,Mail,NPRC,12/08/2025,No,,OAKHURST-PELL JR.|JAMES|07119,"Oakhurst-Pell Jr., James",[TACOM];[CSR];[Admin];[ReadOnlyAudit];LocalDomainServers,
71D385DC92497060BBFD0B5E1C3009EC,1E8A,,12/03/2016 08:15:06,12/03/2016 08:15:06,CN=HRC-Transfer/OU=Agents/O=TACOM,,RQ001381,Villanueva-Cox,,John,,Self,John Villanueva-Cox,8602 Elm Rd,Birmingham,AL,35240-1908,,,Mail,HRC,12/03/2016,No,,VILLANUEVA-COX|JOHN|35240,"Villanueva-Cox, John",[TACOM];[CSR];[Admin];[ReadOnlyAudit];LocalDomainServers,
A45594F9EDA69068B4789A731FBEAD51,1E8E,,02/26/2009 13:00:42,02/26/2009 13:00:42,CN=HRC-Transfer/OU=Agents/O=TACOM,,RQ001382,Okonkwo-Bell,,Charles,F,Spouse,Susan Okonkwo,4541 Bradley Ln,Charleston,WV,25306,,charles.okonkwo@example.com,Phone,HRC,02/26/2009,No,02/26/2009,OKONKWO-BELL|CHARLES|25306,"Okonkwo-Bell, Charles F",[TACOM];[CSR];[Admin];[ReadOnlyAudit];LocalDomainServers,
FDE771C3CF8B875340C765A659AC34BA,1E92,,03/19/2015 11:04:44,03/19/2015 11:04:44,CN=Renata Vasquez-Holm/OU=CHPSID/O=TACOM,,RQ001383,Quennevile,,Norman,G,Grandchild,Carol Quennevile,6792 Armory St,Albany,NY,12209,(703) 555-1590,,Mail,Congressional,03/19/2015,No,03/19/2015,QUENNEVILE|NORMAN|12209,"Quennevile, Norman G",[TACOM];[CSR];[Admin];[ReadOnlyAudit];LocalDomainServers,
3B0EE397B2457F56F58D5A5657C7A89F,1E96,,08/03/2008 13:47:35,08/03/2008 13:47:35,CN=Renata Vasquez-Holm/OU=CHPSID/O=TACOM,,RQ001384,Drakeford,Sr.,Steven,S,Self,Steven S Drakeford,5740 Cedar Ave,Boston,MA,02175,(856) 555-1001,steven.drakeford@example.com,Mail,Manual,08/03/2008,No,08/03/2008,DRAKEFORD|STEVEN|02175,"Drakeford, Steven S",[TACOM];[CSR];[Admin];[ReadOnlyAudit];LocalDomainServers,
E6958BBBC0974EDAF55770442644BC5F,1E9A,,03/24/2026 15:21:35,03/24/2026 15:21:35,CN=Marlene Okafor/OU=CHPSID/O=TACOM,,RQ001385,Villanueva-Cox,III,Steven,M,Self,Steven M Villanueva-Cox,4860 Madison Rd,Jackson,MS,39248,,,E-mail,Congressional,03/24/2026,No,03/24/2026,VILLANUEVA-COX|STEVEN|39248,"Villanueva-Cox, Steven M",[TACOM];[CSR];[Admin];[ReadOnlyAudit];LocalDomainServers,
F7DC52E84075D562DD052C18E5FF1640,1E9E,,01/13/2010 11:24:30,01/13/2010 11:24:30,CN=Lorraine Whitcombe/OU=CHPSID/O=TACOM,,RQ001386,Thornbury,,Carol,D,Daughter,Heather Thornbury,6629 Eisenhower Ave,Buffalo,NY,14239,(215) 555-1049,,Mail,Congressional,01/13/2010,No,01/13/2010,THORNBURY|CAROL|14239,"Thornbury, Carol D",[TACOM];[CSR];[Admin];[ReadOnlyAudit];LocalDomainServers,
B4ED12EDB21099F57A176D79ABB370E3,1EA2,,10/19/2005 12:36:18,10/19/2005 12:36:18,CN=HRC-Transfer/OU=Agents/O=TACOM,,RQ001387,Zapata-Kell,,Nancy,,Self,Nancy Zapata-Kell,567 Poplar Ln,Louisville,KY,40261-8951,(856) 555-1176,nancy.zapata@example.com,E-mail,NPRC,10/19/2005,Yes,,ZAPATA-KELL|NANCY|40261,"Zapata-Kell, Nancy",[TACOM];[CSR];[Admin];[ReadOnlyAudit];LocalDomainServers,
4B1B9204B00DB4D1581C7AD31F90700C,1EA6,,04/06/2004 09:04:38,04/06/2004 09:04:38,CN=HRC-Transfer/OU=Agents/O=TACOM,,RQ001388,Montgomerie,,Barbara,J,Self,Barbara J Montgomerie,5498 Spruce Ct,Boston,MA,02120-3005,(302) 555-1040,barbara.montgomerie@example.com,E-mail,NPRC,04/06/2004,No,,MONTGOMERIE|BARBARA|02120,"Montgomerie, Barbara J",[TACOM];[CSR];[Admin];[ReadOnlyAudit];LocalDomainServers,
FAE5F9E223117B46404A29AB14A42381,1EAA,,09/06/2023 13:44:54,09/06/2023 13:44:54,CN=HRC-Transfer/OU=Agents/O=TACOM,,RQ001389,Drakeford,,Nancy,E,Daughter,Mark Drakeford,2113 Cedar Ter,Toledo,OH,43650,(703) 555-1190,nancy.drakeford@example.com,E-mail,HRC,09/06/2023,No,09/06/2023,DRAKEFORD|NANCY|43650,"Drakeford, Nancy E",[TACOM];[CSR];[Admin];[ReadOnlyAudit];LocalDomainServers,
74C562BEC5033C3B221812932B7DED58,1EAE,,10/14/2006 10:39:30,10/14/2006 10:39:30,CN=Dwayne Petrakis/OU=CHPSID/O=TACOM,,RQ001390,Quimbley,,Nicole,,Self,Nicole Quimbley,2135 Oak Rd,Boise,ID,83744,(484) 555-1584,,E-mail,Congressional,10/14/2006,Yes,10/14/2006,QUIMBLEY|NICOLE|83744,"Quimbley, Nicole",[TACOM];[CSR];[Admin];[ReadOnlyAudit];LocalDomainServers,
60B1E8F95005B63CD8069688DA53FB70,1EB2,,05/17/2025 14:48:43,05/17/2025 14:48:43,CN=HRC-Transfer/OU=Agents/O=TACOM,,RQ001391,Zabrowski,,Melissa Jr,,Self,Melissa Zabrowski,7701 Veterans Memorial St,Scranton,PA,18594,,,Mail,HRC,05/17/2025,No,,ZABROWSKI|MELISSA JR|18594,"Zabrowski, Melissa Jr",[TACOM];[CSR];[Admin];[ReadOnlyAudit];LocalDomainServers,
93B9271103895599D8F70E6E7661CF57,1EB6,,04/23/2023 17:29:41,04/23/2023 17:29:41,CN=HRC-Transfer/OU=Agents/O=TACOM,,RQ001392,Yamaguchi-Orr,,H.,B,Self,Helen B Yamaguchi-Orr,8628 Poplar Ln,Nashville,TN,37271,(267) 555-1353,,Mail,HRC,04/23/2023,No,,YAMAGUCHI-ORR|H.|37271,"Yamaguchi-Orr, H.",[TACOM];[CSR];[Admin];[ReadOnlyAudit];LocalDomainServers,
7E07488D4FB12445FD9A23589889ED51,1EBA,,10/10/2016 17:43:31,10/10/2016 17:43:31,CN=Marlene Okafor/OU=CHPSID/O=TACOM,,RQ001393,Fairweather,Jr.,Frances,,Self,Frances Fairweather,2497 Washington Ct,Fayetteville,NC,28315,(610) 555-1486,frances.fairweather@example.com,Phone,Manual,10/10/2016,No,,FAIRWEATHER|FRANCES|28315,"Fairweather, Frances",[TACOM];[CSR];[Admin];[ReadOnlyAudit];LocalDomainServers,
DB3D0FB653DEA56C8CD04E0225C9A4A5,1EBE,,05/10/2022 16:41:48,05/10/2022 16:41:48,CN=HRC-Transfer/OU=Agents/O=TACOM,,RQ001394,SALDIVAR,Jr.,Sarah,D,Self,Sarah D Saldivar,6752 Lincoln Blvd,Omaha,NE,68174,(856) 555-1936,,Phone,NPRC,05/10/2022,No,,SALDIVAR|SARAH|68174,"SALDIVAR, Sarah",[TACOM];[CSR];[Admin];[ReadOnlyAudit];LocalDomainServers,
8D47AAD3E0133EFE7D51991C3AFF6295,1EC2,,06/17/2015 07:41:37,06/17/2015 07:41:37,CN=HRC-Transfer/OU=Agents/O=TACOM,,RQ001395,Underhill-Voss,Sr.,Arthur,E,Self,Arthur E Underhill-Voss,1882 Oak Rd,Pittsburgh,PA,15205,(215) 555-1270,,Mail,HRC,06/17/2015,No,,UNDERHILL-VOSS|ARTHUR|15205,"Underhill-Voss, Arthur E",[TACOM];[CSR];[Admin];[ReadOnlyAudit];LocalDomainServers,
ACFF52E13F664F3392FEF651BC5389BB,1EC6,,08/20/2022 12:18:36,08/20/2022 12:18:36,CN=Dwayne Petrakis/OU=CHPSID/O=TACOM,,RQ001396,Jaramillo,,Justin,B,Self,Justin B Jaramillo,6717 Chestnut Rd,Albany,NY,12228,(540) 555-1810,,Mail,Congressional,08/20/2022,Yes,,JARAMILLO|JUSTIN|12228,"Jaramillo, Justin B",[TACOM];[CSR];[Admin];[ReadOnlyAudit];LocalDomainServers,
F3290014119CBC6155E704FDADD90C7C,1ECA,,01/03/2018 16:41:18,01/03/2018 16:41:18,CN=HRC-Transfer/OU=Agents/O=TACOM,,RQ001397,OAKHURST-PELL,Sr.,Anthony M,M,Self,Anthony M Oakhurst-Pell,7709 Maple Pl,Louisville,KY,40252,(717) 555-1098,anthony.oakhurst@example.com,E-mail,HRC,01/03/2018,No,,OAKHURST-PELL|ANTHONY M|40252,"OAKHURST-PELL, Anthony M",[TACOM];[CSR];[Admin];[ReadOnlyAudit];LocalDomainServers,RQ001315
7E45ECA5477AD41D967AEF1129119C2F,1ECE,,06/29/2012 12:58:22,06/29/2012 12:58:22,CN=Marlene Okafor/OU=CHPSID/O=TACOM,,RQ001398,Ingersby,Sr.,Melissa,,Son,Carlos Ingersby,4086 Laurel Ave,Dallas,TX,75207,(717) 555-1352,,Mail,Manual,06/29/2012,No,06/29/2012,INGERSBY|MELISSA|75207,"Ingersby, Melissa",[TACOM];[CSR];[Admin];[ReadOnlyAudit];LocalDomainServers,
1C3D4054D3EAEA7B0CC295E79766924F,1ED2,,05/02/2022 16:21:42,05/02/2022 16:21:42,CN=HRC-Transfer/OU=Agents/O=TACOM,,RQ001399,Wickersham,,Jose,A,Self,Jose A Wickersham,4979 Lincoln Pl,Boise,ID,83738-8725,,,Mail,HRC,05/02/2022,No,,WICKERSHAM|JOSE|83738,"Wickersham, Jose A",[TACOM];[CSR];[Admin];[ReadOnlyAudit];LocalDomainServers,
7FAF969A18B703FF6AFDC49F45DDB5D9,1ED6,,02/06/2026 14:31:29,02/06/2026 14:31:29,CN=HRC-Transfer/OU=Agents/O=TACOM,,RQ001400,Prendergast,,Donna,W,Self,Donna W Prendergast,4552 Juniper Dr,Knoxville,TN,37943,(267) 555-1838,,Mail,NPRC,02/06/2026,Yes,,PRENDERGAST|DONNA|37943,"Prendergast, Donna W",[TACOM];[CSR];[Admin];[ReadOnlyAudit];LocalDomainServers,
7F0A391C95500DE082BD20CD16EE9969,1EDA,,03/11/2016 14:58:05,03/11/2016 14:58:05,CN=HRC-Transfer/OU=Agents/O=TACOM,,RQ001401,Iverstone,III,Lisa,P,Grandchild,Hector Iverstone,3226 Chestnut St,Fresno,CA,93751,(410) 555-1848,lisa.iverstone@example.com,Phone,HRC,03/11/2016,No,,IVERSTONE|LISA|93751,"Iverstone, Lisa P",[TACOM];[CSR];[Admin];[ReadOnlyAudit];LocalDomainServers,
A0C15FC3EC5791BC6B754CC987EC2B22,1EDE,,01/07/2009 17:28:01,01/07/2009 17:28:01,CN=Benedetta Kowalczyk/OU=CHPSID/O=TACOM,,RQ001402,Castellanos,,Hector,K,Son,Christopher Castellanos,46 Dogwood Dr,El Paso,TX,79963-3087,(215) 555-1500,hector.castellanos@example.com,Mail,Manual,01/07/2009,Yes,01/07/2009,CASTELLANOS|HECTOR|79963,"Castellanos, Hector K",[TACOM];[CSR];[Admin];[ReadOnlyAudit];LocalDomainServers,
E9BBE1CB916CD1C3F2E1DA6BC0F92CF7,1EE2,,03/25/2009 07:38:00,03/25/2009 07:38:00,CN=HRC-Transfer/OU=Agents/O=TACOM,,RQ001403,Jankowitz,,Heather,J,Sibling,Donald Jankowitz,8149 Ridgway Ter Apt 35B,San Antonio,TX,78236,(856) 555-1317,,Mail,NPRC,03/25/2009,No,03/25/2009,JANKOWITZ|HEATHER|78236,"Jankowitz, Heather J",[TACOM];[CSR];[Admin];[ReadOnlyAudit];LocalDomainServers,
5E28E5A0A8CB8F2A3110560F3B4A71EE,1EE6,,10/01/2012 17:05:39,10/01/2012 17:05:39,CN=Renata Vasquez-Holm/OU=CHPSID/O=TACOM,,RQ001404,Vanterpool,Sr.,Ruth,C,Sibling,Sandra Vanterpool,2713 Oak Way,Tampa,FL,33634,(302) 555-1981,ruth.vanterpool@example.com,Mail,Manual,10/01/2012,Yes,,VANTERPOOL|RUTH|33634,"Vanterpool, Ruth C",[TACOM];[CSR];[Admin];[ReadOnlyAudit];LocalDomainServers,
D2C9D490DD158CF4CBC82155FE5906F5,1EEA,,09/26/2008 07:30:49,09/26/2008 07:30:49,CN=Dwayne Petrakis/OU=CHPSID/O=TACOM,,RQ001405,Quimbley,,Earl,C,Self,Earl C Quimbley,5679 Bradley St,Killeen,TX,76557,(302) 555-1917,earl.quimbley@example.com,E-mail,Manual,09/26/2008,No,09/26/2008,QUIMBLEY|EARL|76557,"Quimbley, Earl C",[TACOM];[CSR];[Admin];[ReadOnlyAudit];LocalDomainServers,
808277B9645D27B29D2EFBC5608F8035,1EEE,,08/17/2020 12:00:00,08/17/2020 12:00:00,CN=Lorraine Whitcombe/OU=CHPSID/O=TACOM,,RQ001406,Rockwell-Sayre,,Brandon,B,Self,Brandon B Rockwell-Sayre,7602 Cedar Ter,Columbia,SC,29259-1866,(856) 555-1614,,Mail,Congressional,08/17/2020,Yes,08/17/2020,ROCKWELL-SAYRE|BRANDON|29259,"Rockwell-Sayre, Brandon B",[TACOM];[CSR];[Admin];[ReadOnlyAudit];LocalDomainServers,
7B3529F833F793045E2CE4F57EB7315D,1EF2,,04/25/2022 15:49:36,04/25/2022 15:49:36,CN=HRC-Transfer/OU=Agents/O=TACOM,,RQ001407,Escobedo-Ruiz,III,Andrew,,Self,Andrew Escobedo-Ruiz,7397 Madison St,Tacoma,WA,98493-5360,(540) 555-1229,andrew.escobedo@example.com,E-mail,HRC,04/25/2022,No,,ESCOBEDO-RUIZ|ANDREW|98493,"Escobedo-Ruiz, Andrew",[TACOM];[CSR];[Admin];[ReadOnlyAudit];LocalDomainServers,
ABE41472302C5BBCE26F0111ECE56469,1EF6,,04/05/2005 10:10:10,04/05/2005 10:10:10,CN=HRC-Transfer/OU=Agents/O=TACOM,,RQ001408,Yarrowdale,III,Brandon,,Self,Brandon Yarrowdale,8442 Birch Pl Apt 27B,Columbus,OH,43293-2670,(610) 555-1548,brandon.yarrowdale@example.com,Mail,HRC,04/05/2005,Yes,04/05/2005,YARROWDALE|BRANDON|43293,"Yarrowdale, Brandon",[TACOM];[CSR];[Admin];[ReadOnlyAudit];LocalDomainServers,
9A71FA194273F4B0D93694269A4DB6DA,1EFA,,01/19/2006 09:34:21,01/19/2006 09:34:21,CN=Dwayne Petrakis/OU=CHPSID/O=TACOM,,RQ001409,Gastrelle,,Barbara,T,Self,Barbara T Gastrelle,3153 Oak Blvd,Des Moines,IA,50329,(484) 555-1743,,Mail,Congressional,01/19/2006,Yes,01/19/2006,GASTRELLE|BARBARA|50329,"Gastrelle, Barbara T",[TACOM];[CSR];[Admin];[ReadOnlyAudit];LocalDomainServers,
7CBE45196F436A902CF96F07B95FC2D9,1EFE,,05/08/2007 13:19:11,05/08/2007 13:19:11,CN=Ret Hamlin/OU=CHPSID/O=TACOM,,RQ001410,Gastrelle,,William,L,Daughter,Sandra Gastrelle,7584 Oak Ln,Charleston,WV,25339,(540) 555-1181,,Phone,Manual,05/08/2007,No,05/08/2007,GASTRELLE|WILLIAM|25339,"Gastrelle, William L",[TACOM];[CSR];[Admin];[ReadOnlyAudit];LocalDomainServers,
E780C8B412202B5E1CE5878FB403603D,1F02,,12/13/2023 07:08:01,12/13/2023 07:08:01,CN=HRC-Transfer/OU=Agents/O=TACOM,,RQ001411,Coldwater,,Justin,D,Daughter,Sandra Coldwater,7910 Patton Ter,Albuquerque,NM,87165,(717) 555-1025,,Mail,NPRC,12/13/2023,Yes,12/13/2023,COLDWATER|JUSTIN|87165,"Coldwater, Justin D",[TACOM];[CSR];[Admin];[ReadOnlyAudit];LocalDomainServers,
974FFEE8D89E01462EB54EF344922071,1F06,,07/22/2015 17:04:34,07/22/2015 17:04:34,CN=HRC-Transfer/OU=Agents/O=TACOM,,RQ001412,Palomares,,Dorothy,M,Self,Dorothy M Palomares,3131 Jefferson Dr,Columbia,SC,29258,(410) 555-1684,,Phone,NPRC,07/22/2015,Yes,07/22/2015,PALOMARES|DOROTHY|29258,"Palomares, Dorothy M",[TACOM];[CSR];[Admin];[ReadOnlyAudit];LocalDomainServers,
12FDA09D4E525D3F011795B8B4213424,1F0A,,10/06/2008 13:16:39,10/06/2008 13:16:39,CN=Benedetta Kowalczyk/OU=CHPSID/O=TACOM,,RQ001413,Abernook,,Carl,N,Self,Carl N Abernook,7478 Washington Dr,Worcester,MA,01699,(856) 555-1749,,Mail,Congressional,10/06/2008,No,10/06/2008,ABERNOOK|CARL|01699,"Abernook, Carl N",[TACOM];[CSR];[Admin];[ReadOnlyAudit];LocalDomainServers,
43EBA6304DC6F9968F398AB4802192AC,1F0E,,12/30/2022 10:57:18,12/30/2022 10:57:18,CN=Marlene Okafor/OU=CHPSID/O=TACOM,,RQ001414,Delgadillo,,Ernesto,H,Self,Ernesto H Delgadillo,8909 Sycamore Ter,Oklahoma City,OK,73115-8350,,ernesto.delgadillo@example.com,Phone,Congressional,12/30/2022,No,12/30/2022,DELGADILLO|ERNESTO|73115,"Delgadillo, Ernesto H",[TACOM];[CSR];[Admin];[ReadOnlyAudit];LocalDomainServers,
61C3B0FCE3F0637AD49800D0134D890F,1F12,,11/27/2013 11:58:56,11/27/2013 11:58:56,CN=HRC-Transfer/OU=Agents/O=TACOM,,RQ001415,Ellingboe,Jr.,William,,Self,William Ellingboe,1216 Elm Ave Apt 8A,Wilmington,DE,19871,(717) 555-1722,,Phone,HRC,11/27/2013,Yes,11/27/2013,ELLINGBOE|WILLIAM|19871,"Ellingboe, William",[TACOM];[CSR];[Admin];[ReadOnlyAudit];LocalDomainServers,
3D59E18FBF4095280FF1534CDA7AE4C1,1F16,,03/03/2017 16:50:11,03/03/2017 16:50:11,CN=Renata Vasquez-Holm/OU=CHPSID/O=TACOM,,RQ001416,Hinojosa-Mata,,Virginia,J,Daughter,Frances Hinojosa,7083 Walnut Ave,Louisville,KY,40286,(610) 555-1679,,Mail,Manual,03/03/2017,No,03/03/2017,HINOJOSA-MATA|VIRGINIA|40286,"Hinojosa-Mata, Virginia J",[TACOM];[CSR];[Admin];[ReadOnlyAudit];LocalDomainServers,
E2591356381D41661ACC7CBB10C70ABA,1F1A,,03/03/2009 10:10:29,03/03/2009 10:10:29,CN=Benedetta Kowalczyk/OU=CHPSID/O=TACOM,,RQ001417,Quennevile,,Sarah,L,Self,Sarah L Quennevile,4571 Chestnut Dr,Baltimore,MD,21251,(717) 555-1808,,Mail,Congressional,03/03/2009,Yes,,QUENNEVILE|SARAH|21251,"Quennevile, Sarah L",[TACOM];[CSR];[Admin];[ReadOnlyAudit];LocalDomainServers,
C01B76B1F68B6F2EAC12B8524F15D631,1F1E,,02/11/2015 15:28:21,02/11/2015 15:28:21,CN=Dwayne Petrakis/OU=CHPSID/O=TACOM,,RQ001418,Lindquarry,III,Mark,S,Spouse,Susan Lindquarry,2768 Ridgway Ct,El Paso,TX,79918-4436,,mark.lindquarry@example.com,E-mail,Congressional,02/11/2015,Yes,02/11/2015,LINDQUARRY|MARK|79918,"Lindquarry, Mark S",[TACOM];[CSR];[Admin];[ReadOnlyAudit];LocalDomainServers,
6A60455855DC4052519D1808D7099ED5,1F22,,05/23/2010 07:29:54,05/23/2010 07:29:54,CN=Dwayne Petrakis/OU=CHPSID/O=TACOM,,RQ001419,Zellinger,,Joshua,F,Self,Joshua F Zellinger,3779 Cedar St,Chicago,IL,60645,(410) 555-1697,,E-mail,Congressional,05/23/2010,Yes,,ZELLINGER|JOSHUA|60645,"Zellinger, Joshua F",[TACOM];[CSR];[Admin];[ReadOnlyAudit];LocalDomainServers,
E6384DFF361C10FA9EC9C8B5C0A3A2C9,1F26,,10/05/2011 08:15:22,10/05/2011 08:15:22,CN=HRC-Transfer/OU=Agents/O=TACOM,,RQ001420,Oakhurst-Pell,,Virginia,K,Son,Amanda Oakhurst,2395 Poplar Ct,Peoria,IL,61600,(717) 555-1957,virginia.oakhurst@example.com,Mail,HRC,10/05/2011,No,10/05/2011,OAKHURST-PELL|VIRGINIA|61600,"Oakhurst-Pell, Virginia K",[TACOM];[CSR];[Admin];[ReadOnlyAudit];LocalDomainServers,
A4C5A8D51DEDA5B10AD9811777001492,1F2A,,10/22/2018 07:09:38,10/22/2018 07:09:38,CN=HRC-Transfer/OU=Agents/O=TACOM,,RQ001421,Dellacroix,III,Jeffrey,R,Parent,Susan Dellacroix,7634 Pershing Ave,Wilmington,DE,19873,(856) 555-1891,,E-mail,HRC,10/22/2018,Yes,10/22/2018,DELLACROIX|JEFFREY|19873,"Dellacroix, Jeffrey R",[TACOM];[CSR];[Admin];[ReadOnlyAudit];LocalDomainServers,
B35285DA3B94ED5D237B523E82FCF61D,1F2E,,05/01/2026 17:04:22,05/01/2026 17:04:22,CN=HRC-Transfer/OU=Agents/O=TACOM,,RQ001422,LATTIMORE,III,Matthew,,Sibling,Anthony Lattimore,9357 Patton Blvd,Minneapolis,MN,55460,,,Mail,NPRC,05/01/2026,No,,LATTIMORE|MATTHEW|55460,"LATTIMORE, Matthew",[TACOM];[CSR];[Admin];[ReadOnlyAudit];LocalDomainServers,
4DDEC911C92334B68488FA1B1CA95E2D,1F32,,02/09/2023 13:33:34,02/09/2023 13:33:34,CN=HRC-Transfer/OU=Agents/O=TACOM,,RQ001423,Jessup-Kane Jr.,,Heather,M,Self,Heather M Jessup-Kane,1469 Birch Rd,Anchorage,AK,99553,,,E-mail,HRC,02/09/2023,No,,JESSUP-KANE JR.|HEATHER|99553,"Jessup-Kane Jr., Heather",[TACOM];[CSR];[Admin];[ReadOnlyAudit];LocalDomainServers,RQ000634
FE2C4CBDB89B1273CD2FC0DCFA102B89,1F36,,08/10/2024 13:11:53,08/10/2024 13:11:53,CN=HRC-Transfer/OU=Agents/O=TACOM,,RQ001424,Mackelvane,III,Angela,K,Self,Angela K Mackelvane,2132 Armory Ln,Toledo,OH,43636-8265,(856) 555-1116,angela.mackelvane@example.com,Mail,NPRC,08/10/2024,No,,MACKELVANE|ANGELA|43636,"Mackelvane, Angela",[TACOM];[CSR];[Admin];[ReadOnlyAudit];LocalDomainServers,
87567871840EA987F0CDD065057A9288,1F3A,,05/15/2018 07:49:21,05/15/2018 07:49:21,CN=Ret Hamlin/OU=CHPSID/O=TACOM,,RQ001425,Okonkwo-Bell,,Carlos,E,Spouse,Amanda Okonkwo,2440 Marshall Ter,Pensacola,FL,32561,(540) 555-1652,,Phone,Congressional,05/15/2018,Yes,05/15/2018,OKONKWO-BELL|CARLOS|32561,"Okonkwo-Bell, Carlos E",[TACOM];[CSR];[Admin];[ReadOnlyAudit];LocalDomainServers,
C5CB0817066FFA4C686F669A0DC089E8,1F3E,,10/30/2016 13:54:11,10/30/2016 13:54:11,CN=HRC-Transfer/OU=Agents/O=TACOM,,RQ001426,Everleigh,,Donna,,Sibling,Margaret Everleigh,5885 Poplar Ave,Philadelphia,PA,19178,(302) 555-1067,,Mail,NPRC,10/30/2016,No,,EVERLEIGH|DONNA|19178,"Everleigh, Donna",[TACOM];[CSR];[Admin];[ReadOnlyAudit];LocalDomainServers,
8DFE29142CF2B60BBED4488B3138C9DF,1F42,,08/02/2023 08:15:28,08/02/2023 08:15:28,CN=HRC-Transfer/OU=Agents/O=TACOM,,RQ001427,Isherwood,,Michael,T,Son,Darnell Isherwood,5845 Walnut Ave,Louisville,KY,40283-1425,(215) 555-1490,michael.isherwood@example.com,E-mail,HRC,08/02/2023,No,,ISHERWOOD|MICHAEL|40283,"Isherwood, Michael T",[TACOM];[CSR];[Admin];[ReadOnlyAudit];LocalDomainServers,
4179822CCB50DD7F34AB0CFC5368483A,1F46,,09/26/2022 17:33:16,09/26/2022 17:33:16,CN=HRC-Transfer/OU=Agents/O=TACOM,,RQ001428,Rathbourne,,Sarah,F,Self,Sarah F Rathbourne,5090 Pershing Ter,Atlanta,GA,30368-9980,(540) 555-1042,,Mail,HRC,09/26/2022,No,,RATHBOURNE|SARAH|30368,"Rathbourne, Sarah F",[TACOM];[CSR];[Admin];[ReadOnlyAudit];LocalDomainServers,
6099F1D29547BCD86EFB352085FA4CDC,1F4A,,05/06/2012 12:14:04,05/06/2012 12:14:04,CN=Lorraine Whitcombe/OU=CHPSID/O=TACOM,,RQ001429,Quimbley,,Timothy,L,Self,Timothy L Quimbley,3300 Marshall St Apt 37C,Harrisburg,PA,17139,(267) 555-1820,timothy.quimbley@example.com,Phone,Congressional,05/06/2012,Yes,,QUIMBLEY|TIMOTHY|17139,"Quimbley, Timothy L",[TACOM];[CSR];[Admin];[ReadOnlyAudit];LocalDomainServers,
DB7A6BA0DFA90576EC6D65DAC0FACE3D,1F4E,,05/11/2009 15:33:27,05/11/2009 15:33:27,CN=HRC-Transfer/OU=Agents/O=TACOM,,RQ001430,Zellinger,Sr.,Carl,A,Self,Carl A Zellinger,2773 Jefferson Way,Fresno,CA,93727,,,E-mail,HRC,05/11/2009,Yes,05/11/2009,ZELLINGER|CARL|93727,"Zellinger, Carl A",[TACOM];[CSR];[Admin];[ReadOnlyAudit];LocalDomainServers,
BF7366FFB788E3F8C3E1C8A67C56E7D0,1F52,,08/20/2008 08:05:15,08/20/2008 08:05:15,CN=HRC-Transfer/OU=Agents/O=TACOM,,RQ001431,Rathbourne,,James,A,Self,James A Rathbourne,3593 Walnut Ln,Columbus,OH,43203-6704,,,Phone,NPRC,08/20/2008,No,08/20/2008,RATHBOURNE|JAMES|43203,"Rathbourne, James A",[TACOM];[CSR];[Admin];[ReadOnlyAudit];LocalDomainServers,
4537BCE3237A3E739EF8BFCAD947332B,1F56,,05/15/2007 10:32:27,05/15/2007 10:32:27,CN=HRC-Transfer/OU=Agents/O=TACOM,,RQ001432,Iverstone,III,James,L,Self,James L Iverstone,8333 Maple Way,Boston,MA,02113,(540) 555-1686,,E-mail,NPRC,05/15/2007,No,05/15/2007,IVERSTONE|JAMES|02113,"Iverstone, James L",[TACOM];[CSR];[Admin];[ReadOnlyAudit];LocalDomainServers,
FD0FB536B1FB6AAF7D1E6E1D14AEC2D1,1F5A,,10/27/2016 13:27:41,10/27/2016 13:27:41,CN=HRC-Transfer/OU=Agents/O=TACOM,,RQ001433,Crandall-Mott,III,Dorothy,,Self,Dorothy Crandall-Mott,3583 Lincoln St,Cheyenne,WY,82061,,dorothy.crandall@example.com,Phone,HRC,10/27/2016,Yes,,CRANDALL-MOTT|DOROTHY|82061,"Crandall-Mott, Dorothy",[TACOM];[CSR];[Admin];[ReadOnlyAudit];LocalDomainServers,
6B9FA9D0F4FFC4FE58779F1C748CA87D,1F5E,,08/25/2011 14:17:41,08/25/2011 14:17:41,CN=HRC-Transfer/OU=Agents/O=TACOM,,RQ001434,Gastrelle,,Mary,A,Self,Mary A Gastrelle,4243 Maple Ave,Wheeling,WV,26055,(410) 555-1170,mary.gastrelle@example.com,Mail,HRC,08/25/2011,Yes,08/25/2011,GASTRELLE|MARY|26055,"Gastrelle, Mary A",[TACOM];[CSR];[Admin];[ReadOnlyAudit];LocalDomainServers,
316970CFCC3A9E9A329BCB1A7C14BDC9,1F62,,08/29/2021 14:54:07,08/29/2021 14:54:07,CN=HRC-Transfer/OU=Agents/O=TACOM,,RQ001435,Ullswater,,Earl,N,Parent,Leonard Ullswater,3266 Armory Pl,Spokane,WA,99289,(484) 555-1102,earl.ullswater@example.com,Phone,HRC,08/29/2021,Yes,08/29/2021,ULLSWATER|EARL|99289,"Ullswater, Earl N",[TACOM];[CSR];[Admin];[ReadOnlyAudit];LocalDomainServers,
217A8E4DF96B66EA29C0FCAA596F2CAF,1F66,,12/16/2017 15:33:45,12/16/2017 15:33:45,CN=HRC-Transfer/OU=Agents/O=TACOM,,RQ001436,Escobedo-Ruiz,Sr.,Steven,P,Self,Steven P Escobedo-Ruiz,8748 Veterans Memorial Ct,Kansas City,MO,64164-2651,,steven.escobedo@example.com,Mail,NPRC,12/16/2017,Yes,12/16/2017,ESCOBEDO-RUIZ|STEVEN|64164,"Escobedo-Ruiz, Steven P",[TACOM];[CSR];[Admin];[ReadOnlyAudit];LocalDomainServers,
DC9162012AB80B1330A279BAFDF7152D,1F6A,,04/21/2013 17:08:41,04/21/2013 17:08:41,CN=HRC-Transfer/OU=Agents/O=TACOM,,RQ001437,Castellanos,,Linda,F,Self,Linda F Castellanos,6049 Jefferson Pl Apt 18D,Fort Wayne,IN,46803,,linda.castellanos@example.com,Mail,NPRC,04/21/2013,No,,CASTELLANOS|LINDA|46803,"Castellanos, Linda F",[TACOM];[CSR];[Admin];[ReadOnlyAudit];LocalDomainServers,
201F51F3D86D7101581830B5E589D1C8,1F6E,,04/24/2023 16:20:40,04/24/2023 16:20:40,CN=HRC-Transfer/OU=Agents/O=TACOM,,RQ001438,Zellinger,III,Mark,N,Self,Mark N Zellinger,3981 Sycamore Blvd Apt 3C,Burlington,VT,05428,,,E-mail,HRC,04/24/2023,Yes,04/24/2023,ZELLINGER|MARK|05428,"Zellinger, Mark N",[TACOM];[CSR];[Admin];[ReadOnlyAudit];LocalDomainServers,
7F22A2CE016713708D8E2C92387139AD,1F72,,12/09/2017 10:26:53,12/09/2017 10:26:53,CN=Ret Hamlin/OU=CHPSID/O=TACOM,,RQ001439,Trevino-Hale,,Walter,,Self,Walter Trevino-Hale,3768 Birch Way,Worcester,MA,01678,(215) 555-1457,,Phone,Manual,12/09/2017,Yes,,TREVINO-HALE|WALTER|01678,"Trevino-Hale, Walter",[TACOM];[CSR];[Admin];[ReadOnlyAudit];LocalDomainServers,
8798E805B9A4110A01A321EB08ECBAB0,1F76,,11/16/2011 11:30:14,11/16/2011 11:30:14,CN=HRC-Transfer/OU=Agents/O=TACOM,,RQ001440,Dunmore-Vey,,Arthur,E,Son,Linda Dunmore,6681 Maple Way,Pensacola,FL,32511-7382,(484) 555-1290,,Mail,NPRC,11/16/2011,Yes,,DUNMORE-VEY|ARTHUR|32511,"Dunmore-Vey, Arthur E",[TACOM];[CSR];[Admin];[ReadOnlyAudit];LocalDomainServers,
32C330A2C9FD697803FCE72FD0E1F176,1F7A,,03/22/2018 10:43:07,03/22/2018 10:43:07,CN=HRC-Transfer/OU=Agents/O=TACOM,,RQ001441,Vandermolen,,Ruth,S,Son,Susan Vandermolen,1173 Juniper Ct,Columbus,OH,43272,(717) 555-1347,,Mail,NPRC,03/22/2018,Yes,,VANDERMOLEN|RUTH|43272,"Vandermolen, Ruth S",[TACOM];[CSR];[Admin];[ReadOnlyAudit];LocalDomainServers,
4A5BA17A8E4DF6B3EEE12152234B5585,1F7E,,03/12/2023 09:15:24,03/12/2023 09:15:24,CN=HRC-Transfer/OU=Agents/O=TACOM,,RQ001442,Rathbourne,,Sarah F,F,Self,Sarah F Rathbourne,5090 Pershing Ter,Atlanta,GA,30368-9980,(540) 555-1042,,Mail,NPRC,03/12/2023,No,,RATHBOURNE|SARAH F|30368,"Rathbourne, Sarah F",[TACOM];[CSR];[Admin];[ReadOnlyAudit];LocalDomainServers,
85FD2334069D9CB257E5CA05CDC2853B,1F82,,12/20/2008 07:21:50,12/20/2008 07:21:50,CN=HRC-Transfer/OU=Agents/O=TACOM,,RQ001443,Guajardo,,Donald,,Self,Donald Guajardo,6919 Armory Ln,Dayton,OH,45441,(610) 555-1227,donald.guajardo@example.com,Mail,NPRC,12/20/2008,Yes,,GUAJARDO|DONALD|45441,"Guajardo, Donald",[TACOM];[CSR];[Admin];[ReadOnlyAudit];LocalDomainServers,
AD3829C10417937450B137967BBBF62B,1F86,,12/12/2006 09:14:20,12/12/2006 09:14:20,CN=HRC-Transfer/OU=Agents/O=TACOM,,RQ001444,Hollinbeck,,Norman,,Self,Norman Hollinbeck,4163 Sycamore Blvd,Louisville,KY,40227-9161,(215) 555-1181,,E-mail,HRC,12/12/2006,Yes,12/12/2006,HOLLINBECK|NORMAN|40227,"Hollinbeck, Norman",[TACOM];[CSR];[Admin];[ReadOnlyAudit];LocalDomainServers,
4872BBCE1807F0B0B30046A851DF5238,1F8A,,05/12/2023 11:32:51,05/12/2023 11:32:51,CN=HRC-Transfer/OU=Agents/O=TACOM,,RQ001445,Yeardley,Sr.,Sarah,,Daughter,Earl Yeardley,2856 Patton Pl,Tacoma,WA,98459,(267) 555-1084,sarah.yeardley@example.com,Mail,HRC,05/12/2023,Yes,05/12/2023,YEARDLEY|SARAH|98459,"Yeardley, Sarah",[TACOM];[CSR];[Admin];[ReadOnlyAudit];LocalDomainServers,
3EAD839246D9DA5A1A117F0EB63965FE,1F8E,,07/29/2007 07:45:27,07/29/2007 07:45:27,CN=Ret Hamlin/OU=CHPSID/O=TACOM,,RQ001446,Prendergast,Sr.,Matthew,,Self,Matthew Prendergast,8204 Eisenhower Pl,Norfolk,VA,23514,(717) 555-1053,matthew.prendergast@example.com,E-mail,Manual,07/29/2007,Yes,,PRENDERGAST|MATTHEW|23514,"Prendergast, Matthew",[TACOM];[CSR];[Admin];[ReadOnlyAudit];LocalDomainServers,
97039AEE06B40EA3EA0F44B7C4CEA56F,1F92,,12/06/2014 09:11:41,12/06/2014 09:11:41,CN=HRC-Transfer/OU=Agents/O=TACOM,,RQ001447,Altamirano-Diaz,,Virginia,S,Son,Anthony Altamirano,7982 Chestnut St,Boise,ID,83769-8300,(717) 555-1006,virginia.altamirano@example.com,E-mail,NPRC,12/06/2014,No,,ALTAMIRANO-DIAZ|VIRGINIA|83769,"Altamirano-Diaz, Virginia S",[TACOM];[CSR];[Admin];[ReadOnlyAudit];LocalDomainServers,
4245CA5EA38ECF6B6918C7A8EBFA23A7,1F96,,10/11/2015 07:33:32,10/11/2015 07:33:32,CN=HRC-Transfer/OU=Agents/O=TACOM,,RQ001448,Trevino-Hale,,Ernesto,,Daughter,Nancy Trevino,7450 Willow Ave,Fresno,CA,93798-5110,(856) 555-1639,ernesto.trevino@example.com,Phone,HRC,10/11/2015,No,,TREVINO-HALE|ERNESTO|93798,"Trevino-Hale, Ernesto",[TACOM];[CSR];[Admin];[ReadOnlyAudit];LocalDomainServers,
1FB1FB68E509262E481C271D970C7325,1F9A,,01/08/2014 13:13:36,01/08/2014 13:13:36,CN=Benedetta Kowalczyk/OU=CHPSID/O=TACOM,,RQ001449,Hargreave,III,Gary,K,Spouse,Carlos Hargreave,1106 Hickory Rd,Peoria,IL,61699,(484) 555-1812,gary.hargreave@example.com,Phone,Manual,01/08/2014,No,,HARGREAVE|GARY|61699,"Hargreave, Gary K",[TACOM];[CSR];[Admin];[ReadOnlyAudit];LocalDomainServers,
D3E4909FA02D0EE210720141898B5A41,1F9E,,11/26/2006 11:28:28,11/26/2006 11:28:28,CN=HRC-Transfer/OU=Agents/O=TACOM,,RQ001450,Dellacroix,Jr.,Virginia,J,Spouse,Brandon Dellacroix,6724 Cedar Ln,Omaha,NE,68119,(540) 555-1355,virginia.dellacroix@example.com,E-mail,HRC,11/26/2006,No,11/26/2006,DELLACROIX|VIRGINIA|68119,"Dellacroix, Virginia J",[TACOM];[CSR];[Admin];[ReadOnlyAudit];LocalDomainServers,
B1D424A855CC68EE50201DDCE38826ED,1FA2,,10/15/2006 17:10:28,10/15/2006 17:10:28,CN=Dwayne Petrakis/OU=CHPSID/O=TACOM,,RQ001451,Ashcroft-Mayne,,Earl,S,Spouse,Marcus Ashcroft,9661 Washington Ln,Charlotte,NC,28242-1310,(540) 555-1451,earl.ashcroft@example.com,E-mail,Congressional,10/15/2006,Yes,10/15/2006,ASHCROFT-MAYNE|EARL|28242,"Ashcroft-Mayne, Earl S",[TACOM];[CSR];[Admin];[ReadOnlyAudit];LocalDomainServers,
9FFBE957996296EDAFF8EC00EE5939D2,1FA6,,06/01/2025 14:21:26,06/01/2025 14:21:26,CN=Renata Vasquez-Holm/OU=CHPSID/O=TACOM,,RQ001452,Dellacroix,Sr.,Donna,,Self,Donna Dellacroix,1143 Maple Dr Apt 3A,Los Angeles,CA,90092,(484) 555-1740,,E-mail,Congressional,06/01/2025,Yes,06/01/2025,DELLACROIX|DONNA|90092,"Dellacroix, Donna",[TACOM];[CSR];[Admin];[ReadOnlyAudit];LocalDomainServers,
7134D331E0A91EFF08FF351544692333,1FAA,,12/26/2010 07:19:24,12/26/2010 07:19:24,CN=HRC-Transfer/OU=Agents/O=TACOM,,RQ001453,Pettiford,,Matthew,N,Self,Matthew N Pettiford,3961 Armory Way,Syracuse,NY,13281,,matthew.pettiford@example.com,Phone,HRC,12/26/2010,Yes,,PETTIFORD|MATTHEW|13281,"Pettiford, Matthew N",[TACOM];[CSR];[Admin];[ReadOnlyAudit];LocalDomainServers,
333D148091D11994126A73782048DC4E,1FAE,,09/18/2023 09:43:34,09/18/2023 09:43:34,CN=Ret Hamlin/OU=CHPSID/O=TACOM,,RQ001454,Wickersham Jr.,Sr.,James,H,Daughter,Heather Wickersham,1038 Elm Dr,Sacramento,CA,95812-3359,(267) 555-1645,james.wickersham@example.com,Phone,Manual,09/18/2023,No,,WICKERSHAM JR.|JAMES|95812,"Wickersham Jr., James",[TACOM];[CSR];[Admin];[ReadOnlyAudit];LocalDomainServers,
2CD2C72A456C493957C60E1878087602,1FB2,,07/31/2011 17:12:35,07/31/2011 17:12:35,CN=HRC-Transfer/OU=Agents/O=TACOM,,RQ001455,Fortenbury,,James,S,Self,James S Fortenbury,6647 Laurel Blvd,Jacksonville,FL,32264-2518,(717) 555-1633,james.fortenbury@example.com,Mail,HRC,07/31/2011,No,,FORTENBURY|JAMES|32264,"Fortenbury, James S",[TACOM];[CSR];[Admin];[ReadOnlyAudit];LocalDomainServers,
A017854FE370DDA4207929A1F094E251,1FB6,,07/30/2015 14:00:08,07/30/2015 14:00:08,CN=HRC-Transfer/OU=Agents/O=TACOM,,RQ001456,Haverstock,,Kevin,G,Self,Kevin G Haverstock,9042 Dogwood Ave,Columbus,GA,31969,(703) 555-1791,kevin.haverstock@example.com,Mail,HRC,07/30/2015,Yes,07/30/2015,HAVERSTOCK|KEVIN|31969,"Haverstock, Kevin G",[TACOM];[CSR];[Admin];[ReadOnlyAudit];LocalDomainServers,
2F25D3984BBB0573C6AF03351D915854,1FBA,,10/18/2023 14:19:35,10/18/2023 14:19:35,CN=Ret Hamlin/OU=CHPSID/O=TACOM,,RQ001457,Kellerhaus,,Jose,J,Daughter,Matthew Kellerhaus,2015 Ridgway Rd,Cleveland,OH,44171,(302) 555-1758,jose.kellerhaus@example.com,E-mail,Congressional,10/18/2023,No,10/18/2023,KELLERHAUS|JOSE|44171,"Kellerhaus, Jose J",[TACOM];[CSR];[Admin];[ReadOnlyAudit];LocalDomainServers,
2E15639BBE4E1D81CD0E23F2A3F2B747,1FBE,,11/09/2006 11:23:25,11/09/2006 11:23:25,CN=HRC-Transfer/OU=Agents/O=TACOM,,RQ001458,Okonkwo-Bell,,Marcus,B,Self,Marcus B Okonkwo-Bell,1978 Birch Ave,Manchester,NH,03157-9875,,,E-mail,NPRC,11/09/2006,No,11/09/2006,OKONKWO-BELL|MARCUS|03157,"Okonkwo-Bell, Marcus B",[TACOM];[CSR];[Admin];[ReadOnlyAudit];LocalDomainServers,
C49FC4C9BE893DECCC9FBD1D7CF0C98F,1FC2,,02/17/2023 09:50:04,02/17/2023 09:50:04,CN=Dwayne Petrakis/OU=CHPSID/O=TACOM,,RQ001459,Zellinger,,Amanda,,Self,Amanda Zellinger,2758 Madison Rd,Fargo,ND,58125,(302) 555-1616,,E-mail,Manual,02/17/2023,Yes,,ZELLINGER|AMANDA|58125,"Zellinger, Amanda",[TACOM];[CSR];[Admin];[ReadOnlyAudit];LocalDomainServers,
3ACB613BF68F9B693A1A3024E500F882,1FC6,,03/02/2011 10:32:43,03/02/2011 10:32:43,CN=Dwayne Petrakis/OU=CHPSID/O=TACOM,,RQ001460,Templeton-Ash,,Darnell,,Self,Darnell Templeton-Ash,2863 Cedar Rd Apt 39D,Fargo,ND,58147,,darnell.templeton@example.com,Mail,Manual,03/02/2011,No,03/02/2011,TEMPLETON-ASH|DARNELL|58147,"Templeton-Ash, Darnell",[TACOM];[CSR];[Admin];[ReadOnlyAudit];LocalDomainServers,
E88A980DA28F1996F2FA9AB1DD74CB44,1FCA,,07/21/2026 17:12:14,07/21/2026 17:12:14,CN=Renata Vasquez-Holm/OU=CHPSID/O=TACOM,,RQ001461,Zimmerly,,Donald,A,Daughter,Rafael Zimmerly,127 Dogwood Ter,New Orleans,LA,70195,(410) 555-1431,,Phone,Manual,07/21/2026,No,,ZIMMERLY|DONALD|70195,"Zimmerly, Donald A",[TACOM];[CSR];[Admin];[ReadOnlyAudit];LocalDomainServers,
5D8BEE1195BA787E21475D443667B704,1FCE,,02/14/2016 17:15:41,02/14/2016 17:15:41,CN=HRC-Transfer/OU=Agents/O=TACOM,,RQ001462,Zellinger,,Walter,W,Self,Walter W Zellinger,1981 Maple Ct,Little Rock,AR,72277,,,Mail,HRC,02/14/2016,No,,ZELLINGER|WALTER|72277,"Zellinger, Walter W",[TACOM];[CSR];[Admin];[ReadOnlyAudit];LocalDomainServers,
A62F47C8DB2465A322083145957E6008,1FD2,,11/09/2020 09:28:51,11/09/2020 09:28:51,CN=Dwayne Petrakis/OU=CHPSID/O=TACOM,,RQ001463,UNDERHILL-VOSS,,Angela,R,Self,Angela R Underhill-Voss,7524 Eisenhower Rd,Boise,ID,83727,(267) 555-1358,,Mail,Manual,11/09/2020,No,,UNDERHILL-VOSS|ANGELA|83727,"UNDERHILL-VOSS, Angela",[TACOM];[CSR];[Admin];[ReadOnlyAudit];LocalDomainServers,
9868E4651ABEF6F33840DBFE1E001DA1,1FD6,,12/18/2025 10:13:45,12/18/2025 10:13:45,CN=HRC-Transfer/OU=Agents/O=TACOM,,RQ001464,Kellerhaus,III,Rafael,S,Son,Linda Kellerhaus,9452 Spruce Ln,Denver,CO,80250-8857,(856) 555-1682,rafael.kellerhaus@example.com,Mail,HRC,12/18/2025,No,12/18/2025,KELLERHAUS|RAFAEL|80250,"Kellerhaus, Rafael S",[TACOM];[CSR];[Admin];[ReadOnlyAudit];LocalDomainServers,
D14F0BD22F8360A3A4E28C6062DB3805,1FDA,,05/24/2020 14:09:44,05/24/2020 14:09:44,CN=Marlene Okafor/OU=CHPSID/O=TACOM,,RQ001465,Stanwycke,,Angela,G,Spouse,Richard Stanwycke,4944 Madison Ter,San Antonio,TX,78217-6454,(267) 555-1322,angela.stanwycke@example.com,Mail,Manual,05/24/2020,Yes,05/24/2020,STANWYCKE|ANGELA|78217,"Stanwycke, Angela G",[TACOM];[CSR];[Admin];[ReadOnlyAudit];LocalDomainServers,
C691DB757F4991C49C65942F6E2FE550,1FDE,,10/18/2025 10:24:57,10/18/2025 10:24:57,CN=HRC-Transfer/OU=Agents/O=TACOM,,RQ001466,Oakhurst-Pell,,Robert,B,Self,Robert B Oakhurst-Pell,6777 Laurel Ave,Las Vegas,NV,89147,(856) 555-1077,robert.oakhurst@example.com,Mail,HRC,10/18/2025,No,10/18/2025,OAKHURST-PELL|ROBERT|89147,"Oakhurst-Pell, Robert B",[TACOM];[CSR];[Admin];[ReadOnlyAudit];LocalDomainServers,
A6C442B1909C0A1627E8BDAD2DFD0B91,1FE2,,04/28/2013 11:53:57,04/28/2013 11:53:57,CN=HRC-Transfer/OU=Agents/O=TACOM,,RQ001467,Maldonado-Vega,Jr.,Frances,W,Other NOK,Barbara Maldonado,8513 Maple Way,Portland,ME,04190-7096,(484) 555-1150,frances.maldonado@example.com,Phone,HRC,04/28/2013,Yes,04/28/2013,MALDONADO-VEGA|FRANCES|04190,"Maldonado-Vega, Frances W",[TACOM];[CSR];[Admin];[ReadOnlyAudit];LocalDomainServers,
CE491D12E744B796EF4B477CB166B8ED,1FE6,,03/25/2026 08:09:49,03/25/2026 08:09:49,CN=HRC-Transfer/OU=Agents/O=TACOM,,RQ001468,MARROWBRIDGE,,Terrence,E,Son,Eugene Marrowbridge,8374 Maple Blvd,Wheeling,WV,26080,(215) 555-1266,terrence.marrowbridge@example.com,Mail,NPRC,03/25/2026,No,,MARROWBRIDGE|TERRENCE|26080,"MARROWBRIDGE, Terrence",[TACOM];[CSR];[Admin];[ReadOnlyAudit];LocalDomainServers,
86FB906E80A514382562EDB65315CA64,1FEA,,03/22/2017 11:50:20,03/22/2017 11:50:20,CN=HRC-Transfer/OU=Agents/O=TACOM,,RQ001469,Isherwood,,John,N,Son,Justin Isherwood,4425 Elm Blvd,Columbus,OH,43236,(215) 555-1980,,Phone,HRC,03/22/2017,Yes,,ISHERWOOD|JOHN|43236,"Isherwood, John N",[TACOM];[CSR];[Admin];[ReadOnlyAudit];LocalDomainServers,
171932DD35248FC2BC510B8B4D15472C,1FEE,,06/14/2024 12:54:26,06/14/2024 12:54:26,CN=HRC-Transfer/OU=Agents/O=TACOM,,RQ001470,Fairweather,,William,E,Self,William E Fairweather,2069 Eisenhower Ct Apt 20D,Knoxville,TN,37959,(856) 555-1240,william.fairweather@example.com,E-mail,HRC,06/14/2024,No,,FAIRWEATHER|WILLIAM|37959,"Fairweather, William E",[TACOM];[CSR];[Admin];[ReadOnlyAudit];LocalDomainServers,
A230EFBEF330EAE006D8EA5BDF3FF7E2,1FF2,,07/20/2008 14:59:42,07/20/2008 14:59:42,CN=Dwayne Petrakis/OU=CHPSID/O=TACOM,,RQ001471,Thornbury,Jr.,Walter,H,Spouse,Lisa Thornbury,3894 Magnolia Ct,Syracuse,NY,13241-1078,(484) 555-1318,walter.thornbury@example.com,E-mail,Congressional,07/20/2008,Yes,07/20/2008,THORNBURY|WALTER|13241,"Thornbury, Walter H",[TACOM];[CSR];[Admin];[ReadOnlyAudit];LocalDomainServers,
97C2707F2B9C1AEDD18F3746E2C69335,1FF6,,12/17/2007 11:27:18,12/17/2007 11:27:18,CN=HRC-Transfer/OU=Agents/O=TACOM,,RQ001472,Escobedo-Ruiz,,Matthew,A,Self,Matthew A Escobedo-Ruiz,8105 Bradley Ct Apt 30C,Trenton,NJ,08651,(856) 555-1003,matthew.escobedo@example.com,Mail,NPRC,12/17/2007,Yes,12/17/2007,ESCOBEDO-RUIZ|MATTHEW|08651,"Escobedo-Ruiz, Matthew A",[TACOM];[CSR];[Admin];[ReadOnlyAudit];LocalDomainServers,
2AA89F57389F6C1448AF1FC5E506E506,1FFA,,09/06/2025 17:53:56,09/06/2025 17:53:56,CN=Dwayne Petrakis/OU=CHPSID/O=TACOM,,RQ001473,FENNIMARK,,Barbara,H,Self,Barbara H Fennimark,1351 Dogwood Pl,Minneapolis,MN,55499,(410) 555-1994,,E-mail,Manual,09/06/2025,No,,FENNIMARK|BARBARA|55499,"FENNIMARK, Barbara",[TACOM];[CSR];[Admin];[ReadOnlyAudit];LocalDomainServers,RQ000929
28CED6EBD1D5DCAC17E4552DA0C6C13D,1FFE,,11/21/2015 12:28:22,11/21/2015 12:28:22,CN=Renata Vasquez-Holm/OU=CHPSID/O=TACOM,,RQ001474,Wickersham,Sr.,Helen,P,Self,Helen P Wickersham,9293 Lincoln Way,Omaha,NE,68139-1126,(267) 555-1798,helen.wickersham@example.com,Mail,Manual,11/21/2015,Yes,,WICKERSHAM|HELEN|68139,"Wickersham, Helen P",[TACOM];[CSR];[Admin];[ReadOnlyAudit];LocalDomainServers,
616B0987CE634AA4FAAD9E2ABB9E2DF1,2002,,10/24/2009 10:43:15,10/24/2009 10:43:15,CN=HRC-Transfer/OU=Agents/O=TACOM,,RQ001475,Quinonez,,Gary,R,Self,Gary R Quinonez,6934 Marshall Way,Raleigh,NC,27685,,gary.quinonez@example.com,Phone,HRC,10/24/2009,Yes,10/24/2009,QUINONEZ|GARY|27685,"Quinonez, Gary R",[TACOM];[CSR];[Admin];[ReadOnlyAudit];LocalDomainServers,
93FA12BDFFBE42A2668908B1ED1E1AE1,2006,,12/08/2022 17:21:23,12/08/2022 17:21:23,CN=Renata Vasquez-Holm/OU=CHPSID/O=TACOM,,RQ001476,Fortenbury,III,Ernesto,E,Self,Ernesto E Fortenbury,5878 Oak St,Los Angeles,CA,90069,(484) 555-1021,ernesto.fortenbury@example.com,E-mail,Manual,12/08/2022,Yes,12/08/2022,FORTENBURY|ERNESTO|90069,"Fortenbury, Ernesto E",[TACOM];[CSR];[Admin];[ReadOnlyAudit];LocalDomainServers,
5BCBFE1544ED51540565AC9010627F30,200A,,02/16/2020 07:38:35,02/16/2020 07:38:35,CN=Lorraine Whitcombe/OU=CHPSID/O=TACOM,,RQ001477,Coldwater,,Leonard,,Self,Leonard Coldwater,7322 Birch Pl,Pensacola,FL,32501,(703) 555-1696,,Phone,Congressional,02/16/2020,Yes,,COLDWATER|LEONARD|32501,"Coldwater, Leonard",[TACOM];[CSR];[Admin];[ReadOnlyAudit];LocalDomainServers,
0A5093A561E9EC48094B5CBF456C95CD,200E,,09/11/2023 17:26:34,09/11/2023 17:26:34,CN=HRC-Transfer/OU=Agents/O=TACOM,,RQ001478,Everleigh,III,Eugene,W,Self,Eugene W Everleigh,1248 Maple St,Des Moines,IA,50364-2453,,,Mail,NPRC,09/11/2023,No,,EVERLEIGH|EUGENE|50364,"Everleigh, Eugene",[TACOM];[CSR];[Admin];[ReadOnlyAudit];LocalDomainServers,
D8283F6F2635D5887D91973751C29D51,2012,,06/08/2024 08:33:50,06/08/2024 08:33:50,CN=HRC-Transfer/OU=Agents/O=TACOM,,RQ001479,Pettiford,III,Sarah,L,Self,Sarah L Pettiford,2694 Jefferson St,Grand Rapids,MI,49543-4200,(703) 555-1750,sarah.pettiford@example.com,Mail,NPRC,06/08/2024,No,06/08/2024,PETTIFORD|SARAH|49543,"Pettiford, Sarah L",[TACOM];[CSR];[Admin];[ReadOnlyAudit];LocalDomainServers,
61F86164E35376C3CC936BD03A75243F,2016,,07/16/2006 14:25:33,07/16/2006 14:25:33,CN=Lorraine Whitcombe/OU=CHPSID/O=TACOM,,RQ001480,Kestleman,,Robert,L,Self,Robert L Kestleman,3916 Laurel Ave,Fayetteville,NC,28316,(703) 555-1615,,Mail,Manual,07/16/2006,Yes,,KESTLEMAN|ROBERT|28316,"Kestleman, Robert L",[TACOM];[CSR];[Admin];[ReadOnlyAudit];LocalDomainServers,
50FC37085A54CB7E345E432B3279C34C,201A,,11/16/2013 14:14:58,11/16/2013 14:14:58,CN=HRC-Transfer/OU=Agents/O=TACOM,,RQ001481,Crandall-Mott,,Matthew,P,Spouse,Sandra Crandall,8459 Laurel Blvd Apt 27B,Wilmington,DE,19827-3896,(215) 555-1156,,Mail,HRC,11/16/2013,No,11/16/2013,CRANDALL-MOTT|MATTHEW|19827,"Crandall-Mott, Matthew P",[TACOM];[CSR];[Admin];[ReadOnlyAudit];LocalDomainServers,
51A7F54A8F97CAECB520EC8A456B8D97,201E,,11/22/2008 09:40:21,11/22/2008 09:40:21,CN=HRC-Transfer/OU=Agents/O=TACOM,,RQ001482,Cartlewood,,Ruth,J,Daughter,Charles Cartlewood,3819 Birch Pl,El Paso,TX,79972,,ruth.cartlewood@example.com,E-mail,HRC,11/22/2008,No,11/22/2008,CARTLEWOOD|RUTH|79972,"Cartlewood, Ruth J",[TACOM];[CSR];[Admin];[ReadOnlyAudit];LocalDomainServers,
CE9C26DBB6A668CE76E5CE555BF5E717,2022,,04/12/2006 15:36:31,04/12/2006 15:36:31,CN=HRC-Transfer/OU=Agents/O=TACOM,,RQ001483,Villanueva-Cox,Sr.,Jamal,A,Self,Jamal A Villanueva-Cox,2522 Oak Dr,Milwaukee,WI,53269,(540) 555-1052,,Mail,HRC,04/12/2006,No,04/12/2006,VILLANUEVA-COX|JAMAL|53269,"Villanueva-Cox, Jamal A",[TACOM];[CSR];[Admin];[ReadOnlyAudit];LocalDomainServers,
1A2BBC7E9B5C57F80620F8B7AD814FFE,2026,,01/22/2010 17:23:19,01/22/2010 17:23:19,CN=Dwayne Petrakis/OU=CHPSID/O=TACOM,,RQ001484,Zellinger,,Robert,L,Self,Robert L Zellinger,8669 Walnut Dr,Chicago,IL,60670,(717) 555-1661,,Mail,Manual,01/22/2010,Yes,01/22/2010,ZELLINGER|ROBERT|60670,"Zellinger, Robert L",[TACOM];[CSR];[Admin];[ReadOnlyAudit];LocalDomainServers,
B3011FC6BF4D40AABEFA864CAF72B83B,202A,,01/27/2024 16:55:02,01/27/2024 16:55:02,CN=HRC-Transfer/OU=Agents/O=TACOM,,RQ001485,Villanueva-Cox,III,Kevin,C,Son,Howard Villanueva,7770 Hickory Rd,Savannah,GA,31482-5852,(540) 555-1747,kevin.villanueva@example.com,E-mail,HRC,01/27/2024,Yes,01/27/2024,VILLANUEVA-COX|KEVIN|31482,"Villanueva-Cox, Kevin C",[TACOM];[CSR];[Admin];[ReadOnlyAudit];LocalDomainServers,
C76DDC2299E047BB5754F08075BBC236,202E,,08/12/2021 10:36:55,08/12/2021 10:36:55,CN=Dwayne Petrakis/OU=CHPSID/O=TACOM,,RQ001486,Ahlquist-Bane,Sr.,Barbara,,Other NOK,Mary Ahlquist,2550 Birch Way,Philadelphia,PA,19123,(540) 555-1742,,Phone,Manual,08/12/2021,Yes,08/12/2021,AHLQUIST-BANE|BARBARA|19123,"Ahlquist-Bane, Barbara",[TACOM];[CSR];[Admin];[ReadOnlyAudit];LocalDomainServers,
E61ED5BE12CF98B85FA41CEBD20B80EE,2032,,07/25/2021 13:01:09,07/25/2021 13:01:09,CN=Benedetta Kowalczyk/OU=CHPSID/O=TACOM,,RQ001487,Montgomerie,Jr.,Daniel,,Self,Daniel Montgomerie,1583 Maple St,Wilmington,DE,19814,(717) 555-1020,,Mail,Congressional,07/25/2021,No,,MONTGOMERIE|DANIEL|19814,"Montgomerie, Daniel",[TACOM];[CSR];[Admin];[ReadOnlyAudit];LocalDomainServers,
1747742F57E1FF2B2DC545D121129173,2036,,12/29/2008 13:46:30,12/29/2008 13:46:30,CN=HRC-Transfer/OU=Agents/O=TACOM,,RQ001488,Ingersby,Sr.,Timothy,,Spouse,Margaret Ingersby,1844 Sycamore Ln Apt 27B,Pensacola,FL,32511,,,Mail,NPRC,12/29/2008,Yes,12/29/2008,INGERSBY|TIMOTHY|32511,"Ingersby, Timothy",[TACOM];[CSR];[Admin];[ReadOnlyAudit];LocalDomainServers,
C2501F4D909F42B6BBEE90A25DC46B5B,203A,,07/18/2008 12:11:37,07/18/2008 12:11:37,CN=HRC-Transfer/OU=Agents/O=TACOM,,RQ001489,Fennimark,,Marcus,F,Self,Marcus F Fennimark,2681 Birch Ln,Chicago,IL,60655-6181,,marcus.fennimark@example.com,Mail,HRC,07/18/2008,Yes,07/18/2008,FENNIMARK|MARCUS|60655,"Fennimark, Marcus F",[TACOM];[CSR];[Admin];[ReadOnlyAudit];LocalDomainServers,
74F881222F073F8138FC744B496BCEF7,203E,,06/18/2026 15:54:27,06/18/2026 15:54:27,CN=Benedetta Kowalczyk/OU=CHPSID/O=TACOM,,RQ001490,WEXCOMBE,,Nancy,S,Sibling,Howard Wexcombe,2951 Juniper Rd,Las Vegas,NV,89122-9792,(302) 555-1083,,Mail,Manual,06/18/2026,No,,WEXCOMBE|NANCY|89122,"WEXCOMBE, Nancy",[TACOM];[CSR];[Admin];[ReadOnlyAudit];LocalDomainServers,
12A804CB198221BEB93E54740DED2BE3,2042,,05/24/2012 17:06:38,05/24/2012 17:06:38,CN=HRC-Transfer/OU=Agents/O=TACOM,,RQ001491,Sallisaw,,Clarence,,Parent,Howard Sallisaw,5253 Walnut Blvd,Albuquerque,NM,87164-1705,(484) 555-1159,,Mail,HRC,05/24/2012,No,,SALLISAW|CLARENCE|87164,"Sallisaw, Clarence",[TACOM];[CSR];[Admin];[ReadOnlyAudit];LocalDomainServers,
07C0342B61B341F910ECD5BC56FB9E2D,2046,,01/01/2025 13:24:31,01/01/2025 13:24:31,CN=HRC-Transfer/OU=Agents/O=TACOM,,RQ001492,Wexcombe,,William,L,Daughter,Mary Wexcombe,3521 Ridgway Ln,Spokane,WA,99268-3173,(410) 555-1750,william.wexcombe@example.com,Mail,NPRC,01/01/2025,No,01/01/2025,WEXCOMBE|WILLIAM|99268,"Wexcombe, William L",[TACOM];[CSR];[Admin];[ReadOnlyAudit];LocalDomainServers,
D2738D948DEBB89AA439156960821F4E,204A,,04/08/2007 15:07:22,04/08/2007 15:07:22,CN=Renata Vasquez-Holm/OU=CHPSID/O=TACOM,,RQ001493,Quinonez,III,Thomas,F,Grandchild,Tyler Quinonez,3668 Laurel Rd,Charleston,WV,25311-0135,(703) 555-1541,,Phone,Congressional,04/08/2007,No,04/08/2007,QUINONEZ|THOMAS|25311,"Quinonez, Thomas F",[TACOM];[CSR];[Admin];[ReadOnlyAudit];LocalDomainServers,
B847A98C4427A1B0CEFE5F1428CC87A9,204E,,03/28/2014 14:24:44,03/28/2014 14:24:44,CN=Marlene Okafor/OU=CHPSID/O=TACOM,,RQ001494,Benavidez-Cruz,Jr.,Luis,,Self,Luis Benavidez-Cruz,2242 Walnut Ave,Fort Wayne,IN,46896-2161,(856) 555-1034,,Mail,Congressional,03/28/2014,Yes,03/28/2014,BENAVIDEZ-CRUZ|LUIS|46896,"Benavidez-Cruz, Luis",[TACOM];[CSR];[Admin];[ReadOnlyAudit];LocalDomainServers,
3BAB04EF466AA639C1BBE6154D677E06,2052,,02/29/2020 10:40:27,02/29/2020 10:40:27,CN=HRC-Transfer/OU=Agents/O=TACOM,,RQ001495,Reyes-Almonte,,Carlos,F,Self,Carlos F Reyes-Almonte,564 Ridgway Ave,Columbus,OH,43293,,,Mail,HRC,02/29/2020,Yes,02/29/2020,REYES-ALMONTE|CARLOS|43293,"Reyes-Almonte, Carlos F",[TACOM];[CSR];[Admin];[ReadOnlyAudit];LocalDomainServers,
015A816F5F341AB868805C7D43A96849,2056,,08/27/2015 10:46:28,08/27/2015 10:46:28,CN=Ret Hamlin/OU=CHPSID/O=TACOM,,RQ001496,Guajardo,,Donald,N,Grandchild,Darnell Guajardo,7753 Sycamore Way,Buffalo,NY,14240,(703) 555-1750,donald.guajardo@example.com,E-mail,Manual,08/27/2015,Yes,08/27/2015,GUAJARDO|DONALD|14240,"Guajardo, Donald N",[TACOM];[CSR];[Admin];[ReadOnlyAudit];LocalDomainServers,
60A08AE6AA8624BAF9DB5CCF2A921DC1,205A,,10/14/2012 14:13:42,10/14/2012 14:13:42,CN=HRC-Transfer/OU=Agents/O=TACOM,,RQ001497,Haverstock,III,Luis,J,Self,Luis J Haverstock,869 Spruce Blvd,Dallas,TX,75266,(484) 555-1931,luis.haverstock@example.com,E-mail,NPRC,10/14/2012,Yes,10/14/2012,HAVERSTOCK|LUIS|75266,"Haverstock, Luis J",[TACOM];[CSR];[Admin];[ReadOnlyAudit];LocalDomainServers,
1B87CC474CC6E6B1F4BD95DCB87F87CE,205E,,02/06/2014 09:21:36,02/06/2014 09:21:36,CN=HRC-Transfer/OU=Agents/O=TACOM,,RQ001498,Reyes-Almonte,Jr.,Kevin,G,Self,Kevin G Reyes-Almonte,2838 Armory Blvd,Las Vegas,NV,89194-0774,(302) 555-1332,,E-mail,HRC,02/06/2014,Yes,,REYES-ALMONTE|KEVIN|89194,"Reyes-Almonte, Kevin G",[TACOM];[CSR];[Admin];[ReadOnlyAudit];LocalDomainServers,
EF950FFEF38BE9297DA939607E438BA8,2062,,03/30/2021 08:23:10,03/30/2021 08:23:10,CN=HRC-Transfer/OU=Agents/O=TACOM,,RQ001499,Northway,,Leonard,H,Daughter,John Northway,2152 Patton St,Toledo,OH,43602,(484) 555-1650,leonard.northway@example.com,Mail,HRC,03/30/2021,Yes,03/30/2021,NORTHWAY|LEONARD|43602,"Northway, Leonard H",[TACOM];[CSR];[Admin];[ReadOnlyAudit];LocalDomainServers,
E30DFD1EF662FE1E405C72CEB0ED14B0,2066,,04/09/2018 09:10:36,04/09/2018 09:10:36,CN=HRC-Transfer/OU=Agents/O=TACOM,,RQ001500,Oakhurst-Pell,,Matthew,,Self,Matthew Oakhurst-Pell,7803 Madison Rd,Shreveport,LA,71174,(302) 555-1766,,Mail,HRC,04/09/2018,No,,OAKHURST-PELL|MATTHEW|71174,"Oakhurst-Pell, Matthew",[TACOM];[CSR];[Admin];[ReadOnlyAudit];LocalDomainServers,
DAE4AD26C8600CAE70A210A5AF62DC37,206A,,06/06/2008 10:14:03,06/06/2008 10:14:03,CN=Marlene Okafor/OU=CHPSID/O=TACOM,,RQ001501,Oakhurst-Pell,,Tyler,G,Self,Tyler G Oakhurst-Pell,8722 Oak Ct,Jackson,MS,39288-8972,(717) 555-1795,,Mail,Manual,06/06/2008,Yes,06/06/2008,OAKHURST-PELL|TYLER|39288,"Oakhurst-Pell, Tyler G",[TACOM];[CSR];[Admin];[ReadOnlyAudit];LocalDomainServers,
1DDB3ED3BAD3AD8F784B4858F58F6397,206E,,04/24/2004 12:11:34,04/24/2004 12:11:34,CN=HRC-Transfer/OU=Agents/O=TACOM,,RQ001502,Zimmerly,Sr.,Linda,K,Self,Linda K Zimmerly,1534 Pershing Ter,San Diego,CA,92134,(215) 555-1896,,E-mail,NPRC,04/24/2004,Yes,,ZIMMERLY|LINDA|92134,"Zimmerly, Linda K",[TACOM];[CSR];[Admin];[ReadOnlyAudit];LocalDomainServers,
689CD69CD4874ACF95FDAA9008239D21,2072,,12/20/2015 09:25:54,12/20/2015 09:25:54,CN=HRC-Transfer/OU=Agents/O=TACOM,,RQ001503,Reyes-Almonte,Jr.,Darnell,R,Spouse,Amanda Reyes,3621 Oak Ct,Dallas,TX,75290-9563,(410) 555-1038,darnell.reyes@example.com,E-mail,NPRC,12/20/2015,No,12/20/2015,REYES-ALMONTE|DARNELL|75290,"Reyes-Almonte, Darnell R",[TACOM];[CSR];[Admin];[ReadOnlyAudit];LocalDomainServers,
EB9C01DFD24C8720D61F9B0FF46573EB,2076,,01/13/2022 08:53:55,01/13/2022 08:53:55,CN=Dwayne Petrakis/OU=CHPSID/O=TACOM,,RQ001504,Abernook,,Steven,,Self,Steven Abernook,7689 Elm Ln,Spokane,WA,99274,(484) 555-1486,,E-mail,Congressional,01/13/2022,Yes,,ABERNOOK|STEVEN|99274,"Abernook, Steven",[TACOM];[CSR];[Admin];[ReadOnlyAudit];LocalDomainServers,
3B91F31380B760D2E48E248E16C66662,207A,,11/06/2008 15:54:14,11/06/2008 15:54:14,CN=HRC-Transfer/OU=Agents/O=TACOM,,RQ001505,Quennevile,Jr.,Anthony,P,Grandchild,Brandon Quennevile,174 Bradley Way,Salt Lake City,UT,84169,,anthony.quennevile@example.com,Phone,HRC,11/06/2008,Yes,,QUENNEVILE|ANTHONY|84169,"Quennevile, Anthony P",[TACOM];[CSR];[Admin];[ReadOnlyAudit];LocalDomainServers,
7D4E03E79A2F40A6B8F4151C50B84696,207E,,07/13/2015 12:26:21,07/13/2015 12:26:21,CN=Marlene Okafor/OU=CHPSID/O=TACOM,,RQ001506,Abernook,,T.,R,Self,Terrence R Abernook,677 Dogwood Rd Apt 35B,Raleigh,NC,27677,(717) 555-1380,terrence.abernook@example.com,Phone,Manual,07/13/2015,No,,ABERNOOK|T.|27677,"Abernook, T.",[TACOM];[CSR];[Admin];[ReadOnlyAudit];LocalDomainServers,
9FE89039579692C4BF6042F5EBA2018F,2082,,10/16/2021 13:33:08,10/16/2021 13:33:08,CN=HRC-Transfer/OU=Agents/O=TACOM,,RQ001507,Crandall-Mott,Jr.,Brandon,E,Son,Leonard Crandall,6876 Marshall Way,Shreveport,LA,71140-3890,(410) 555-1660,,Phone,HRC,10/16/2021,No,,CRANDALL-MOTT|BRANDON|71140,"Crandall-Mott, Brandon E",[TACOM];[CSR];[Admin];[ReadOnlyAudit];LocalDomainServers,
490F0A6AD29CFDD91F951322AC66FBE0,2086,,09/25/2023 09:31:03,09/25/2023 09:31:03,CN=HRC-Transfer/OU=Agents/O=TACOM,,RQ001508,Sallisaw,,Linda,K,Self,Linda K Sallisaw,7305 Spruce Ln,Dallas,TX,75257,(610) 555-1502,,E-mail,HRC,09/25/2023,Yes,,SALLISAW|LINDA|75257,"Sallisaw, Linda K",[TACOM];[CSR];[Admin];[ReadOnlyAudit];LocalDomainServers,
B35AC5DB1F3EFA0281A01435AF455B6C,208A,,11/21/2006 14:01:51,11/21/2006 14:01:51,CN=HRC-Transfer/OU=Agents/O=TACOM,,RQ001509,Figueroa-Paz,,Ernesto,M,Grandchild,Mark Figueroa,6708 Pershing Way,Billings,MT,59190,,,E-mail,HRC,11/21/2006,Yes,11/21/2006,FIGUEROA-PAZ|ERNESTO|59190,"Figueroa-Paz, Ernesto M",[TACOM];[CSR];[Admin];[ReadOnlyAudit];LocalDomainServers,
D27F2346A9EF57300C0458324FA6A59E,208E,,06/18/2017 10:28:21,06/18/2017 10:28:21,CN=HRC-Transfer/OU=Agents/O=TACOM,,RQ001510,Oakhurst-Pell,Jr.,Tyler,,Other NOK,Harold Oakhurst,9276 Chestnut Dr,Richmond,VA,23253,(302) 555-1914,tyler.oakhurst@example.com,Mail,HRC,06/18/2017,Yes,06/18/2017,OAKHURST-PELL|TYLER|23253,"Oakhurst-Pell, Tyler",[TACOM];[CSR];[Admin];[ReadOnlyAudit];LocalDomainServers,
8437F80F23A3C50B6D3DEA1758EFAC9C,2092,,05/03/2018 11:49:51,05/03/2018 11:49:51,CN=HRC-Transfer/OU=Agents/O=TACOM,,RQ001511,Coldwater,,Donna,P,Self,Donna P Coldwater,8874 Lincoln Way,Syracuse,NY,13262,(610) 555-1837,donna.coldwater@example.com,Mail,HRC,05/03/2018,No,,COLDWATER|DONNA|13262,"Coldwater, Donna P",[TACOM];[CSR];[Admin];[ReadOnlyAudit];LocalDomainServers,
240312C5DBBFE092A8B556C21D789340,2096,,05/08/2022 12:57:21,05/08/2022 12:57:21,CN=HRC-Transfer/OU=Agents/O=TACOM,,RQ001512,Kestleman Jr.,Jr.,John,H,Self,John H Kestleman,857 Laurel Dr,New Orleans,LA,70152,(703) 555-1779,,Mail,HRC,05/08/2022,No,,KESTLEMAN JR.|JOHN|70152,"Kestleman Jr., John",[TACOM];[CSR];[Admin];[ReadOnlyAudit];LocalDomainServers,RQ000896
6C488640FB966EF299A7850CCDF3CA40,209A,,02/11/2006 07:25:27,02/11/2006 07:25:27,CN=Benedetta Kowalczyk/OU=CHPSID/O=TACOM,,RQ001513,Wexcombe,Jr.,William,,Spouse,Timothy Wexcombe,6910 Sycamore Way,Peoria,IL,61618,(215) 555-1578,william.wexcombe@example.com,Mail,Congressional,02/11/2006,Yes,,WEXCOMBE|WILLIAM|61618,"Wexcombe, William",[TACOM];[CSR];[Admin];[ReadOnlyAudit];LocalDomainServers,
CA1C65D2C021E540DC9CFFAA1017259F,209E,,12/29/2017 16:03:22,12/29/2017 16:03:22,CN=Dwayne Petrakis/OU=CHPSID/O=TACOM,,RQ001514,Cartlewood,III,Justin,S,Self,Justin S Cartlewood,2237 Willow Pl,El Paso,TX,79987,(856) 555-1218,justin.cartlewood@example.com,Mail,Congressional,12/29/2017,Yes,,CARTLEWOOD|JUSTIN|79987,"Cartlewood, Justin S",[TACOM];[CSR];[Admin];[ReadOnlyAudit];LocalDomainServers,
936D513D368E2FBCFB946433FD778F42,20A2,,06/01/2010 15:56:41,06/01/2010 15:56:41,CN=Lorraine Whitcombe/OU=CHPSID/O=TACOM,,RQ001515,Wexcombe,III,Andre,M,Daughter,Gary Wexcombe,3116 Madison Ter,Dallas,TX,75292-6000,(540) 555-1458,andre.wexcombe@example.com,Mail,Congressional,06/01/2010,Yes,,WEXCOMBE|ANDRE|75292,"Wexcombe, Andre M",[TACOM];[CSR];[Admin];[ReadOnlyAudit];LocalDomainServers,
CFF1F0EC4AF29B33830035C75FA3D1DC,20A6,,07/06/2017 12:10:48,07/06/2017 12:10:48,CN=HRC-Transfer/OU=Agents/O=TACOM,,RQ001516,Fennimark,III,Charles,,Daughter,Thomas Fennimark,4447 Chestnut Ave,Orlando,FL,32816,(410) 555-1582,,Mail,HRC,07/06/2017,Yes,07/06/2017,FENNIMARK|CHARLES|32816,"Fennimark, Charles",[TACOM];[CSR];[Admin];[ReadOnlyAudit];LocalDomainServers,
AB66DE20ED5E36EA38329C93A90762E8,20AA,,10/30/2023 12:50:48,10/30/2023 12:50:48,CN=HRC-Transfer/OU=Agents/O=TACOM,,RQ001517,Lindquarry,,Nicole,K,Spouse,Mark Lindquarry,7921 Maple Ter,Philadelphia,PA,19178,(856) 555-1542,,Mail,NPRC,10/30/2023,No,10/30/2023,LINDQUARRY|NICOLE|19178,"Lindquarry, Nicole K",[TACOM];[CSR];[Admin];[ReadOnlyAudit];LocalDomainServers,
4123C22EEF6610C9F6B05A65855FD69D,20AE,,04/26/2020 17:10:02,04/26/2020 17:10:02,CN=HRC-Transfer/OU=Agents/O=TACOM,,RQ001518,Templeton-Ash,Sr.,Marcus,A,Son,Howard Templeton,2866 Magnolia Blvd,Fresno,CA,93738,(856) 555-1575,,Phone,HRC,04/26/2020,No,04/26/2020,TEMPLETON-ASH|MARCUS|93738,"Templeton-Ash, Marcus A",[TACOM];[CSR];[Admin];[ReadOnlyAudit];LocalDomainServers,
F50184B341038EB94F170BE4119CDDC5,20B2,,10/09/2012 16:44:04,10/09/2012 16:44:04,CN=HRC-Transfer/OU=Agents/O=TACOM,,RQ001519,Templeton-Ash,,William,R,Daughter,Ryan Templeton,3974 Maple Blvd,Philadelphia,PA,19191-2085,(610) 555-1611,,E-mail,NPRC,10/09/2012,Yes,10/09/2012,TEMPLETON-ASH|WILLIAM|19191,"Templeton-Ash, William R",[TACOM];[CSR];[Admin];[ReadOnlyAudit];LocalDomainServers,
572A55A1995F2E7098F37464270075A2,20B6,,12/05/2018 14:39:22,12/05/2018 14:39:22,CN=HRC-Transfer/OU=Agents/O=TACOM,,RQ001520,Yamaguchi-Orr,Sr.,Heather,S,Self,Heather S Yamaguchi-Orr,1973 Maple St Apt 17D,Philadelphia,PA,19102,(215) 555-1110,,E-mail,HRC,12/05/2018,No,12/05/2018,YAMAGUCHI-ORR|HEATHER|19102,"Yamaguchi-Orr, Heather S",[TACOM];[CSR];[Admin];[ReadOnlyAudit];LocalDomainServers,
27CC61010716F6AECA13C14B3C897A26,20BA,,05/11/2026 08:02:52,05/11/2026 08:02:52,CN=HRC-Transfer/OU=Agents/O=TACOM,,RQ001521,Ormsbee,,Nicole,A,Self,Nicole A Ormsbee,2253 Dogwood Rd,Louisville,KY,40297-2898,(717) 555-1794,,Phone,HRC,05/11/2026,No,,ORMSBEE|NICOLE|40297,"Ormsbee, Nicole",[TACOM];[CSR];[Admin];[ReadOnlyAudit];LocalDomainServers,
A27F7F3CD56631BF85E122553FDD559F,20BE,,11/15/2005 13:13:10,11/15/2005 13:13:10,CN=HRC-Transfer/OU=Agents/O=TACOM,,RQ001522,Jaramillo,Sr.,Mildred,K,Son,Sarah Jaramillo,9059 Madison Way,Columbus,GA,31968,(302) 555-1898,mildred.jaramillo@example.com,Mail,NPRC,11/15/2005,No,11/15/2005,JARAMILLO|MILDRED|31968,"Jaramillo, Mildred K",[TACOM];[CSR];[Admin];[ReadOnlyAudit];LocalDomainServers,
EA1796C0CF3CDD5BF77B3E94C4C2D801,20C2,,07/07/2016 14:15:42,07/07/2016 14:15:42,CN=Lorraine Whitcombe/OU=CHPSID/O=TACOM,,RQ001523,Lindquarry,,Mary,B,Self,Mary B Lindquarry,722 Washington Ter,Salt Lake City,UT,84152-7175,(703) 555-1865,mary.lindquarry@example.com,Mail,Manual,07/07/2016,No,,LINDQUARRY|MARY|84152,"Lindquarry, Mary B",[TACOM];[CSR];[Admin];[ReadOnlyAudit];LocalDomainServers,
68C87B5DAEA40D22B790469E861BEF15,20C6,,02/18/2015 16:15:18,02/18/2015 16:15:18,CN=Lorraine Whitcombe/OU=CHPSID/O=TACOM,,RQ001524,Nakashima,III,Angela,P,Daughter,Carlos Nakashima,5696 Madison Ave,Houston,TX,77098,(267) 555-1945,,Mail,Congressional,02/18/2015,Yes,02/18/2015,NAKASHIMA|ANGELA|77098,"Nakashima, Angela P",[TACOM];[CSR];[Admin];[ReadOnlyAudit];LocalDomainServers,
BD26FED679FB7B82FB9ED754EC4F76EF,20CA,,10/14/2025 16:40:23,10/14/2025 16:40:23,CN=Benedetta Kowalczyk/OU=CHPSID/O=TACOM,,RQ001525,JARVINEN-ROE,Sr.,Eugene,,Self,Eugene Jarvinen-Roe,2597 Veterans Memorial Blvd,Hartford,CT,06131,(610) 555-1928,,E-mail,Manual,10/14/2025,No,,JARVINEN-ROE|EUGENE|06131,"JARVINEN-ROE, Eugene",[TACOM];[CSR];[Admin];[ReadOnlyAudit];LocalDomainServers,
DA8941AED570528B349B949EA833EFD4,20CE,,02/11/2023 13:19:43,02/11/2023 13:19:43,CN=Renata Vasquez-Holm/OU=CHPSID/O=TACOM,,RQ001526,Ullswater,,Gary,K,Daughter,Stephanie Ullswater,7444 Patton Dr,Savannah,GA,31448,,,E-mail,Congressional,02/11/2023,Yes,02/11/2023,ULLSWATER|GARY|31448,"Ullswater, Gary K",[TACOM];[CSR];[Admin];[ReadOnlyAudit];LocalDomainServers,
B925C6C97F8DF1598A20A40E6DDA6ADC,20D2,,10/10/2011 07:32:38,10/10/2011 07:32:38,CN=Benedetta Kowalczyk/OU=CHPSID/O=TACOM,,RQ001527,Templeton-Ash,III,Evelyn,N,Self,Evelyn N Templeton-Ash,8973 Dogwood Way,Wilmington,DE,19813-5445,(540) 555-1120,evelyn.templeton@example.com,E-mail,Manual,10/10/2011,Yes,,TEMPLETON-ASH|EVELYN|19813,"Templeton-Ash, Evelyn N",[TACOM];[CSR];[Admin];[ReadOnlyAudit];LocalDomainServers,
D3DE88445C9B89FC7838F9D685901D07,20D6,,07/26/2016 15:24:23,07/26/2016 15:24:23,CN=HRC-Transfer/OU=Agents/O=TACOM,,RQ001528,Vosburgh,,Ruth,N,Self,Ruth N Vosburgh,4402 Maple Dr,Worcester,MA,01659-6877,,,E-mail,HRC,07/26/2016,No,,VOSBURGH|RUTH|01659,"Vosburgh, Ruth N",[TACOM];[CSR];[Admin];[ReadOnlyAudit];LocalDomainServers,
B6CFBDF912795626C2B1DA783A03E7DB,20DA,,03/19/2024 14:06:25,03/19/2024 14:06:25,CN=HRC-Transfer/OU=Agents/O=TACOM,,RQ001529,Pettiford,,Jeffrey,R,Grandchild,Dorothy Pettiford,8474 Cedar Blvd,Knoxville,TN,37919,(302) 555-1146,jeffrey.pettiford@example.com,Mail,HRC,03/19/2024,Yes,,PETTIFORD|JEFFREY|37919,"Pettiford, Jeffrey R",[TACOM];[CSR];[Admin];[ReadOnlyAudit];LocalDomainServers,
914BD0F099CC1A930871033502B300E2,20DE,,08/01/2026 11:47:45,08/01/2026 11:47:45,CN=HRC-Transfer/OU=Agents/O=TACOM,,RQ001530,Quinonez,Jr.,Matthew,,Self,Matthew Quinonez,1513 Birch Rd,Charlotte,NC,28231,(215) 555-1543,matthew.quinonez@example.com,E-mail,HRC,08/01/2026,No,08/01/2026,QUINONEZ|MATTHEW|28231,"Quinonez, Matthew",[TACOM];[CSR];[Admin];[ReadOnlyAudit];LocalDomainServers,
74A78FAF6866A0084F6E3CE057F9A773,20E2,,08/11/2013 11:12:53,08/11/2013 11:12:53,CN=HRC-Transfer/OU=Agents/O=TACOM,,RQ001531,Jarvinen-Roe,,Eugene,P,Self,Eugene P Jarvinen-Roe,6973 Patton Ter Apt 10D,Savannah,GA,31487,(484) 555-1733,,Phone,HRC,08/11/2013,No,08/11/2013,JARVINEN-ROE|EUGENE|31487,"Jarvinen-Roe, Eugene P",[TACOM];[CSR];[Admin];[ReadOnlyAudit];LocalDomainServers,
55B0FBF499026438381DAE5AAE19AA98,20E6,,07/24/2022 08:43:38,07/24/2022 08:43:38,CN=HRC-Transfer/OU=Agents/O=TACOM,,RQ001532,Zabrowski,,Ryan,E,Spouse,Daniel Zabrowski,328 Willow Rd,Boise,ID,83718,(484) 555-1354,,Mail,HRC,07/24/2022,Yes,,ZABROWSKI|RYAN|83718,"Zabrowski, Ryan E",[TACOM];[CSR];[Admin];[ReadOnlyAudit];LocalDomainServers,
11EEA848523DDAF4E78494A0902BE2E3,20EA,,11/23/2011 16:27:27,11/23/2011 16:27:27,CN=HRC-Transfer/OU=Agents/O=TACOM,,RQ001533,Vanterpool,III,Gary,N,Son,Donald Vanterpool,7851 Bradley Ave,Scranton,PA,18566-1682,(717) 555-1631,,Mail,HRC,11/23/2011,No,11/23/2011,VANTERPOOL|GARY|18566,"Vanterpool, Gary N",[TACOM];[CSR];[Admin];[ReadOnlyAudit];LocalDomainServers,
5210615AC653FE173F8FEE975449B01C,20EE,,01/20/2016 14:59:49,01/20/2016 14:59:49,CN=HRC-Transfer/OU=Agents/O=TACOM,,RQ001534,Saldivar,III,Howard,S,Self,Howard S Saldivar,773 Magnolia Ave,Richmond,VA,23248,(540) 555-1479,,Mail,HRC,01/20/2016,No,,SALDIVAR|HOWARD|23248,"Saldivar, Howard S",[TACOM];[CSR];[Admin];[ReadOnlyAudit];LocalDomainServers,
689E4AA7E06E38CBEF6A12552C06CC9E,20F2,,01/03/2018 10:09:28,01/03/2018 10:09:28,CN=HRC-Transfer/OU=Agents/O=TACOM,,RQ001535,Tarquinio,,Tyler,,Self,Tyler Tarquinio,213 Cedar Ave,Tucson,AZ,85737,(410) 555-1043,tyler.tarquinio@example.com,Mail,HRC,01/03/2018,Yes,,TARQUINIO|TYLER|85737,"Tarquinio, Tyler",[TACOM];[CSR];[Admin];[ReadOnlyAudit];LocalDomainServers,
868FDDBE4AD1273AE4399BBA90093773,20F6,,01/04/2015 17:01:09,01/04/2015 17:01:09,CN=HRC-Transfer/OU=Agents/O=TACOM,,RQ001536,Templeton-Ash,,Jamal,T,Self,Jamal T Templeton-Ash,4786 Hickory Ave,Manchester,NH,03149-9522,,,Mail,HRC,01/04/2015,Yes,01/04/2015,TEMPLETON-ASH|JAMAL|03149,"Templeton-Ash, Jamal T",[TACOM];[CSR];[Admin];[ReadOnlyAudit];LocalDomainServers,
6761B7C5AF1251D3CA6190C6598D5AAB,20FA,,08/12/2012 14:35:36,08/12/2012 14:35:36,CN=HRC-Transfer/OU=Agents/O=TACOM,,RQ001537,Nethercott,,Harold,,Self,Harold Nethercott,4119 Bradley St,Dayton,OH,45492,(540) 555-1962,harold.nethercott@example.com,Phone,HRC,08/12/2012,Yes,,NETHERCOTT|HAROLD|45492,"Nethercott, Harold",[TACOM];[CSR];[Admin];[ReadOnlyAudit];LocalDomainServers,
329C42196AA4E83E9F3E4221E0840E65,20FE,,04/18/2019 10:01:53,04/18/2019 10:01:53,CN=HRC-Transfer/OU=Agents/O=TACOM,,RQ001538,Bramwold,,Evelyn,M,Self,Evelyn M Bramwold,6926 Chestnut St,St. Louis,MO,63183,(540) 555-1646,evelyn.bramwold@example.com,E-mail,NPRC,04/18/2019,No,04/18/2019,BRAMWOLD|EVELYN|63183,"Bramwold, Evelyn M",[TACOM];[CSR];[Admin];[ReadOnlyAudit];LocalDomainServers,
09A101F0877558446E24F96FBCADD0F3,2102,,07/21/2004 08:04:56,07/21/2004 08:04:56,CN=Benedetta Kowalczyk/OU=CHPSID/O=TACOM,,RQ001539,Delgadillo,,Andre,R,Spouse,Leonard Delgadillo,9678 Dogwood Rd,Grand Rapids,MI,49589,(410) 555-1059,andre.delgadillo@example.com,Mail,Manual,07/21/2004,No,,DELGADILLO|ANDRE|49589,"Delgadillo, Andre R",[TACOM];[CSR];[Admin];[ReadOnlyAudit];LocalDomainServers,
D0ACEC92472DA8F1B2D96A3D0C400F16,2106,,04/24/2019 10:32:06,04/24/2019 10:32:06,CN=HRC-Transfer/OU=Agents/O=TACOM,,RQ001540,Palomares,Jr.,Carol,H,Self,Carol H Palomares,28 Maple Ct,Columbus,GA,31912,(703) 555-1152,,Phone,HRC,04/24/2019,Yes,,PALOMARES|CAROL|31912,"Palomares, Carol H",[TACOM];[CSR];[Admin];[ReadOnlyAudit];LocalDomainServers,
38D46BCA0B96E157A5BD5509B6BF4FE8,210A,,03/23/2007 13:08:07,03/23/2007 13:08:07,CN=HRC-Transfer/OU=Agents/O=TACOM,,RQ001541,Vandermolen,,Anthony,C,Grandchild,Norman Vandermolen,8945 Ridgway Ave,Salt Lake City,UT,84177,(484) 555-1582,,Mail,HRC,03/23/2007,No,03/23/2007,VANDERMOLEN|ANTHONY|84177,"Vandermolen, Anthony C",[TACOM];[CSR];[Admin];[ReadOnlyAudit];LocalDomainServers,
40120808D4E276963084578C278A172C,210E,,06/08/2021 16:07:00,06/08/2021 16:07:00,CN=HRC-Transfer/OU=Agents/O=TACOM,,RQ001542,Saldivar,,James,B,Self,James B Saldivar,8474 Lincoln Pl Apt 4D,St. Louis,MO,63149,(410) 555-1565,james.saldivar@example.com,Mail,HRC,06/08/2021,Yes,,SALDIVAR|JAMES|63149,"Saldivar, James B",[TACOM];[CSR];[Admin];[ReadOnlyAudit];LocalDomainServers,
C3702176B4F5BFA2B02E66680B0C34B0,2112,,08/25/2008 09:41:33,08/25/2008 09:41:33,CN=Dwayne Petrakis/OU=CHPSID/O=TACOM,,RQ001543,Zellinger,,Carl,,Self,Carl Zellinger,2173 Marshall Ct,Portland,ME,04153-5657,(484) 555-1779,,Phone,Manual,08/25/2008,No,08/25/2008,ZELLINGER|CARL|04153,"Zellinger, Carl",[TACOM];[CSR];[Admin];[ReadOnlyAudit];LocalDomainServers,
C669296ACBE2DFFDE21B17EA63E36E98,2116,,12/06/2019 09:51:45,12/06/2019 09:51:45,CN=HRC-Transfer/OU=Agents/O=TACOM,,RQ001544,Benavidez-Cruz,,Betty,,Son,Daniel Benavidez,9329 Bradley Dr,Cleveland,OH,44163,(215) 555-1013,,E-mail,HRC,12/06/2019,Yes,12/06/2019,BENAVIDEZ-CRUZ|BETTY|44163,"Benavidez-Cruz, Betty",[TACOM];[CSR];[Admin];[ReadOnlyAudit];LocalDomainServers,
CEC40A77F5E85BEA99A57DC3F646453C,211A,,03/15/2020 14:00:44,03/15/2020 14:00:44,CN=Dwayne Petrakis/OU=CHPSID/O=TACOM,,RQ001545,Castellanos,Jr.,Stephanie,,Self,Stephanie Castellanos,3562 Armory Rd Apt 14C,Detroit,MI,48227,,stephanie.castellanos@example.com,Phone,Manual,03/15/2020,Yes,03/15/2020,CASTELLANOS|STEPHANIE|48227,"Castellanos, Stephanie",[TACOM];[CSR];[Admin];[ReadOnlyAudit];LocalDomainServers,
D406094A98990ADF1AF80F1DCEA4C4DB,211E,,06/01/2016 07:27:26,06/01/2016 07:27:26,CN=HRC-Transfer/OU=Agents/O=TACOM,,RQ001546,Fairweather,III,Dorothy,J,Grandchild,Amanda Fairweather,96 Juniper Ct Apt 38C,Seattle,WA,98173,(484) 555-1037,dorothy.fairweather@example.com,E-mail,HRC,06/01/2016,Yes,06/01/2016,FAIRWEATHER|DOROTHY|98173,"Fairweather, Dorothy J",[TACOM];[CSR];[Admin];[ReadOnlyAudit];LocalDomainServers,
D7416E231AACAE16B276DA1735493EC1,2122,,03/19/2017 15:10:17,03/19/2017 15:10:17,CN=Lorraine Whitcombe/OU=CHPSID/O=TACOM,,RQ001547,Everleigh,Jr.,Donald,L,Spouse,Eugene Everleigh,5079 Walnut Pl,Jacksonville,FL,32281,(267) 555-1326,,Phone,Congressional,03/19/2017,Yes,,EVERLEIGH|DONALD|32281,"Everleigh, Donald L",[TACOM];[CSR];[Admin];[ReadOnlyAudit];LocalDomainServers,
EADE04D56B3611E4B19A9186A1A3965F,2126,,07/21/2016 14:08:46,07/21/2016 14:08:46,CN=Ret Hamlin/OU=CHPSID/O=TACOM,,RQ001548,Sallisaw,Sr.,David,,Grandchild,Tyler Sallisaw,7717 Spruce Way,Las Vegas,NV,89105,,,Mail,Congressional,07/21/2016,Yes,07/21/2016,SALLISAW|DAVID|89105,"Sallisaw, David",[TACOM];[CSR];[Admin];[ReadOnlyAudit];LocalDomainServers,
0CE016247824B922FB754ECC2229733A,212A,,02/11/2007 12:45:50,02/11/2007 12:45:50,CN=HRC-Transfer/OU=Agents/O=TACOM,,RQ001549,Ellingboe,,Anthony,F,Spouse,Ryan Ellingboe,5961 Laurel St,Burlington,VT,05443,(610) 555-1074,,Mail,HRC,02/11/2007,No,02/11/2007,ELLINGBOE|ANTHONY|05443,"Ellingboe, Anthony F",[TACOM];[CSR];[Admin];[ReadOnlyAudit];LocalDomainServers,
03F733713681B9257C5BE66194459696,212E,,08/22/2008 14:37:08,08/22/2008 14:37:08,CN=Marlene Okafor/OU=CHPSID/O=TACOM,,RQ001550,Vanterpool,,Ruth,D,Grandchild,Helen Vanterpool,6197 Willow St,Tampa,FL,33645-0611,(717) 555-1697,ruth.vanterpool@example.com,Mail,Congressional,08/22/2008,Yes,08/22/2008,VANTERPOOL|RUTH|33645,"Vanterpool, Ruth D",[TACOM];[CSR];[Admin];[ReadOnlyAudit];LocalDomainServers,
4C78CAA3313AC1BE54370FAA8AAEDC4A,2132,,02/27/2017 07:12:58,02/27/2017 07:12:58,CN=HRC-Transfer/OU=Agents/O=TACOM,,RQ001551,Dunmore-Vey,Jr.,Steven,,Grandchild,Brian Dunmore,2083 Magnolia Ln,San Antonio,TX,78240,(267) 555-1057,,Mail,HRC,02/27/2017,No,,DUNMORE-VEY|STEVEN|78240,"Dunmore-Vey, Steven",[TACOM];[CSR];[Admin];[ReadOnlyAudit];LocalDomainServers,
37D9C573CBB1642E470C93ED74100E05,2136,,01/07/2009 11:24:12,01/07/2009 11:24:12,CN=HRC-Transfer/OU=Agents/O=TACOM,,RQ001552,Maldonado-Vega,III,Raymond,B,Self,Raymond B Maldonado-Vega,54 Madison Ln,Anchorage,AK,99501,(410) 555-1280,raymond.maldonado@example.com,Mail,HRC,01/07/2009,Yes,01/07/2009,MALDONADO-VEGA|RAYMOND|99501,"Maldonado-Vega, Raymond B",[TACOM];[CSR];[Admin];[ReadOnlyAudit];LocalDomainServers,
F4CBDE3E6A15D9307E2F1F8276DF8C20,213A,,03/06/2004 17:15:37,03/06/2004 17:15:37,CN=Benedetta Kowalczyk/OU=CHPSID/O=TACOM,,RQ001553,Northway,,Betty,N,Self,Betty N Northway,5839 Magnolia Ave,Chicago,IL,60652,(302) 555-1790,,Mail,Manual,03/06/2004,Yes,,NORTHWAY|BETTY|60652,"Northway, Betty N",[TACOM];[CSR];[Admin];[ReadOnlyAudit];LocalDomainServers,
4A297009BD3FA2A8CBD5C1EDD5DDC675,213E,,11/17/2014 08:32:15,11/17/2014 08:32:15,CN=HRC-Transfer/OU=Agents/O=TACOM,,RQ001554,Ellsworthy,III,Barbara,D,Spouse,Marcus Ellsworthy,3100 Patton Rd Apt 26D,Buffalo,NY,14264-6888,(717) 555-1178,barbara.ellsworthy@example.com,Mail,HRC,11/17/2014,No,,ELLSWORTHY|BARBARA|14264,"Ellsworthy, Barbara D",[TACOM];[CSR];[Admin];[ReadOnlyAudit];LocalDomainServers,
0F5B36E7139678099ABC7FD581BE6774,2142,,03/05/2024 08:27:48,03/05/2024 08:27:48,CN=Ret Hamlin/OU=CHPSID/O=TACOM,,RQ001555,Yeardley,III,Christopher,,Self,Christopher Yeardley,5981 Chestnut Ave,Sacramento,CA,95873,(540) 555-1964,christopher.yeardley@example.com,Phone,Congressional,03/05/2024,No,03/05/2024,YEARDLEY|CHRISTOPHER|95873,"Yeardley, Christopher",[TACOM];[CSR];[Admin];[ReadOnlyAudit];LocalDomainServers,
0D7FB154DE764BE96A742D92853988D9,2146,,02/13/2005 14:25:50,02/13/2005 14:25:50,CN=Marlene Okafor/OU=CHPSID/O=TACOM,,RQ001556,Iverstone,,Mary,S,Grandchild,Darnell Iverstone,5610 Spruce Rd,Baltimore,MD,21217,(703) 555-1498,,Phone,Manual,02/13/2005,Yes,,IVERSTONE|MARY|21217,"Iverstone, Mary S",[TACOM];[CSR];[Admin];[ReadOnlyAudit];LocalDomainServers,
7AE3CECCA6FE15D41B05AFF03EA1164B,214A,,06/05/2019 09:28:59,06/05/2019 09:28:59,CN=HRC-Transfer/OU=Agents/O=TACOM,,RQ001557,Kellerhaus,Jr.,Virginia,,Self,Virginia Kellerhaus,1011 Veterans Memorial Rd,Houston,TX,77018,(717) 555-1541,virginia.kellerhaus@example.com,Mail,HRC,06/05/2019,No,06/05/2019,KELLERHAUS|VIRGINIA|77018,"Kellerhaus, Virginia",[TACOM];[CSR];[Admin];[ReadOnlyAudit];LocalDomainServers,
B6DFFE6C0230959710E707654AD77238,214E,,06/08/2020 12:35:01,06/08/2020 12:35:01,CN=HRC-Transfer/OU=Agents/O=TACOM,,RQ001558,Delgadillo,,Arthur,,Spouse,Tyler Delgadillo,7385 Ridgway Way,Fayetteville,NC,28387,(856) 555-1379,,Phone,HRC,06/08/2020,No,,DELGADILLO|ARTHUR|28387,"Delgadillo, Arthur",[TACOM];[CSR];[Admin];[ReadOnlyAudit];LocalDomainServers,
731285FFF8329BA3A35C884E96A27285,2152,,12/31/2006 15:49:15,12/31/2006 15:49:15,CN=HRC-Transfer/OU=Agents/O=TACOM,,RQ001559,Ashcroft-Mayne,,Donald,M,Grandchild,Nancy Ashcroft,2568 Madison Ln,Trenton,NJ,08664-0908,(540) 555-1265,,E-mail,HRC,12/31/2006,Yes,12/31/2006,ASHCROFT-MAYNE|DONALD|08664,"Ashcroft-Mayne, Donald M",[TACOM];[CSR];[Admin];[ReadOnlyAudit];LocalDomainServers,
FF0BE483A17285C5C7F7F9F297ED5EEF,2156,,11/28/2017 12:18:49,11/28/2017 12:18:49,CN=HRC-Transfer/OU=Agents/O=TACOM,,RQ001560,Palomares,,Jamal,F,Self,Jamal F Palomares,885 Hickory Ave Apt 27D,Fayetteville,NC,28369,(703) 555-1898,jamal.palomares@example.com,Mail,NPRC,11/28/2017,No,11/28/2017,PALOMARES|JAMAL|28369,"Palomares, Jamal F",[TACOM];[CSR];[Admin];[ReadOnlyAudit];LocalDomainServers,
A91EAB290E6C9245040EE3C3731635E2,215A,,10/31/2023 17:30:20,10/31/2023 17:30:20,CN=Ret Hamlin/OU=CHPSID/O=TACOM,,RQ001561,Ostrowski-Lane Jr.,,Arthur,D,Daughter,Norman Ostrowski,2191 Dogwood St,Pittsburgh,PA,15226,(410) 555-1693,,Phone,Manual,10/31/2023,No,,OSTROWSKI-LANE JR.|ARTHUR|15226,"Ostrowski-Lane Jr., Arthur",[TACOM];[CSR];[Admin];[ReadOnlyAudit];LocalDomainServers,
B549171D1CFC2BFA1364CC116A26AD00,215E,,04/20/2009 15:18:26,04/20/2009 15:18:26,CN=HRC-Transfer/OU=Agents/O=TACOM,,RQ001562,Lindquarry,,Andrew,R,Self,Andrew R Lindquarry,6826 Magnolia Ave,Birmingham,AL,35274-2751,(410) 555-1215,andrew.lindquarry@example.com,Mail,HRC,04/20/2009,Yes,04/20/2009,LINDQUARRY|ANDREW|35274,"Lindquarry, Andrew R",[TACOM];[CSR];[Admin];[ReadOnlyAudit];LocalDomainServers,
6BA3FCBD77F47C3007FECAE5F1654485,2162,,08/07/2014 10:06:26,08/07/2014 10:06:26,CN=Lorraine Whitcombe/OU=CHPSID/O=TACOM,,RQ001563,Nethercott,,Brandon,W,Parent,Harold Nethercott,6917 Pershing Ct,Lawton,OK,73531,(717) 555-1947,brandon.nethercott@example.com,Phone,Manual,08/07/2014,No,08/07/2014,NETHERCOTT|BRANDON|73531,"Nethercott, Brandon W",[TACOM];[CSR];[Admin];[ReadOnlyAudit];LocalDomainServers,
2DA829661AAE10624774EC6C7C623BBD,2166,,06/21/2026 07:28:12,06/21/2026 07:28:12,CN=Ret Hamlin/OU=CHPSID/O=TACOM,,RQ001564,Mackelvane,,Howard,S,Spouse,Jennifer Mackelvane,7287 Poplar Dr Apt 29C,Los Angeles,CA,90077,(302) 555-1937,howard.mackelvane@example.com,Mail,Congressional,06/21/2026,No,,MACKELVANE|HOWARD|90077,"Mackelvane, Howard S",[TACOM];[CSR];[Admin];[ReadOnlyAudit];LocalDomainServers,
A6F27C3D1BC68BFDCD14C8D910C639A8,216A,,05/04/2021 13:19:24,05/04/2021 13:19:24,CN=HRC-Transfer/OU=Agents/O=TACOM,,RQ001565,Ellingboe,III,Mark,P,Spouse,Rafael Ellingboe,80 Oak Ct,Jackson,MS,39201-8607,(215) 555-1933,mark.ellingboe@example.com,E-mail,HRC,05/04/2021,No,,ELLINGBOE|MARK|39201,"Ellingboe, Mark P",[TACOM];[CSR];[Admin];[ReadOnlyAudit];LocalDomainServers,
984DC4E085503F03224245660A952E58,216E,,12/01/2023 15:49:22,12/01/2023 15:49:22,CN=Lorraine Whitcombe/OU=CHPSID/O=TACOM,,RQ001566,Rockwell-Sayre,Jr.,Tyler,F,Son,Ernesto Rockwell,587 Dogwood Ln,Huntsville,AL,35841,(267) 555-1137,tyler.rockwell@example.com,Mail,Manual,12/01/2023,Yes,12/01/2023,ROCKWELL-SAYRE|TYLER|35841,"Rockwell-Sayre, Tyler F",[TACOM];[CSR];[Admin];[ReadOnlyAudit];LocalDomainServers,
BA367A0FB8BB503553A335CC697AAD87,2172,,05/19/2026 08:37:26,05/19/2026 08:37:26,CN=Lorraine Whitcombe/OU=CHPSID/O=TACOM,,RQ001567,Pemberley,III,Melissa,P,Son,Sandra Pemberley,2017 Birch St,Kansas City,MO,64192,(410) 555-1644,,Mail,Congressional,05/19/2026,No,,PEMBERLEY|MELISSA|64192,"Pemberley, Melissa P",[TACOM];[CSR];[Admin];[ReadOnlyAudit];LocalDomainServers,
87E6A26597598AC3BEA5B976B0671438,2176,,02/14/2016 10:02:04,02/14/2016 10:02:04,CN=HRC-Transfer/OU=Agents/O=TACOM,,RQ001568,Fortenbury,Jr.,Clarence,,Spouse,Ralph Fortenbury,3598 Elm Way,Birmingham,AL,35266-1309,(215) 555-1359,,Phone,NPRC,02/14/2016,Yes,,FORTENBURY|CLARENCE|35266,"Fortenbury, Clarence",[TACOM];[CSR];[Admin];[ReadOnlyAudit];LocalDomainServers,
E13D3177955FBFECC3911265998ABD75,217A,,01/08/2020 16:10:32,01/08/2020 16:10:32,CN=HRC-Transfer/OU=Agents/O=TACOM,,RQ001569,Kestleman,,Sandra,B,Self,Sandra B Kestleman,5425 Washington Ave,Birmingham,AL,35271,(215) 555-1399,,Phone,NPRC,01/08/2020,Yes,01/08/2020,KESTLEMAN|SANDRA|35271,"Kestleman, Sandra B",[TACOM];[CSR];[Admin];[ReadOnlyAudit];LocalDomainServers,
C67F47FF4FF1CFED84DC66D5AEC4C495,217E,,07/21/2021 16:23:45,07/21/2021 16:23:45,CN=HRC-Transfer/OU=Agents/O=TACOM,,RQ001570,Crandall-Mott,,Virginia,G,Daughter,Terrence Crandall,774 Lincoln Dr,Richmond,VA,23230,(215) 555-1062,virginia.crandall@example.com,Mail,NPRC,07/21/2021,Yes,07/21/2021,CRANDALL-MOTT|VIRGINIA|23230,"Crandall-Mott, Virginia G",[TACOM];[CSR];[Admin];[ReadOnlyAudit];LocalDomainServers,
1D14A0EAA6F83A194152F1474F8456EF,2182,,05/23/2010 07:46:40,05/23/2010 07:46:40,CN=HRC-Transfer/OU=Agents/O=TACOM,,RQ001571,Norquist,Sr.,Ryan,M,Spouse,Jamal Norquist,7522 Poplar Blvd,Buffalo,NY,14256,(484) 555-1886,ryan.norquist@example.com,Mail,HRC,05/23/2010,Yes,,NORQUIST|RYAN|14256,"Norquist, Ryan M",[TACOM];[CSR];[Admin];[ReadOnlyAudit];LocalDomainServers,
FE1859DB144CCC9082C89CE82CD34A08,2186,,09/13/2004 14:43:16,09/13/2004 14:43:16,CN=HRC-Transfer/OU=Agents/O=TACOM,,RQ001572,Quimbley,,Donna,F,Parent,Marcus Quimbley,1828 Marshall Ave,Sacramento,CA,95812,(484) 555-1748,,Phone,HRC,09/13/2004,Yes,09/13/2004,QUIMBLEY|DONNA|95812,"Quimbley, Donna F",[TACOM];[CSR];[Admin];[ReadOnlyAudit];LocalDomainServers,
A59D94A838071C78D6565C0994EF9470,218A,,10/21/2014 13:43:40,10/21/2014 13:43:40,CN=Benedetta Kowalczyk/OU=CHPSID/O=TACOM,,RQ001573,Saldivar,,Ruth,,Self,Ruth Saldivar,2430 Willow Ln,Portland,ME,04103,(215) 555-1407,,E-mail,Manual,10/21/2014,No,,SALDIVAR|RUTH|04103,"Saldivar, Ruth",[TACOM];[CSR];[Admin];[ReadOnlyAudit];LocalDomainServers,
A867CE5C2C425382B4E8865D5B1015D8,218E,,05/20/2006 16:24:04,05/20/2006 16:24:04,CN=Benedetta Kowalczyk/OU=CHPSID/O=TACOM,,RQ001574,Vanterpool,,Donna,,Self,Donna Vanterpool,8635 Laurel St,Dayton,OH,45451,(215) 555-1268,,E-mail,Congressional,05/20/2006,Yes,05/20/2006,VANTERPOOL|DONNA|45451,"Vanterpool, Donna",[TACOM];[CSR];[Admin];[ReadOnlyAudit];LocalDomainServers,
E4E07223A7607FBFFBEACCE60201D512,2192,,05/02/2009 07:17:52,05/02/2009 07:17:52,CN=HRC-Transfer/OU=Agents/O=TACOM,,RQ001575,Drakeford,Sr.,Helen,H,Daughter,Norman Drakeford,9094 Cedar Ct,Anchorage,AK,99581,,helen.drakeford@example.com,Mail,HRC,05/02/2009,Yes,,DRAKEFORD|HELEN|99581,"Drakeford, Helen H",[TACOM];[CSR];[Admin];[ReadOnlyAudit];LocalDomainServers,
67D338B598B314E411624F477480FDE6,2196,,10/15/2022 10:07:47,10/15/2022 10:07:47,CN=HRC-Transfer/OU=Agents/O=TACOM,,RQ001576,Fairweather,III,Christopher,D,Spouse,Anthony Fairweather,9892 Lincoln Ter,Cleveland,OH,44189,,,E-mail,NPRC,10/15/2022,Yes,,FAIRWEATHER|CHRISTOPHER|44189,"Fairweather, Christopher D",[TACOM];[CSR];[Admin];[ReadOnlyAudit];LocalDomainServers,
7D36189BDDE77EB5649E30A0697C9E1E,219A,,07/01/2013 16:58:58,07/01/2013 16:58:58,CN=Renata Vasquez-Holm/OU=CHPSID/O=TACOM,,RQ001577,Fennimark,,Marcus,,Son,Mark Fennimark,7276 Juniper Rd,Billings,MT,59159,,marcus.fennimark@example.com,E-mail,Manual,07/01/2013,Yes,07/01/2013,FENNIMARK|MARCUS|59159,"Fennimark, Marcus",[TACOM];[CSR];[Admin];[ReadOnlyAudit];LocalDomainServers,
8305518A2ED4568F0B50672332E647A5,219E,,01/03/2011 10:51:18,01/03/2011 10:51:18,CN=HRC-Transfer/OU=Agents/O=TACOM,,RQ001578,Lockridge,,Tyler,P,Parent,Howard Lockridge,5531 Elm Pl,Killeen,TX,76524,(610) 555-1014,,Mail,NPRC,01/03/2011,Yes,01/03/2011,LOCKRIDGE|TYLER|76524,"Lockridge, Tyler P",[TACOM];[CSR];[Admin];[ReadOnlyAudit];LocalDomainServers,
FAE96B940545728DC6B10247572AEC5F,21A2,,02/26/2026 15:06:02,02/26/2026 15:06:02,CN=HRC-Transfer/OU=Agents/O=TACOM,,RQ001579,Templeton-Ash,III,David F,F,Self,David F Templeton-Ash,2667 Walnut Ave,Houston,TX,77070,(215) 555-1221,,Phone,HRC,02/26/2026,No,,TEMPLETON-ASH|DAVID F|77070,"Templeton-Ash, David F",[TACOM];[CSR];[Admin];[ReadOnlyAudit];LocalDomainServers,
939507920D1E45B10B67DCF2FF9326F6,21A6,,06/28/2017 13:38:41,06/28/2017 13:38:41,CN=Lorraine Whitcombe/OU=CHPSID/O=TACOM,,RQ001580,Vandermolen,Jr.,Marcus,,Daughter,Evelyn Vandermolen,769 Elm Ln,Raleigh,NC,27604,(215) 555-1995,,Phone,Manual,06/28/2017,Yes,06/28/2017,VANDERMOLEN|MARCUS|27604,"Vandermolen, Marcus",[TACOM];[CSR];[Admin];[ReadOnlyAudit];LocalDomainServers,
63EA31B34CD721D973F9331F2A7BF6A2,21AA,,10/06/2025 07:26:59,10/06/2025 07:26:59,CN=HRC-Transfer/OU=Agents/O=TACOM,,RQ001581,Crandall-Mott,Jr.,Donna,H,Spouse,Carol Crandall,4081 Patton Ct,Providence,RI,02903-2920,(484) 555-1405,,Mail,HRC,10/06/2025,Yes,,CRANDALL-MOTT|DONNA|02903,"Crandall-Mott, Donna H",[TACOM];[CSR];[Admin];[ReadOnlyAudit];LocalDomainServers,
CD8BC7DA1DFC3A292A5B7CCAB1A177BA,21AE,,06/23/2011 07:34:15,06/23/2011 07:34:15,CN=Benedetta Kowalczyk/OU=CHPSID/O=TACOM,,RQ001582,Yarrowdale,,Betty,,Son,Darnell Yarrowdale,5926 Jefferson Ter,Memphis,TN,38116-6268,(302) 555-1419,betty.yarrowdale@example.com,E-mail,Manual,06/23/2011,Yes,06/23/2011,YARROWDALE|BETTY|38116,"Yarrowdale, Betty",[TACOM];[CSR];[Admin];[ReadOnlyAudit];LocalDomainServers,
601871C7B1A2CCF46B4D97AFBFA9754E,21B2,,04/08/2026 13:30:27,04/08/2026 13:30:27,CN=HRC-Transfer/OU=Agents/O=TACOM,,RQ001583,Wickersham,,Walter,,Self,Walter Wickersham,4815 Poplar Ave,Pensacola,FL,32578,(610) 555-1103,,Mail,HRC,04/08/2026,Yes,,WICKERSHAM|WALTER|32578,"Wickersham, Walter",[TACOM];[CSR];[Admin];[ReadOnlyAudit];LocalDomainServers,
452BA87B84CE822CDA39AC324B06318D,21B6,,03/22/2008 16:38:32,03/22/2008 16:38:32,CN=HRC-Transfer/OU=Agents/O=TACOM,,RQ001584,Yamaguchi-Orr,,Darnell,,Daughter,Christopher Yamaguchi,8054 Hickory Ct,Albuquerque,NM,87125,(410) 555-1907,darnell.yamaguchi@example.com,Mail,HRC,03/22/2008,Yes,03/22/2008,YAMAGUCHI-ORR|DARNELL|87125,"Yamaguchi-Orr, Darnell",[TACOM];[CSR];[Admin];[ReadOnlyAudit];LocalDomainServers,
690A957316A0B39C5F513F9E3BB459BF,21BA,,02/18/2017 11:31:32,02/18/2017 11:31:32,CN=HRC-Transfer/OU=Agents/O=TACOM,,RQ001585,Yamaguchi-Orr,,Timothy,W,Self,Timothy W Yamaguchi-Orr,8629 Pershing St,Orlando,FL,32863,(267) 555-1549,,Phone,HRC,02/18/2017,No,02/18/2017,YAMAGUCHI-ORR|TIMOTHY|32863,"Yamaguchi-Orr, Timothy W",[TACOM];[CSR];[Admin];[ReadOnlyAudit];LocalDomainServers,
C5BDDFB1F3A8BA59BA40BDC77267A7D7,21BE,,03/29/2023 09:27:39,03/29/2023 09:27:39,CN=HRC-Transfer/OU=Agents/O=TACOM,,RQ001586,Sallisaw,III,Susan,,Son,Norman Sallisaw,3750 Elm Ln,San Antonio,TX,78258,(703) 555-1878,susan.sallisaw@example.com,Mail,HRC,03/29/2023,No,03/29/2023,SALLISAW|SUSAN|78258,"Sallisaw, Susan",[TACOM];[CSR];[Admin];[ReadOnlyAudit];LocalDomainServers,
69B57FA8BC1B80718C8E47ED2EAEF3EF,21C2,,10/08/2020 16:38:40,10/08/2020 16:38:40,CN=Marlene Okafor/OU=CHPSID/O=TACOM,,RQ001587,Washington-Pryce,Jr.,Eugene,L,Sibling,Linda Washington,1850 Laurel Ln,Fayetteville,NC,28339-1243,,,Phone,Manual,10/08/2020,No,,WASHINGTON-PRYCE|EUGENE|28339,"Washington-Pryce, Eugene",[TACOM];[CSR];[Admin];[ReadOnlyAudit];LocalDomainServers,
9CB60BCA1440DDD67387AF7D71AE8713,21C6,,08/22/2012 10:53:44,08/22/2012 10:53:44,CN=Renata Vasquez-Holm/OU=CHPSID/O=TACOM,,RQ001588,Bramwold,,Kevin,J,Self,Kevin J Bramwold,3714 Marshall Pl,Wilmington,DE,19867,,kevin.bramwold@example.com,Mail,Congressional,08/22/2012,No,08/22/2012,BRAMWOLD|KEVIN|19867,"Bramwold, Kevin J",[TACOM];[CSR];[Admin];[ReadOnlyAudit];LocalDomainServers,
F7A69015FEC31B1FD1D00EBBC51F1A50,21CA,,02/02/2026 08:21:39,02/02/2026 08:21:39,CN=HRC-Transfer/OU=Agents/O=TACOM,,RQ001589,Isherwood,Jr.,Timothy,,Son,David Isherwood,1582 Washington Pl,Sioux Falls,SD,57160-5916,(410) 555-1599,,Phone,HRC,02/02/2026,No,02/02/2026,ISHERWOOD|TIMOTHY|57160,"Isherwood, Timothy",[TACOM];[CSR];[Admin];[ReadOnlyAudit];LocalDomainServers,
D7FD64EBD5DF6181309A2ED106F497AE,21CE,,04/18/2025 10:13:00,04/18/2025 10:13:00,CN=HRC-Transfer/OU=Agents/O=TACOM,,RQ001590,Thornbury,Jr.,Arthur,T,Self,Arthur T Thornbury,5140 Birch Pl,Cheyenne,WY,82097,,,Mail,HRC,04/18/2025,Yes,04/18/2025,THORNBURY|ARTHUR|82097,"Thornbury, Arthur T",[TACOM];[CSR];[Admin];[ReadOnlyAudit];LocalDomainServers,
ED16B3F5DB8DACE96FF3801A153FBE55,21D2,,03/14/2009 17:51:39,03/14/2009 17:51:39,CN=HRC-Transfer/OU=Agents/O=TACOM,,RQ001591,Umberlake,Jr.,Carlos,,Self,Carlos Umberlake,9167 Sycamore Way,Phoenix,AZ,85050,(856) 555-1579,,Phone,NPRC,03/14/2009,Yes,03/14/2009,UMBERLAKE|CARLOS|85050,"Umberlake, Carlos",[TACOM];[CSR];[Admin];[ReadOnlyAudit];LocalDomainServers,
BDED568DDEC4C637F0E4C9111F456F0E,21D6,,07/20/2005 09:41:37,07/20/2005 09:41:37,CN=HRC-Transfer/OU=Agents/O=TACOM,,RQ001592,Yamaguchi-Orr,,Evelyn,P,Self,Evelyn P Yamaguchi-Orr,3810 Bradley Ln,Dayton,OH,45459,(717) 555-1799,evelyn.yamaguchi@example.com,Mail,NPRC,07/20/2005,Yes,07/20/2005,YAMAGUCHI-ORR|EVELYN|45459,"Yamaguchi-Orr, Evelyn P",[TACOM];[CSR];[Admin];[ReadOnlyAudit];LocalDomainServers,
8492C15E56585054E32E03A17356F79C,21DA,,01/13/2026 13:23:11,01/13/2026 13:23:11,CN=Benedetta Kowalczyk/OU=CHPSID/O=TACOM,,RQ001593,Ostrowski-Lane,III,Arthur,A,Spouse,Thomas Ostrowski,9493 Poplar Way,Seattle,WA,98194-9373,(610) 555-1574,arthur.ostrowski@example.com,Mail,Manual,01/13/2026,No,01/13/2026,OSTROWSKI-LANE|ARTHUR|98194,"Ostrowski-Lane, Arthur A",[TACOM];[CSR];[Admin];[ReadOnlyAudit];LocalDomainServers,
D9BEB1945D0B0FA427B4701D283FBAC7,21DE,,08/30/2011 07:29:26,08/30/2011 07:29:26,CN=Marlene Okafor/OU=CHPSID/O=TACOM,,RQ001594,Dunmore-Vey,Jr.,Raymond,R,Grandchild,Andrew Dunmore,7212 Sycamore Ter,Jacksonville,FL,32214,,,Mail,Manual,08/30/2011,Yes,,DUNMORE-VEY|RAYMOND|32214,"Dunmore-Vey, Raymond R",[TACOM];[CSR];[Admin];[ReadOnlyAudit];LocalDomainServers,
2F80CEC00E12AA8979E9816085AFB7A9,21E2,,01/26/2014 14:20:23,01/26/2014 14:20:23,CN=HRC-Transfer/OU=Agents/O=TACOM,,RQ001595,Saldivar,,Hector,L,Self,Hector L Saldivar,7604 Juniper Ln,Atlanta,GA,30343,,,Phone,NPRC,01/26/2014,No,,SALDIVAR|HECTOR|30343,"Saldivar, Hector",[TACOM];[CSR];[Admin];[ReadOnlyAudit];LocalDomainServers,
FBB2EB19185A6B125AA8B1C64A92F549,21E6,,11/27/2009 12:38:32,11/27/2009 12:38:32,CN=Marlene Okafor/OU=CHPSID/O=TACOM,,RQ001596,Yellowley,,Eugene,S,Sibling,Andre Yellowley,813 Marshall Way,Burlington,VT,05405,,eugene.yellowley@example.com,Mail,Congressional,11/27/2009,Yes,11/27/2009,YELLOWLEY|EUGENE|05405,"Yellowley, Eugene S",[TACOM];[CSR];[Admin];[ReadOnlyAudit];LocalDomainServers,
03C54BD804E5433561795683EE6DE086,21EA,,12/12/2011 11:50:21,12/12/2011 11:50:21,CN=HRC-Transfer/OU=Agents/O=TACOM,,RQ001597,Quinonez,,Patricia,S,Self,Patricia S Quinonez,5503 Washington Blvd,Anchorage,AK,99514,(267) 555-1506,patricia.quinonez@example.com,E-mail,NPRC,12/12/2011,No,,QUINONEZ|PATRICIA|99514,"Quinonez, Patricia S",[TACOM];[CSR];[Admin];[ReadOnlyAudit];LocalDomainServers,
41D45864826B50D8548DB77649271EB0,21EE,,07/21/2008 17:10:55,07/21/2008 17:10:55,CN=Benedetta Kowalczyk/OU=CHPSID/O=TACOM,,RQ001598,Pettiford,,Ryan,H,Self,Ryan H Pettiford,3105 Sycamore Ave,Dayton,OH,45417,(856) 555-1591,ryan.pettiford@example.com,Mail,Congressional,07/21/2008,Yes,07/21/2008,PETTIFORD|RYAN|45417,"Pettiford, Ryan H",[TACOM];[CSR];[Admin];[ReadOnlyAudit];LocalDomainServers,
FEA513B504852CB8987E58B93E69D1FB,21F2,,12/29/2012 16:04:16,12/29/2012 16:04:16,CN=Lorraine Whitcombe/OU=CHPSID/O=TACOM,,RQ001599,Drakeford,III,Mary,H,Self,Mary H Drakeford,2695 Oak Dr,Scranton,PA,18544,,,Mail,Congressional,12/29/2012,Yes,,DRAKEFORD|MARY|18544,"Drakeford, Mary H",[TACOM];[CSR];[Admin];[ReadOnlyAudit];LocalDomainServers,
FBAC43A20968A0039D050C9BE6814CFB,21F6,,12/27/2019 10:34:26,12/27/2019 10:34:26,CN=HRC-Transfer/OU=Agents/O=TACOM,,RQ001600,Beddingfield,,Steven,S,Spouse,Angela Beddingfield,9475 Jefferson Ter,Cleveland,OH,44119,(215) 555-1547,steven.beddingfield@example.com,Mail,HRC,12/27/2019,No,12/27/2019,BEDDINGFIELD|STEVEN|44119,"Beddingfield, Steven S",[TACOM];[CSR];[Admin];[ReadOnlyAudit];LocalDomainServers,
1B9A4193FFDCDFC297B9DB6EE90C4984,21FA,,07/09/2023 10:18:09,07/09/2023 10:18:09,CN=Benedetta Kowalczyk/OU=CHPSID/O=TACOM,,RQ001601,Hargreave,,Carlos,F,Self,Carlos F Hargreave,1474 Sycamore St,Burlington,VT,05469-3061,,,Mail,Congressional,07/09/2023,Yes,,HARGREAVE|CARLOS|05469,"Hargreave, Carlos F",[TACOM];[CSR];[Admin];[ReadOnlyAudit];LocalDomainServers,
B757D04F791805208510426B65DCEDF8,21FE,,05/06/2004 16:55:42,05/06/2004 16:55:42,CN=Lorraine Whitcombe/OU=CHPSID/O=TACOM,,RQ001602,Ullswater,Sr.,Walter,W,Daughter,Carl Ullswater,598 Patton Way,St. Louis,MO,63173,,walter.ullswater@example.com,Mail,Manual,05/06/2004,Yes,,ULLSWATER|WALTER|63173,"Ullswater, Walter W",[TACOM];[CSR];[Admin];[ReadOnlyAudit];LocalDomainServers,
4A2ABD3FBA9AB66F2C34F75DCCB797C3,2202,,07/22/2010 17:16:45,07/22/2010 17:16:45,CN=HRC-Transfer/OU=Agents/O=TACOM,,RQ001603,Saldivar,,Harold,,Self,Harold Saldivar,4303 Elm Ter,Nashville,TN,37205,(215) 555-1331,,Mail,HRC,07/22/2010,Yes,07/22/2010,SALDIVAR|HAROLD|37205,"Saldivar, Harold",[TACOM];[CSR];[Admin];[ReadOnlyAudit];LocalDomainServers,
A3B49C795FA620AB280A962C6ECA5539,2206,,06/28/2010 07:47:46,06/28/2010 07:47:46,CN=Benedetta Kowalczyk/OU=CHPSID/O=TACOM,,RQ001604,Crandall-Mott,,Daniel,G,Self,Daniel G Crandall-Mott,3600 Jefferson Dr Apt 22B,Grand Rapids,MI,49564,(302) 555-1450,daniel.crandall@example.com,Phone,Manual,06/28/2010,Yes,,CRANDALL-MOTT|DANIEL|49564,"Crandall-Mott, Daniel G",[TACOM];[CSR];[Admin];[ReadOnlyAudit];LocalDomainServers,
AA3A08F6EFC4A3EF947DA1664B9367BF,220A,,01/15/2017 07:57:06,01/15/2017 07:57:06,CN=Lorraine Whitcombe/OU=CHPSID/O=TACOM,,RQ001605,Montgomerie,,Tyler,D,Spouse,Eugene Montgomerie,3520 Jefferson St,Albuquerque,NM,87172,,,Mail,Manual,01/15/2017,No,01/15/2017,MONTGOMERIE|TYLER|87172,"Montgomerie, Tyler D",[TACOM];[CSR];[Admin];[ReadOnlyAudit];LocalDomainServers,
6F7B7B859AEC241B641296D76232D8BE,220E,,10/31/2019 12:14:06,10/31/2019 12:14:06,CN=Benedetta Kowalczyk/OU=CHPSID/O=TACOM,,RQ001606,Umberlake,,Jose,J,Daughter,Nicole Umberlake,7146 Elm Rd,Dallas,TX,75290,(302) 555-1358,jose.umberlake@example.com,Mail,Congressional,10/31/2019,Yes,10/31/2019,UMBERLAKE|JOSE|75290,"Umberlake, Jose J",[TACOM];[CSR];[Admin];[ReadOnlyAudit];LocalDomainServers,
AF180589AB3C95F1EA50D7B03852AE01,2212,,12/16/2010 08:21:04,12/16/2010 08:21:04,CN=Renata Vasquez-Holm/OU=CHPSID/O=TACOM,,RQ001607,Bramwold,,Kevin,R,Self,Kevin R Bramwold,4734 Walnut Ct,Columbus,GA,31959,(540) 555-1684,,Mail,Manual,12/16/2010,Yes,12/16/2010,BRAMWOLD|KEVIN|31959,"Bramwold, Kevin R",[TACOM];[CSR];[Admin];[ReadOnlyAudit];LocalDomainServers,
1F31551D6A66E3784B74BA34DE7E90B5,2216,,04/27/2026 11:10:27,04/27/2026 11:10:27,CN=HRC-Transfer/OU=Agents/O=TACOM,,RQ001608,Pettiford,Jr.,D.,,Self,David Pettiford,5042 Bradley Pl,Buffalo,NY,14228,,,E-mail,HRC,04/27/2026,No,,PETTIFORD|D.|14228,"Pettiford, D.",[TACOM];[CSR];[Admin];[ReadOnlyAudit];LocalDomainServers,
F5C857A29538B3B9AA5DFA3FE23261DD,221A,,08/09/2004 16:50:30,08/09/2004 16:50:30,CN=Lorraine Whitcombe/OU=CHPSID/O=TACOM,,RQ001609,Redfearn,Sr.,Mary,B,Parent,James Redfearn,834 Elm Way,St. Louis,MO,63186,(610) 555-1304,,E-mail,Congressional,08/09/2004,No,,REDFEARN|MARY|63186,"Redfearn, Mary B",[TACOM];[CSR];[Admin];[ReadOnlyAudit];LocalDomainServers,
9990A39902E436E87B2EB73A442D73CD,221E,,09/14/2025 10:38:25,09/14/2025 10:38:25,CN=HRC-Transfer/OU=Agents/O=TACOM,,RQ001610,Wexcombe,Jr.,William,H,Grandchild,Frances Wexcombe,5555 Poplar Ter,Phoenix,AZ,85008,(215) 555-1307,william.wexcombe@example.com,Phone,NPRC,09/14/2025,Yes,,WEXCOMBE|WILLIAM|85008,"Wexcombe, William H",[TACOM];[CSR];[Admin];[ReadOnlyAudit];LocalDomainServers,
CB2EB814461FE4978400322090305FF8,2222,,06/25/2023 12:35:04,06/25/2023 12:35:04,CN=HRC-Transfer/OU=Agents/O=TACOM,,RQ001611,Galbreath,,Harold,H,Self,Harold H Galbreath,3085 Bradley Blvd,Burlington,VT,05409,,harold.galbreath@example.com,E-mail,HRC,06/25/2023,Yes,,GALBREATH|HAROLD|05409,"Galbreath, Harold H",[TACOM];[CSR];[Admin];[ReadOnlyAudit];LocalDomainServers,
76882C0E5721CDD95181CA9AEDFE9443,2226,,11/30/2007 09:06:50,11/30/2007 09:06:50,CN=HRC-Transfer/OU=Agents/O=TACOM,,RQ001612,Rathbourne,,Sandra,,Self,Sandra Rathbourne,6336 Elm Way,Albuquerque,NM,87103-7059,(540) 555-1998,,Phone,HRC,11/30/2007,No,11/30/2007,RATHBOURNE|SANDRA|87103,"Rathbourne, Sandra",[TACOM];[CSR];[Admin];[ReadOnlyAudit];LocalDomainServers,
72A348F3DB2C73CFCFAD61F6C6C63547,222A,,09/24/2016 12:12:50,09/24/2016 12:12:50,CN=HRC-Transfer/OU=Agents/O=TACOM,,RQ001613,Pettiford,III,Daniel,,Son,Norman Pettiford,8023 Birch Dr,Tacoma,WA,98418-5541,(856) 555-1431,,Phone,HRC,09/24/2016,Yes,09/24/2016,PETTIFORD|DANIEL|98418,"Pettiford, Daniel",[TACOM];[CSR];[Admin];[ReadOnlyAudit];LocalDomainServers,
4ECC30A0E3265F7A779A1D1AB3998636,222E,,09/16/2007 14:20:58,09/16/2007 14:20:58,CN=HRC-Transfer/OU=Agents/O=TACOM,,RQ001614,Yeardley,III,Clarence,M,Self,Clarence M Yeardley,7834 Washington Ln,Worcester,MA,01639,,,Mail,NPRC,09/16/2007,No,,YEARDLEY|CLARENCE|01639,"Yeardley, Clarence M",[TACOM];[CSR];[Admin];[ReadOnlyAudit];LocalDomainServers,
0FBA5DAA8006C01070A28C150004066C,2232,,08/30/2009 10:02:04,08/30/2009 10:02:04,CN=Ret Hamlin/OU=CHPSID/O=TACOM,,RQ001615,Everleigh,III,Howard,L,Sibling,Charles Everleigh,5996 Eisenhower Blvd Apt 20D,Norfolk,VA,23530-8575,(717) 555-1080,howard.everleigh@example.com,Mail,Congressional,08/30/2009,Yes,08/30/2009,EVERLEIGH|HOWARD|23530,"Everleigh, Howard L",[TACOM];[CSR];[Admin];[ReadOnlyAudit];LocalDomainServers,
D7CF6B5EE954416CB71C21E409B3E6BF,2236,,05/06/2013 11:38:43,05/06/2013 11:38:43,CN=HRC-Transfer/OU=Agents/O=TACOM,,RQ001616,Benavidez-Cruz,,Anthony,C,Self,Anthony C Benavidez-Cruz,3074 Cedar Ln,Detroit,MI,48232,,,Mail,HRC,05/06/2013,No,05/06/2013,BENAVIDEZ-CRUZ|ANTHONY|48232,"Benavidez-Cruz, Anthony C",[TACOM];[CSR];[Admin];[ReadOnlyAudit];LocalDomainServers,
26268467689F37442DE69A38C1749B24,223A,,03/23/2015 08:02:02,03/23/2015 08:02:02,CN=Ret Hamlin/OU=CHPSID/O=TACOM,,RQ001617,Xanthopoulos,,Carlos,,Self,Carlos Xanthopoulos,4988 Cedar St,Seattle,WA,98196,(484) 555-1150,,Phone,Congressional,03/23/2015,Yes,03/23/2015,XANTHOPOULOS|CARLOS|98196,"Xanthopoulos, Carlos",[TACOM];[CSR];[Admin];[ReadOnlyAudit];LocalDomainServers,
2C8C27B0BA58A585A6DEBA2FE193B965,223E,,02/15/2016 08:44:00,02/15/2016 08:44:00,CN=HRC-Transfer/OU=Agents/O=TACOM,,RQ001618,Washington-Pryce,Jr.,John,,Sibling,Heather Washington,4673 Juniper Pl,Kansas City,MO,64114,(302) 555-1456,,Mail,HRC,02/15/2016,No,02/15/2016,WASHINGTON-PRYCE|JOHN|64114,"Washington-Pryce, John",[TACOM];[CSR];[Admin];[ReadOnlyAudit];LocalDomainServers,
C538608CB390E7C1698C017C7D4F6020,2242,,11/24/2008 12:08:25,11/24/2008 12:08:25,CN=HRC-Transfer/OU=Agents/O=TACOM,,RQ001619,Prendergast,,John,A,Spouse,Evelyn Prendergast,3738 Patton Dr,New Orleans,LA,70114-2692,(302) 555-1084,,Mail,HRC,11/24/2008,No,,PRENDERGAST|JOHN|70114,"Prendergast, John A",[TACOM];[CSR];[Admin];[ReadOnlyAudit];LocalDomainServers,
D02222E5BCBA29C5613BAAA24A2321AC,2246,,05/28/2006 13:12:51,05/28/2006 13:12:51,CN=HRC-Transfer/OU=Agents/O=TACOM,,RQ001620,Everleigh,III,Mildred,G,Self,Mildred G Everleigh,1343 Lincoln Pl Apt 26C,Salt Lake City,UT,84132,(484) 555-1546,,Mail,HRC,05/28/2006,No,,EVERLEIGH|MILDRED|84132,"Everleigh, Mildred G",[TACOM];[CSR];[Admin];[ReadOnlyAudit];LocalDomainServers,
1161099CA1289B6ABB042F60D1E8FB9B,224A,,08/25/2014 17:16:13,08/25/2014 17:16:13,CN=HRC-Transfer/OU=Agents/O=TACOM,,RQ001621,Fairweather,,Ryan,E,Self,Ryan E Fairweather,5465 Washington Pl,Minneapolis,MN,55430,(484) 555-1821,ryan.fairweather@example.com,Mail,HRC,08/25/2014,No,08/25/2014,FAIRWEATHER|RYAN|55430,"Fairweather, Ryan E",[TACOM];[CSR];[Admin];[ReadOnlyAudit];LocalDomainServers,
6AE46B6C579079B6A454CC6D98784AD4,224E,,03/05/2005 08:10:01,03/05/2005 08:10:01,CN=HRC-Transfer/OU=Agents/O=TACOM,,RQ001622,Whitlock-Bay,,Barbara,,Self,Barbara Whitlock-Bay,8195 Ridgway Ave,Richmond,VA,23225,(484) 555-1651,barbara.whitlock@example.com,Mail,HRC,03/05/2005,No,,WHITLOCK-BAY|BARBARA|23225,"Whitlock-Bay, Barbara",[TACOM];[CSR];[Admin];[ReadOnlyAudit];LocalDomainServers,
608F127361730E9E200F96D1A0E01E83,2252,,01/17/2017 09:19:58,01/17/2017 09:19:58,CN=HRC-Transfer/OU=Agents/O=TACOM,,RQ001623,Whitlock-Bay,,Sandra,,Son,Clarence Whitlock,4682 Laurel Dr Apt 20A,Las Vegas,NV,89127,(703) 555-1431,sandra.whitlock@example.com,Phone,NPRC,01/17/2017,Yes,,WHITLOCK-BAY|SANDRA|89127,"Whitlock-Bay, Sandra",[TACOM];[CSR];[Admin];[ReadOnlyAudit];LocalDomainServers,
17D8092173E1D7027F3AA82229889A70,2256,,11/27/2017 13:28:32,11/27/2017 13:28:32,CN=Renata Vasquez-Holm/OU=CHPSID/O=TACOM,,RQ001624,Maldonado-Vega,,Jennifer,B,Self,Jennifer B Maldonado-Vega,1878 Washington Ter,Fresno,CA,93758,(484) 555-1884,jennifer.maldonado@example.com,Phone,Manual,11/27/2017,Yes,11/27/2017,MALDONADO-VEGA|JENNIFER|93758,"Maldonado-Vega, Jennifer B",[TACOM];[CSR];[Admin];[ReadOnlyAudit];LocalDomainServers,
1040065037C3A6E0A6188B6D958CD9D4,225A,,11/19/2013 13:24:03,11/19/2013 13:24:03,CN=Marlene Okafor/OU=CHPSID/O=TACOM,,RQ001625,Villanueva-Cox,,Susan,,Daughter,Betty Villanueva,3887 Washington Ter,Shreveport,LA,71100,(717) 555-1938,susan.villanueva@example.com,Mail,Congressional,11/19/2013,No,,VILLANUEVA-COX|SUSAN|71100,"Villanueva-Cox, Susan",[TACOM];[CSR];[Admin];[ReadOnlyAudit];LocalDomainServers,
8E669236B7366054AD9D86D1A7A9D7DB,225E,,02/23/2006 08:37:08,02/23/2006 08:37:08,CN=Renata Vasquez-Holm/OU=CHPSID/O=TACOM,,RQ001626,Benavidez-Cruz,III,Melissa,W,Self,Melissa W Benavidez-Cruz,3301 Jefferson Pl,Sioux Falls,SD,57112-7107,(302) 555-1624,,Phone,Congressional,02/23/2006,No,02/23/2006,BENAVIDEZ-CRUZ|MELISSA|57112,"Benavidez-Cruz, Melissa W",[TACOM];[CSR];[Admin];[ReadOnlyAudit];LocalDomainServers,
CB81842B591BEF90071A1FFCBBD7F640,2262,,03/14/2015 14:40:07,03/14/2015 14:40:07,CN=HRC-Transfer/OU=Agents/O=TACOM,,RQ001627,Isherwood,Sr.,Brian,F,Spouse,Gary Isherwood,7631 Dogwood Pl,Fargo,ND,58106-4810,(410) 555-1120,brian.isherwood@example.com,Mail,HRC,03/14/2015,Yes,03/14/2015,ISHERWOOD|BRIAN|58106,"Isherwood, Brian F",[TACOM];[CSR];[Admin];[ReadOnlyAudit];LocalDomainServers,
B05A4A997C8177B171D3A6DB9A4D59F0,2266,,07/18/2015 16:45:50,07/18/2015 16:45:50,CN=HRC-Transfer/OU=Agents/O=TACOM,,RQ001628,Jessup-Kane,,Harold,G,Self,Harold G Jessup-Kane,6038 Marshall Ct,Sacramento,CA,95859,(484) 555-1934,,Mail,HRC,07/18/2015,Yes,07/18/2015,JESSUP-KANE|HAROLD|95859,"Jessup-Kane, Harold G",[TACOM];[CSR];[Admin];[ReadOnlyAudit];LocalDomainServers,
AB8ECBAEBF6E916FD067ED940688E152,226A,,03/04/2026 12:55:49,03/04/2026 12:55:49,CN=HRC-Transfer/OU=Agents/O=TACOM,,RQ001629,Maldonado-Vega,,Jennifer,,Self,Jennifer Maldonado-Vega,9156 Bradley Way,Wilmington,DE,19841,(703) 555-1700,jennifer.maldonado@example.com,Phone,NPRC,03/04/2026,No,03/04/2026,MALDONADO-VEGA|JENNIFER|19841,"Maldonado-Vega, Jennifer",[TACOM];[CSR];[Admin];[ReadOnlyAudit];LocalDomainServers,
8F25ECB51B5FCFA087AF9CB95614587A,226E,,09/20/2008 11:25:53,09/20/2008 11:25:53,CN=HRC-Transfer/OU=Agents/O=TACOM,,RQ001630,Cartlewood,Sr.,Helen,E,Self,Helen E Cartlewood,2327 Birch St,San Antonio,TX,78234-1803,(540) 555-1678,helen.cartlewood@example.com,Phone,HRC,09/20/2008,Yes,09/20/2008,CARTLEWOOD|HELEN|78234,"Cartlewood, Helen E",[TACOM];[CSR];[Admin];[ReadOnlyAudit];LocalDomainServers,
3199AA92E637682F80B8B6DF0D979BBD,2272,,12/17/2016 07:41:43,12/17/2016 07:41:43,CN=Marlene Okafor/OU=CHPSID/O=TACOM,,RQ001631,Sallisaw,,Arthur,,Self,Arthur Sallisaw,8169 Elm Ter,Sioux Falls,SD,57122,,,Mail,Congressional,12/17/2016,No,12/17/2016,SALLISAW|ARTHUR|57122,"Sallisaw, Arthur",[TACOM];[CSR];[Admin];[ReadOnlyAudit];LocalDomainServers,
B9206254089653C8FA29CA602343CC25,2276,,09/26/2008 07:34:58,09/26/2008 07:34:58,CN=Benedetta Kowalczyk/OU=CHPSID/O=TACOM,,RQ001632,Villanueva-Cox,,James,N,Self,James N Villanueva-Cox,5029 Willow Blvd,Portland,OR,97241-8972,(267) 555-1798,,Phone,Congressional,09/26/2008,Yes,,VILLANUEVA-COX|JAMES|97241,"Villanueva-Cox, James N",[TACOM];[CSR];[Admin];[ReadOnlyAudit];LocalDomainServers,
6368DBF79DF826F6F977D6C72A2EAB6F,227A,,07/08/2018 08:57:55,07/08/2018 08:57:55,CN=HRC-Transfer/OU=Agents/O=TACOM,,RQ001633,Everleigh,,Lisa,C,Son,Harold Everleigh,2178 Laurel Blvd,Houston,TX,77026,(717) 555-1584,,E-mail,NPRC,07/08/2018,No,,EVERLEIGH|LISA|77026,"Everleigh, Lisa C",[TACOM];[CSR];[Admin];[ReadOnlyAudit];LocalDomainServers,
95C9889E49BABE42C6092D4CCCB3B2DE,227E,,06/08/2023 10:43:09,06/08/2023 10:43:09,CN=Renata Vasquez-Holm/OU=CHPSID/O=TACOM,,RQ001634,Cartlewood,Sr.,Justin,,Self,Justin Cartlewood,7573 Chestnut Ave,Toledo,OH,43674,(267) 555-1009,,Phone,Congressional,06/08/2023,No,,CARTLEWOOD|JUSTIN|43674,"Cartlewood, Justin",[TACOM];[CSR];[Admin];[ReadOnlyAudit];LocalDomainServers,
5B3AE71F35DD0064CC5323D0F8C6E0F7,2282,,07/27/2025 17:02:52,07/27/2025 17:02:52,CN=Marlene Okafor/OU=CHPSID/O=TACOM,,RQ001635,Yeardley,,Donald,,Self,Donald Yeardley,8491 Walnut Ter,Albuquerque,NM,87106,(410) 555-1033,donald.yeardley@example.com,Mail,Congressional,07/27/2025,Yes,07/27/2025,YEARDLEY|DONALD|87106,"Yeardley, Donald",[TACOM];[CSR];[Admin];[ReadOnlyAudit];LocalDomainServers,
EB892694F52C114679DB8382F4BDB52D,2286,,09/06/2006 09:00:34,09/06/2006 09:00:34,CN=Ret Hamlin/OU=CHPSID/O=TACOM,,RQ001636,Underhill-Voss,,Ernesto,K,Self,Ernesto K Underhill-Voss,3462 Chestnut Way,Worcester,MA,01608,,,Mail,Manual,09/06/2006,No,,UNDERHILL-VOSS|ERNESTO|01608,"Underhill-Voss, Ernesto K",[TACOM];[CSR];[Admin];[ReadOnlyAudit];LocalDomainServers,
CCF8A9C80A4F14F773E69C32CB65938D,228A,,05/02/2010 17:23:56,05/02/2010 17:23:56,CN=Benedetta Kowalczyk/OU=CHPSID/O=TACOM,,RQ001637,Northway,Jr.,Carl,N,Self,Carl N Northway,1160 Cedar Rd,Harrisburg,PA,17153-5622,(267) 555-1730,carl.northway@example.com,Phone,Congressional,05/02/2010,Yes,05/02/2010,NORTHWAY|CARL|17153,"Northway, Carl N",[TACOM];[CSR];[Admin];[ReadOnlyAudit];LocalDomainServers,
0D416460280BE5B5790224CCB7DE09F4,228E,,11/03/2021 08:44:28,11/03/2021 08:44:28,CN=HRC-Transfer/OU=Agents/O=TACOM,,RQ001638,Drakeford,,Carlos,P,Sibling,Joshua Drakeford,8883 Spruce Ln,Orlando,FL,32809,(717) 555-1988,,E-mail,HRC,11/03/2021,Yes,,DRAKEFORD|CARLOS|32809,"Drakeford, Carlos P",[TACOM];[CSR];[Admin];[ReadOnlyAudit];LocalDomainServers,
AD5C7E55AF763F9872DC0BC27B9F70F7,2292,,05/03/2016 17:41:13,05/03/2016 17:41:13,CN=HRC-Transfer/OU=Agents/O=TACOM,,RQ001639,Everleigh,Jr.,Tyler,,Son,John Everleigh,5307 Spruce Ln,Portland,OR,97258,(703) 555-1097,tyler.everleigh@example.com,Phone,HRC,05/03/2016,No,,EVERLEIGH|TYLER|97258,"Everleigh, Tyler",[TACOM];[CSR];[Admin];[ReadOnlyAudit];LocalDomainServers,
BB196BCA9DFBBBD887F28B2CF535A1FB,2296,,03/03/2022 14:18:57,03/03/2022 14:18:57,CN=HRC-Transfer/OU=Agents/O=TACOM,,RQ001640,NORTHWAY,,Justin,G,Self,Justin G Northway,6444 Juniper Dr,Atlanta,GA,30336-7653,(267) 555-1430,justin.northway@example.com,Phone,NPRC,03/03/2022,No,,NORTHWAY|JUSTIN|30336,"NORTHWAY, Justin",[TACOM];[CSR];[Admin];[ReadOnlyAudit];LocalDomainServers,
9EB2002780C13DA3E0E94B211FB77676,229A,,12/29/2017 15:41:28,12/29/2017 15:41:28,CN=Dwayne Petrakis/OU=CHPSID/O=TACOM,,RQ001641,Ledesma-Ortiz,,Ryan,B,Self,Ryan B Ledesma-Ortiz,1079 Elm St,Columbia,SC,29205,,ryan.ledesma@example.com,Phone,Congressional,12/29/2017,Yes,,LEDESMA-ORTIZ|RYAN|29205,"Ledesma-Ortiz, Ryan B",[TACOM];[CSR];[Admin];[ReadOnlyAudit];LocalDomainServers,
896D5E378C7BFDAFC761936C7F3B9367,229E,,04/20/2020 07:08:18,04/20/2020 07:08:18,CN=Dwayne Petrakis/OU=CHPSID/O=TACOM,,RQ001642,Ellsworthy,,Timothy,,Son,Karen Ellsworthy,5645 Cedar Ct,Anchorage,AK,99555,(703) 555-1220,,Phone,Manual,04/20/2020,Yes,04/20/2020,ELLSWORTHY|TIMOTHY|99555,"Ellsworthy, Timothy",[TACOM];[CSR];[Admin];[ReadOnlyAudit];LocalDomainServers,
77C427C5541AEBFB002E3EE24B422EA1,22A2,,02/18/2013 12:16:19,02/18/2013 12:16:19,CN=HRC-Transfer/OU=Agents/O=TACOM,,RQ001643,Lindquarry,III,Elizabeth,B,Self,Elizabeth B Lindquarry,8123 Birch Ln,Huntsville,AL,35820-0277,(610) 555-1234,,E-mail,NPRC,02/18/2013,No,,LINDQUARRY|ELIZABETH|35820,"Lindquarry, Elizabeth B",[TACOM];[CSR];[Admin];[ReadOnlyAudit];LocalDomainServers,
3800248A842DEE9BBF93ABDC40BB24BB,22A6,,04/14/2022 15:51:47,04/14/2022 15:51:47,CN=HRC-Transfer/OU=Agents/O=TACOM,,RQ001644,Iverstone,,Nicole,F,Daughter,Barbara Iverstone,3426 Dogwood Ter,Norfolk,VA,23518,(610) 555-1958,,Phone,HRC,04/14/2022,No,,IVERSTONE|NICOLE|23518,"Iverstone, Nicole F",[TACOM];[CSR];[Admin];[ReadOnlyAudit];LocalDomainServers,
64AC91E1CC2B327F7ACDBCD00C4A3650,22AA,,03/22/2016 07:48:27,03/22/2016 07:48:27,CN=HRC-Transfer/OU=Agents/O=TACOM,,RQ001645,Stroudmoor,III,Mildred,H,Spouse,Lisa Stroudmoor,3145 Oak Blvd,Wilmington,DE,19875,(540) 555-1784,,Phone,HRC,03/22/2016,Yes,03/22/2016,STROUDMOOR|MILDRED|19875,"Stroudmoor, Mildred H",[TACOM];[CSR];[Admin];[ReadOnlyAudit];LocalDomainServers,
CFA1AC52CA1DD7DC86AE9C7055109494,22AE,,02/24/2008 12:55:20,02/24/2008 12:55:20,CN=Ret Hamlin/OU=CHPSID/O=TACOM,,RQ001646,Galbreath,Jr.,Terrence,A,Self,Terrence A Galbreath,1924 Veterans Memorial Ave,San Diego,CA,92136,(717) 555-1249,terrence.galbreath@example.com,Mail,Manual,02/24/2008,No,02/24/2008,GALBREATH|TERRENCE|92136,"Galbreath, Terrence A",[TACOM];[CSR];[Admin];[ReadOnlyAudit];LocalDomainServers,
DBBF3D4741BEB18D4AAFF957C31BDF5A,22B2,,09/05/2023 07:45:47,09/05/2023 07:45:47,CN=Benedetta Kowalczyk/OU=CHPSID/O=TACOM,,RQ001647,Lindquarry,,Matthew J,J,Self,Matthew J Lindquarry,1132 Patton Pl Apt 40D,Seattle,WA,98167-2730,(410) 555-1425,matthew.lindquarry@example.com,Mail,Manual,09/05/2023,No,,LINDQUARRY|MATTHEW J|98167,"Lindquarry, Matthew J",[TACOM];[CSR];[Admin];[ReadOnlyAudit];LocalDomainServers,RQ000065
AC47744D26F4CF4BC585780B0B0823D6,22B6,,01/23/2009 08:20:02,01/23/2009 08:20:02,CN=HRC-Transfer/OU=Agents/O=TACOM,,RQ001648,Mackelvane,,Betty,K,Spouse,Angela Mackelvane,6087 Birch Dr,Lawton,OK,73531,(856) 555-1568,betty.mackelvane@example.com,Mail,NPRC,01/23/2009,Yes,01/23/2009,MACKELVANE|BETTY|73531,"Mackelvane, Betty K",[TACOM];[CSR];[Admin];[ReadOnlyAudit];LocalDomainServers,
49E7804A4336AF8605C9E72B6D309065,22BA,,07/21/2026 13:56:28,07/21/2026 13:56:28,CN=Renata Vasquez-Holm/OU=CHPSID/O=TACOM,,RQ001649,Quimbley,,Karen,M,Other NOK,Ralph Quimbley,4882 Chestnut St,Tucson,AZ,85798-6878,(410) 555-1746,,Phone,Congressional,07/21/2026,No,07/21/2026,QUIMBLEY|KAREN|85798,"Quimbley, Karen M",[TACOM];[CSR];[Admin];[ReadOnlyAudit];LocalDomainServers,
12CEF5058A8D96B5D77FF2E328387A19,22BE,,03/23/2008 10:49:08,03/23/2008 10:49:08,CN=HRC-Transfer/OU=Agents/O=TACOM,,RQ001650,Ellingboe,,Virginia,R,Self,Virginia R Ellingboe,7567 Maple Ct,Little Rock,AR,72205,,,Mail,HRC,03/23/2008,Yes,03/23/2008,ELLINGBOE|VIRGINIA|72205,"Ellingboe, Virginia R",[TACOM];[CSR];[Admin];[ReadOnlyAudit];LocalDomainServers,
97135B580F6AB3F123788047392E7B45,22C2,,10/01/2014 13:19:55,10/01/2014 13:19:55,CN=Lorraine Whitcombe/OU=CHPSID/O=TACOM,,RQ001651,Fennimark,,Marcus,,Self,Marcus Fennimark,2253 Jefferson Ave,Denver,CO,80246,(610) 555-1695,,Mail,Congressional,10/01/2014,Yes,,FENNIMARK|MARCUS|80246,"Fennimark, Marcus",[TACOM];[CSR];[Admin];[ReadOnlyAudit];LocalDomainServers,
26BCE5FFDB02C1B8157EAF0915C7BBB2,22C6,,03/05/2025 13:24:43,03/05/2025 13:24:43,CN=HRC-Transfer/OU=Agents/O=TACOM,,RQ001652,Kellerhaus,,R.,F,Self,Raymond F Kellerhaus,2222 Sycamore St,Pittsburgh,PA,15201,(717) 555-1124,raymond.kellerhaus@example.com,Phone,HRC,03/05/2025,No,,KELLERHAUS|R.|15201,"Kellerhaus, R.",[TACOM];[CSR];[Admin];[ReadOnlyAudit];LocalDomainServers,
0259788A94B0502EBED217A03254E15F,22CA,,04/21/2010 13:51:58,04/21/2010 13:51:58,CN=HRC-Transfer/OU=Agents/O=TACOM,,RQ001653,Kestleman,Jr.,Jamal,H,Daughter,Michael Kestleman,2072 Washington Way Apt 39D,Knoxville,TN,37944,(484) 555-1211,jamal.kestleman@example.com,Mail,HRC,04/21/2010,Yes,04/21/2010,KESTLEMAN|JAMAL|37944,"Kestleman, Jamal H",[TACOM];[CSR];[Admin];[ReadOnlyAudit];LocalDomainServers,
9487027AC93F0BED6E9F3943CF699F6C,22CE,,10/07/2011 12:31:13,10/07/2011 12:31:13,CN=HRC-Transfer/OU=Agents/O=TACOM,,RQ001654,Zimmerly,,Earl,,Grandchild,Virginia Zimmerly,5378 Washington St,Fargo,ND,58183,(267) 555-1758,,Phone,NPRC,10/07/2011,Yes,10/07/2011,ZIMMERLY|EARL|58183,"Zimmerly, Earl",[TACOM];[CSR];[Admin];[ReadOnlyAudit];LocalDomainServers,
ACDB1BD17873B0EDF4DC7C33CE95287A,22D2,,05/21/2014 17:21:13,05/21/2014 17:21:13,CN=HRC-Transfer/OU=Agents/O=TACOM,,RQ001655,Coldwater,,Frances,W,Self,Frances W Coldwater,5508 Lincoln Rd,Billings,MT,59147,(610) 555-1316,frances.coldwater@example.com,Phone,HRC,05/21/2014,No,05/21/2014,COLDWATER|FRANCES|59147,"Coldwater, Frances W",[TACOM];[CSR];[Admin];[ReadOnlyAudit];LocalDomainServers,
7935F2650C64121110A7DBFBA92B4A63,22D6,,05/02/2009 07:30:13,05/02/2009 07:30:13,CN=HRC-Transfer/OU=Agents/O=TACOM,,RQ001656,Everleigh,Sr.,Andrew,A,Spouse,Evelyn Everleigh,3671 Marshall Ln Apt 21C,Buffalo,NY,14240-0788,(484) 555-1170,,E-mail,HRC,05/02/2009,Yes,,EVERLEIGH|ANDREW|14240,"Everleigh, Andrew A",[TACOM];[CSR];[Admin];[ReadOnlyAudit];LocalDomainServers,
808073D26770F06E1BC55CE659360E71,22DA,,05/06/2025 17:31:28,05/06/2025 17:31:28,CN=HRC-Transfer/OU=Agents/O=TACOM,,RQ001657,Iverstone,III,Ruth,,Spouse,Richard Iverstone,8847 Jefferson Ave,Buffalo,NY,14219,,,Mail,HRC,05/06/2025,No,05/06/2025,IVERSTONE|RUTH|14219,"Iverstone, Ruth",[TACOM];[CSR];[Admin];[ReadOnlyAudit];LocalDomainServers,
FDCB0D34FC397B809A1F286631F1893F,22DE,,07/03/2022 17:40:54,07/03/2022 17:40:54,CN=HRC-Transfer/OU=Agents/O=TACOM,,RQ001658,Yamaguchi-Orr,,Angela,C,Son,Melissa Yamaguchi,2487 Willow Ter Apt 8B,El Paso,TX,79923,(302) 555-1932,angela.yamaguchi@example.com,Mail,HRC,07/03/2022,Yes,07/03/2022,YAMAGUCHI-ORR|ANGELA|79923,"Yamaguchi-Orr, Angela C",[TACOM];[CSR];[Admin];[ReadOnlyAudit];LocalDomainServers,
C4F2C3C089EF406BAA6B38AE1270E6AA,22E2,,10/10/2010 11:13:55,10/10/2010 11:13:55,CN=Marlene Okafor/OU=CHPSID/O=TACOM,,RQ001659,Hollinbeck,,Christopher,,Self,Christopher Hollinbeck,404 Veterans Memorial Ln,Minneapolis,MN,55447-3630,(610) 555-1920,,Mail,Manual,10/10/2010,Yes,,HOLLINBECK|CHRISTOPHER|55447,"Hollinbeck, Christopher",[TACOM];[CSR];[Admin];[ReadOnlyAudit];LocalDomainServers,
C3F67C11C1FB2A1FF0DB8D51A232308A,22E6,,05/22/2026 09:11:00,05/22/2026 09:11:00,CN=Ret Hamlin/OU=CHPSID/O=TACOM,,RQ001660,Rockwell-Sayre,Jr.,B.,S,Spouse,Christopher Rockwell,1361 Juniper Blvd,San Diego,CA,92190,(302) 555-1858,brian.rockwell@example.com,Mail,Manual,05/22/2026,No,,ROCKWELL-SAYRE|B.|92190,"Rockwell-Sayre, B.",[TACOM];[CSR];[Admin];[ReadOnlyAudit];LocalDomainServers,
A4755FB07AC56EC437E05C3BD64F16DB,22EA,,12/12/2014 07:10:33,12/12/2014 07:10:33,CN=HRC-Transfer/OU=Agents/O=TACOM,,RQ001661,Kellerhaus,Jr.,Carol,E,Self,Carol E Kellerhaus,5303 Armory Pl Apt 40B,Portland,ME,04188,,carol.kellerhaus@example.com,E-mail,NPRC,12/12/2014,No,12/12/2014,KELLERHAUS|CAROL|04188,"Kellerhaus, Carol E",[TACOM];[CSR];[Admin];[ReadOnlyAudit];LocalDomainServers,
D969A3C0FA6664A1B98925C22EE4B095,22EE,,01/30/2016 12:36:09,01/30/2016 12:36:09,CN=HRC-Transfer/OU=Agents/O=TACOM,,RQ001662,Vandermolen,,Anthony,F,Daughter,James Vandermolen,2694 Maple Rd,Huntsville,AL,35876,,anthony.vandermolen@example.com,Mail,HRC,01/30/2016,Yes,01/30/2016,VANDERMOLEN|ANTHONY|35876,"Vandermolen, Anthony F",[TACOM];[CSR];[Admin];[ReadOnlyAudit];LocalDomainServers,
B45FB43CB63FFFEEA894A6D5C5A03C54,22F2,,03/23/2019 17:29:15,03/23/2019 17:29:15,CN=Dwayne Petrakis/OU=CHPSID/O=TACOM,,RQ001663,Yarrowdale,,Linda,W,Daughter,Thomas Yarrowdale,8181 Pershing Ter,Hartford,CT,06111,(540) 555-1893,linda.yarrowdale@example.com,Phone,Manual,03/23/2019,Yes,03/23/2019,YARROWDALE|LINDA|06111,"Yarrowdale, Linda W",[TACOM];[CSR];[Admin];[ReadOnlyAudit];LocalDomainServers,
FBF528F7FACAEA387EF4C78CF4F5E082,22F6,,10/26/2021 15:09:39,10/26/2021 15:09:39,CN=HRC-Transfer/OU=Agents/O=TACOM,,RQ001664,Wickersham,,Howard,,Self,Howard Wickersham,5338 Dogwood Ave,Seattle,WA,98121,(302) 555-1951,,Phone,HRC,10/26/2021,Yes,10/26/2021,WICKERSHAM|HOWARD|98121,"Wickersham, Howard",[TACOM];[CSR];[Admin];[ReadOnlyAudit];LocalDomainServers,
6EA17888A999ECB713AA7826246F5BC9,22FA,,12/19/2021 15:45:54,12/19/2021 15:45:54,CN=HRC-Transfer/OU=Agents/O=TACOM,,RQ001665,Templeton-Ash,Sr.,Virginia,F,Self,Virginia F Templeton-Ash,430 Chestnut Dr,Knoxville,TN,37949,(484) 555-1630,virginia.templeton@example.com,Mail,HRC,12/19/2021,Yes,12/19/2021,TEMPLETON-ASH|VIRGINIA|37949,"Templeton-Ash, Virginia F",[TACOM];[CSR];[Admin];[ReadOnlyAudit];LocalDomainServers,
836F3B11A88FF2828D7D7C5172FB31FD,22FE,,03/27/2020 14:27:04,03/27/2020 14:27:04,CN=HRC-Transfer/OU=Agents/O=TACOM,,RQ001666,Jessup-Kane,III,Linda,W,Parent,Terrence Jessup,9673 Pershing St,Sacramento,CA,95848-1030,(302) 555-1529,linda.jessup@example.com,Phone,HRC,03/27/2020,No,,JESSUP-KANE|LINDA|95848,"Jessup-Kane, Linda W",[TACOM];[CSR];[Admin];[ReadOnlyAudit];LocalDomainServers,
DE2B181D0AE12AFEF74FEE5FB31E192B,2302,,02/04/2023 17:53:37,02/04/2023 17:53:37,CN=HRC-Transfer/OU=Agents/O=TACOM,,RQ001667,Whitlock-Bay,Jr.,Karen,W,Son,Susan Whitlock,9401 Lincoln Ct,Houston,TX,77040,,,E-mail,HRC,02/04/2023,No,02/04/2023,WHITLOCK-BAY|KAREN|77040,"Whitlock-Bay, Karen W",[TACOM];[CSR];[Admin];[ReadOnlyAudit];LocalDomainServers,
F067139CE22DA3B03C98A2135ABA4B31,2306,,08/02/2012 14:03:53,08/02/2012 14:03:53,CN=HRC-Transfer/OU=Agents/O=TACOM,,RQ001668,Crandall-Mott,,Stephanie,L,Son,Andre Crandall,1362 Eisenhower Ave,Pensacola,FL,32507-7310,(703) 555-1345,,Mail,NPRC,08/02/2012,Yes,08/02/2012,CRANDALL-MOTT|STEPHANIE|32507,"Crandall-Mott, Stephanie L",[TACOM];[CSR];[Admin];[ReadOnlyAudit];LocalDomainServers,
C26315CDF6E3571FC8CE0E7B51F1B579,230A,,11/14/2014 12:37:57,11/14/2014 12:37:57,CN=HRC-Transfer/OU=Agents/O=TACOM,,RQ001669,Fairweather,,Frances,W,Self,Frances W Fairweather,7795 Willow Ct Apt 24A,Philadelphia,PA,19144,(717) 555-1050,,Mail,HRC,11/14/2014,Yes,11/14/2014,FAIRWEATHER|FRANCES|19144,"Fairweather, Frances W",[TACOM];[CSR];[Admin];[ReadOnlyAudit];LocalDomainServers,
F9F5F8EAC495D978F8843C1F17182FC4,230E,,01/10/2016 07:25:44,01/10/2016 07:25:44,CN=Benedetta Kowalczyk/OU=CHPSID/O=TACOM,,RQ001670,Trevino-Hale,III,Mildred,P,Self,Mildred P Trevino-Hale,5210 Patton Ter,Billings,MT,59149,(302) 555-1313,,Mail,Manual,01/10/2016,No,,TREVINO-HALE|MILDRED|59149,"Trevino-Hale, Mildred P",[TACOM];[CSR];[Admin];[ReadOnlyAudit];LocalDomainServers,
0175FA00AC34CC0D47663D935636DE91,2312,,12/18/2011 11:11:45,12/18/2011 11:11:45,CN=Dwayne Petrakis/OU=CHPSID/O=TACOM,,RQ001671,Templeton-Ash,Sr.,Elizabeth,S,Self,Elizabeth S Templeton-Ash,3849 Eisenhower Ln,Wilmington,DE,19836,(267) 555-1870,,Phone,Manual,12/18/2011,No,,TEMPLETON-ASH|ELIZABETH|19836,"Templeton-Ash, Elizabeth S",[TACOM];[CSR];[Admin];[ReadOnlyAudit];LocalDomainServers,
3C1659190B3703A25D73801D321F609B,2316,,10/04/2022 09:18:50,10/04/2022 09:18:50,CN=Renata Vasquez-Holm/OU=CHPSID/O=TACOM,,RQ001672,Coldwater,,Thomas,T,Self,Thomas T Coldwater,3397 Birch Dr Apt 30B,Columbus,GA,31972,(410) 555-1039,thomas.coldwater@example.com,Mail,Congressional,10/04/2022,Yes,,COLDWATER|THOMAS|31972,"Coldwater, Thomas T",[TACOM];[CSR];[Admin];[ReadOnlyAudit];LocalDomainServers,
34A3A9482F0D6677148055A1D5957B46,231A,,01/18/2010 09:50:52,01/18/2010 09:50:52,CN=HRC-Transfer/OU=Agents/O=TACOM,,RQ001673,Palomares,,Luis,M,Self,Luis M Palomares,1962 Sycamore Dr Apt 5B,Cleveland,OH,44161,,,Phone,HRC,01/18/2010,Yes,01/18/2010,PALOMARES|LUIS|44161,"Palomares, Luis M",[TACOM];[CSR];[Admin];[ReadOnlyAudit];LocalDomainServers,
5A52A38F47A44A72EA1462ABF60B896A,231E,,05/18/2016 08:50:37,05/18/2016 08:50:37,CN=HRC-Transfer/OU=Agents/O=TACOM,,RQ001674,Thornbury,III,Karen,E,Spouse,Jessica Thornbury,6900 Maple Blvd,Syracuse,NY,13292,,,Mail,HRC,05/18/2016,No,05/18/2016,THORNBURY|KAREN|13292,"Thornbury, Karen E",[TACOM];[CSR];[Admin];[ReadOnlyAudit];LocalDomainServers,
435746625891D2CD2B0E9A5CD1E785DD,2322,,07/20/2015 10:18:52,07/20/2015 10:18:52,CN=HRC-Transfer/OU=Agents/O=TACOM,,RQ001675,Zabrowski,,Ralph,C,Self,Ralph C Zabrowski,3360 Bradley Way,Tucson,AZ,85793,(484) 555-1535,ralph.zabrowski@example.com,Mail,HRC,07/20/2015,Yes,07/20/2015,ZABROWSKI|RALPH|85793,"Zabrowski, Ralph C",[TACOM];[CSR];[Admin];[ReadOnlyAudit];LocalDomainServers,
C0CDDEA26CE1440776F7DC90F95CA40C,2326,,08/01/2009 15:20:34,08/01/2009 15:20:34,CN=HRC-Transfer/OU=Agents/O=TACOM,,RQ001676,Dunmore-Vey,,Earl,E,Parent,Amanda Dunmore,6655 Bradley St,Jacksonville,FL,32252,(856) 555-1369,earl.dunmore@example.com,Mail,HRC,08/01/2009,Yes,08/01/2009,DUNMORE-VEY|EARL|32252,"Dunmore-Vey, Earl E",[TACOM];[CSR];[Admin];[ReadOnlyAudit];LocalDomainServers,
B27D97F8690CE00D911C4A9B13805A22,232A,,10/30/2016 14:31:16,10/30/2016 14:31:16,CN=Marlene Okafor/OU=CHPSID/O=TACOM,,RQ001677,Templeton-Ash,,Amanda,C,Grandchild,Richard Templeton,6578 Hickory Ave,Jackson,MS,39287,(410) 555-1798,amanda.templeton@example.com,Mail,Manual,10/30/2016,No,10/30/2016,TEMPLETON-ASH|AMANDA|39287,"Templeton-Ash, Amanda C",[TACOM];[CSR];[Admin];[ReadOnlyAudit];LocalDomainServers,
5749E5A4DA37F733A2508C4BA28AB621,232E,,05/17/2014 08:48:41,05/17/2014 08:48:41,CN=HRC-Transfer/OU=Agents/O=TACOM,,RQ001678,Lockridge,,Harold,,Son,William Lockridge,1233 Hickory Ct,Tucson,AZ,85782-8380,(610) 555-1246,harold.lockridge@example.com,Phone,NPRC,05/17/2014,Yes,05/17/2014,LOCKRIDGE|HAROLD|85782,"Lockridge, Harold",[TACOM];[CSR];[Admin];[ReadOnlyAudit];LocalDomainServers,
CD7BEC89AC6B83E15738374383D59113,2332,,06/22/2025 15:39:01,06/22/2025 15:39:01,CN=HRC-Transfer/OU=Agents/O=TACOM,,RQ001679,Prendergast,III,Mildred,,Sibling,Ryan Prendergast,967 Hickory Blvd,Charleston,WV,25363,(703) 555-1085,mildred.prendergast@example.com,E-mail,HRC,06/22/2025,Yes,06/22/2025,PRENDERGAST|MILDRED|25363,"Prendergast, Mildred",[TACOM];[CSR];[Admin];[ReadOnlyAudit];LocalDomainServers,
3271E54904462A6D80301198DDED48DF,2336,,11/09/2005 11:51:45,11/09/2005 11:51:45,CN=HRC-Transfer/OU=Agents/O=TACOM,,RQ001680,Drakeford,,Mary,,Son,Thomas Drakeford,2373 Patton St,Providence,RI,02972,(856) 555-1025,,Mail,HRC,11/09/2005,No,11/09/2005,DRAKEFORD|MARY|02972,"Drakeford, Mary",[TACOM];[CSR];[Admin];[ReadOnlyAudit];LocalDomainServers,
7F543EDDF35F64D085F35322E16052AD,233A,,09/17/2015 09:37:06,09/17/2015 09:37:06,CN=Dwayne Petrakis/OU=CHPSID/O=TACOM,,RQ001681,Yeardley,Sr.,Timothy,,Daughter,Nicole Yeardley,1554 Lincoln Pl,Fort Wayne,IN,46894-1650,(717) 555-1268,,Phone,Manual,09/17/2015,Yes,09/17/2015,YEARDLEY|TIMOTHY|46894,"Yeardley, Timothy",[TACOM];[CSR];[Admin];[ReadOnlyAudit];LocalDomainServers,
1C208B8E5766BA107AB270354B74D87F,233E,,05/16/2024 16:57:50,05/16/2024 16:57:50,CN=HRC-Transfer/OU=Agents/O=TACOM,,RQ001682,Washington-Pryce,Jr.,Darnell,,Son,Marcus Washington,8103 Walnut Rd,Minneapolis,MN,55468,,,E-mail,NPRC,05/16/2024,Yes,05/16/2024,WASHINGTON-PRYCE|DARNELL|55468,"Washington-Pryce, Darnell",[TACOM];[CSR];[Admin];[ReadOnlyAudit];LocalDomainServers,
784199DEC77348FA85800B3452791115,2342,,07/29/2025 17:06:52,07/29/2025 17:06:52,CN=HRC-Transfer/OU=Agents/O=TACOM,,RQ001683,Quinonez,Sr.,Charles,D,Daughter,Andrew Quinonez,3315 Bradley Way,Trenton,NJ,08634-2383,(703) 555-1180,,Mail,HRC,07/29/2025,Yes,07/29/2025,QUINONEZ|CHARLES|08634,"Quinonez, Charles D",[TACOM];[CSR];[Admin];[ReadOnlyAudit];LocalDomainServers,
F252F49B7D9352D0CABD1260EED3C150,2346,,02/26/2016 14:09:19,02/26/2016 14:09:19,CN=Dwayne Petrakis/OU=CHPSID/O=TACOM,,RQ001684,Bramwold,,Jennifer,,Self,Jennifer Bramwold,9806 Cedar Ct,Manchester,NH,03128-8143,(302) 555-1007,jennifer.bramwold@example.com,Mail,Congressional,02/26/2016,Yes,02/26/2016,BRAMWOLD|JENNIFER|03128,"Bramwold, Jennifer",[TACOM];[CSR];[Admin];[ReadOnlyAudit];LocalDomainServers,
D37975D4819A4323904FB3C37A1BAD25,234A,,11/20/2016 09:32:07,11/20/2016 09:32:07,CN=Dwayne Petrakis/OU=CHPSID/O=TACOM,,RQ001685,Ellingboe,,Lisa,F,Spouse,Carol Ellingboe,2704 Poplar Dr,Jackson,MS,39259,,,E-mail,Manual,11/20/2016,No,11/20/2016,ELLINGBOE|LISA|39259,"Ellingboe, Lisa F",[TACOM];[CSR];[Admin];[ReadOnlyAudit];LocalDomainServers,
C7F27F3E6E4D033D6249C0D0CEE876DF,234E,,07/31/2010 17:49:03,07/31/2010 17:49:03,CN=HRC-Transfer/OU=Agents/O=TACOM,,RQ001686,Northway,,Sandra,B,Son,Carol Northway,1406 Washington Rd,Portland,ME,04183,,,Mail,HRC,07/31/2010,Yes,,NORTHWAY|SANDRA|04183,"Northway, Sandra B",[TACOM];[CSR];[Admin];[ReadOnlyAudit];LocalDomainServers,
2A451B49E026B54FB54BE4349BA10BB0,2352,,08/04/2014 13:32:44,08/04/2014 13:32:44,CN=Marlene Okafor/OU=CHPSID/O=TACOM,,RQ001687,Lindquarry,,Howard,S,Self,Howard S Lindquarry,3800 Chestnut Blvd,Las Vegas,NV,89149,(215) 555-1022,,E-mail,Congressional,08/04/2014,No,08/04/2014,LINDQUARRY|HOWARD|89149,"Lindquarry, Howard S",[TACOM];[CSR];[Admin];[ReadOnlyAudit];LocalDomainServers,
6BDB5A988B408286AFA3D9E2F5E2A026,2356,,03/26/2024 10:04:16,03/26/2024 10:04:16,CN=Benedetta Kowalczyk/OU=CHPSID/O=TACOM,,RQ001688,Abernook,Jr.,Stephanie,,Self,Stephanie Abernook,4002 Ridgway Ave,Fresno,CA,93748,,,Phone,Manual,03/26/2024,No,03/26/2024,ABERNOOK|STEPHANIE|93748,"Abernook, Stephanie",[TACOM];[CSR];[Admin];[ReadOnlyAudit];LocalDomainServers,
2DAFDD6A43FC1B09D7409C07895854C0,235A,,01/12/2012 13:14:31,01/12/2012 13:14:31,CN=Dwayne Petrakis/OU=CHPSID/O=TACOM,,RQ001689,Ingersby,,Michael,N,Self,Michael N Ingersby,4829 Veterans Memorial Ln,Salt Lake City,UT,84165-5031,(717) 555-1680,,Mail,Congressional,01/12/2012,Yes,01/12/2012,INGERSBY|MICHAEL|84165,"Ingersby, Michael N",[TACOM];[CSR];[Admin];[ReadOnlyAudit];LocalDomainServers,
F368DD6BB9CD8D6ABE39A1CCBAFE6E7C,235E,,11/04/2022 07:59:04,11/04/2022 07:59:04,CN=HRC-Transfer/OU=Agents/O=TACOM,,RQ001690,Yellowley,,Mark,B,Self,Mark B Yellowley,2264 Sycamore Way,Minneapolis,MN,55428,(856) 555-1091,mark.yellowley@example.com,Mail,NPRC,11/04/2022,Yes,11/04/2022,YELLOWLEY|MARK|55428,"Yellowley, Mark B",[TACOM];[CSR];[Admin];[ReadOnlyAudit];LocalDomainServers,
FE8C5604334C2F321FDB89B7A4B9F359,2362,,09/04/2014 13:28:30,09/04/2014 13:28:30,CN=Lorraine Whitcombe/OU=CHPSID/O=TACOM,,RQ001691,Montgomerie,,Lisa,F,Daughter,Michael Montgomerie,8442 Lincoln St Apt 20D,Charlotte,NC,28213,,,Mail,Manual,09/04/2014,No,,MONTGOMERIE|LISA|28213,"Montgomerie, Lisa F",[TACOM];[CSR];[Admin];[ReadOnlyAudit];LocalDomainServers,
1EA015A46DE9417ADF42A0C22174BDA1,2366,,01/12/2023 17:14:52,01/12/2023 17:14:52,CN=Renata Vasquez-Holm/OU=CHPSID/O=TACOM,,RQ001692,Stroudmoor,,Barbara,,Son,Mary Stroudmoor,8603 Veterans Memorial Rd,Boise,ID,83758,(856) 555-1232,barbara.stroudmoor@example.com,Mail,Congressional,01/12/2023,No,01/12/2023,STROUDMOOR|BARBARA|83758,"Stroudmoor, Barbara",[TACOM];[CSR];[Admin];[ReadOnlyAudit];LocalDomainServers,
F33720BB88F3EC388EF15766244A2707,236A,,02/14/2011 16:04:30,02/14/2011 16:04:30,CN=HRC-Transfer/OU=Agents/O=TACOM,,RQ001693,Galbreath,III,James,,Self,James Galbreath,8457 Hickory Dr,Columbia,SC,29279,(703) 555-1022,,Mail,NPRC,02/14/2011,No,,GALBREATH|JAMES|29279,"Galbreath, James",[TACOM];[CSR];[Admin];[ReadOnlyAudit];LocalDomainServers,
A5C18CD4C5109953A884CF9CB9FF52DD,236E,,09/07/2025 17:15:07,09/07/2025 17:15:07,CN=Marlene Okafor/OU=CHPSID/O=TACOM,,RQ001694,Okonkwo-Bell,,Sarah,D,Son,Linda Okonkwo,400 Walnut Ave,Wheeling,WV,26076,(267) 555-1746,,Mail,Congressional,09/07/2025,No,09/07/2025,OKONKWO-BELL|SARAH|26076,"Okonkwo-Bell, Sarah D",[TACOM];[CSR];[Admin];[ReadOnlyAudit];LocalDomainServers,
6F9A66F2391E98E35B876E211D6BF51B,2372,,12/05/2010 17:11:36,12/05/2010 17:11:36,CN=HRC-Transfer/OU=Agents/O=TACOM,,RQ001695,Fairweather,Jr.,Sandra,G,Grandchild,Leonard Fairweather,1718 Elm Ln,Colorado Springs,CO,80944-2652,(302) 555-1108,,Phone,HRC,12/05/2010,No,12/05/2010,FAIRWEATHER|SANDRA|80944,"Fairweather, Sandra G",[TACOM];[CSR];[Admin];[ReadOnlyAudit];LocalDomainServers,
638A655CDE2A4F4044E5B9E9569D8B48,2376,,10/04/2008 09:11:16,10/04/2008 09:11:16,CN=HRC-Transfer/OU=Agents/O=TACOM,,RQ001696,Altamirano-Diaz,,Barbara,,Self,Barbara Altamirano-Diaz,9514 Walnut Rd,Kansas City,MO,64111-5441,(610) 555-1415,barbara.altamirano@example.com,Phone,HRC,10/04/2008,No,10/04/2008,ALTAMIRANO-DIAZ|BARBARA|64111,"Altamirano-Diaz, Barbara",[TACOM];[CSR];[Admin];[ReadOnlyAudit];LocalDomainServers,
3EF996D1150E6002D8F9BC8B8BD29E0F,237A,,02/10/2022 15:41:31,02/10/2022 15:41:31,CN=Marlene Okafor/OU=CHPSID/O=TACOM,,RQ001697,Vandermolen,Sr.,Arthur,H,Self,Arthur H Vandermolen,6267 Bradley Way,Houston,TX,77013,,,Phone,Manual,02/10/2022,Yes,02/10/2022,VANDERMOLEN|ARTHUR|77013,"Vandermolen, Arthur H",[TACOM];[CSR];[Admin];[ReadOnlyAudit];LocalDomainServers,
959FB1E762351FF20E408436AC2A486A,237E,,05/30/2015 14:14:02,05/30/2015 14:14:02,CN=HRC-Transfer/OU=Agents/O=TACOM,,RQ001698,Fairweather Jr.,,Frances,W,Self,Frances W Fairweather,7795 Willow Ct Apt 24A,Philadelphia,PA,19144,(717) 555-1050,,Mail,NPRC,05/30/2015,No,,FAIRWEATHER JR.|FRANCES|19144,"Fairweather Jr., Frances",[TACOM];[CSR];[Admin];[ReadOnlyAudit];LocalDomainServers,
F030828A1C4E9EE8A046CC897048DB1F,2382,,05/07/2011 17:30:34,05/07/2011 17:30:34,CN=HRC-Transfer/OU=Agents/O=TACOM,,RQ001699,Altamirano-Diaz,Sr.,Mildred,C,Grandchild,Gary Altamirano,6929 Elm Ter,Tampa,FL,33632,,,Phone,HRC,05/07/2011,Yes,,ALTAMIRANO-DIAZ|MILDRED|33632,"Altamirano-Diaz, Mildred C",[TACOM];[CSR];[Admin];[ReadOnlyAudit];LocalDomainServers,
D7932F04177CC11E032CE951B87451E6,2386,,02/25/2011 09:52:52,02/25/2011 09:52:52,CN=Marlene Okafor/OU=CHPSID/O=TACOM,,RQ001700,Montgomerie,,Linda,,Self,Linda Montgomerie,9021 Marshall Way,Pittsburgh,PA,15208,,linda.montgomerie@example.com,Mail,Manual,02/25/2011,No,02/25/2011,MONTGOMERIE|LINDA|15208,"Montgomerie, Linda",[TACOM];[CSR];[Admin];[ReadOnlyAudit];LocalDomainServers,
9CD510BC248A4C3CE3240F6D857944E6,238A,,07/14/2025 10:23:50,07/14/2025 10:23:50,CN=HRC-Transfer/OU=Agents/O=TACOM,,RQ001701,Umberlake,,Norman,,Son,Charles Umberlake,2561 Poplar Ct,Richmond,VA,23272,,,Mail,HRC,07/14/2025,No,,UMBERLAKE|NORMAN|23272,"Umberlake, Norman",[TACOM];[CSR];[Admin];[ReadOnlyAudit];LocalDomainServers,
A13B219363BCBE3C67BBED5A668E1662,238E,,04/27/2026 12:55:41,04/27/2026 12:55:41,CN=HRC-Transfer/OU=Agents/O=TACOM,,RQ001702,FORTENBURY,,Heather,,Self,Heather Fortenbury,8192 Bradley Ln,Chicago,IL,60636,,,Mail,HRC,04/27/2026,No,,FORTENBURY|HEATHER|60636,"FORTENBURY, Heather",[TACOM];[CSR];[Admin];[ReadOnlyAudit];LocalDomainServers,RQ000034
173FD8920301F913F1BE62E7EA0FE832,2392,,12/08/2012 12:46:55,12/08/2012 12:46:55,CN=Lorraine Whitcombe/OU=CHPSID/O=TACOM,,RQ001703,Ostrowski-Lane,Jr.,James,,Grandchild,Matthew Ostrowski,5978 Eisenhower Dr,Atlanta,GA,30328,(610) 555-1883,james.ostrowski@example.com,Mail,Manual,12/08/2012,No,,OSTROWSKI-LANE|JAMES|30328,"Ostrowski-Lane, James",[TACOM];[CSR];[Admin];[ReadOnlyAudit];LocalDomainServers,
31997755E5809868E363FB34B6AE9140,2396,,01/06/2021 14:46:41,01/06/2021 14:46:41,CN=HRC-Transfer/OU=Agents/O=TACOM,,RQ001704,Sallisaw,,Sandra,W,Spouse,Darnell Sallisaw,272 Birch Pl,Columbus,OH,43275-2760,(410) 555-1014,sandra.sallisaw@example.com,Phone,HRC,01/06/2021,No,,SALLISAW|SANDRA|43275,"Sallisaw, Sandra W",[TACOM];[CSR];[Admin];[ReadOnlyAudit];LocalDomainServers,
1086B57ACFDF6751BA81458F601BF7EA,239A,,11/20/2017 09:48:29,11/20/2017 09:48:29,CN=HRC-Transfer/OU=Agents/O=TACOM,,RQ001705,Hargreave,Sr.,Nancy,,Spouse,Amanda Hargreave,6087 Magnolia Ln,Scranton,PA,18514,(267) 555-1859,,Mail,HRC,11/20/2017,No,11/20/2017,HARGREAVE|NANCY|18514,"Hargreave, Nancy",[TACOM];[CSR];[Admin];[ReadOnlyAudit];LocalDomainServers,
D1171766D4C62121660B752119DD4882,239E,,10/14/2017 14:51:47,10/14/2017 14:51:47,CN=HRC-Transfer/OU=Agents/O=TACOM,,RQ001706,Pettiford,,John,P,Son,Joshua Pettiford,584 Eisenhower Blvd,Tucson,AZ,85759,(215) 555-1120,,Mail,HRC,10/14/2017,Yes,,PETTIFORD|JOHN|85759,"Pettiford, John P",[TACOM];[CSR];[Admin];[ReadOnlyAudit];LocalDomainServers,
A4AD393DD9A1D61DB305C7AEFC830191,23A2,,03/28/2026 10:50:45,03/28/2026 10:50:45,CN=HRC-Transfer/OU=Agents/O=TACOM,,RQ001707,Quinonez,,Carlos,M,Parent,Carl Quinonez,2651 Spruce Ln,Jackson,MS,39248,(856) 555-1854,,E-mail,HRC,03/28/2026,No,,QUINONEZ|CARLOS|39248,"Quinonez, Carlos",[TACOM];[CSR];[Admin];[ReadOnlyAudit];LocalDomainServers,
EC3E55C48FDEDD495EDE29C6DD7C08A7,23A6,,08/25/2009 15:36:07,08/25/2009 15:36:07,CN=HRC-Transfer/OU=Agents/O=TACOM,,RQ001708,Fennimark,,Howard,J,Self,Howard J Fennimark,6361 Madison Ter,Seattle,WA,98188-3843,(215) 555-1482,howard.fennimark@example.com,Phone,HRC,08/25/2009,Yes,,FENNIMARK|HOWARD|98188,"Fennimark, Howard J",[TACOM];[CSR];[Admin];[ReadOnlyAudit];LocalDomainServers,
0AA5A37059CAF4B3932731EF16B0DF34,23AA,,02/10/2008 07:49:14,02/10/2008 07:49:14,CN=Ret Hamlin/OU=CHPSID/O=TACOM,,RQ001709,Bramwold,,Earl,S,Self,Earl S Bramwold,1542 Spruce Ln,Norfolk,VA,23569,,earl.bramwold@example.com,Mail,Congressional,02/10/2008,No,02/10/2008,BRAMWOLD|EARL|23569,"Bramwold, Earl S",[TACOM];[CSR];[Admin];[ReadOnlyAudit];LocalDomainServers,
CD61D4F87302EA210A49EDC01BA79CA3,23AE,,05/04/2019 17:30:08,05/04/2019 17:30:08,CN=Ret Hamlin/OU=CHPSID/O=TACOM,,RQ001710,Jaramillo,,Sarah,E,Grandchild,Nancy Jaramillo,7845 Madison Ter,Jacksonville,FL,32278-5579,(703) 555-1770,sarah.jaramillo@example.com,Phone,Manual,05/04/2019,Yes,05/04/2019,JARAMILLO|SARAH|32278,"Jaramillo, Sarah E",[TACOM];[CSR];[Admin];[ReadOnlyAudit];LocalDomainServers,
F8AAC18336CF625560ED22B99DF78632,23B2,,12/08/2009 09:27:57,12/08/2009 09:27:57,CN=HRC-Transfer/OU=Agents/O=TACOM,,RQ001711,Figueroa-Paz,Sr.,Helen,E,Self,Helen E Figueroa-Paz,5881 Marshall Way,Anchorage,AK,99518,(703) 555-1027,,Mail,HRC,12/08/2009,No,12/08/2009,FIGUEROA-PAZ|HELEN|99518,"Figueroa-Paz, Helen E",[TACOM];[CSR];[Admin];[ReadOnlyAudit];LocalDomainServers,
10A1FA58ED8A4493804CFFC3DB61F3CD,23B6,,04/20/2010 09:01:54,04/20/2010 09:01:54,CN=HRC-Transfer/OU=Agents/O=TACOM,,RQ001712,Vosburgh,,Ralph,T,Self,Ralph T Vosburgh,3035 Willow Blvd,Spokane,WA,99207-3787,(717) 555-1911,ralph.vosburgh@example.com,Mail,HRC,04/20/2010,No,04/20/2010,VOSBURGH|RALPH|99207,"Vosburgh, Ralph T",[TACOM];[CSR];[Admin];[ReadOnlyAudit];LocalDomainServers,
D82838DD8EC7682CBB284DEB33340D23,23BA,,08/03/2019 11:54:56,08/03/2019 11:54:56,CN=Ret Hamlin/OU=CHPSID/O=TACOM,,RQ001713,Isherwood,,Donna,E,Son,Evelyn Isherwood,6808 Hickory Rd,Houston,TX,77008,,donna.isherwood@example.com,Mail,Manual,08/03/2019,Yes,08/03/2019,ISHERWOOD|DONNA|77008,"Isherwood, Donna E",[TACOM];[CSR];[Admin];[ReadOnlyAudit];LocalDomainServers,
39DAE444D8EA852EB06BEF082DE7572A,23BE,,05/08/2022 07:05:32,05/08/2022 07:05:32,CN=HRC-Transfer/OU=Agents/O=TACOM,,RQ001714,Abernook,,Mark,A,Grandchild,Marcus Abernook,7451 Laurel Blvd,Indianapolis,IN,46218-7257,(267) 555-1704,,Mail,HRC,05/08/2022,No,,ABERNOOK|MARK|46218,"Abernook, Mark A",[TACOM];[CSR];[Admin];[ReadOnlyAudit];LocalDomainServers,
B0FF868853B3DBA30D6D29BFEA35F3D8,23C2,,06/04/2013 08:19:54,06/04/2013 08:19:54,CN=HRC-Transfer/OU=Agents/O=TACOM,,RQ001715,Zimmerly,III,Nancy,P,Spouse,Charles Zimmerly,3773 Chestnut Ave,Cleveland,OH,44171,,,Mail,HRC,06/04/2013,Yes,06/04/2013,ZIMMERLY|NANCY|44171,"Zimmerly, Nancy P",[TACOM];[CSR];[Admin];[ReadOnlyAudit];LocalDomainServers,
7C3327FDA29CB0635EDD66E61860A2E2,23C6,,09/06/2018 11:11:50,09/06/2018 11:11:50,CN=Benedetta Kowalczyk/OU=CHPSID/O=TACOM,,RQ001716,Reyes-Almonte,,Jessica,,Spouse,Joshua Reyes,4522 Chestnut Ln,Columbus,GA,31925,(540) 555-1571,,Mail,Manual,09/06/2018,Yes,09/06/2018,REYES-ALMONTE|JESSICA|31925,"Reyes-Almonte, Jessica",[TACOM];[CSR];[Admin];[ReadOnlyAudit];LocalDomainServers,
61E52E68111EED42BC589CF633665E99,23CA,,07/07/2007 07:45:33,07/07/2007 07:45:33,CN=HRC-Transfer/OU=Agents/O=TACOM,,RQ001717,Ledesma-Ortiz,Jr.,Melissa,R,Self,Melissa R Ledesma-Ortiz,1375 Lincoln Blvd,Columbus,OH,43298,(610) 555-1238,,E-mail,NPRC,07/07/2007,No,07/07/2007,LEDESMA-ORTIZ|MELISSA|43298,"Ledesma-Ortiz, Melissa R",[TACOM];[CSR];[Admin];[ReadOnlyAudit];LocalDomainServers,
DD5554557BB7FEC8A1B00BEE2AF6A254,23CE,,09/26/2018 13:50:28,09/26/2018 13:50:28,CN=HRC-Transfer/OU=Agents/O=TACOM,,RQ001718,Rathbourne,Jr.,Brian,D,Self,Brian D Rathbourne,615 Hickory Pl,Anchorage,AK,99531,(215) 555-1833,,E-mail,HRC,09/26/2018,Yes,09/26/2018,RATHBOURNE|BRIAN|99531,"Rathbourne, Brian D",[TACOM];[CSR];[Admin];[ReadOnlyAudit];LocalDomainServers,
57CB07985E3D77EE25D701F6861D15F5,23D2,,05/03/2006 14:12:41,05/03/2006 14:12:41,CN=HRC-Transfer/OU=Agents/O=TACOM,,RQ001719,Galbreath,Sr.,Raymond,A,Self,Raymond A Galbreath,3167 Dogwood Ln,New Orleans,LA,70192-8695,(410) 555-1585,,Mail,NPRC,05/03/2006,Yes,,GALBREATH|RAYMOND|70192,"Galbreath, Raymond A",[TACOM];[CSR];[Admin];[ReadOnlyAudit];LocalDomainServers,
964F66303F88BB6D95870090E070D58F,23D6,,05/10/2008 09:15:35,05/10/2008 09:15:35,CN=HRC-Transfer/OU=Agents/O=TACOM,,RQ001720,Bramwold,III,Mary,G,Parent,Mary Bramwold,1462 Sycamore Ave,Columbia,SC,29238,,mary.bramwold@example.com,E-mail,NPRC,05/10/2008,Yes,05/10/2008,BRAMWOLD|MARY|29238,"Bramwold, Mary G",[TACOM];[CSR];[Admin];[ReadOnlyAudit];LocalDomainServers,
0DE84A00A60126BF26EC5F6574A27406,23DA,,01/08/2007 07:46:19,01/08/2007 07:46:19,CN=HRC-Transfer/OU=Agents/O=TACOM,,RQ001721,Wickersham,,Melissa,D,Grandchild,Richard Wickersham,4897 Poplar Ave,Chicago,IL,60658,(703) 555-1260,,Mail,HRC,01/08/2007,Yes,01/08/2007,WICKERSHAM|MELISSA|60658,"Wickersham, Melissa D",[TACOM];[CSR];[Admin];[ReadOnlyAudit];LocalDomainServers,
3D30851307E753A8E34350FF8F9C27B8,23DE,,01/25/2010 15:45:09,01/25/2010 15:45:09,CN=HRC-Transfer/OU=Agents/O=TACOM,,RQ001722,Mackelvane,,Eugene,,Daughter,Melissa Mackelvane,584 Chestnut St,Tucson,AZ,85703,(540) 555-1721,,Mail,HRC,01/25/2010,Yes,01/25/2010,MACKELVANE|EUGENE|85703,"Mackelvane, Eugene",[TACOM];[CSR];[Admin];[ReadOnlyAudit];LocalDomainServers,
DD1D79460BC6D4212175BD9C370DA415,23E2,,12/21/2018 17:29:09,12/21/2018 17:29:09,CN=HRC-Transfer/OU=Agents/O=TACOM,,RQ001723,Villanueva-Cox,,Elizabeth,,Sibling,Andrew Villanueva,3859 Laurel St,St. Louis,MO,63141,(267) 555-1463,elizabeth.villanueva@example.com,Phone,HRC,12/21/2018,No,,VILLANUEVA-COX|ELIZABETH|63141,"Villanueva-Cox, Elizabeth",[TACOM];[CSR];[Admin];[ReadOnlyAudit];LocalDomainServers,
6B5BE13EDE21CADF2E5DAFE6ADFE5399,23E6,,05/11/2021 08:19:37,05/11/2021 08:19:37,CN=Lorraine Whitcombe/OU=CHPSID/O=TACOM,,RQ001724,Wickersham,,Andre,S,Son,Steven Wickersham,5756 Oak St,Sacramento,CA,95860-1579,(856) 555-1604,andre.wickersham@example.com,E-mail,Manual,05/11/2021,Yes,,WICKERSHAM|ANDRE|95860,"Wickersham, Andre S",[TACOM];[CSR];[Admin];[ReadOnlyAudit];LocalDomainServers,
5C5355625BBBEF1DCCCB52B6C3249F60,23EA,,10/13/2009 11:53:26,10/13/2009 11:53:26,CN=Benedetta Kowalczyk/OU=CHPSID/O=TACOM,,RQ001725,Lindquarry,,Sandra,,Other NOK,James Lindquarry,9815 Washington Dr,Milwaukee,WI,53297-6946,(540) 555-1736,,Phone,Manual,10/13/2009,No,10/13/2009,LINDQUARRY|SANDRA|53297,"Lindquarry, Sandra",[TACOM];[CSR];[Admin];[ReadOnlyAudit];LocalDomainServers,
0CA1855FF30BE2EDC9D98548355E068B,23EE,,07/13/2026 07:31:55,07/13/2026 07:31:55,CN=HRC-Transfer/OU=Agents/O=TACOM,,RQ001726,Barrowclough,,William,,Self,William Barrowclough,930 Ridgway Way,Pensacola,FL,32590,(856) 555-1683,,Phone,NPRC,07/13/2026,No,07/13/2026,BARROWCLOUGH|WILLIAM|32590,"Barrowclough, William",[TACOM];[CSR];[Admin];[ReadOnlyAudit];LocalDomainServers,
F46539679F715BDB19D31CBC48925FF3,23F2,,10/01/2004 17:54:34,10/01/2004 17:54:34,CN=HRC-Transfer/OU=Agents/O=TACOM,,RQ001727,Xanthopoulos,,Elizabeth,J,Self,Elizabeth J Xanthopoulos,456 Spruce Blvd,El Paso,TX,79926,(302) 555-1183,,Mail,NPRC,10/01/2004,No,10/01/2004,XANTHOPOULOS|ELIZABETH|79926,"Xanthopoulos, Elizabeth J",[TACOM];[CSR];[Admin];[ReadOnlyAudit];LocalDomainServers,
AE0E685A57714AB8E29DB1ED0FCD167B,23F6,,08/25/2022 17:43:32,08/25/2022 17:43:32,CN=HRC-Transfer/OU=Agents/O=TACOM,,RQ001728,Yeardley,,Richard,L,Daughter,Mary Yeardley,4159 Sycamore Ct,Fargo,ND,58103,(703) 555-1586,,Mail,HRC,08/25/2022,Yes,08/25/2022,YEARDLEY|RICHARD|58103,"Yeardley, Richard L",[TACOM];[CSR];[Admin];[ReadOnlyAudit];LocalDomainServers,
867C69408043E4367D5A8AC6FDC7B9DB,23FA,,11/16/2025 09:26:53,11/16/2025 09:26:53,CN=HRC-Transfer/OU=Agents/O=TACOM,,RQ001729,Palomares,,Mildred,S,Self,Mildred S Palomares,4635 Marshall Ln,Knoxville,TN,37991,,,Mail,NPRC,11/16/2025,No,11/16/2025,PALOMARES|MILDRED|37991,"Palomares, Mildred S",[TACOM];[CSR];[Admin];[ReadOnlyAudit];LocalDomainServers,
4F81B2297A355BAE0729B66321FEBE8E,23FE,,08/17/2025 08:15:09,08/17/2025 08:15:09,CN=HRC-Transfer/OU=Agents/O=TACOM,,RQ001730,Hollinbeck,,Ruth,K,Self,Ruth K Hollinbeck,8630 Ridgway Pl,Philadelphia,PA,19163-0075,(215) 555-1509,,Mail,HRC,08/17/2025,Yes,08/17/2025,HOLLINBECK|RUTH|19163,"Hollinbeck, Ruth K",[TACOM];[CSR];[Admin];[ReadOnlyAudit];LocalDomainServers,
370CBD27EEE100B13E27CC030EBC5767,2402,,01/18/2005 10:53:47,01/18/2005 10:53:47,CN=HRC-Transfer/OU=Agents/O=TACOM,,RQ001731,Ullswater,,Raymond,L,Spouse,Jamal Ullswater,4185 Spruce Ct,Anchorage,AK,99542-3492,(610) 555-1406,,Mail,NPRC,01/18/2005,Yes,01/18/2005,ULLSWATER|RAYMOND|99542,"Ullswater, Raymond L",[TACOM];[CSR];[Admin];[ReadOnlyAudit];LocalDomainServers,
DA2832139B3AB24EF7AA4FE045CD8BC9,2406,,02/24/2020 10:28:48,02/24/2020 10:28:48,CN=Benedetta Kowalczyk/OU=CHPSID/O=TACOM,,RQ001732,Villanueva-Cox,Jr.,John,M,Self,John M Villanueva-Cox,6267 Marshall Dr,Knoxville,TN,37943,,,Mail,Congressional,02/24/2020,Yes,,VILLANUEVA-COX|JOHN|37943,"Villanueva-Cox, John M",[TACOM];[CSR];[Admin];[ReadOnlyAudit];LocalDomainServers,
2B8586C8AFD8ED7BD2F97E952F9991AA,240A,,06/23/2025 12:34:28,06/23/2025 12:34:28,CN=HRC-Transfer/OU=Agents/O=TACOM,,RQ001733,Kellerhaus,Sr.,Raymond,H,Daughter,Norman Kellerhaus,9259 Marshall Pl,Pittsburgh,PA,15268,(540) 555-1105,,Mail,NPRC,06/23/2025,Yes,,KELLERHAUS|RAYMOND|15268,"Kellerhaus, Raymond H",[TACOM];[CSR];[Admin];[ReadOnlyAudit];LocalDomainServers,
BBA85E043AA74813A8E2229729CC1C90,240E,,06/01/2013 07:30:38,06/01/2013 07:30:38,CN=HRC-Transfer/OU=Agents/O=TACOM,,RQ001734,Oakhurst-Pell,Sr.,Harold,K,Self,Harold K Oakhurst-Pell,7477 Armory Ter,Las Vegas,NV,89121,(215) 555-1487,,Mail,HRC,06/01/2013,Yes,06/01/2013,OAKHURST-PELL|HAROLD|89121,"Oakhurst-Pell, Harold K",[TACOM];[CSR];[Admin];[ReadOnlyAudit];LocalDomainServers,
21F953FCF86B5854112442FC28506FB1,2412,,09/29/2013 12:25:20,09/29/2013 12:25:20,CN=HRC-Transfer/OU=Agents/O=TACOM,,RQ001735,Greaves-Tolan,,Ralph,A,Daughter,Sarah Greaves,6260 Hickory Ter,Portland,OR,97275-0315,,,E-mail,HRC,09/29/2013,Yes,09/29/2013,GREAVES-TOLAN|RALPH|97275,"Greaves-Tolan, Ralph A",[TACOM];[CSR];[Admin];[ReadOnlyAudit];LocalDomainServers,
A2FC668DC0A170C12EFFFC2D49ED7A15,2416,,04/15/2013 09:13:55,04/15/2013 09:13:55,CN=HRC-Transfer/OU=Agents/O=TACOM,,RQ001736,Benavidez-Cruz,,Patricia,H,Self,Patricia H Benavidez-Cruz,995 Hickory Blvd,Phoenix,AZ,85031,(717) 555-1315,,Phone,HRC,04/15/2013,Yes,04/15/2013,BENAVIDEZ-CRUZ|PATRICIA|85031,"Benavidez-Cruz, Patricia H",[TACOM];[CSR];[Admin];[ReadOnlyAudit];LocalDomainServers,
DAFC36BB5B18436319774F308ACF72B4,241A,,09/19/2020 08:43:03,09/19/2020 08:43:03,CN=HRC-Transfer/OU=Agents/O=TACOM,,RQ001737,Montgomerie,,Raymond,,Self,Raymond Montgomerie,2101 Sycamore St,Milwaukee,WI,53225,(610) 555-1447,raymond.montgomerie@example.com,Mail,HRC,09/19/2020,No,09/19/2020,MONTGOMERIE|RAYMOND|53225,"Montgomerie, Raymond",[TACOM];[CSR];[Admin];[ReadOnlyAudit];LocalDomainServers,
C5071D62C5B92A52C8FCDEEF09B58FE3,241E,,12/20/2009 15:59:27,12/20/2009 15:59:27,CN=HRC-Transfer/OU=Agents/O=TACOM,,RQ001738,Greaves-Tolan,Sr.,Karen,,Self,Karen Greaves-Tolan,1555 Washington Blvd,Huntsville,AL,35871,(484) 555-1624,,E-mail,HRC,12/20/2009,No,,GREAVES-TOLAN|KAREN|35871,"Greaves-Tolan, Karen",[TACOM];[CSR];[Admin];[ReadOnlyAudit];LocalDomainServers,
D169655BFEEFB5D7FF8E1980EDA5F1E9,2422,,12/18/2011 12:06:57,12/18/2011 12:06:57,CN=HRC-Transfer/OU=Agents/O=TACOM,,RQ001739,Quennevile,III,Patricia,L,Grandchild,Linda Quennevile,1751 Birch St,Norfolk,VA,23581-2017,,,Mail,HRC,12/18/2011,No,12/18/2011,QUENNEVILE|PATRICIA|23581,"Quennevile, Patricia L",[TACOM];[CSR];[Admin];[ReadOnlyAudit];LocalDomainServers,
9F51CFF6E5813A51744ED71A2DA9392A,2426,,04/15/2010 10:13:07,04/15/2010 10:13:07,CN=HRC-Transfer/OU=Agents/O=TACOM,,RQ001740,Lindquarry,,Daniel,K,Spouse,Justin Lindquarry,75 Patton Ave,Killeen,TX,76509,(717) 555-1714,daniel.lindquarry@example.com,E-mail,HRC,04/15/2010,Yes,,LINDQUARRY|DANIEL|76509,"Lindquarry, Daniel K",[TACOM];[CSR];[Admin];[ReadOnlyAudit];LocalDomainServers,
B35F2774A6C497C6414A7D7DF5D40F54,242A,,01/19/2011 13:38:14,01/19/2011 13:38:14,CN=HRC-Transfer/OU=Agents/O=TACOM,,RQ001741,Marrowbridge,III,Susan,G,Self,Susan G Marrowbridge,706 Washington Pl,Tucson,AZ,85731,(856) 555-1399,,E-mail,HRC,01/19/2011,No,,MARROWBRIDGE|SUSAN|85731,"Marrowbridge, Susan G",[TACOM];[CSR];[Admin];[ReadOnlyAudit];LocalDomainServers,
E606A99EA94EC2232501A2AB88D74335,242E,,04/06/2022 14:43:12,04/06/2022 14:43:12,CN=HRC-Transfer/OU=Agents/O=TACOM,,RQ001742,Ingersby,,Helen,B,Spouse,Matthew Ingersby,2009 Laurel Rd Apt 26A,Savannah,GA,31488,(410) 555-1817,,E-mail,NPRC,04/06/2022,No,04/06/2022,INGERSBY|HELEN|31488,"Ingersby, Helen B",[TACOM];[CSR];[Admin];[ReadOnlyAudit];LocalDomainServers,
13319A5A8309CAEFF379C0FC28DA2E93,2432,,03/25/2011 11:12:27,03/25/2011 11:12:27,CN=Ret Hamlin/OU=CHPSID/O=TACOM,,RQ001743,Benavidez-Cruz,Jr.,Jose,,Son,Norman Benavidez,1797 Eisenhower Ter,Lawton,OK,73524,(540) 555-1753,,Mail,Manual,03/25/2011,No,,BENAVIDEZ-CRUZ|JOSE|73524,"Benavidez-Cruz, Jose",[TACOM];[CSR];[Admin];[ReadOnlyAudit];LocalDomainServers,
30F3C86BFAA8C8DDCAD02DEB4DAC0E14,2436,,09/13/2023 08:25:05,09/13/2023 08:25:05,CN=Dwayne Petrakis/OU=CHPSID/O=TACOM,,RQ001744,Xanthopoulos,Jr.,Rafael,E,Spouse,Tyler Xanthopoulos,7435 Pershing Way,Boise,ID,83746,(703) 555-1389,rafael.xanthopoulos@example.com,Phone,Manual,09/13/2023,Yes,09/13/2023,XANTHOPOULOS|RAFAEL|83746,"Xanthopoulos, Rafael E",[TACOM];[CSR];[Admin];[ReadOnlyAudit];LocalDomainServers,
891350EB7C1D796C0814C6526480E25E,243A,,11/13/2004 14:08:26,11/13/2004 14:08:26,CN=Renata Vasquez-Holm/OU=CHPSID/O=TACOM,,RQ001745,Haverstock,,Ruth,C,Self,Ruth C Haverstock,1376 Lincoln St,Las Vegas,NV,89129-7381,(717) 555-1665,ruth.haverstock@example.com,E-mail,Congressional,11/13/2004,No,11/13/2004,HAVERSTOCK|RUTH|89129,"Haverstock, Ruth C",[TACOM];[CSR];[Admin];[ReadOnlyAudit];LocalDomainServers,
EC487DC024A5145D05807E81BAC54E4A,243E,,11/30/2013 16:31:27,11/30/2013 16:31:27,CN=HRC-Transfer/OU=Agents/O=TACOM,,RQ001746,Villanueva-Cox,Jr.,David,H,Sibling,Stephanie Villanueva,1500 Walnut Pl,St. Louis,MO,63177,(856) 555-1172,,Mail,NPRC,11/30/2013,Yes,11/30/2013,VILLANUEVA-COX|DAVID|63177,"Villanueva-Cox, David H",[TACOM];[CSR];[Admin];[ReadOnlyAudit];LocalDomainServers,
E2C8A32A73666AE5B34A64CFF36E01C5,2442,,07/19/2014 10:39:03,07/19/2014 10:39:03,CN=HRC-Transfer/OU=Agents/O=TACOM,,RQ001747,Castellanos,III,Luis,W,Self,Luis W Castellanos,5064 Madison Ave Apt 21D,Omaha,NE,68190,,luis.castellanos@example.com,Mail,NPRC,07/19/2014,Yes,07/19/2014,CASTELLANOS|LUIS|68190,"Castellanos, Luis W",[TACOM];[CSR];[Admin];[ReadOnlyAudit];LocalDomainServers,
C965CBAAEF84FA57442A234654780DBE,2446,,12/21/2018 08:13:42,12/21/2018 08:13:42,CN=HRC-Transfer/OU=Agents/O=TACOM,,RQ001748,Redfearn,,Virginia,L,Spouse,Jessica Redfearn,7873 Bradley Blvd,Albuquerque,NM,87110,,virginia.redfearn@example.com,Mail,HRC,12/21/2018,Yes,,REDFEARN|VIRGINIA|87110,"Redfearn, Virginia L",[TACOM];[CSR];[Admin];[ReadOnlyAudit];LocalDomainServers,
E32B5C8397C370BA16174F22F2D45340,244A,,03/03/2025 09:36:52,03/03/2025 09:36:52,CN=HRC-Transfer/OU=Agents/O=TACOM,,RQ001749,Umberlake,,Leonard,W,Self,Leonard W Umberlake,1709 Jefferson Ct,Pittsburgh,PA,15229,(610) 555-1101,,Mail,HRC,03/03/2025,No,03/03/2025,UMBERLAKE|LEONARD|15229,"Umberlake, Leonard W",[TACOM];[CSR];[Admin];[ReadOnlyAudit];LocalDomainServers,
B7DCB7E0EB9B52D1A12580FCD4E970AE,244E,,05/31/2025 14:57:27,05/31/2025 14:57:27,CN=Benedetta Kowalczyk/OU=CHPSID/O=TACOM,,RQ001750,Escobedo-Ruiz,,Helen,H,Self,Helen H Escobedo-Ruiz,954 Laurel Ct,Oklahoma City,OK,73198-5560,(717) 555-1458,helen.escobedo@example.com,Mail,Manual,05/31/2025,No,05/31/2025,ESCOBEDO-RUIZ|HELEN|73198,"Escobedo-Ruiz, Helen H",[TACOM];[CSR];[Admin];[ReadOnlyAudit];LocalDomainServers,
248372388EAFD97E875D7B3F5B61301A,2452,,10/15/2013 17:53:17,10/15/2013 17:53:17,CN=Marlene Okafor/OU=CHPSID/O=TACOM,,RQ001751,Delgadillo,,Steven,F,Son,Luis Delgadillo,2588 Hickory Ter Apt 29B,Omaha,NE,68122-6692,(717) 555-1043,,Mail,Manual,10/15/2013,Yes,,DELGADILLO|STEVEN|68122,"Delgadillo, Steven F",[TACOM];[CSR];[Admin];[ReadOnlyAudit];LocalDomainServers,
F0200BCF2DD9C8D8153204315F719A50,2456,,04/02/2004 14:45:35,04/02/2004 14:45:35,CN=HRC-Transfer/OU=Agents/O=TACOM,,RQ001752,Wexcombe,,Patricia,,Self,Patricia Wexcombe,7662 Lincoln Dr,Charleston,WV,25384,,patricia.wexcombe@example.com,Mail,HRC,04/02/2004,Yes,04/02/2004,WEXCOMBE|PATRICIA|25384,"Wexcombe, Patricia",[TACOM];[CSR];[Admin];[ReadOnlyAudit];LocalDomainServers,
421678F9C1FACE18C85D05A2C34A4C43,245A,,08/31/2006 09:47:39,08/31/2006 09:47:39,CN=Dwayne Petrakis/OU=CHPSID/O=TACOM,,RQ001753,Abernook,,Clarence,N,Self,Clarence N Abernook,3596 Madison Ave,Dallas,TX,75215,,,Mail,Manual,08/31/2006,Yes,08/31/2006,ABERNOOK|CLARENCE|75215,"Abernook, Clarence N",[TACOM];[CSR];[Admin];[ReadOnlyAudit];LocalDomainServers,
1A615B9BF1107516928E4B1251BEA886,245E,,06/12/2008 13:17:01,06/12/2008 13:17:01,CN=HRC-Transfer/OU=Agents/O=TACOM,,RQ001754,Jarvinen-Roe,,Ralph,T,Grandchild,Charles Jarvinen,1231 Laurel St,Jacksonville,FL,32258-7766,,ralph.jarvinen@example.com,Mail,HRC,06/12/2008,Yes,,JARVINEN-ROE|RALPH|32258,"Jarvinen-Roe, Ralph T",[TACOM];[CSR];[Admin];[ReadOnlyAudit];LocalDomainServers,
6162D6D085302245C3330E8CACB72A7E,2462,,03/05/2006 12:52:38,03/05/2006 12:52:38,CN=Dwayne Petrakis/OU=CHPSID/O=TACOM,,RQ001755,Yamaguchi-Orr,Jr.,John,G,Spouse,Christopher Yamaguchi,2377 Juniper Ct,Charleston,WV,25368,(540) 555-1232,,E-mail,Manual,03/05/2006,No,03/05/2006,YAMAGUCHI-ORR|JOHN|25368,"Yamaguchi-Orr, John G",[TACOM];[CSR];[Admin];[ReadOnlyAudit];LocalDomainServers,
51E7816F544F56C123563239F1971621,2466,,03/17/2020 14:35:56,03/17/2020 14:35:56,CN=HRC-Transfer/OU=Agents/O=TACOM,,RQ001756,YELLOWLEY,,Matthew,,Self,Matthew Yellowley,3397 Patton Blvd,Sacramento,CA,95867,(267) 555-1811,matthew.yellowley@example.com,Mail,NPRC,03/17/2020,No,,YELLOWLEY|MATTHEW|95867,"YELLOWLEY, Matthew",[TACOM];[CSR];[Admin];[ReadOnlyAudit];LocalDomainServers,RQ000388
C71C00728E5CC81819338F7AE31F0E7F,246A,,10/22/2017 09:55:08,10/22/2017 09:55:08,CN=HRC-Transfer/OU=Agents/O=TACOM,,RQ001757,Yellowley,Jr.,Luis,,Self,Luis Yellowley,2960 Madison St,Tampa,FL,33623-7356,(267) 555-1316,,Phone,NPRC,10/22/2017,No,,YELLOWLEY|LUIS|33623,"Yellowley, Luis",[TACOM];[CSR];[Admin];[ReadOnlyAudit];LocalDomainServers,
F176FF35A7734DC32876318BA56304F1,246E,,01/02/2017 09:23:55,01/02/2017 09:23:55,CN=Dwayne Petrakis/OU=CHPSID/O=TACOM,,RQ001758,Ingersby,,Mary,D,Grandchild,Angela Ingersby,1755 Sycamore Pl,Los Angeles,CA,90045,,,Mail,Congressional,01/02/2017,Yes,01/02/2017,INGERSBY|MARY|90045,"Ingersby, Mary D",[TACOM];[CSR];[Admin];[ReadOnlyAudit];LocalDomainServers,
ED421177881FE241DD2965FFE4F0669F,2472,,07/12/2008 15:39:37,07/12/2008 15:39:37,CN=Benedetta Kowalczyk/OU=CHPSID/O=TACOM,,RQ001759,Ingersby,Jr.,Patricia,L,Self,Patricia L Ingersby,7356 Armory Ln Apt 10A,Dallas,TX,75259,,,Mail,Congressional,07/12/2008,No,07/12/2008,INGERSBY|PATRICIA|75259,"Ingersby, Patricia L",[TACOM];[CSR];[Admin];[ReadOnlyAudit];LocalDomainServers,
387589060CA01EF46FD20F63A3632100,2476,,06/16/2008 14:46:27,06/16/2008 14:46:27,CN=HRC-Transfer/OU=Agents/O=TACOM,,RQ001760,Ingersby,,Hector,D,Self,Hector D Ingersby,8959 Eisenhower St,New Orleans,LA,70154,(540) 555-1358,,E-mail,NPRC,06/16/2008,No,06/16/2008,INGERSBY|HECTOR|70154,"Ingersby, Hector D",[TACOM];[CSR];[Admin];[ReadOnlyAudit];LocalDomainServers,
CDDB5061C119CB8D2398F0ED07F9BE33,247A,,08/10/2006 17:19:27,08/10/2006 17:19:27,CN=Lorraine Whitcombe/OU=CHPSID/O=TACOM,,RQ001761,Cartlewood,Jr.,Michael,C,Self,Michael C Cartlewood,6119 Oak Pl,San Diego,CA,92113,(215) 555-1105,michael.cartlewood@example.com,Phone,Congressional,08/10/2006,Yes,08/10/2006,CARTLEWOOD|MICHAEL|92113,"Cartlewood, Michael C",[TACOM];[CSR];[Admin];[ReadOnlyAudit];LocalDomainServers,
9118F640D8814298D699220D3F189140,247E,,11/26/2010 09:37:46,11/26/2010 09:37:46,CN=HRC-Transfer/OU=Agents/O=TACOM,,RQ001762,Northway,Sr.,Helen,,Spouse,Carl Northway,629 Cedar Blvd,Kansas City,MO,64110,(215) 555-1080,helen.northway@example.com,Mail,NPRC,11/26/2010,Yes,11/26/2010,NORTHWAY|HELEN|64110,"Northway, Helen",[TACOM];[CSR];[Admin];[ReadOnlyAudit];LocalDomainServers,
D2CA509B28F05037592E348727C3E632,2482,,03/31/2017 17:06:04,03/31/2017 17:06:04,CN=HRC-Transfer/OU=Agents/O=TACOM,,RQ001763,Everleigh,,Leonard,T,Son,Margaret Everleigh,9112 Eisenhower Ln,Philadelphia,PA,19189,(717) 555-1400,,Mail,HRC,03/31/2017,Yes,03/31/2017,EVERLEIGH|LEONARD|19189,"Everleigh, Leonard T",[TACOM];[CSR];[Admin];[ReadOnlyAudit];LocalDomainServers,
D4237F77C3C5C11B049456E80E2B6A78,2486,,07/18/2024 12:07:58,07/18/2024 12:07:58,CN=HRC-Transfer/OU=Agents/O=TACOM,,RQ001764,Ostrowski-Lane,Jr.,Lisa,A,Self,Lisa A Ostrowski-Lane,2605 Washington Ln,Lawton,OK,73577,(215) 555-1959,,Phone,HRC,07/18/2024,Yes,07/18/2024,OSTROWSKI-LANE|LISA|73577,"Ostrowski-Lane, Lisa A",[TACOM];[CSR];[Admin];[ReadOnlyAudit];LocalDomainServers,
80BBD68A4CFAB5C6A710D067469426F2,248A,,07/08/2005 14:57:44,07/08/2005 14:57:44,CN=HRC-Transfer/OU=Agents/O=TACOM,,RQ001765,Ellingboe,,Arthur,G,Spouse,Terrence Ellingboe,4752 Elm St,Syracuse,NY,13263,(267) 555-1134,arthur.ellingboe@example.com,E-mail,HRC,07/08/2005,No,07/08/2005,ELLINGBOE|ARTHUR|13263,"Ellingboe, Arthur G",[TACOM];[CSR];[Admin];[ReadOnlyAudit];LocalDomainServers,
23605C839F250B5BDFDCF5B1830A24CA,248E,,05/08/2018 16:31:56,05/08/2018 16:31:56,CN=Dwayne Petrakis/OU=CHPSID/O=TACOM,,RQ001766,Ingersby,,David,A,Self,David A Ingersby,8325 Dogwood Rd,St. Louis,MO,63150,(856) 555-1016,,Phone,Manual,05/08/2018,No,05/08/2018,INGERSBY|DAVID|63150,"Ingersby, David A",[TACOM];[CSR];[Admin];[ReadOnlyAudit];LocalDomainServers,
626B6832D4BEB2F78B9B820233181B27,2492,,02/03/2008 08:09:33,02/03/2008 08:09:33,CN=Marlene Okafor/OU=CHPSID/O=TACOM,,RQ001767,Yarrowdale,,Richard,W,Son,Marcus Yarrowdale,1192 Birch Ter,Denver,CO,80209,(540) 555-1876,,Mail,Congressional,02/03/2008,No,02/03/2008,YARROWDALE|RICHARD|80209,"Yarrowdale, Richard W",[TACOM];[CSR];[Admin];[ReadOnlyAudit];LocalDomainServers,
C8D26A39A138567B02E14A9B9D963B94,2496,,09/12/2024 07:30:37,09/12/2024 07:30:37,CN=HRC-Transfer/OU=Agents/O=TACOM,,RQ001768,Ingersby,Sr.,Nancy,D,Self,Nancy D Ingersby,2109 Pershing Rd,Burlington,VT,05462,(302) 555-1412,,Phone,HRC,09/12/2024,Yes,09/12/2024,INGERSBY|NANCY|05462,"Ingersby, Nancy D",[TACOM];[CSR];[Admin];[ReadOnlyAudit];LocalDomainServers,
702C357663243873C7DBF6FB3430713D,249A,,11/04/2011 16:16:29,11/04/2011 16:16:29,CN=HRC-Transfer/OU=Agents/O=TACOM,,RQ001769,Nethercott,Sr.,Richard,,Daughter,Susan Nethercott,6642 Armory Ct Apt 27A,Scranton,PA,18567-5524,(267) 555-1775,richard.nethercott@example.com,Mail,HRC,11/04/2011,No,,NETHERCOTT|RICHARD|18567,"Nethercott, Richard",[TACOM];[CSR];[Admin];[ReadOnlyAudit];LocalDomainServers,
5CC3F3292BEAEB7BC6A2A4FE0CADEBC4,249E,,01/20/2008 07:26:59,01/20/2008 07:26:59,CN=Ret Hamlin/OU=CHPSID/O=TACOM,,RQ001770,Fennimark,,Howard,C,Parent,Jamal Fennimark,2135 Oak Blvd,Philadelphia,PA,19162,,howard.fennimark@example.com,Mail,Congressional,01/20/2008,Yes,01/20/2008,FENNIMARK|HOWARD|19162,"Fennimark, Howard C",[TACOM];[CSR];[Admin];[ReadOnlyAudit];LocalDomainServers,
6F0F92C702B64FB58387928E1356CEAE,24A2,,01/05/2008 13:58:52,01/05/2008 13:58:52,CN=Renata Vasquez-Holm/OU=CHPSID/O=TACOM,,RQ001771,Altamirano-Diaz,Jr.,Tyler,J,Self,Tyler J Altamirano-Diaz,5764 Pershing Pl,Raleigh,NC,27654,(717) 555-1827,,E-mail,Manual,01/05/2008,No,01/05/2008,ALTAMIRANO-DIAZ|TYLER|27654,"Altamirano-Diaz, Tyler J",[TACOM];[CSR];[Admin];[ReadOnlyAudit];LocalDomainServers,
BF65E38C906D225DD66518CEC7B333B2,24A6,,08/21/2009 09:44:34,08/21/2009 09:44:34,CN=Lorraine Whitcombe/OU=CHPSID/O=TACOM,,RQ001772,Izquierdo,Sr.,Carl,T,Sibling,John Izquierdo,9047 Washington Rd,Lawton,OK,73548-1942,(703) 555-1689,carl.izquierdo@example.com,Mail,Manual,08/21/2009,Yes,,IZQUIERDO|CARL|73548,"Izquierdo, Carl T",[TACOM];[CSR];[Admin];[ReadOnlyAudit];LocalDomainServers,
5A68E765CA1A429944E6C2D9FC4B26E4,24AA,,11/12/2024 12:12:46,11/12/2024 12:12:46,CN=Dwayne Petrakis/OU=CHPSID/O=TACOM,,RQ001773,Yellowley,,Amanda,E,Spouse,Arthur Yellowley,1742 Dogwood Blvd Apt 1B,Columbia,SC,29261,,amanda.yellowley@example.com,Mail,Congressional,11/12/2024,Yes,11/12/2024,YELLOWLEY|AMANDA|29261,"Yellowley, Amanda E",[TACOM];[CSR];[Admin];[ReadOnlyAudit];LocalDomainServers,
4E9B446E8069374ACBA167A60B3EBCC6,24AE,,08/17/2005 16:40:46,08/17/2005 16:40:46,CN=HRC-Transfer/OU=Agents/O=TACOM,,RQ001774,Nethercott,,Frances,W,Self,Frances W Nethercott,7014 Jefferson Ave,Fayetteville,NC,28307,(267) 555-1350,,Mail,HRC,08/17/2005,Yes,08/17/2005,NETHERCOTT|FRANCES|28307,"Nethercott, Frances W",[TACOM];[CSR];[Admin];[ReadOnlyAudit];LocalDomainServers,
5503D0D6804808022BB1E883E6708860,24B2,,04/13/2025 08:13:42,04/13/2025 08:13:42,CN=Renata Vasquez-Holm/OU=CHPSID/O=TACOM,,RQ001775,Zapata-Kell,,Gary,M,Daughter,Eugene Zapata,8368 Oak Ter Apt 24D,Albany,NY,12222,(703) 555-1232,gary.zapata@example.com,Phone,Congressional,04/13/2025,Yes,04/13/2025,ZAPATA-KELL|GARY|12222,"Zapata-Kell, Gary M",[TACOM];[CSR];[Admin];[ReadOnlyAudit];LocalDomainServers,
E95104A30C33C4D701A1B528F986321C,24B6,,02/22/2009 16:39:37,02/22/2009 16:39:37,CN=HRC-Transfer/OU=Agents/O=TACOM,,RQ001776,Fennimark,Jr.,Amanda,H,Son,Tyler Fennimark,7560 Madison Ln,Tucson,AZ,85730,(703) 555-1559,,Mail,HRC,02/22/2009,Yes,02/22/2009,FENNIMARK|AMANDA|85730,"Fennimark, Amanda H",[TACOM];[CSR];[Admin];[ReadOnlyAudit];LocalDomainServers,
22985026726A9CE3F646CA78015D32F9,24BA,,02/18/2007 12:01:17,02/18/2007 12:01:17,CN=HRC-Transfer/OU=Agents/O=TACOM,,RQ001777,Ormsbee,,Donna,,Self,Donna Ormsbee,4372 Patton Ct,Jacksonville,FL,32243,(717) 555-1536,donna.ormsbee@example.com,Phone,HRC,02/18/2007,Yes,02/18/2007,ORMSBEE|DONNA|32243,"Ormsbee, Donna",[TACOM];[CSR];[Admin];[ReadOnlyAudit];LocalDomainServers,
0DBC512145361E0ADCEA4A31B6036656,24BE,,05/17/2015 13:24:39,05/17/2015 13:24:39,CN=HRC-Transfer/OU=Agents/O=TACOM,,RQ001778,Rathbourne,Jr.,Mildred,M,Self,Mildred M Rathbourne,1269 Walnut Ln,Little Rock,AR,72224,(267) 555-1088,,Mail,NPRC,05/17/2015,Yes,,RATHBOURNE|MILDRED|72224,"Rathbourne, Mildred M",[TACOM];[CSR];[Admin];[ReadOnlyAudit];LocalDomainServers,
9D6A0AA528CB7D48DA0AD1919B1567B7,24C2,,03/27/2018 07:03:41,03/27/2018 07:03:41,CN=HRC-Transfer/OU=Agents/O=TACOM,,RQ001779,Hollinbeck,Sr.,Ernesto,G,Son,Ruth Hollinbeck,8524 Cedar Rd,Tacoma,WA,98431-5066,(703) 555-1078,,E-mail,HRC,03/27/2018,No,03/27/2018,HOLLINBECK|ERNESTO|98431,"Hollinbeck, Ernesto G",[TACOM];[CSR];[Admin];[ReadOnlyAudit];LocalDomainServers,
DC2CCABFBF8D8E13AF06E8D8502933AC,24C6,,02/01/2011 15:25:50,02/01/2011 15:25:50,CN=HRC-Transfer/OU=Agents/O=TACOM,,RQ001780,Quennevile,,Angela,F,Self,Angela F Quennevile,7058 Eisenhower Pl,Memphis,TN,38169,(703) 555-1895,,E-mail,HRC,02/01/2011,Yes,02/01/2011,QUENNEVILE|ANGELA|38169,"Quennevile, Angela F",[TACOM];[CSR];[Admin];[ReadOnlyAudit];LocalDomainServers,
5B2FFBFC78E96573ACDEDE6698DD2F7D,24CA,,07/19/2012 11:19:25,07/19/2012 11:19:25,CN=Ret Hamlin/OU=CHPSID/O=TACOM,,RQ001781,Drakeford,,Donald,D,Daughter,Sarah Drakeford,7783 Ridgway Rd,Tucson,AZ,85752,(484) 555-1022,,E-mail,Congressional,07/19/2012,Yes,07/19/2012,DRAKEFORD|DONALD|85752,"Drakeford, Donald D",[TACOM];[CSR];[Admin];[ReadOnlyAudit];LocalDomainServers,
89D77A5B6DDBB242830528D71F030FF1,24CE,,10/29/2021 11:47:35,10/29/2021 11:47:35,CN=HRC-Transfer/OU=Agents/O=TACOM,,RQ001782,Rathbourne,,Betty,C,Self,Betty C Rathbourne,3595 Laurel Pl,Tampa,FL,33682,(610) 555-1912,betty.rathbourne@example.com,Mail,NPRC,10/29/2021,No,10/29/2021,RATHBOURNE|BETTY|33682,"Rathbourne, Betty C",[TACOM];[CSR];[Admin];[ReadOnlyAudit];LocalDomainServers,
4EC666F6E4DDA8E8424EE2715AD3E053,24D2,,04/01/2020 16:46:34,04/01/2020 16:46:34,CN=Ret Hamlin/OU=CHPSID/O=TACOM,,RQ001783,Vanterpool,,Karen,,Self,Karen Vanterpool,4700 Hickory Pl,Honolulu,HI,96857,(267) 555-1980,,Phone,Manual,04/01/2020,Yes,,VANTERPOOL|KAREN|96857,"Vanterpool, Karen",[TACOM];[CSR];[Admin];[ReadOnlyAudit];LocalDomainServers,
7A69DB9B5CECBEBD7F0C3EF8E420E4C8,24D6,,03/23/2014 11:25:18,03/23/2014 11:25:18,CN=Dwayne Petrakis/OU=CHPSID/O=TACOM,,RQ001784,Zellinger,,Arthur,,Self,Arthur Zellinger,129 Poplar Ter,San Diego,CA,92162,(215) 555-1508,arthur.zellinger@example.com,Mail,Manual,03/23/2014,Yes,03/23/2014,ZELLINGER|ARTHUR|92162,"Zellinger, Arthur",[TACOM];[CSR];[Admin];[ReadOnlyAudit];LocalDomainServers,
448780DD44B664B76B9AD672D943F82F,24DA,,03/21/2014 10:28:19,03/21/2014 10:28:19,CN=Dwayne Petrakis/OU=CHPSID/O=TACOM,,RQ001785,Villanueva-Cox,Jr.,Howard,E,Self,Howard E Villanueva-Cox,4364 Madison Rd,Kansas City,MO,64175,(703) 555-1894,,E-mail,Manual,03/21/2014,No,03/21/2014,VILLANUEVA-COX|HOWARD|64175,"Villanueva-Cox, Howard E",[TACOM];[CSR];[Admin];[ReadOnlyAudit];LocalDomainServers,
4D8AC74519FFE496422C08BB2282B6B3,24DE,,03/10/2015 11:16:17,03/10/2015 11:16:17,CN=Marlene Okafor/OU=CHPSID/O=TACOM,,RQ001786,Vosburgh,,Brian,H,Self,Brian H Vosburgh,6598 Magnolia Ct,Harrisburg,PA,17113,(484) 555-1349,brian.vosburgh@example.com,E-mail,Manual,03/10/2015,Yes,03/10/2015,VOSBURGH|BRIAN|17113,"Vosburgh, Brian H",[TACOM];[CSR];[Admin];[ReadOnlyAudit];LocalDomainServers,
BBAE4FD344CA3D70EAAF162C962EC9BC,24E2,,11/21/2005 11:42:13,11/21/2005 11:42:13,CN=Benedetta Kowalczyk/OU=CHPSID/O=TACOM,,RQ001787,Altamirano-Diaz,,Nancy,K,Self,Nancy K Altamirano-Diaz,1824 Jefferson Way,Denver,CO,80273,(610) 555-1092,,Mail,Congressional,11/21/2005,Yes,11/21/2005,ALTAMIRANO-DIAZ|NANCY|80273,"Altamirano-Diaz, Nancy K",[TACOM];[CSR];[Admin];[ReadOnlyAudit];LocalDomainServers,
A690F27C049B767469EEB42420A177FE,24E6,,02/09/2010 10:12:37,02/09/2010 10:12:37,CN=Marlene Okafor/OU=CHPSID/O=TACOM,,RQ001788,Stanwycke,III,Mark,,Self,Mark Stanwycke,2798 Oak Rd,Albany,NY,12243-4445,,mark.stanwycke@example.com,Mail,Manual,02/09/2010,Yes,02/09/2010,STANWYCKE|MARK|12243,"Stanwycke, Mark",[TACOM];[CSR];[Admin];[ReadOnlyAudit];LocalDomainServers,
9E1E5ED3B29CA7F06E6A5A69C234426C,24EA,,12/18/2024 07:18:36,12/18/2024 07:18:36,CN=Lorraine Whitcombe/OU=CHPSID/O=TACOM,,RQ001789,Coldwater,,Virginia,,Self,Virginia Coldwater,8379 Jefferson Rd,Grand Rapids,MI,49562,(717) 555-1108,,Mail,Congressional,12/18/2024,No,12/18/2024,COLDWATER|VIRGINIA|49562,"Coldwater, Virginia",[TACOM];[CSR];[Admin];[ReadOnlyAudit];LocalDomainServers,
AC679FE2040DD37E1FA3A040FB0AA44F,24EE,,02/07/2014 08:23:29,02/07/2014 08:23:29,CN=HRC-Transfer/OU=Agents/O=TACOM,,RQ001790,Ledesma-Ortiz,,Joshua,,Son,William Ledesma,6887 Veterans Memorial Blvd,San Antonio,TX,78295-7374,(410) 555-1543,,Phone,HRC,02/07/2014,No,02/07/2014,LEDESMA-ORTIZ|JOSHUA|78295,"Ledesma-Ortiz, Joshua",[TACOM];[CSR];[Admin];[ReadOnlyAudit];LocalDomainServers,
19C2F12134306DF4996807947EAEBEC5,24F2,,06/15/2009 08:02:52,06/15/2009 08:02:52,CN=HRC-Transfer/OU=Agents/O=TACOM,,RQ001791,Marrowbridge,,Andrew,T,Self,Andrew T Marrowbridge,7050 Lincoln Ct,Charleston,WV,25393-8047,(717) 555-1122,,Phone,HRC,06/15/2009,No,06/15/2009,MARROWBRIDGE|ANDREW|25393,"Marrowbridge, Andrew T",[TACOM];[CSR];[Admin];[ReadOnlyAudit];LocalDomainServers,
98529C1CF628191BC9DE6E98C6124363,24F6,,11/11/2017 14:59:37,11/11/2017 14:59:37,CN=Benedetta Kowalczyk/OU=CHPSID/O=TACOM,,RQ001792,Xanthopoulos,,Darnell,L,Son,Ralph Xanthopoulos,3993 Washington Dr Apt 36C,Toledo,OH,43659-3438,(717) 555-1179,darnell.xanthopoulos@example.com,Phone,Congressional,11/11/2017,Yes,11/11/2017,XANTHOPOULOS|DARNELL|43659,"Xanthopoulos, Darnell L",[TACOM];[CSR];[Admin];[ReadOnlyAudit];LocalDomainServers,
97E43D1CCA1EF57F12576E30D6F60E36,24FA,,06/15/2011 14:59:38,06/15/2011 14:59:38,CN=Benedetta Kowalczyk/OU=CHPSID/O=TACOM,,RQ001793,Umberlake,,Arthur,N,Self,Arthur N Umberlake,5744 Patton Ct,Wilmington,DE,19809-3972,,,Mail,Congressional,06/15/2011,No,06/15/2011,UMBERLAKE|ARTHUR|19809,"Umberlake, Arthur N",[TACOM];[CSR];[Admin];[ReadOnlyAudit];LocalDomainServers,
B0D44DEC1E82CE79D852128225C00EAB,24FE,,07/11/2006 09:47:12,07/11/2006 09:47:12,CN=HRC-Transfer/OU=Agents/O=TACOM,,RQ001794,Iverstone,,Raymond,,Spouse,Anthony Iverstone,8284 Armory Ave,Richmond,VA,23265,(410) 555-1196,,Mail,HRC,07/11/2006,Yes,07/11/2006,IVERSTONE|RAYMOND|23265,"Iverstone, Raymond",[TACOM];[CSR];[Admin];[ReadOnlyAudit];LocalDomainServers,
AC052A1C6DA842F3413BB00DB3C73B15,2502,,05/15/2021 11:59:50,05/15/2021 11:59:50,CN=HRC-Transfer/OU=Agents/O=TACOM,,RQ001795,Kestleman,,Betty,A,Self,Betty A Kestleman,8666 Eisenhower Ave Apt 24C,Jackson,MS,39262-4793,,betty.kestleman@example.com,Phone,NPRC,05/15/2021,Yes,,KESTLEMAN|BETTY|39262,"Kestleman, Betty A",[TACOM];[CSR];[Admin];[ReadOnlyAudit];LocalDomainServers,
55088C90AC116EC7B7A2E7D23E98BD10,2506,,08/23/2013 08:31:11,08/23/2013 08:31:11,CN=Ret Hamlin/OU=CHPSID/O=TACOM,,RQ001796,Zabrowski,Jr.,Daniel,,Sibling,Linda Zabrowski,2614 Magnolia St,Cleveland,OH,44109,,daniel.zabrowski@example.com,Phone,Congressional,08/23/2013,Yes,,ZABROWSKI|DANIEL|44109,"Zabrowski, Daniel",[TACOM];[CSR];[Admin];[ReadOnlyAudit];LocalDomainServers,
FD2C8FF5B2469ED8D1CBB98D5C4DFCA8,250A,,12/12/2019 13:47:21,12/12/2019 13:47:21,CN=Lorraine Whitcombe/OU=CHPSID/O=TACOM,,RQ001797,Jankowitz,III,Howard,N,Self,Howard N Jankowitz,3948 Spruce St,Jackson,MS,39259-6588,(484) 555-1239,howard.jankowitz@example.com,Mail,Congressional,12/12/2019,Yes,,JANKOWITZ|HOWARD|39259,"Jankowitz, Howard N",[TACOM];[CSR];[Admin];[ReadOnlyAudit];LocalDomainServers,
16CFE342F0F015364151584922A01A54,250E,,12/11/2007 15:57:03,12/11/2007 15:57:03,CN=HRC-Transfer/OU=Agents/O=TACOM,,RQ001798,Rockwell-Sayre,,Richard,P,Spouse,Donna Rockwell,2403 Cedar Ln,Portland,OR,97267-2700,,richard.rockwell@example.com,Mail,HRC,12/11/2007,No,12/11/2007,ROCKWELL-SAYRE|RICHARD|97267,"Rockwell-Sayre, Richard P",[TACOM];[CSR];[Admin];[ReadOnlyAudit];LocalDomainServers,
9C875383CC99DADAE390562F9B88ED36,2512,,04/23/2009 09:30:52,04/23/2009 09:30:52,CN=Benedetta Kowalczyk/OU=CHPSID/O=TACOM,,RQ001799,Tarquinio,Sr.,Joshua,L,Self,Joshua L Tarquinio,8953 Lincoln Rd,Anchorage,AK,99505,(856) 555-1909,joshua.tarquinio@example.com,Mail,Congressional,04/23/2009,No,04/23/2009,TARQUINIO|JOSHUA|99505,"Tarquinio, Joshua L",[TACOM];[CSR];[Admin];[ReadOnlyAudit];LocalDomainServers,
3E7D448B3A2CD305005732FEDE8273EB,2516,,06/17/2019 15:28:42,06/17/2019 15:28:42,CN=HRC-Transfer/OU=Agents/O=TACOM,,RQ001800,Xanthopoulos,Sr.,Thomas,A,Self,Thomas A Xanthopoulos,3892 Eisenhower Way,Salt Lake City,UT,84145,(484) 555-1903,,Phone,NPRC,06/17/2019,Yes,06/17/2019,XANTHOPOULOS|THOMAS|84145,"Xanthopoulos, Thomas A",[TACOM];[CSR];[Admin];[ReadOnlyAudit];LocalDomainServers,
FD7B214B0B22777EAE9E8A5BBC498690,251A,,09/02/2012 17:01:13,09/02/2012 17:01:13,CN=HRC-Transfer/OU=Agents/O=TACOM,,RQ001801,Ellsworthy,Jr.,Matthew,T,Son,Sandra Ellsworthy,5690 Ridgway Dr,Portland,OR,97206-8272,(267) 555-1796,,Mail,NPRC,09/02/2012,Yes,09/02/2012,ELLSWORTHY|MATTHEW|97206,"Ellsworthy, Matthew T",[TACOM];[CSR];[Admin];[ReadOnlyAudit];LocalDomainServers,
85F62E622CEA1D273EF4E050A1219E05,251E,,12/13/2016 08:06:29,12/13/2016 08:06:29,CN=HRC-Transfer/OU=Agents/O=TACOM,,RQ001802,Ingersby,,Carlos,F,Self,Carlos F Ingersby,5694 Oak Ln,Denver,CO,80210,(856) 555-1987,,Mail,NPRC,12/13/2016,Yes,12/13/2016,INGERSBY|CARLOS|80210,"Ingersby, Carlos F",[TACOM];[CSR];[Admin];[ReadOnlyAudit];LocalDomainServers,
7E3E98F8AF93CA658D20ABC64C728CB6,2522,,09/12/2018 16:55:55,09/12/2018 16:55:55,CN=HRC-Transfer/OU=Agents/O=TACOM,,RQ001803,Ashcroft-Mayne,III,Barbara,P,Self,Barbara P Ashcroft-Mayne,5977 Jefferson Ter,Burlington,VT,05435,,,Mail,HRC,09/12/2018,No,09/12/2018,ASHCROFT-MAYNE|BARBARA|05435,"Ashcroft-Mayne, Barbara P",[TACOM];[CSR];[Admin];[ReadOnlyAudit];LocalDomainServers,
4B44EF60BAB25482A571D5F156E43D75,2526,,01/03/2012 15:32:46,01/03/2012 15:32:46,CN=HRC-Transfer/OU=Agents/O=TACOM,,RQ001804,Saldivar,Sr.,Carl,,Self,Carl Saldivar,9469 Juniper Dr,Dayton,OH,45431-0504,(484) 555-1975,,Phone,HRC,01/03/2012,No,01/03/2012,SALDIVAR|CARL|45431,"Saldivar, Carl",[TACOM];[CSR];[Admin];[ReadOnlyAudit];LocalDomainServers,
8532A83B27A9ACD839A116B0F3270D81,252A,,10/04/2012 16:35:52,10/04/2012 16:35:52,CN=Benedetta Kowalczyk/OU=CHPSID/O=TACOM,,RQ001805,Lockridge,III,Karen,W,Self,Karen W Lockridge,6654 Jefferson Pl Apt 20B,Hartford,CT,06120-1441,(540) 555-1503,,Mail,Congressional,10/04/2012,Yes,10/04/2012,LOCKRIDGE|KAREN|06120,"Lockridge, Karen W",[TACOM];[CSR];[Admin];[ReadOnlyAudit];LocalDomainServers,
6FA27916AE680B9135FFBEC8EB19F571,252E,,11/06/2014 09:59:00,11/06/2014 09:59:00,CN=Marlene Okafor/OU=CHPSID/O=TACOM,,RQ001806,Oakhurst-Pell,Sr.,Heather,R,Son,Joshua Oakhurst,4823 Jefferson Dr,Indianapolis,IN,46297,(703) 555-1025,heather.oakhurst@example.com,E-mail,Congressional,11/06/2014,No,,OAKHURST-PELL|HEATHER|46297,"Oakhurst-Pell, Heather R",[TACOM];[CSR];[Admin];[ReadOnlyAudit];LocalDomainServers,
958549CC8FB5A045E570A13EBDF6A769,2532,,01/29/2008 16:10:16,01/29/2008 16:10:16,CN=HRC-Transfer/OU=Agents/O=TACOM,,RQ001807,Fortenbury,,Michael,M,Self,Michael M Fortenbury,7821 Patton Pl,Buffalo,NY,14214-4264,(267) 555-1891,,Phone,HRC,01/29/2008,No,01/29/2008,FORTENBURY|MICHAEL|14214,"Fortenbury, Michael M",[TACOM];[CSR];[Admin];[ReadOnlyAudit];LocalDomainServers,
D4B3335F1CB4CEA7ADB5D8656B203CDD,2536,,01/08/2018 13:50:25,01/08/2018 13:50:25,CN=HRC-Transfer/OU=Agents/O=TACOM,,RQ001808,Lockridge,Sr.,Amanda,A,Self,Amanda A Lockridge,8770 Spruce Ct,Baltimore,MD,21265,,,Phone,NPRC,01/08/2018,No,01/08/2018,LOCKRIDGE|AMANDA|21265,"Lockridge, Amanda A",[TACOM];[CSR];[Admin];[ReadOnlyAudit];LocalDomainServers,
3AB36FA900FA6C9AA608F7F573AE1DF0,253A,,05/23/2010 10:25:55,05/23/2010 10:25:55,CN=HRC-Transfer/OU=Agents/O=TACOM,,RQ001809,Delgadillo,Jr.,Nancy,,Daughter,Donald Delgadillo,8030 Birch Dr,Louisville,KY,40229-6802,(267) 555-1369,,Phone,NPRC,05/23/2010,Yes,,DELGADILLO|NANCY|40229,"Delgadillo, Nancy",[TACOM];[CSR];[Admin];[ReadOnlyAudit];LocalDomainServers,
BBDDA2E547A902A01BF6D217C23E28C0,253E,,04/04/2024 15:31:20,04/04/2024 15:31:20,CN=Benedetta Kowalczyk/OU=CHPSID/O=TACOM,,RQ001810,Yamaguchi-Orr,,Sarah,,Spouse,Luis Yamaguchi,9472 Veterans Memorial Ct,Worcester,MA,01677-6981,,sarah.yamaguchi@example.com,Mail,Congressional,04/04/2024,No,,YAMAGUCHI-ORR|SARAH|01677,"Yamaguchi-Orr, Sarah",[TACOM];[CSR];[Admin];[ReadOnlyAudit];LocalDomainServers,
B3D5B4F3273FADEF04266CD9ADDC962E,2542,,05/26/2023 09:42:07,05/26/2023 09:42:07,CN=HRC-Transfer/OU=Agents/O=TACOM,,RQ001811,Altamirano-Diaz,,Kevin,K,Spouse,Matthew Altamirano,990 Veterans Memorial Way,Harrisburg,PA,17145-1111,(717) 555-1131,kevin.altamirano@example.com,E-mail,HRC,05/26/2023,No,,ALTAMIRANO-DIAZ|KEVIN|17145,"Altamirano-Diaz, Kevin K",[TACOM];[CSR];[Admin];[ReadOnlyAudit];LocalDomainServers,
982B3D2348FEA0671CFFADA3CE7E3A0D,2546,,03/07/2024 12:22:20,03/07/2024 12:22:20,CN=Lorraine Whitcombe/OU=CHPSID/O=TACOM,,RQ001812,Figueroa-Paz,,Mildred,,Self,Mildred Figueroa-Paz,4011 Spruce Dr,Detroit,MI,48231,(540) 555-1541,mildred.figueroa@example.com,Phone,Congressional,03/07/2024,No,03/07/2024,FIGUEROA-PAZ|MILDRED|48231,"Figueroa-Paz, Mildred",[TACOM];[CSR];[Admin];[ReadOnlyAudit];LocalDomainServers,
63CCED0616B42B4D313211B30B80D828,254A,,04/21/2015 13:43:42,04/21/2015 13:43:42,CN=Marlene Okafor/OU=CHPSID/O=TACOM,,RQ001813,Washington-Pryce,,Earl,,Son,Jessica Washington,7666 Washington St,Portland,ME,04168,(484) 555-1371,earl.washington@example.com,Mail,Congressional,04/21/2015,No,04/21/2015,WASHINGTON-PRYCE|EARL|04168,"Washington-Pryce, Earl",[TACOM];[CSR];[Admin];[ReadOnlyAudit];LocalDomainServers,
CAF2220B2095175DB75C8ADF392B3065,254E,,01/05/2009 17:25:59,01/05/2009 17:25:59,CN=Renata Vasquez-Holm/OU=CHPSID/O=TACOM,,RQ001814,Quimbley,,Arthur,,Self,Arthur Quimbley,3183 Chestnut Way,Harrisburg,PA,17138,(215) 555-1250,,Phone,Manual,01/05/2009,No,,QUIMBLEY|ARTHUR|17138,"Quimbley, Arthur",[TACOM];[CSR];[Admin];[ReadOnlyAudit];LocalDomainServers,
78B6AA33B36F46763C4F8795D53E9B3D,2552,,06/16/2009 16:37:07,06/16/2009 16:37:07,CN=HRC-Transfer/OU=Agents/O=TACOM,,RQ001815,Quennevile,III,Stephanie,K,Spouse,Amanda Quennevile,7492 Hickory Ave,Manchester,NH,03105-1080,(215) 555-1361,stephanie.quennevile@example.com,Mail,HRC,06/16/2009,Yes,06/16/2009,QUENNEVILE|STEPHANIE|03105,"Quennevile, Stephanie K",[TACOM];[CSR];[Admin];[ReadOnlyAudit];LocalDomainServers,
7D32584B37876B6F95DEE49B6904E4E8,2556,,01/18/2017 11:51:56,01/18/2017 11:51:56,CN=HRC-Transfer/OU=Agents/O=TACOM,,RQ001816,Abernook,III,Charles,,Son,Donna Abernook,3412 Magnolia Ter,Denver,CO,80262,(484) 555-1530,charles.abernook@example.com,Phone,HRC,01/18/2017,Yes,01/18/2017,ABERNOOK|CHARLES|80262,"Abernook, Charles",[TACOM];[CSR];[Admin];[ReadOnlyAudit];LocalDomainServers,
DA6DD867FAC2DAF957F7D89F3EB9B482,255A,,09/21/2005 10:19:01,09/21/2005 10:19:01,CN=HRC-Transfer/OU=Agents/O=TACOM,,RQ001817,Dunmore-Vey,III,Angela,R,Self,Angela R Dunmore-Vey,3240 Walnut Way,Tacoma,WA,98463-5777,(410) 555-1977,,Mail,HRC,09/21/2005,No,,DUNMORE-VEY|ANGELA|98463,"Dunmore-Vey, Angela R",[TACOM];[CSR];[Admin];[ReadOnlyAudit];LocalDomainServers,
957D0761B65EC18F401762E1134CAF02,255E,,06/25/2005 10:27:15,06/25/2005 10:27:15,CN=HRC-Transfer/OU=Agents/O=TACOM,,RQ001818,Mackelvane,,Darnell,R,Self,Darnell R Mackelvane,3765 Washington Dr,Manchester,NH,03168,(856) 555-1014,,Phone,HRC,06/25/2005,Yes,06/25/2005,MACKELVANE|DARNELL|03168,"Mackelvane, Darnell R",[TACOM];[CSR];[Admin];[ReadOnlyAudit];LocalDomainServers,
0D46AD3E2E7673AE6ED01BC7F3064B5E,2562,,06/03/2019 10:33:28,06/03/2019 10:33:28,CN=Renata Vasquez-Holm/OU=CHPSID/O=TACOM,,RQ001819,Stroudmoor,,Howard,T,Self,Howard T Stroudmoor,5119 Juniper Ter Apt 32A,Fayetteville,NC,28301,(717) 555-1118,howard.stroudmoor@example.com,E-mail,Manual,06/03/2019,Yes,06/03/2019,STROUDMOOR|HOWARD|28301,"Stroudmoor, Howard T",[TACOM];[CSR];[Admin];[ReadOnlyAudit];LocalDomainServers,
0110E4E22E79F4F25B85B8178F7E5D1C,2566,,03/22/2009 17:46:00,03/22/2009 17:46:00,CN=Marlene Okafor/OU=CHPSID/O=TACOM,,RQ001820,Zellinger,Sr.,Daniel,,Grandchild,Raymond Zellinger,3884 Hickory Ln,Boston,MA,02146,(302) 555-1375,daniel.zellinger@example.com,Mail,Manual,03/22/2009,No,03/22/2009,ZELLINGER|DANIEL|02146,"Zellinger, Daniel",[TACOM];[CSR];[Admin];[ReadOnlyAudit];LocalDomainServers,
42649E84948DEF39C2BEEEAF4473791B,256A,,01/09/2014 10:34:23,01/09/2014 10:34:23,CN=Renata Vasquez-Holm/OU=CHPSID/O=TACOM,,RQ001821,Yeardley,III,Evelyn,,Grandchild,Robert Yeardley,7408 Washington Ct,Tampa,FL,33607-6871,(703) 555-1047,,Mail,Manual,01/09/2014,Yes,01/09/2014,YEARDLEY|EVELYN|33607,"Yeardley, Evelyn",[TACOM];[CSR];[Admin];[ReadOnlyAudit];LocalDomainServers,
CB794E1151DC60026A3E9BF1ECCCD2F8,256E,,08/13/2011 13:45:31,08/13/2011 13:45:31,CN=HRC-Transfer/OU=Agents/O=TACOM,,RQ001822,Urquhart,,Eugene,,Son,David Urquhart,7101 Ridgway Blvd Apt 36B,Worcester,MA,01665-7607,(717) 555-1111,,Mail,HRC,08/13/2011,Yes,08/13/2011,URQUHART|EUGENE|01665,"Urquhart, Eugene",[TACOM];[CSR];[Admin];[ReadOnlyAudit];LocalDomainServers,
5240D3704800DA919B4AAF8561A5F9CA,2572,,11/24/2008 16:15:06,11/24/2008 16:15:06,CN=HRC-Transfer/OU=Agents/O=TACOM,,RQ001823,Rockwell-Sayre,III,Brandon,F,Daughter,Steven Rockwell,8127 Cedar Ln,Burlington,VT,05486,(540) 555-1579,brandon.rockwell@example.com,Mail,HRC,11/24/2008,Yes,11/24/2008,ROCKWELL-SAYRE|BRANDON|05486,"Rockwell-Sayre, Brandon F",[TACOM];[CSR];[Admin];[ReadOnlyAudit];LocalDomainServers,
50F23423841AF54B65BB2B89BB795667,2576,,08/22/2004 16:01:56,08/22/2004 16:01:56,CN=HRC-Transfer/OU=Agents/O=TACOM,,RQ001824,Marrowbridge,,Mildred,L,Spouse,Kevin Marrowbridge,4896 Oak St,Richmond,VA,23267,(302) 555-1872,,Phone,HRC,08/22/2004,Yes,08/22/2004,MARROWBRIDGE|MILDRED|23267,"Marrowbridge, Mildred L",[TACOM];[CSR];[Admin];[ReadOnlyAudit];LocalDomainServers,
BF122A20EE31F22D8EF392DE82606213,257A,,04/22/2016 09:53:15,04/22/2016 09:53:15,CN=Ret Hamlin/OU=CHPSID/O=TACOM,,RQ001825,Fennimark,,Linda,S,Self,Linda S Fennimark,1860 Maple Pl,Philadelphia,PA,19102-9905,(540) 555-1481,,Mail,Manual,04/22/2016,Yes,04/22/2016,FENNIMARK|LINDA|19102,"Fennimark, Linda S",[TACOM];[CSR];[Admin];[ReadOnlyAudit];LocalDomainServers,
0461D0BDE2A66F83A6FC14607BCD31F2,257E,,02/23/2009 08:21:57,02/23/2009 08:21:57,CN=HRC-Transfer/OU=Agents/O=TACOM,,RQ001826,Coldwater,Sr.,Frances,,Sibling,David Coldwater,1015 Dogwood Blvd,Manchester,NH,03171,(540) 555-1844,,E-mail,NPRC,02/23/2009,Yes,,COLDWATER|FRANCES|03171,"Coldwater, Frances",[TACOM];[CSR];[Admin];[ReadOnlyAudit];LocalDomainServers,
F1F28CC545EA420CE0E80D22191F6D14,2582,,07/21/2009 09:32:38,07/21/2009 09:32:38,CN=Lorraine Whitcombe/OU=CHPSID/O=TACOM,,RQ001827,Drakeford,,Richard,H,Self,Richard H Drakeford,9656 Laurel Pl Apt 18B,Dallas,TX,75293,(610) 555-1695,,Phone,Manual,07/21/2009,No,,DRAKEFORD|RICHARD|75293,"Drakeford, Richard H",[TACOM];[CSR];[Admin];[ReadOnlyAudit];LocalDomainServers,
4E25E6C36A5B7B7559CB17562BF51A63,2586,,05/15/2014 16:46:48,05/15/2014 16:46:48,CN=Ret Hamlin/OU=CHPSID/O=TACOM,,RQ001828,Reyes-Almonte,Sr.,Clarence,D,Self,Clarence D Reyes-Almonte,2592 Elm Ter,Killeen,TX,76547,(610) 555-1477,clarence.reyes@example.com,E-mail,Manual,05/15/2014,Yes,05/15/2014,REYES-ALMONTE|CLARENCE|76547,"Reyes-Almonte, Clarence D",[TACOM];[CSR];[Admin];[ReadOnlyAudit];LocalDomainServers,
A2316E7153882C8C6BD7BA544DAF6188,258A,,09/12/2010 10:34:32,09/12/2010 10:34:32,CN=HRC-Transfer/OU=Agents/O=TACOM,,RQ001829,Wickersham,,Raymond,E,Self,Raymond E Wickersham,2920 Poplar Ter,Charlotte,NC,28229,(410) 555-1929,raymond.wickersham@example.com,Mail,HRC,09/12/2010,Yes,09/12/2010,WICKERSHAM|RAYMOND|28229,"Wickersham, Raymond E",[TACOM];[CSR];[Admin];[ReadOnlyAudit];LocalDomainServers,
B2852372DE2AFDB20EFDB71359CF02F0,258E,,05/23/2007 11:29:43,05/23/2007 11:29:43,CN=HRC-Transfer/OU=Agents/O=TACOM,,RQ001830,Quinonez,Jr.,Norman,F,Son,Carlos Quinonez,2145 Birch Ave,Manchester,NH,03198-5601,,norman.quinonez@example.com,Mail,NPRC,05/23/2007,No,05/23/2007,QUINONEZ|NORMAN|03198,"Quinonez, Norman F",[TACOM];[CSR];[Admin];[ReadOnlyAudit];LocalDomainServers,
8C9A9EB6DD8D20924E150FCFEF93E7C0,2592,,10/12/2018 12:00:30,10/12/2018 12:00:30,CN=Renata Vasquez-Holm/OU=CHPSID/O=TACOM,,RQ001831,Benavidez-Cruz,Jr.,Dorothy,R,Grandchild,Anthony Benavidez,293 Maple St,Jackson,MS,39295,,dorothy.benavidez@example.com,E-mail,Manual,10/12/2018,No,10/12/2018,BENAVIDEZ-CRUZ|DOROTHY|39295,"Benavidez-Cruz, Dorothy R",[TACOM];[CSR];[Admin];[ReadOnlyAudit];LocalDomainServers,
FFE210CBDF044B50BAEA7FFE9E16F6F8,2596,,03/18/2010 17:42:23,03/18/2010 17:42:23,CN=Dwayne Petrakis/OU=CHPSID/O=TACOM,,RQ001832,Ledesma-Ortiz,,Jennifer,,Self,Jennifer Ledesma-Ortiz,6287 Veterans Memorial Blvd Apt 9A,Orlando,FL,32826,(856) 555-1396,,Mail,Congressional,03/18/2010,Yes,,LEDESMA-ORTIZ|JENNIFER|32826,"Ledesma-Ortiz, Jennifer",[TACOM];[CSR];[Admin];[ReadOnlyAudit];LocalDomainServers,
A91F0D029BD1EA81AD42CD1E6307FC0D,259A,,01/02/2013 13:43:28,01/02/2013 13:43:28,CN=Dwayne Petrakis/OU=CHPSID/O=TACOM,,RQ001833,Maldonado-Vega,Jr.,Virginia,N,Self,Virginia N Maldonado-Vega,4856 Juniper St,Pensacola,FL,32563,,,Mail,Manual,01/02/2013,Yes,01/02/2013,MALDONADO-VEGA|VIRGINIA|32563,"Maldonado-Vega, Virginia N",[TACOM];[CSR];[Admin];[ReadOnlyAudit];LocalDomainServers,
8F74FC95A7731D35FCA6E10D032CFAF7,259E,,03/28/2025 15:34:37,03/28/2025 15:34:37,CN=HRC-Transfer/OU=Agents/O=TACOM,,RQ001834,Zapata-Kell,,Donald,,Self,Donald Zapata-Kell,6420 Dogwood Blvd Apt 40A,Scranton,PA,18569-6310,,,Mail,HRC,03/28/2025,Yes,03/28/2025,ZAPATA-KELL|DONALD|18569,"Zapata-Kell, Donald",[TACOM];[CSR];[Admin];[ReadOnlyAudit];LocalDomainServers,
6925FC9EBC85FD9FC6502700B5FA79C8,25A2,,04/05/2004 14:18:12,04/05/2004 14:18:12,CN=Lorraine Whitcombe/OU=CHPSID/O=TACOM,,RQ001835,Quarterman,Jr.,Ruth,L,Spouse,Angela Quarterman,4476 Juniper Dr Apt 12B,Dayton,OH,45461,(302) 555-1188,ruth.quarterman@example.com,Mail,Congressional,04/05/2004,Yes,04/05/2004,QUARTERMAN|RUTH|45461,"Quarterman, Ruth L",[TACOM];[CSR];[Admin];[ReadOnlyAudit];LocalDomainServers,
0AD7FBADE692C1EB44A169DE59633476,25A6,,01/17/2015 11:15:57,01/17/2015 11:15:57,CN=HRC-Transfer/OU=Agents/O=TACOM,,RQ001836,Rathbourne,III,Betty,H,Daughter,Tyler Rathbourne,6394 Poplar Blvd,Anchorage,AK,99585,,betty.rathbourne@example.com,E-mail,NPRC,01/17/2015,No,01/17/2015,RATHBOURNE|BETTY|99585,"Rathbourne, Betty H",[TACOM];[CSR];[Admin];[ReadOnlyAudit];LocalDomainServers,
1C12F12B894390D4EC9DDAC4C1151301,25AA,,02/22/2021 17:55:09,02/22/2021 17:55:09,CN=HRC-Transfer/OU=Agents/O=TACOM,,RQ001837,Yamaguchi-Orr,,Earl,F,Self,Earl F Yamaguchi-Orr,4814 Ridgway Ter,Little Rock,AR,72239-0523,(540) 555-1859,earl.yamaguchi@example.com,Phone,HRC,02/22/2021,Yes,02/22/2021,YAMAGUCHI-ORR|EARL|72239,"Yamaguchi-Orr, Earl F",[TACOM];[CSR];[Admin];[ReadOnlyAudit];LocalDomainServers,
E48829F9EB813D647648DC38DE6F3E56,25AE,,09/08/2005 14:29:46,09/08/2005 14:29:46,CN=Ret Hamlin/OU=CHPSID/O=TACOM,,RQ001838,Redfearn,,William,,Self,William Redfearn,9298 Jefferson Ave,Killeen,TX,76527,(856) 555-1413,,Mail,Congressional,09/08/2005,Yes,09/08/2005,REDFEARN|WILLIAM|76527,"Redfearn, William",[TACOM];[CSR];[Admin];[ReadOnlyAudit];LocalDomainServers,
A388CFD32B1249F8F8091091A0D9AE4A,25B2,,07/12/2013 10:12:37,07/12/2013 10:12:37,CN=HRC-Transfer/OU=Agents/O=TACOM,,RQ001839,Jarvinen-Roe,III,Elizabeth,M,Sibling,Virginia Jarvinen,5395 Eisenhower Ln,Sioux Falls,SD,57131,(717) 555-1030,,Mail,HRC,07/12/2013,No,,JARVINEN-ROE|ELIZABETH|57131,"Jarvinen-Roe, Elizabeth M",[TACOM];[CSR];[Admin];[ReadOnlyAudit];LocalDomainServers,
99F6C5A8B6F5A12581A00B27AF99DC01,25B6,,04/04/2007 07:51:40,04/04/2007 07:51:40,CN=Renata Vasquez-Holm/OU=CHPSID/O=TACOM,,RQ001840,Zellinger,Sr.,Jamal,,Self,Jamal Zellinger,4166 Ridgway Dr,Wilmington,DE,19845,,,E-mail,Congressional,04/04/2007,No,04/04/2007,ZELLINGER|JAMAL|19845,"Zellinger, Jamal",[TACOM];[CSR];[Admin];[ReadOnlyAudit];LocalDomainServers,
148E67DD9A970C4CD8D80313CAF6C629,25BA,,01/13/2016 12:51:36,01/13/2016 12:51:36,CN=HRC-Transfer/OU=Agents/O=TACOM,,RQ001841,Fennimark,III,Rafael,,Self,Rafael Fennimark,8965 Spruce St,Shreveport,LA,71143,(410) 555-1738,rafael.fennimark@example.com,Mail,NPRC,01/13/2016,No,,FENNIMARK|RAFAEL|71143,"Fennimark, Rafael",[TACOM];[CSR];[Admin];[ReadOnlyAudit];LocalDomainServers,
24D95BF011AAE913E3DC01E3D84CD651,25BE,,08/16/2018 11:41:50,08/16/2018 11:41:50,CN=HRC-Transfer/OU=Agents/O=TACOM,,RQ001842,Rockwell-Sayre,,John,,Spouse,Michael Rockwell,9025 Sycamore Pl,Birmingham,AL,35255,,,Phone,HRC,08/16/2018,Yes,08/16/2018,ROCKWELL-SAYRE|JOHN|35255,"Rockwell-Sayre, John",[TACOM];[CSR];[Admin];[ReadOnlyAudit];LocalDomainServers,
B38391A927826D746CEE96568E78F392,25C2,,08/26/2026 17:07:21,08/26/2026 17:07:21,CN=HRC-Transfer/OU=Agents/O=TACOM,,RQ001843,Okonkwo-Bell,Sr.,Luis,L,Self,Luis L Okonkwo-Bell,4608 Willow Blvd,Jackson,MS,39268-8510,(267) 555-1526,luis.okonkwo@example.com,Mail,HRC,08/26/2026,No,08/26/2026,OKONKWO-BELL|LUIS|39268,"Okonkwo-Bell, Luis L",[TACOM];[CSR];[Admin];[ReadOnlyAudit];LocalDomainServers,
CAB49AF4F4EF32D1D041A5DCBBC08512,25C6,,12/06/2021 16:43:59,12/06/2021 16:43:59,CN=HRC-Transfer/OU=Agents/O=TACOM,,RQ001844,Sallisaw,,Justin,,Self,Justin Sallisaw,7889 Madison Ave,Dallas,TX,75268,(540) 555-1463,,Mail,HRC,12/06/2021,Yes,12/06/2021,SALLISAW|JUSTIN|75268,"Sallisaw, Justin",[TACOM];[CSR];[Admin];[ReadOnlyAudit];LocalDomainServers,
FC0D01E46DB0BC705646A0CA47BF09E2,25CA,,08/15/2014 13:19:08,08/15/2014 13:19:08,CN=HRC-Transfer/OU=Agents/O=TACOM,,RQ001845,Jaramillo,,Angela,E,Son,Christopher Jaramillo,4124 Willow Pl Apt 4A,Fayetteville,NC,28356-5992,(484) 555-1359,,Phone,HRC,08/15/2014,No,08/15/2014,JARAMILLO|ANGELA|28356,"Jaramillo, Angela E",[TACOM];[CSR];[Admin];[ReadOnlyAudit];LocalDomainServers,
98AC6DC30352E8FABFA6B376A57A1CE7,25CE,,12/28/2008 09:38:17,12/28/2008 09:38:17,CN=Ret Hamlin/OU=CHPSID/O=TACOM,,RQ001846,Ingersby,III,William,,Self,William Ingersby,7786 Armory Pl,Memphis,TN,38117,(302) 555-1256,william.ingersby@example.com,Phone,Congressional,12/28/2008,No,12/28/2008,INGERSBY|WILLIAM|38117,"Ingersby, William",[TACOM];[CSR];[Admin];[ReadOnlyAudit];LocalDomainServers,
D637C5E34AA85F04AAD25052BDE08C36,25D2,,03/04/2007 15:06:57,03/04/2007 15:06:57,CN=Dwayne Petrakis/OU=CHPSID/O=TACOM,,RQ001847,Thornbury,,Nicole,S,Self,Nicole S Thornbury,2965 Hickory St,Worcester,MA,01672,(410) 555-1519,nicole.thornbury@example.com,Phone,Congressional,03/04/2007,Yes,03/04/2007,THORNBURY|NICOLE|01672,"Thornbury, Nicole S",[TACOM];[CSR];[Admin];[ReadOnlyAudit];LocalDomainServers,
C655F9505FA4EF13E7F08AF777C77B95,25D6,,12/11/2006 08:22:02,12/11/2006 08:22:02,CN=HRC-Transfer/OU=Agents/O=TACOM,,RQ001848,Ledesma-Ortiz,III,Hector,,Self,Hector Ledesma-Ortiz,3724 Armory Ct,Raleigh,NC,27666,(703) 555-1204,hector.ledesma@example.com,Mail,NPRC,12/11/2006,Yes,12/11/2006,LEDESMA-ORTIZ|HECTOR|27666,"Ledesma-Ortiz, Hector",[TACOM];[CSR];[Admin];[ReadOnlyAudit];LocalDomainServers,
0867F4A5EE40BB57C6ACB976B8F33065,25DA,,04/17/2016 10:22:52,04/17/2016 10:22:52,CN=HRC-Transfer/OU=Agents/O=TACOM,,RQ001849,Zapata-Kell,,Ryan,L,Self,Ryan L Zapata-Kell,8212 Veterans Memorial Pl,Manchester,NH,03196,,ryan.zapata@example.com,Phone,HRC,04/17/2016,Yes,,ZAPATA-KELL|RYAN|03196,"Zapata-Kell, Ryan L",[TACOM];[CSR];[Admin];[ReadOnlyAudit];LocalDomainServers,
4FC942957AEEAB65507413DA008FF0F6,25DE,,10/05/2010 14:31:14,10/05/2010 14:31:14,CN=HRC-Transfer/OU=Agents/O=TACOM,,RQ001850,Ashcroft-Mayne,Jr.,Patricia,,Self,Patricia Ashcroft-Mayne,5016 Patton Blvd,Killeen,TX,76542,(484) 555-1747,patricia.ashcroft@example.com,E-mail,HRC,10/05/2010,Yes,10/05/2010,ASHCROFT-MAYNE|PATRICIA|76542,"Ashcroft-Mayne, Patricia",[TACOM];[CSR];[Admin];[ReadOnlyAudit];LocalDomainServers,
D989EE0611D97E063D202ED2CE71A391,25E2,,04/28/2014 14:14:10,04/28/2014 14:14:10,CN=HRC-Transfer/OU=Agents/O=TACOM,,RQ001851,Washington-Pryce,,Mildred,C,Self,Mildred C Washington-Pryce,1261 Marshall Ln,Syracuse,NY,13263,(703) 555-1478,,Mail,NPRC,04/28/2014,Yes,,WASHINGTON-PRYCE|MILDRED|13263,"Washington-Pryce, Mildred C",[TACOM];[CSR];[Admin];[ReadOnlyAudit];LocalDomainServers,
A77BC98C35E4AA0BA60DCE7DCCA33A58,25E6,,04/03/2014 08:46:52,04/03/2014 08:46:52,CN=Renata Vasquez-Holm/OU=CHPSID/O=TACOM,,RQ001852,Okonkwo-Bell,III,Terrence,W,Son,Charles Okonkwo,8144 Dogwood Pl,Baltimore,MD,21216,,,Mail,Congressional,04/03/2014,No,,OKONKWO-BELL|TERRENCE|21216,"Okonkwo-Bell, Terrence W",[TACOM];[CSR];[Admin];[ReadOnlyAudit];LocalDomainServers,
C83D91E0A0A736D5A44FA93DC98B6AC4,25EA,,10/20/2017 13:23:44,10/20/2017 13:23:44,CN=HRC-Transfer/OU=Agents/O=TACOM,,RQ001853,Jankowitz,,Donald,L,Self,Donald L Jankowitz,6403 Poplar Blvd,Des Moines,IA,50394,,,Mail,HRC,10/20/2017,Yes,10/20/2017,JANKOWITZ|DONALD|50394,"Jankowitz, Donald L",[TACOM];[CSR];[Admin];[ReadOnlyAudit];LocalDomainServers,
C12A1339C73A01BD16EBAA99BE5B8DA3,25EE,,11/08/2004 08:18:07,11/08/2004 08:18:07,CN=HRC-Transfer/OU=Agents/O=TACOM,,RQ001854,Lockridge,Sr.,Evelyn,W,Daughter,Tyler Lockridge,500 Maple Dr Apt 36C,Fayetteville,NC,28393,(703) 555-1591,,Mail,NPRC,11/08/2004,Yes,11/08/2004,LOCKRIDGE|EVELYN|28393,"Lockridge, Evelyn W",[TACOM];[CSR];[Admin];[ReadOnlyAudit];LocalDomainServers,
D11C53A45995EF8B14B28E23F725D382,25F2,,11/01/2023 09:55:22,11/01/2023 09:55:22,CN=Benedetta Kowalczyk/OU=CHPSID/O=TACOM,,RQ001855,Nethercott,,Frances,W,Self,Frances W Nethercott,7014 Jefferson Ave,Fayetteville,NC,28307-7407,(267) 555-1350,,Mail,Manual,11/01/2023,No,,NETHERCOTT|FRANCES|28307,"Nethercott, Frances",[TACOM];[CSR];[Admin];[ReadOnlyAudit];LocalDomainServers,
86FED576773946F61736318D80C7178D,25F6,,05/31/2019 11:52:54,05/31/2019 11:52:54,CN=HRC-Transfer/OU=Agents/O=TACOM,,RQ001856,Ellingboe,,C.,,Daughter,Donna Ellingboe,3275 Spruce Rd,Memphis,TN,38104,(540) 555-1538,clarence.ellingboe@example.com,E-mail,NPRC,05/31/2019,No,,ELLINGBOE|C.|38104,"Ellingboe, C.",[TACOM];[CSR];[Admin];[ReadOnlyAudit];LocalDomainServers,
A69627DD20C1F588F99A34427EF59693,25FA,,07/16/2019 15:21:43,07/16/2019 15:21:43,CN=HRC-Transfer/OU=Agents/O=TACOM,,RQ001857,Cartlewood,III,Linda,W,Self,Linda W Cartlewood,9812 Magnolia Way,Columbus,OH,43222,(717) 555-1901,,Mail,HRC,07/16/2019,No,07/16/2019,CARTLEWOOD|LINDA|43222,"Cartlewood, Linda W",[TACOM];[CSR];[Admin];[ReadOnlyAudit];LocalDomainServers,
C070D185339989B34CD1C082274CCA7C,25FE,,05/11/2007 12:25:26,05/11/2007 12:25:26,CN=Renata Vasquez-Holm/OU=CHPSID/O=TACOM,,RQ001858,Dellacroix,Sr.,Helen,H,Daughter,Howard Dellacroix,4836 Spruce Way Apt 27B,Salt Lake City,UT,84123,(267) 555-1660,,E-mail,Manual,05/11/2007,Yes,,DELLACROIX|HELEN|84123,"Dellacroix, Helen H",[TACOM];[CSR];[Admin];[ReadOnlyAudit];LocalDomainServers,
D2048C876D0AD43E077D7FBB54F79125,2602,,05/03/2022 08:38:27,05/03/2022 08:38:27,CN=Benedetta Kowalczyk/OU=CHPSID/O=TACOM,,RQ001859,Ingersby,III,Terrence,E,Daughter,Jose Ingersby,2750 Chestnut Ct,Baltimore,MD,21272,(717) 555-1248,terrence.ingersby@example.com,Mail,Congressional,05/03/2022,Yes,,INGERSBY|TERRENCE|21272,"Ingersby, Terrence E",[TACOM];[CSR];[Admin];[ReadOnlyAudit];LocalDomainServers,
28383B669D1DE9D43909E8939431E8BA,2606,,08/30/2014 17:44:48,08/30/2014 17:44:48,CN=HRC-Transfer/OU=Agents/O=TACOM,,RQ001860,Jarvinen-Roe,,Karen,E,Grandchild,Daniel Jarvinen,3688 Lincoln Dr,Baltimore,MD,21285,,,Phone,HRC,08/30/2014,Yes,,JARVINEN-ROE|KAREN|21285,"Jarvinen-Roe, Karen E",[TACOM];[CSR];[Admin];[ReadOnlyAudit];LocalDomainServers,
D40A205E168546A1006FE15C354D4D1B,260A,,09/26/2014 08:10:32,09/26/2014 08:10:32,CN=Benedetta Kowalczyk/OU=CHPSID/O=TACOM,,RQ001861,Guajardo,III,Gary,,Daughter,Donna Guajardo,8296 Oak Way,Birmingham,AL,35278,(267) 555-1151,gary.guajardo@example.com,Mail,Manual,09/26/2014,Yes,09/26/2014,GUAJARDO|GARY|35278,"Guajardo, Gary",[TACOM];[CSR];[Admin];[ReadOnlyAudit];LocalDomainServers,
39BE9CF3468135011F529803D6DB097B,260E,,04/16/2026 11:23:11,04/16/2026 11:23:11,CN=Ret Hamlin/OU=CHPSID/O=TACOM,,RQ001862,Yarrowdale,Jr.,Jessica,,Self,Jessica Yarrowdale,6590 Cedar Ter,Los Angeles,CA,90008-0711,(267) 555-1450,jessica.yarrowdale@example.com,Mail,Manual,04/16/2026,No,04/16/2026,YARROWDALE|JESSICA|90008,"Yarrowdale, Jessica",[TACOM];[CSR];[Admin];[ReadOnlyAudit];LocalDomainServers,
01CBB96A3514662F43215F0639A63A64,2612,,06/08/2020 11:03:42,06/08/2020 11:03:42,CN=HRC-Transfer/OU=Agents/O=TACOM,,RQ001863,Galbreath,,Stephanie,D,Daughter,Joshua Galbreath,9597 Walnut Dr,Philadelphia,PA,19120,(540) 555-1119,stephanie.galbreath@example.com,E-mail,NPRC,06/08/2020,No,,GALBREATH|STEPHANIE|19120,"Galbreath, Stephanie",[TACOM];[CSR];[Admin];[ReadOnlyAudit];LocalDomainServers,RQ000258
31BF224BA9988BCB5BF4CF9AE324C3C5,2616,,06/08/2010 14:47:18,06/08/2010 14:47:18,CN=HRC-Transfer/OU=Agents/O=TACOM,,RQ001864,Ormsbee,Jr.,Patricia,J,Daughter,Timothy Ormsbee,4140 Willow Rd,Boston,MA,02111-3207,(610) 555-1667,,Mail,HRC,06/08/2010,Yes,,ORMSBEE|PATRICIA|02111,"Ormsbee, Patricia J",[TACOM];[CSR];[Admin];[ReadOnlyAudit];LocalDomainServers,
16A3BFCABDE1C1C01AFEF5F26D121566,261A,,06/25/2022 14:04:20,06/25/2022 14:04:20,CN=Renata Vasquez-Holm/OU=CHPSID/O=TACOM,,RQ001865,Zapata-Kell,,Anthony,R,Self,Anthony R Zapata-Kell,6198 Poplar Rd,Sacramento,CA,95837,(302) 555-1953,,Phone,Manual,06/25/2022,No,,ZAPATA-KELL|ANTHONY|95837,"Zapata-Kell, Anthony R",[TACOM];[CSR];[Admin];[ReadOnlyAudit];LocalDomainServers,
29DBC4973DF9C6AF82D3E0A1617BAC77,261E,,06/04/2017 08:05:44,06/04/2017 08:05:44,CN=HRC-Transfer/OU=Agents/O=TACOM,,RQ001866,Stroudmoor,,Stephanie,B,Self,Stephanie B Stroudmoor,162 Madison Way,Columbus,OH,43286-8174,,stephanie.stroudmoor@example.com,Mail,HRC,06/04/2017,Yes,,STROUDMOOR|STEPHANIE|43286,"Stroudmoor, Stephanie B",[TACOM];[CSR];[Admin];[ReadOnlyAudit];LocalDomainServers,
AA3DB3AD9F1B16F2250BE514A24245C8,2622,,06/14/2008 13:10:31,06/14/2008 13:10:31,CN=HRC-Transfer/OU=Agents/O=TACOM,,RQ001867,Iverstone,,Anthony,W,Grandchild,Carol Iverstone,8613 Bradley Rd,Baltimore,MD,21271,,anthony.iverstone@example.com,E-mail,NPRC,06/14/2008,Yes,,IVERSTONE|ANTHONY|21271,"Iverstone, Anthony W",[TACOM];[CSR];[Admin];[ReadOnlyAudit];LocalDomainServers,
3890C4865C7D740445BA1E6DBACB9411,2626,,11/21/2010 16:49:35,11/21/2010 16:49:35,CN=Benedetta Kowalczyk/OU=CHPSID/O=TACOM,,RQ001868,Jankowitz,Sr.,Susan,C,Son,Ryan Jankowitz,5696 Sycamore Ter,Kansas City,MO,64185,(540) 555-1100,,Phone,Manual,11/21/2010,Yes,11/21/2010,JANKOWITZ|SUSAN|64185,"Jankowitz, Susan C",[TACOM];[CSR];[Admin];[ReadOnlyAudit];LocalDomainServers,
EEA76B7BDB44BA73ABC371E9ABD8FF9C,262A,,08/15/2026 10:27:29,08/15/2026 10:27:29,CN=Benedetta Kowalczyk/OU=CHPSID/O=TACOM,,RQ001869,Thornbury,,Michael,G,Self,Michael G Thornbury,507 Pershing Ln,Columbia,SC,29275,,michael.thornbury@example.com,Mail,Manual,08/15/2026,No,08/15/2026,THORNBURY|MICHAEL|29275,"Thornbury, Michael G",[TACOM];[CSR];[Admin];[ReadOnlyAudit];LocalDomainServers,
C3296C142786D349E30A84AB6BBAC76A,262E,,04/04/2015 07:15:27,04/04/2015 07:15:27,CN=Benedetta Kowalczyk/OU=CHPSID/O=TACOM,,RQ001870,Ellsworthy,Sr.,Andrew,R,Grandchild,Hector Ellsworthy,9829 Pershing St,Dayton,OH,45456,(267) 555-1569,andrew.ellsworthy@example.com,Phone,Manual,04/04/2015,Yes,04/04/2015,ELLSWORTHY|ANDREW|45456,"Ellsworthy, Andrew R",[TACOM];[CSR];[Admin];[ReadOnlyAudit];LocalDomainServers,
7D0B9A90860F1E5A173BF34CFC17CE3E,2632,,05/10/2018 09:11:58,05/10/2018 09:11:58,CN=HRC-Transfer/OU=Agents/O=TACOM,,RQ001871,Mackelvane,,Karen,P,Spouse,Ernesto Mackelvane,8488 Juniper Blvd,Boise,ID,83746,(717) 555-1777,,Mail,HRC,05/10/2018,Yes,05/10/2018,MACKELVANE|KAREN|83746,"Mackelvane, Karen P",[TACOM];[CSR];[Admin];[ReadOnlyAudit];LocalDomainServers,
A0813306B513E70418F709EA169D1B12,2636,,04/10/2024 10:30:40,04/10/2024 10:30:40,CN=Marlene Okafor/OU=CHPSID/O=TACOM,,RQ001872,Fennimark,Sr.,Gary,J,Spouse,Lisa Fennimark,2589 Armory St,Louisville,KY,40216,(717) 555-1356,,E-mail,Congressional,04/10/2024,No,,FENNIMARK|GARY|40216,"Fennimark, Gary J",[TACOM];[CSR];[Admin];[ReadOnlyAudit];LocalDomainServers,
AD549A6C9A16F50FDD88BD564A85220C,263A,,08/26/2016 14:56:06,08/26/2016 14:56:06,CN=HRC-Transfer/OU=Agents/O=TACOM,,RQ001873,Jankowitz,,Marcus,A,Self,Marcus A Jankowitz,5379 Chestnut Blvd,Honolulu,HI,96879,,,Mail,NPRC,08/26/2016,Yes,08/26/2016,JANKOWITZ|MARCUS|96879,"Jankowitz, Marcus A",[TACOM];[CSR];[Admin];[ReadOnlyAudit];LocalDomainServers,
93FEFE37B01A30CF4F0BE4C8032CE754,263E,,04/26/2017 10:48:09,04/26/2017 10:48:09,CN=HRC-Transfer/OU=Agents/O=TACOM,,RQ001874,Pettiford,Jr.,Andre,,Son,Heather Pettiford,4966 Washington Ln,Boise,ID,83702-8677,(302) 555-1225,andre.pettiford@example.com,E-mail,HRC,04/26/2017,No,04/26/2017,PETTIFORD|ANDRE|83702,"Pettiford, Andre",[TACOM];[CSR];[Admin];[ReadOnlyAudit];LocalDomainServers,
B51109C61FCD867D344953470B4A5DB7,2642,,06/14/2006 13:32:11,06/14/2006 13:32:11,CN=HRC-Transfer/OU=Agents/O=TACOM,,RQ001875,Quennevile,,Sandra,R,Grandchild,Timothy Quennevile,6381 Pershing Ct Apt 4B,Dallas,TX,75273,,,Mail,HRC,06/14/2006,Yes,06/14/2006,QUENNEVILE|SANDRA|75273,"Quennevile, Sandra R",[TACOM];[CSR];[Admin];[ReadOnlyAudit];LocalDomainServers,
92BDA4C70FB3F22634F52DEECD6C55AC,2646,,12/04/2025 11:22:53,12/04/2025 11:22:53,CN=HRC-Transfer/OU=Agents/O=TACOM,,RQ001876,Nakashima,III,Betty,,Son,Carlos Nakashima,3072 Chestnut Dr,Columbia,SC,29210-2859,(267) 555-1705,,Phone,NPRC,12/04/2025,No,12/04/2025,NAKASHIMA|BETTY|29210,"Nakashima, Betty",[TACOM];[CSR];[Admin];[ReadOnlyAudit];LocalDomainServers,
5F5859EFED0466774529FA4B672A7E34,264A,,11/15/2008 13:00:43,11/15/2008 13:00:43,CN=Marlene Okafor/OU=CHPSID/O=TACOM,,RQ001877,Norquist,,Donna,,Son,Donald Norquist,8449 Hickory Dr,Sioux Falls,SD,57190-5838,(610) 555-1393,,E-mail,Manual,11/15/2008,Yes,11/15/2008,NORQUIST|DONNA|57190,"Norquist, Donna",[TACOM];[CSR];[Admin];[ReadOnlyAudit];LocalDomainServers,
307D751051DBE3F9F25F113C93A437B8,264E,,04/18/2009 08:20:16,04/18/2009 08:20:16,CN=Renata Vasquez-Holm/OU=CHPSID/O=TACOM,,RQ001878,Crandall-Mott,,Amanda,,Self,Amanda Crandall-Mott,1518 Jefferson Way,Little Rock,AR,72260,(484) 555-1901,,Mail,Congressional,04/18/2009,No,,CRANDALL-MOTT|AMANDA|72260,"Crandall-Mott, Amanda",[TACOM];[CSR];[Admin];[ReadOnlyAudit];LocalDomainServers,
E04D936517D9F0A9066CF9A670736D8B,2652,,02/08/2006 12:08:19,02/08/2006 12:08:19,CN=HRC-Transfer/OU=Agents/O=TACOM,,RQ001879,Dunmore-Vey,,Margaret,E,Self,Margaret E Dunmore-Vey,8804 Armory St,Indianapolis,IN,46236,(856) 555-1031,margaret.dunmore@example.com,E-mail,HRC,02/08/2006,Yes,02/08/2006,DUNMORE-VEY|MARGARET|46236,"Dunmore-Vey, Margaret E",[TACOM];[CSR];[Admin];[ReadOnlyAudit];LocalDomainServers,
6657B1026E5745E0838CA256FB7177F2,2656,,12/18/2025 11:19:47,12/18/2025 11:19:47,CN=HRC-Transfer/OU=Agents/O=TACOM,,RQ001880,Lindquarry,,Richard,G,Daughter,David Lindquarry,4198 Juniper Way,Las Vegas,NV,89158,(267) 555-1968,,Phone,NPRC,12/18/2025,No,12/18/2025,LINDQUARRY|RICHARD|89158,"Lindquarry, Richard G",[TACOM];[CSR];[Admin];[ReadOnlyAudit];LocalDomainServers,
BF9222E425D1AACDFB5A8E862C974700,265A,,04/21/2021 13:19:52,04/21/2021 13:19:52,CN=Marlene Okafor/OU=CHPSID/O=TACOM,,RQ001881,Redfearn,III,Walter,F,Daughter,Leonard Redfearn,2809 Pershing Dr,Los Angeles,CA,90015,(267) 555-1415,,Mail,Manual,04/21/2021,No,04/21/2021,REDFEARN|WALTER|90015,"Redfearn, Walter F",[TACOM];[CSR];[Admin];[ReadOnlyAudit];LocalDomainServers,
E89B0FDFF85715CE00E28792D8366A91,265E,,09/25/2009 15:46:58,09/25/2009 15:46:58,CN=HRC-Transfer/OU=Agents/O=TACOM,,RQ001882,Zapata-Kell,,Sandra,,Self,Sandra Zapata-Kell,3074 Willow Dr,Seattle,WA,98113-0166,(484) 555-1772,,Phone,NPRC,09/25/2009,Yes,,ZAPATA-KELL|SANDRA|98113,"Zapata-Kell, Sandra",[TACOM];[CSR];[Admin];[ReadOnlyAudit];LocalDomainServers,
AA95EC095824C73B9DBBFFD1FDB3AC2A,2662,,04/30/2023 13:16:16,04/30/2023 13:16:16,CN=HRC-Transfer/OU=Agents/O=TACOM,,RQ001883,Hollinbeck,,Arthur,,Self,Arthur Hollinbeck,6696 Bradley Rd Apt 36A,Newark,NJ,07131,(540) 555-1006,arthur.hollinbeck@example.com,Mail,HRC,04/30/2023,No,,HOLLINBECK|ARTHUR|07131,"Hollinbeck, Arthur",[TACOM];[CSR];[Admin];[ReadOnlyAudit];LocalDomainServers,
C91D74D29C7CC3B923EFCE24247439CA,2666,,12/06/2009 12:54:43,12/06/2009 12:54:43,CN=HRC-Transfer/OU=Agents/O=TACOM,,RQ001884,Greaves-Tolan,,Patricia,G,Self,Patricia G Greaves-Tolan,6472 Patton Pl,Albany,NY,12227,(610) 555-1009,,Mail,NPRC,12/06/2009,No,,GREAVES-TOLAN|PATRICIA|12227,"Greaves-Tolan, Patricia G",[TACOM];[CSR];[Admin];[ReadOnlyAudit];LocalDomainServers,
D07DD962A5BB14EC814E6214771C02BE,266A,,12/26/2022 16:29:40,12/26/2022 16:29:40,CN=HRC-Transfer/OU=Agents/O=TACOM,,RQ001885,Galbreath Jr.,III,Nancy,J,Self,Nancy J Galbreath,6446 Juniper Ct,Las Vegas,NV,89104,,,Mail,NPRC,12/26/2022,No,,GALBREATH JR.|NANCY|89104,"Galbreath Jr., Nancy",[TACOM];[CSR];[Admin];[ReadOnlyAudit];LocalDomainServers,RQ000291
531BCDBCCD01C213ACA17EF25B69BEF6,266E,,01/10/2022 08:23:26,01/10/2022 08:23:26,CN=Ret Hamlin/OU=CHPSID/O=TACOM,,RQ001886,Guajardo,,Virginia,N,Daughter,Patricia Guajardo,1522 Maple Ct,Cleveland,OH,44157-2875,(410) 555-1571,virginia.guajardo@example.com,E-mail,Congressional,01/10/2022,Yes,,GUAJARDO|VIRGINIA|44157,"Guajardo, Virginia N",[TACOM];[CSR];[Admin];[ReadOnlyAudit];LocalDomainServers,
CD7E251BF4073FA476A4025413A58D41,2672,,02/29/2008 17:25:32,02/29/2008 17:25:32,CN=Renata Vasquez-Holm/OU=CHPSID/O=TACOM,,RQ001887,Trevino-Hale,Jr.,Carl,E,Sibling,Howard Trevino,1115 Patton Way,Birmingham,AL,35259-9407,(856) 555-1134,carl.trevino@example.com,Mail,Congressional,02/29/2008,Yes,,TREVINO-HALE|CARL|35259,"Trevino-Hale, Carl E",[TACOM];[CSR];[Admin];[ReadOnlyAudit];LocalDomainServers,
EDBADB9849573F37928562A9373E8AAF,2676,,12/14/2010 13:48:34,12/14/2010 13:48:34,CN=Lorraine Whitcombe/OU=CHPSID/O=TACOM,,RQ001888,Jarvinen-Roe,Jr.,Evelyn,,Spouse,Jeffrey Jarvinen,1279 Marshall Dr,Providence,RI,02985-5175,(267) 555-1388,,E-mail,Congressional,12/14/2010,Yes,,JARVINEN-ROE|EVELYN|02985,"Jarvinen-Roe, Evelyn",[TACOM];[CSR];[Admin];[ReadOnlyAudit];LocalDomainServers,
039D61FAE3891228A43DFCF9C2FBCFAB,267A,,10/19/2020 11:29:44,10/19/2020 11:29:44,CN=Lorraine Whitcombe/OU=CHPSID/O=TACOM,,RQ001889,Rockwell-Sayre,,Ralph,,Self,Ralph Rockwell-Sayre,4934 Cedar Blvd,Syracuse,NY,13206,(484) 555-1904,,Phone,Congressional,10/19/2020,Yes,,ROCKWELL-SAYRE|RALPH|13206,"Rockwell-Sayre, Ralph",[TACOM];[CSR];[Admin];[ReadOnlyAudit];LocalDomainServers,
CB53DFD4D05D29EF69C0E8DB269D1505,267E,,02/17/2021 11:18:00,02/17/2021 11:18:00,CN=HRC-Transfer/OU=Agents/O=TACOM,,RQ001890,Templeton-Ash,,Elizabeth,D,Self,Elizabeth D Templeton-Ash,2680 Laurel Ln,Wilmington,DE,19830,,,E-mail,HRC,02/17/2021,Yes,02/17/2021,TEMPLETON-ASH|ELIZABETH|19830,"Templeton-Ash, Elizabeth D",[TACOM];[CSR];[Admin];[ReadOnlyAudit];LocalDomainServers,
CF5168741427AE51FB2B04ABC76CD7FE,2682,,09/26/2005 11:56:18,09/26/2005 11:56:18,CN=HRC-Transfer/OU=Agents/O=TACOM,,RQ001891,Jankowitz,III,Andrew,,Self,Andrew Jankowitz,6867 Bradley Ct,Harrisburg,PA,17138,(717) 555-1446,,Phone,HRC,09/26/2005,Yes,09/26/2005,JANKOWITZ|ANDREW|17138,"Jankowitz, Andrew",[TACOM];[CSR];[Admin];[ReadOnlyAudit];LocalDomainServers,
FD2538C6A10B61265CB966EE47E618A5,2686,,12/06/2014 08:31:11,12/06/2014 08:31:11,CN=Dwayne Petrakis/OU=CHPSID/O=TACOM,,RQ001892,Fairweather,,Lisa,M,Self,Lisa M Fairweather,7817 Willow Way,Birmingham,AL,35285,(717) 555-1534,lisa.fairweather@example.com,Phone,Congressional,12/06/2014,Yes,12/06/2014,FAIRWEATHER|LISA|35285,"Fairweather, Lisa M",[TACOM];[CSR];[Admin];[ReadOnlyAudit];LocalDomainServers,
215311F9C0C99435ABC6D379FBBA22B0,268A,,04/15/2022 17:21:55,04/15/2022 17:21:55,CN=HRC-Transfer/OU=Agents/O=TACOM,,RQ001893,Xanthopoulos,,Jessica,,Self,Jessica Xanthopoulos,5477 Oak Ave,Honolulu,HI,96889,(540) 555-1877,,Mail,NPRC,04/15/2022,Yes,04/15/2022,XANTHOPOULOS|JESSICA|96889,"Xanthopoulos, Jessica",[TACOM];[CSR];[Admin];[ReadOnlyAudit];LocalDomainServers,
FD9BFAE23BF7A17C3E311C0F6B1B7D46,268E,,08/12/2004 07:35:59,08/12/2004 07:35:59,CN=HRC-Transfer/OU=Agents/O=TACOM,,RQ001894,Pettiford,,Sandra,J,Self,Sandra J Pettiford,3322 Cedar Ln,Jacksonville,FL,32236,(717) 555-1025,sandra.pettiford@example.com,Mail,HRC,08/12/2004,Yes,08/12/2004,PETTIFORD|SANDRA|32236,"Pettiford, Sandra J",[TACOM];[CSR];[Admin];[ReadOnlyAudit];LocalDomainServers,
B7086CF2A13BDF6DE0061315F79A5527,2692,,06/01/2008 08:34:03,06/01/2008 08:34:03,CN=HRC-Transfer/OU=Agents/O=TACOM,,RQ001895,Ellsworthy,,Brian,C,Son,Nicole Ellsworthy,4569 Oak Ter,Seattle,WA,98143-0256,(302) 555-1494,,E-mail,HRC,06/01/2008,No,06/01/2008,ELLSWORTHY|BRIAN|98143,"Ellsworthy, Brian C",[TACOM];[CSR];[Admin];[ReadOnlyAudit];LocalDomainServers,
3A84AA16BC348E15A523F187E323F859,2696,,07/17/2004 14:20:13,07/17/2004 14:20:13,CN=HRC-Transfer/OU=Agents/O=TACOM,,RQ001896,Wexcombe,Sr.,Angela,,Sibling,Norman Wexcombe,3571 Veterans Memorial Pl,Dallas,TX,75217,(302) 555-1418,,E-mail,NPRC,07/17/2004,Yes,07/17/2004,WEXCOMBE|ANGELA|75217,"Wexcombe, Angela",[TACOM];[CSR];[Admin];[ReadOnlyAudit];LocalDomainServers,
D18FC8C14B0FE825A0F88B1785CE697B,269A,,05/03/2007 17:21:52,05/03/2007 17:21:52,CN=HRC-Transfer/OU=Agents/O=TACOM,,RQ001897,Zellinger,,Betty,N,Self,Betty N Zellinger,6779 Spruce Rd Apt 29B,Atlanta,GA,30356,(717) 555-1001,betty.zellinger@example.com,Mail,HRC,05/03/2007,No,,ZELLINGER|BETTY|30356,"Zellinger, Betty N",[TACOM];[CSR];[Admin];[ReadOnlyAudit];LocalDomainServers,
338A6EB4673E99C06519964656D772D7,269E,,03/22/2006 12:25:12,03/22/2006 12:25:12,CN=HRC-Transfer/OU=Agents/O=TACOM,,RQ001898,Tarquinio,,Carlos,M,Self,Carlos M Tarquinio,5347 Eisenhower Pl,Boston,MA,02190,(267) 555-1307,carlos.tarquinio@example.com,Mail,NPRC,03/22/2006,No,03/22/2006,TARQUINIO|CARLOS|02190,"Tarquinio, Carlos M",[TACOM];[CSR];[Admin];[ReadOnlyAudit];LocalDomainServers,
7E8200F77A6BC4FEAE198D45FFA7B3A2,26A2,,11/08/2024 15:47:41,11/08/2024 15:47:41,CN=Ret Hamlin/OU=CHPSID/O=TACOM,,RQ001899,Zellinger,,Anthony,B,Self,Anthony B Zellinger,7599 Walnut Pl,Seattle,WA,98185,,anthony.zellinger@example.com,Mail,Congressional,11/08/2024,Yes,11/08/2024,ZELLINGER|ANTHONY|98185,"Zellinger, Anthony B",[TACOM];[CSR];[Admin];[ReadOnlyAudit];LocalDomainServers,
B46C05A1174D18B4C1FB299CF6A78B27,26A6,,05/09/2008 07:13:18,05/09/2008 07:13:18,CN=HRC-Transfer/OU=Agents/O=TACOM,,RQ001900,Ostrowski-Lane,,Harold,J,Self,Harold J Ostrowski-Lane,4452 Chestnut Rd Apt 16D,Grand Rapids,MI,49500,(484) 555-1632,,Mail,HRC,05/09/2008,Yes,,OSTROWSKI-LANE|HAROLD|49500,"Ostrowski-Lane, Harold J",[TACOM];[CSR];[Admin];[ReadOnlyAudit];LocalDomainServers,
CA2D43372295670645558547435E3997,26AA,,05/30/2004 12:26:16,05/30/2004 12:26:16,CN=Dwayne Petrakis/OU=CHPSID/O=TACOM,,RQ001901,Zapata-Kell,Jr.,Lisa,D,Self,Lisa D Zapata-Kell,6926 Veterans Memorial Pl,Pittsburgh,PA,15229,,lisa.zapata@example.com,Mail,Congressional,05/30/2004,No,05/30/2004,ZAPATA-KELL|LISA|15229,"Zapata-Kell, Lisa D",[TACOM];[CSR];[Admin];[ReadOnlyAudit];LocalDomainServers,
797A3722990B32A77599886DAB2C8D10,26AE,,06/11/2025 08:58:10,06/11/2025 08:58:10,CN=HRC-Transfer/OU=Agents/O=TACOM,,RQ001902,Norquist,,Helen,F,Son,Ryan Norquist,3871 Dogwood St,Portland,OR,97204,(302) 555-1317,,Phone,NPRC,06/11/2025,No,,NORQUIST|HELEN|97204,"Norquist, Helen F",[TACOM];[CSR];[Admin];[ReadOnlyAudit];LocalDomainServers,
B833F1ABE4D846551B754C093B43841E,26B2,,11/27/2005 14:40:49,11/27/2005 14:40:49,CN=HRC-Transfer/OU=Agents/O=TACOM,,RQ001903,Lockridge,,Stephanie,N,Spouse,Carol Lockridge,7746 Dogwood Ln,Indianapolis,IN,46224,(410) 555-1330,stephanie.lockridge@example.com,Phone,HRC,11/27/2005,Yes,11/27/2005,LOCKRIDGE|STEPHANIE|46224,"Lockridge, Stephanie N",[TACOM];[CSR];[Admin];[ReadOnlyAudit];LocalDomainServers,
33DCD4E62B36CD259FF9960F948665AF,26B6,,02/06/2012 17:34:50,02/06/2012 17:34:50,CN=Marlene Okafor/OU=CHPSID/O=TACOM,,RQ001904,Ahlquist-Bane,III,Margaret,,Self,Margaret Ahlquist-Bane,5934 Spruce Pl,Cleveland,OH,44126,(703) 555-1584,margaret.ahlquist@example.com,Mail,Congressional,02/06/2012,Yes,02/06/2012,AHLQUIST-BANE|MARGARET|44126,"Ahlquist-Bane, Margaret",[TACOM];[CSR];[Admin];[ReadOnlyAudit];LocalDomainServers,
2A57B6B00A4A5799862A92F17A41476C,26BA,,02/19/2012 17:42:31,02/19/2012 17:42:31,CN=Benedetta Kowalczyk/OU=CHPSID/O=TACOM,,RQ001905,Crandall-Mott,,Elizabeth,L,Spouse,Leonard Crandall,4708 Lincoln Way,Columbus,GA,31953,(215) 555-1636,elizabeth.crandall@example.com,Phone,Manual,02/19/2012,Yes,,CRANDALL-MOTT|ELIZABETH|31953,"Crandall-Mott, Elizabeth L",[TACOM];[CSR];[Admin];[ReadOnlyAudit];LocalDomainServers,
239A911076F047FC9B08DC7A752B497A,26BE,,03/02/2021 14:02:23,03/02/2021 14:02:23,CN=HRC-Transfer/OU=Agents/O=TACOM,,RQ001906,Escobedo-Ruiz,,Rafael,F,Sibling,Carlos Escobedo,4005 Dogwood Blvd,Norfolk,VA,23513,(215) 555-1544,,E-mail,NPRC,03/02/2021,Yes,03/02/2021,ESCOBEDO-RUIZ|RAFAEL|23513,"Escobedo-Ruiz, Rafael F",[TACOM];[CSR];[Admin];[ReadOnlyAudit];LocalDomainServers,
F3577B6C785D67BCA8BF520DC0C85A71,26C2,,01/26/2021 17:01:40,01/26/2021 17:01:40,CN=HRC-Transfer/OU=Agents/O=TACOM,,RQ001907,Trevino-Hale,Sr.,Sarah,J,Daughter,Robert Trevino,1730 Veterans Memorial St,Pittsburgh,PA,15288-4772,(703) 555-1795,sarah.trevino@example.com,E-mail,NPRC,01/26/2021,Yes,01/26/2021,TREVINO-HALE|SARAH|15288,"Trevino-Hale, Sarah J",[TACOM];[CSR];[Admin];[ReadOnlyAudit];LocalDomainServers,
135DA354057BD73C4D0D6E04FFA3AD50,26C6,,05/19/2020 12:27:40,05/19/2020 12:27:40,CN=Lorraine Whitcombe/OU=CHPSID/O=TACOM,,RQ001908,Kestleman,,Thomas,B,Spouse,Matthew Kestleman,4610 Spruce Way,Portland,ME,04133-8171,(703) 555-1876,thomas.kestleman@example.com,Mail,Manual,05/19/2020,Yes,05/19/2020,KESTLEMAN|THOMAS|04133,"Kestleman, Thomas B",[TACOM];[CSR];[Admin];[ReadOnlyAudit];LocalDomainServers,
DF1596CD04C330AC89472BA8491302B8,26CA,,10/07/2016 14:47:32,10/07/2016 14:47:32,CN=HRC-Transfer/OU=Agents/O=TACOM,,RQ001909,Norquist,Jr.,Brian,T,Self,Brian T Norquist,7785 Walnut Ter,Detroit,MI,48268,(717) 555-1545,brian.norquist@example.com,Phone,NPRC,10/07/2016,No,,NORQUIST|BRIAN|48268,"Norquist, Brian T",[TACOM];[CSR];[Admin];[ReadOnlyAudit];LocalDomainServers,
1AACC60FB94C0C865CEDD3469F49D38C,26CE,,11/09/2022 08:55:53,11/09/2022 08:55:53,CN=HRC-Transfer/OU=Agents/O=TACOM,,RQ001910,Urquhart Jr.,Jr.,Daniel,F,Self,Daniel F Urquhart,3337 Willow Ct,Denver,CO,80200,(610) 555-1476,,Mail,HRC,11/09/2022,No,,URQUHART JR.|DANIEL|80200,"Urquhart Jr., Daniel",[TACOM];[CSR];[Admin];[ReadOnlyAudit];LocalDomainServers,
3676708F2C241B5E1CDCC7EBB8C78A26,26D2,,12/11/2021 17:10:09,12/11/2021 17:10:09,CN=HRC-Transfer/OU=Agents/O=TACOM,,RQ001911,Lockridge,Sr.,Gary,D,Self,Gary D Lockridge,4696 Birch Ln,Minneapolis,MN,55417,,,E-mail,HRC,12/11/2021,No,,LOCKRIDGE|GARY|55417,"Lockridge, Gary D",[TACOM];[CSR];[Admin];[ReadOnlyAudit];LocalDomainServers,
A31867133479BF7F965B55F26A595538,26D6,,03/19/2014 12:03:39,03/19/2014 12:03:39,CN=HRC-Transfer/OU=Agents/O=TACOM,,RQ001912,Fennimark,,Arthur,T,Daughter,Rafael Fennimark,8874 Maple Ter,Pensacola,FL,32553,(484) 555-1683,,Mail,HRC,03/19/2014,Yes,03/19/2014,FENNIMARK|ARTHUR|32553,"Fennimark, Arthur T",[TACOM];[CSR];[Admin];[ReadOnlyAudit];LocalDomainServers,
A0C099412D023561C056F6FE32EAC72C,26DA,,12/18/2020 15:26:53,12/18/2020 15:26:53,CN=HRC-Transfer/OU=Agents/O=TACOM,,RQ001913,Marrowbridge,Sr.,Matthew,L,Self,Matthew L Marrowbridge,4465 Hickory Way,Little Rock,AR,72231-7087,(302) 555-1165,,Phone,HRC,12/18/2020,Yes,12/18/2020,MARROWBRIDGE|MATTHEW|72231,"Marrowbridge, Matthew L",[TACOM];[CSR];[Admin];[ReadOnlyAudit];LocalDomainServers,
9223A65C94526E4429463E0CED147AF8,26DE,,01/27/2026 07:57:58,01/27/2026 07:57:58,CN=HRC-Transfer/OU=Agents/O=TACOM,,RQ001914,Lockridge Jr.,,Richard,A,Self,Richard A Lockridge,9457 Patton Way,Oklahoma City,OK,73191-1958,(610) 555-1302,,E-mail,HRC,01/27/2026,No,,LOCKRIDGE JR.|RICHARD|73191,"Lockridge Jr., Richard",[TACOM];[CSR];[Admin];[ReadOnlyAudit];LocalDomainServers,
73FC3C7EAF6A7D5582FB3275435D3BC8,26E2,,06/05/2021 14:02:57,06/05/2021 14:02:57,CN=HRC-Transfer/OU=Agents/O=TACOM,,RQ001915,Zellinger,,Virginia,W,Self,Virginia W Zellinger,270 Bradley Ter Apt 17C,Phoenix,AZ,85013,,,Mail,NPRC,06/05/2021,No,06/05/2021,ZELLINGER|VIRGINIA|85013,"Zellinger, Virginia W",[TACOM];[CSR];[Admin];[ReadOnlyAudit];LocalDomainServers,
ACAAFBD66788DFA80F910FECC1B34E9D,26E6,,12/12/2019 16:17:03,12/12/2019 16:17:03,CN=HRC-Transfer/OU=Agents/O=TACOM,,RQ001916,Pettiford,,Ryan H,H,Self,Ryan H Pettiford,3105 Sycamore Ave,Dayton,OH,45417,(856) 555-1591,ryan.pettiford@example.com,Mail,NPRC,12/12/2019,No,,PETTIFORD|RYAN H|45417,"Pettiford, Ryan H",[TACOM];[CSR];[Admin];[ReadOnlyAudit];LocalDomainServers,
E58BFAEB720368758774A9CE9E19A1E8,26EA,,08/01/2014 15:05:17,08/01/2014 15:05:17,CN=HRC-Transfer/OU=Agents/O=TACOM,,RQ001917,Prendergast,Sr.,Andre,E,Self,Andre E Prendergast,8328 Ridgway Blvd,Columbus,OH,43287,(856) 555-1429,,Mail,HRC,08/01/2014,No,,PRENDERGAST|ANDRE|43287,"Prendergast, Andre E",[TACOM];[CSR];[Admin];[ReadOnlyAudit];LocalDomainServers,
5203595F7C1725E30A469B4A51CB8D7F,26EE,,06/11/2022 09:51:50,06/11/2022 09:51:50,CN=HRC-Transfer/OU=Agents/O=TACOM,,RQ001918,Oakhurst-Pell,Jr.,James,,Grandchild,Marcus Oakhurst,7243 Dogwood Way,Newark,NJ,07111-0055,(717) 555-1081,,E-mail,HRC,06/11/2022,Yes,06/11/2022,OAKHURST-PELL|JAMES|07111,"Oakhurst-Pell, James",[TACOM];[CSR];[Admin];[ReadOnlyAudit];LocalDomainServers,
2A6D38997555A294256CD02C0B14889F,26F2,,10/23/2005 16:25:20,10/23/2005 16:25:20,CN=Dwayne Petrakis/OU=CHPSID/O=TACOM,,RQ001919,Coldwater,,David,F,Self,David F Coldwater,7893 Laurel Pl,Oklahoma City,OK,73144-3994,(610) 555-1067,,E-mail,Manual,10/23/2005,Yes,,COLDWATER|DAVID|73144,"Coldwater, David F",[TACOM];[CSR];[Admin];[ReadOnlyAudit];LocalDomainServers,
E8C8BE50C804BF870D45D6391A5B1217,26F6,,04/25/2021 13:24:35,04/25/2021 13:24:35,CN=HRC-Transfer/OU=Agents/O=TACOM,,RQ001920,Villanueva-Cox,III,Nicole,F,Self,Nicole F Villanueva-Cox,1545 Lincoln Dr,Fort Wayne,IN,46873-2971,,,E-mail,NPRC,04/25/2021,Yes,04/25/2021,VILLANUEVA-COX|NICOLE|46873,"Villanueva-Cox, Nicole F",[TACOM];[CSR];[Admin];[ReadOnlyAudit];LocalDomainServers,
96235113FD7E7BF772FA2102EAD0110A,26FA,,09/17/2019 12:59:00,09/17/2019 12:59:00,CN=HRC-Transfer/OU=Agents/O=TACOM,,RQ001921,Lockridge,III,Dorothy,P,Son,Thomas Lockridge,4731 Juniper Ter,Portland,ME,04114-9146,(540) 555-1842,,E-mail,HRC,09/17/2019,Yes,,LOCKRIDGE|DOROTHY|04114,"Lockridge, Dorothy P",[TACOM];[CSR];[Admin];[ReadOnlyAudit];LocalDomainServers,
0F0891AD8235F6E5EEE89DB1D9EBCE38,26FE,,08/23/2004 14:32:13,08/23/2004 14:32:13,CN=HRC-Transfer/OU=Agents/O=TACOM,,RQ001922,Jessup-Kane,,Lisa,D,Daughter,Charles Jessup,5949 Veterans Memorial Way,Syracuse,NY,13275,(610) 555-1210,,Mail,NPRC,08/23/2004,No,08/23/2004,JESSUP-KANE|LISA|13275,"Jessup-Kane, Lisa D",[TACOM];[CSR];[Admin];[ReadOnlyAudit];LocalDomainServers,
BC45BA6EFAF10E60ACC62994D3DCD977,2702,,01/26/2014 11:13:57,01/26/2014 11:13:57,CN=HRC-Transfer/OU=Agents/O=TACOM,,RQ001923,Vosburgh,,Virginia,,Daughter,Jose Vosburgh,4239 Lincoln Ct,Harrisburg,PA,17135,(410) 555-1815,virginia.vosburgh@example.com,Mail,HRC,01/26/2014,No,01/26/2014,VOSBURGH|VIRGINIA|17135,"Vosburgh, Virginia",[TACOM];[CSR];[Admin];[ReadOnlyAudit];LocalDomainServers,
F7305BA53FEC7EBCC9E2A6A08662EE14,2706,,09/15/2006 07:47:09,09/15/2006 07:47:09,CN=Marlene Okafor/OU=CHPSID/O=TACOM,,RQ001924,Yellowley,,Jose,E,Grandchild,Jennifer Yellowley,264 Madison St,Peoria,IL,61672,(302) 555-1791,,E-mail,Manual,09/15/2006,Yes,,YELLOWLEY|JOSE|61672,"Yellowley, Jose E",[TACOM];[CSR];[Admin];[ReadOnlyAudit];LocalDomainServers,
19C872678F54A6CAB8D1BFED23B34E60,270A,,12/27/2010 17:28:12,12/27/2010 17:28:12,CN=Renata Vasquez-Holm/OU=CHPSID/O=TACOM,,RQ001925,Zimmerly,Jr.,Jose,,Daughter,Steven Zimmerly,9604 Maple St,Wheeling,WV,26071,(410) 555-1689,,Phone,Manual,12/27/2010,No,12/27/2010,ZIMMERLY|JOSE|26071,"Zimmerly, Jose",[TACOM];[CSR];[Admin];[ReadOnlyAudit];LocalDomainServers,
D3158F0C5C535B952DBDAE17F9BB5B20,270E,,02/08/2022 14:19:31,02/08/2022 14:19:31,CN=HRC-Transfer/OU=Agents/O=TACOM,,RQ001926,Underhill-Voss,,William,C,Self,William C Underhill-Voss,3889 Elm St,Fresno,CA,93743,(410) 555-1113,william.underhill@example.com,Mail,HRC,02/08/2022,Yes,,UNDERHILL-VOSS|WILLIAM|93743,"Underhill-Voss, William C",[TACOM];[CSR];[Admin];[ReadOnlyAudit];LocalDomainServers,
3F13B8336F19FA1783CA7C799E74CF82,2712,,05/27/2004 13:43:40,05/27/2004 13:43:40,CN=Lorraine Whitcombe/OU=CHPSID/O=TACOM,,RQ001927,Underhill-Voss,,Matthew,K,Self,Matthew K Underhill-Voss,1065 Elm Way,Kansas City,MO,64143-9918,(215) 555-1693,,Mail,Congressional,05/27/2004,No,,UNDERHILL-VOSS|MATTHEW|64143,"Underhill-Voss, Matthew K",[TACOM];[CSR];[Admin];[ReadOnlyAudit];LocalDomainServers,
D80B9C8AC8C73EA3DB27FEB99A7E1770,2716,,12/07/2004 12:05:50,12/07/2004 12:05:50,CN=Renata Vasquez-Holm/OU=CHPSID/O=TACOM,,RQ001928,Umberlake,,Lisa,,Self,Lisa Umberlake,5285 Cedar Ave,Sacramento,CA,95801-8875,,,E-mail,Manual,12/07/2004,No,,UMBERLAKE|LISA|95801,"Umberlake, Lisa",[TACOM];[CSR];[Admin];[ReadOnlyAudit];LocalDomainServers,
67E35C97B8B806574A8870223E3EDAF6,271A,,07/05/2008 13:36:32,07/05/2008 13:36:32,CN=HRC-Transfer/OU=Agents/O=TACOM,,RQ001929,Vanterpool,III,Luis,T,Daughter,Brian Vanterpool,9025 Lincoln Dr,Nashville,TN,37299-0269,(717) 555-1028,luis.vanterpool@example.com,Phone,NPRC,07/05/2008,Yes,07/05/2008,VANTERPOOL|LUIS|37299,"Vanterpool, Luis T",[TACOM];[CSR];[Admin];[ReadOnlyAudit];LocalDomainServers,
D637D3EB5E8C687EF9FAB99563DB013C,271E,,06/03/2009 11:07:54,06/03/2009 11:07:54,CN=HRC-Transfer/OU=Agents/O=TACOM,,RQ001930,Saldivar,,Joshua,L,Self,Joshua L Saldivar,1957 Elm Blvd,Orlando,FL,32819,(302) 555-1625,,Mail,NPRC,06/03/2009,Yes,,SALDIVAR|JOSHUA|32819,"Saldivar, Joshua L",[TACOM];[CSR];[Admin];[ReadOnlyAudit];LocalDomainServers,
86C2EE07137F3B1FBE814191507B1B05,2722,,06/02/2007 12:53:11,06/02/2007 12:53:11,CN=HRC-Transfer/OU=Agents/O=TACOM,,RQ001931,Underhill-Voss,III,Donald,B,Spouse,Carl Underhill,4379 Ridgway Ln,Fargo,ND,58177,(215) 555-1615,,E-mail,HRC,06/02/2007,No,06/02/2007,UNDERHILL-VOSS|DONALD|58177,"Underhill-Voss, Donald B",[TACOM];[CSR];[Admin];[ReadOnlyAudit];LocalDomainServers,
C61D77F6A0FA81E4D73D00C6FD7B9F9C,2726,,10/13/2022 13:55:01,10/13/2022 13:55:01,CN=Benedetta Kowalczyk/OU=CHPSID/O=TACOM,,RQ001932,Rockwell-Sayre,III,Jamal,R,Self,Jamal R Rockwell-Sayre,3569 Washington Ave Apt 7B,Nashville,TN,37240,(703) 555-1786,,E-mail,Manual,10/13/2022,Yes,,ROCKWELL-SAYRE|JAMAL|37240,"Rockwell-Sayre, Jamal R",[TACOM];[CSR];[Admin];[ReadOnlyAudit];LocalDomainServers,
6AFF0E21BBD1B5739C4DC9AF955390A4,272A,,10/22/2013 07:28:57,10/22/2013 07:28:57,CN=Marlene Okafor/OU=CHPSID/O=TACOM,,RQ001933,Guajardo,,Sarah,,Self,Sarah Guajardo,899 Sycamore Rd Apt 38D,Fargo,ND,58111-3554,(610) 555-1349,,Phone,Manual,10/22/2013,No,10/22/2013,GUAJARDO|SARAH|58111,"Guajardo, Sarah",[TACOM];[CSR];[Admin];[ReadOnlyAudit];LocalDomainServers,
AE6E3A9DDBE1201B4233F00C5B87B381,272E,,01/06/2017 14:54:12,01/06/2017 14:54:12,CN=HRC-Transfer/OU=Agents/O=TACOM,,RQ001934,Izquierdo,,David,,Self,David Izquierdo,6378 Cedar Rd,New Orleans,LA,70172-0348,,david.izquierdo@example.com,Phone,HRC,01/06/2017,No,01/06/2017,IZQUIERDO|DAVID|70172,"Izquierdo, David",[TACOM];[CSR];[Admin];[ReadOnlyAudit];LocalDomainServers,
C2768140E94110844EF9E868C5016F16,2732,,03/23/2024 13:16:37,03/23/2024 13:16:37,CN=Dwayne Petrakis/OU=CHPSID/O=TACOM,,RQ001935,Underhill-Voss,III,Harold,F,Self,Harold F Underhill-Voss,8299 Jefferson Ave,Hartford,CT,06196,(610) 555-1717,,E-mail,Congressional,03/23/2024,Yes,,UNDERHILL-VOSS|HAROLD|06196,"Underhill-Voss, Harold F",[TACOM];[CSR];[Admin];[ReadOnlyAudit];LocalDomainServers,
351236DD6A2D426CE873E3DA6F6267F7,2736,,01/01/2009 07:39:01,01/01/2009 07:39:01,CN=HRC-Transfer/OU=Agents/O=TACOM,,RQ001936,Ullswater,Sr.,Angela,H,Spouse,Jamal Ullswater,4034 Oak Ter,Charleston,WV,25326,(215) 555-1710,,Phone,HRC,01/01/2009,Yes,,ULLSWATER|ANGELA|25326,"Ullswater, Angela H",[TACOM];[CSR];[Admin];[ReadOnlyAudit];LocalDomainServers,
B8EC8C7931E530A6BE86265FD34E3347,273A,,01/09/2023 12:50:46,01/09/2023 12:50:46,CN=HRC-Transfer/OU=Agents/O=TACOM,,RQ001937,Jessup-Kane,,B.,,Self,Barbara Jessup-Kane,2192 Lincoln Way,Fort Wayne,IN,46827-8835,(410) 555-1476,,E-mail,NPRC,01/09/2023,No,,JESSUP-KANE|B.|46827,"Jessup-Kane, B.",[TACOM];[CSR];[Admin];[ReadOnlyAudit];LocalDomainServers,
330D6CFFB7922EF0290207B72401477F,273E,,05/31/2004 17:48:10,05/31/2004 17:48:10,CN=Renata Vasquez-Holm/OU=CHPSID/O=TACOM,,RQ001938,Thornbury,Jr.,Evelyn,H,Self,Evelyn H Thornbury,4443 Elm Ave,Phoenix,AZ,85067,,evelyn.thornbury@example.com,Mail,Congressional,05/31/2004,No,05/31/2004,THORNBURY|EVELYN|85067,"Thornbury, Evelyn H",[TACOM];[CSR];[Admin];[ReadOnlyAudit];LocalDomainServers,
E8C63712B4B00EBD9245E4836317518D,2742,,06/12/2016 11:56:47,06/12/2016 11:56:47,CN=HRC-Transfer/OU=Agents/O=TACOM,,RQ001939,Nethercott,III,Linda,R,Self,Linda R Nethercott,6719 Laurel Blvd,Columbus,GA,31992,(484) 555-1425,linda.nethercott@example.com,Phone,HRC,06/12/2016,Yes,,NETHERCOTT|LINDA|31992,"Nethercott, Linda R",[TACOM];[CSR];[Admin];[ReadOnlyAudit];LocalDomainServers,
276810C7C7CE56312AA40EDD543C3DBB,2746,,09/18/2015 15:44:12,09/18/2015 15:44:12,CN=HRC-Transfer/OU=Agents/O=TACOM,,RQ001940,Rathbourne,,Terrence,,Self,Terrence Rathbourne,3111 Juniper Ln,Portland,ME,04124,(610) 555-1877,terrence.rathbourne@example.com,Mail,HRC,09/18/2015,Yes,09/18/2015,RATHBOURNE|TERRENCE|04124,"Rathbourne, Terrence",[TACOM];[CSR];[Admin];[ReadOnlyAudit];LocalDomainServers,
11D942204E8E74766BE0E32046EA746C,274A,,03/29/2015 11:26:45,03/29/2015 11:26:45,CN=Dwayne Petrakis/OU=CHPSID/O=TACOM,,RQ001941,Zimmerly,,Stephanie,K,Self,Stephanie K Zimmerly,6460 Walnut Way,Savannah,GA,31480,(856) 555-1109,stephanie.zimmerly@example.com,Mail,Manual,03/29/2015,Yes,03/29/2015,ZIMMERLY|STEPHANIE|31480,"Zimmerly, Stephanie K",[TACOM];[CSR];[Admin];[ReadOnlyAudit];LocalDomainServers,
A127A693495EA6C9D79789874CAEEABC,274E,,07/22/2020 17:33:59,07/22/2020 17:33:59,CN=HRC-Transfer/OU=Agents/O=TACOM,,RQ001942,Lockridge,,Andrew,M,Self,Andrew M Lockridge,760 Poplar Rd,Spokane,WA,99240,(703) 555-1334,,Mail,NPRC,07/22/2020,Yes,07/22/2020,LOCKRIDGE|ANDREW|99240,"Lockridge, Andrew M",[TACOM];[CSR];[Admin];[ReadOnlyAudit];LocalDomainServers,
4B6250B8EE68806FCE7EF31F678E388E,2752,,05/07/2025 07:58:03,05/07/2025 07:58:03,CN=Lorraine Whitcombe/OU=CHPSID/O=TACOM,,RQ001943,Pettiford,,James,T,Spouse,Ruth Pettiford,4853 Lincoln Rd,Burlington,VT,05439,(267) 555-1594,james.pettiford@example.com,E-mail,Manual,05/07/2025,No,,PETTIFORD|JAMES|05439,"Pettiford, James T",[TACOM];[CSR];[Admin];[ReadOnlyAudit];LocalDomainServers,
2C3380287F7A70EB68DBE00C8115A287,2756,,11/05/2007 12:29:46,11/05/2007 12:29:46,CN=Ret Hamlin/OU=CHPSID/O=TACOM,,RQ001944,YELLOWLEY,,Jose,E,Grandchild,Jennifer Yellowley,264 Madison St,Peoria,IL,61672,(302) 555-1791,,E-mail,Manual,11/05/2007,No,,YELLOWLEY|JOSE|61672,"YELLOWLEY, Jose",[TACOM];[CSR];[Admin];[ReadOnlyAudit];LocalDomainServers,
9645DE2DF15B3B38C7BFB8B752437E76,275A,,03/22/2013 09:30:07,03/22/2013 09:30:07,CN=HRC-Transfer/OU=Agents/O=TACOM,,RQ001945,Mackelvane,,Darnell,S,Self,Darnell S Mackelvane,166 Pershing Rd,Chicago,IL,60679,(703) 555-1146,,Mail,HRC,03/22/2013,Yes,,MACKELVANE|DARNELL|60679,"Mackelvane, Darnell S",[TACOM];[CSR];[Admin];[ReadOnlyAudit];LocalDomainServers,
8F58994031291952DE725BD7E8A545FD,275E,,10/29/2008 16:34:30,10/29/2008 16:34:30,CN=HRC-Transfer/OU=Agents/O=TACOM,,RQ001946,Wexcombe,,Helen,,Self,Helen Wexcombe,4782 Marshall Ter,Detroit,MI,48264-2992,(856) 555-1847,helen.wexcombe@example.com,Mail,NPRC,10/29/2008,Yes,10/29/2008,WEXCOMBE|HELEN|48264,"Wexcombe, Helen",[TACOM];[CSR];[Admin];[ReadOnlyAudit];LocalDomainServers,
01FBC27CA531C101E3F56AB5C873663E,2762,,12/18/2010 11:20:37,12/18/2010 11:20:37,CN=Dwayne Petrakis/OU=CHPSID/O=TACOM,,RQ001947,Wickersham,,Nancy,,Self,Nancy Wickersham,8154 Birch Blvd Apt 13C,Wilmington,DE,19843,(610) 555-1392,,Phone,Congressional,12/18/2010,Yes,12/18/2010,WICKERSHAM|NANCY|19843,"Wickersham, Nancy",[TACOM];[CSR];[Admin];[ReadOnlyAudit];LocalDomainServers,
B1BF6BEE2642C12D71AB57D33B789EB1,2766,,05/21/2008 15:09:42,05/21/2008 15:09:42,CN=Lorraine Whitcombe/OU=CHPSID/O=TACOM,,RQ001948,Vanterpool,III,Virginia,K,Parent,Melissa Vanterpool,1521 Bradley Pl,Salt Lake City,UT,84131-2714,,,Phone,Manual,05/21/2008,Yes,,VANTERPOOL|VIRGINIA|84131,"Vanterpool, Virginia K",[TACOM];[CSR];[Admin];[ReadOnlyAudit];LocalDomainServers,
FB973DC2005BC4158D71BE4109F1DA0F,276A,,09/08/2023 14:35:30,09/08/2023 14:35:30,CN=HRC-Transfer/OU=Agents/O=TACOM,,RQ001949,Umberlake,III,Barbara,,Daughter,Tyler Umberlake,7214 Laurel Pl Apt 20C,Seattle,WA,98188-4818,,barbara.umberlake@example.com,Phone,HRC,09/08/2023,Yes,09/08/2023,UMBERLAKE|BARBARA|98188,"Umberlake, Barbara",[TACOM];[CSR];[Admin];[ReadOnlyAudit];LocalDomainServers,
99FC9874D18941FF915DB386267AEA41,276E,,09/20/2013 12:26:03,09/20/2013 12:26:03,CN=Renata Vasquez-Holm/OU=CHPSID/O=TACOM,,RQ001950,Quimbley,Sr.,Harold,C,Self,Harold C Quimbley,4173 Elm Rd,Tampa,FL,33641,,,Mail,Manual,09/20/2013,Yes,09/20/2013,QUIMBLEY|HAROLD|33641,"Quimbley, Harold C",[TACOM];[CSR];[Admin];[ReadOnlyAudit];LocalDomainServers,
FA951B53F52B7A33B166227F29279216,2772,,02/24/2020 07:40:56,02/24/2020 07:40:56,CN=HRC-Transfer/OU=Agents/O=TACOM,,RQ001951,BENAVIDEZ-CRUZ,,Matthew,S,Self,Matthew S Benavidez-Cruz,9175 Laurel Pl,Wheeling,WV,26024,(302) 555-1394,matthew.benavidez@example.com,E-mail,NPRC,02/24/2020,No,,BENAVIDEZ-CRUZ|MATTHEW|26024,"BENAVIDEZ-CRUZ, Matthew",[TACOM];[CSR];[Admin];[ReadOnlyAudit];LocalDomainServers,
D7D2BB4B8CB4BDA22124E8A08E0E43A2,2776,,06/19/2015 16:16:43,06/19/2015 16:16:43,CN=HRC-Transfer/OU=Agents/O=TACOM,,RQ001952,Isherwood,,Timothy,W,Daughter,Rafael Isherwood,1617 Dogwood Ter,Pittsburgh,PA,15276,(302) 555-1303,timothy.isherwood@example.com,Phone,HRC,06/19/2015,Yes,06/19/2015,ISHERWOOD|TIMOTHY|15276,"Isherwood, Timothy W",[TACOM];[CSR];[Admin];[ReadOnlyAudit];LocalDomainServers,
BE5B101A451ECF01FB1F433C056CFCB8,277A,,09/16/2006 16:20:32,09/16/2006 16:20:32,CN=Marlene Okafor/OU=CHPSID/O=TACOM,,RQ001953,Trevino-Hale,,Norman,F,Self,Norman F Trevino-Hale,7672 Madison Ln,Fort Wayne,IN,46839-9629,(540) 555-1080,norman.trevino@example.com,Phone,Congressional,09/16/2006,Yes,09/16/2006,TREVINO-HALE|NORMAN|46839,"Trevino-Hale, Norman F",[TACOM];[CSR];[Admin];[ReadOnlyAudit];LocalDomainServers,
38B95F1CDD8ABADD88AD535A98AC951C,277E,,02/10/2021 13:06:42,02/10/2021 13:06:42,CN=Dwayne Petrakis/OU=CHPSID/O=TACOM,,RQ001954,FENNIMARK,III,Rafael,,Self,Rafael Fennimark,8965 Spruce St,Shreveport,LA,71143,(410) 555-1738,rafael.fennimark@example.com,Mail,Manual,02/10/2021,No,,FENNIMARK|RAFAEL|71143,"FENNIMARK, Rafael",[TACOM];[CSR];[Admin];[ReadOnlyAudit];LocalDomainServers,
86003B92142E62B7682C350DAFE95F71,2782,,12/28/2020 16:32:06,12/28/2020 16:32:06,CN=HRC-Transfer/OU=Agents/O=TACOM,,RQ001955,Pemberley,,Christopher,C,Self,Christopher C Pemberley,9853 Birch Ter,Chicago,IL,60662,(267) 555-1517,,Mail,HRC,12/28/2020,No,12/28/2020,PEMBERLEY|CHRISTOPHER|60662,"Pemberley, Christopher C",[TACOM];[CSR];[Admin];[ReadOnlyAudit];LocalDomainServers,
274DDF2A9DCBA9AF9B73F7DA362902F4,2786,,04/12/2021 14:06:01,04/12/2021 14:06:01,CN=HRC-Transfer/OU=Agents/O=TACOM,,RQ001956,Hargreave,,Robert,G,Son,Steven Hargreave,9685 Chestnut St Apt 20A,El Paso,TX,79912,,,Mail,HRC,04/12/2021,Yes,04/12/2021,HARGREAVE|ROBERT|79912,"Hargreave, Robert G",[TACOM];[CSR];[Admin];[ReadOnlyAudit];LocalDomainServers,
3092D6D84B18250E20F4D8310F150046,278A,,10/01/2008 13:11:33,10/01/2008 13:11:33,CN=HRC-Transfer/OU=Agents/O=TACOM,,RQ001957,Mackelvane,,Brandon,,Self,Brandon Mackelvane,5705 Spruce Ct,Portland,OR,97263,(215) 555-1259,,Phone,NPRC,10/01/2008,No,,MACKELVANE|BRANDON|97263,"Mackelvane, Brandon",[TACOM];[CSR];[Admin];[ReadOnlyAudit];LocalDomainServers,
5C3C8A14C5E52104FF85BEE0313ED351,278E,,03/14/2023 09:16:42,03/14/2023 09:16:42,CN=HRC-Transfer/OU=Agents/O=TACOM,,RQ001958,Izquierdo,,Gary,N,Son,Donna Izquierdo,6110 Spruce Ave,Sacramento,CA,95829,,,Mail,NPRC,03/14/2023,No,03/14/2023,IZQUIERDO|GARY|95829,"Izquierdo, Gary N",[TACOM];[CSR];[Admin];[ReadOnlyAudit];LocalDomainServers,
96AD0BAF626CC2E1C78364FFFA4C80F3,2792,,05/10/2024 07:22:10,05/10/2024 07:22:10,CN=HRC-Transfer/OU=Agents/O=TACOM,,RQ001959,Cartlewood,III,Brandon,A,Self,Brandon A Cartlewood,4612 Eisenhower Ln,Indianapolis,IN,46261,(717) 555-1264,brandon.cartlewood@example.com,Mail,NPRC,05/10/2024,Yes,,CARTLEWOOD|BRANDON|46261,"Cartlewood, Brandon A",[TACOM];[CSR];[Admin];[ReadOnlyAudit];LocalDomainServers,
4829BCA25893AE781F68175D6D03CA53,2796,,09/28/2006 11:23:20,09/28/2006 11:23:20,CN=HRC-Transfer/OU=Agents/O=TACOM,,RQ001960,Ellsworthy,Jr.,David,A,Self,David A Ellsworthy,2224 Hickory Ter,Syracuse,NY,13241,(302) 555-1110,,Phone,NPRC,09/28/2006,No,09/28/2006,ELLSWORTHY|DAVID|13241,"Ellsworthy, David A",[TACOM];[CSR];[Admin];[ReadOnlyAudit];LocalDomainServers,
A348C4A18B8453D24E6BABE8F04ADEF1,279A,,08/18/2015 14:47:48,08/18/2015 14:47:48,CN=HRC-Transfer/OU=Agents/O=TACOM,,RQ001961,Guajardo,,Raymond,N,Self,Raymond N Guajardo,6199 Eisenhower Ter,St. Louis,MO,63185,(302) 555-1296,,Mail,NPRC,08/18/2015,Yes,08/18/2015,GUAJARDO|RAYMOND|63185,"Guajardo, Raymond N",[TACOM];[CSR];[Admin];[ReadOnlyAudit];LocalDomainServers,
4A0B3351746AB23F71C6FD280AF7D823,279E,,03/24/2024 09:26:57,03/24/2024 09:26:57,CN=Dwayne Petrakis/OU=CHPSID/O=TACOM,,RQ001962,Beddingfield,,Nancy,,Daughter,Daniel Beddingfield,5095 Eisenhower Rd,Kansas City,MO,64183-3617,(540) 555-1565,,Mail,Manual,03/24/2024,Yes,,BEDDINGFIELD|NANCY|64183,"Beddingfield, Nancy",[TACOM];[CSR];[Admin];[ReadOnlyAudit];LocalDomainServers,
B8A4975EFCD737694930724736E094FF,27A2,,09/15/2004 17:08:14,09/15/2004 17:08:14,CN=Marlene Okafor/OU=CHPSID/O=TACOM,,RQ001963,Kellerhaus,Jr.,Earl,,Self,Earl Kellerhaus,137 Maple Rd Apt 8A,Colorado Springs,CO,80946,(540) 555-1887,,E-mail,Congressional,09/15/2004,Yes,09/15/2004,KELLERHAUS|EARL|80946,"Kellerhaus, Earl",[TACOM];[CSR];[Admin];[ReadOnlyAudit];LocalDomainServers,
128A73782F12D5001EE71C4C9DCAE9A4,27A6,,06/12/2015 07:36:48,06/12/2015 07:36:48,CN=Ret Hamlin/OU=CHPSID/O=TACOM,,RQ001964,Hargreave,,Angela,L,Self,Angela L Hargreave,1671 Armory Ln,Manchester,NH,03145,(410) 555-1620,angela.hargreave@example.com,Phone,Manual,06/12/2015,No,06/12/2015,HARGREAVE|ANGELA|03145,"Hargreave, Angela L",[TACOM];[CSR];[Admin];[ReadOnlyAudit];LocalDomainServers,
621736D044433192D303A281B2DC044B,27AA,,04/26/2011 14:00:30,04/26/2011 14:00:30,CN=Benedetta Kowalczyk/OU=CHPSID/O=TACOM,,RQ001965,Jankowitz,,Ernesto,P,Self,Ernesto P Jankowitz,1557 Laurel Blvd,Spokane,WA,99261,(610) 555-1473,,E-mail,Congressional,04/26/2011,Yes,04/26/2011,JANKOWITZ|ERNESTO|99261,"Jankowitz, Ernesto P",[TACOM];[CSR];[Admin];[ReadOnlyAudit];LocalDomainServers,
05B76B65F315D293EACC8C0744A6D614,27AE,,11/14/2016 17:38:16,11/14/2016 17:38:16,CN=HRC-Transfer/OU=Agents/O=TACOM,,RQ001966,Sallisaw,,Andrew,A,Grandchild,Steven Sallisaw,9291 Dogwood Ln,Atlanta,GA,30384-0321,(856) 555-1519,,E-mail,HRC,11/14/2016,No,11/14/2016,SALLISAW|ANDREW|30384,"Sallisaw, Andrew A",[TACOM];[CSR];[Admin];[ReadOnlyAudit];LocalDomainServers,
147481BE4D23FDFAA9B217073F3F5229,27B2,,11/01/2009 15:07:54,11/01/2009 15:07:54,CN=Marlene Okafor/OU=CHPSID/O=TACOM,,RQ001967,Iverstone,,Michael,,Self,Michael Iverstone,7315 Birch Blvd Apt 26B,Phoenix,AZ,85063-5939,(410) 555-1752,michael.iverstone@example.com,Phone,Manual,11/01/2009,No,11/01/2009,IVERSTONE|MICHAEL|85063,"Iverstone, Michael",[TACOM];[CSR];[Admin];[ReadOnlyAudit];LocalDomainServers,
8E2CDACC7B7B3942E416DB37EBA29B34,27B6,,09/07/2006 07:13:49,09/07/2006 07:13:49,CN=HRC-Transfer/OU=Agents/O=TACOM,,RQ001968,Fairweather,,Ryan,W,Self,Ryan W Fairweather,8069 Ridgway Rd,Boise,ID,83753-9331,(267) 555-1931,,E-mail,HRC,09/07/2006,No,09/07/2006,FAIRWEATHER|RYAN|83753,"Fairweather, Ryan W",[TACOM];[CSR];[Admin];[ReadOnlyAudit];LocalDomainServers,
2BD396A60C20DC909EF8F209DC6C8A2D,27BA,,02/07/2026 15:38:35,02/07/2026 15:38:35,CN=Benedetta Kowalczyk/OU=CHPSID/O=TACOM,,RQ001969,Zapata-Kell,,Terrence,P,Self,Terrence P Zapata-Kell,7828 Ridgway St,Detroit,MI,48225-8660,(703) 555-1858,terrence.zapata@example.com,Mail,Manual,02/07/2026,Yes,02/07/2026,ZAPATA-KELL|TERRENCE|48225,"Zapata-Kell, Terrence P",[TACOM];[CSR];[Admin];[ReadOnlyAudit];LocalDomainServers,
10416C9698C3BCBBE7D9CFAC1F4DCF81,27BE,,01/05/2016 15:43:51,01/05/2016 15:43:51,CN=HRC-Transfer/OU=Agents/O=TACOM,,RQ001970,Jessup-Kane,III,Christopher,S,Self,Christopher S Jessup-Kane,9841 Oak Way,St. Louis,MO,63170,(717) 555-1563,christopher.jessup@example.com,E-mail,HRC,01/05/2016,Yes,,JESSUP-KANE|CHRISTOPHER|63170,"Jessup-Kane, Christopher S",[TACOM];[CSR];[Admin];[ReadOnlyAudit];LocalDomainServers,
33FB0A3FB526AE01A9E013AF18EEDBA1,27C2,,11/18/2022 12:21:57,11/18/2022 12:21:57,CN=Benedetta Kowalczyk/OU=CHPSID/O=TACOM,,RQ001971,Zabrowski,Jr.,Arthur,C,Spouse,Sandra Zabrowski,6000 Laurel Ln Apt 3A,Albany,NY,12288-2638,,arthur.zabrowski@example.com,Mail,Manual,11/18/2022,No,11/18/2022,ZABROWSKI|ARTHUR|12288,"Zabrowski, Arthur C",[TACOM];[CSR];[Admin];[ReadOnlyAudit];LocalDomainServers,
689BC09E742074DAAFD0194059DBEA8F,27C6,,01/20/2026 10:12:52,01/20/2026 10:12:52,CN=Benedetta Kowalczyk/OU=CHPSID/O=TACOM,,RQ001972,Pemberley,Sr.,Nicole,T,Self,Nicole T Pemberley,3951 Washington Rd,Norfolk,VA,23575,(484) 555-1710,,Mail,Manual,01/20/2026,Yes,,PEMBERLEY|NICOLE|23575,"Pemberley, Nicole T",[TACOM];[CSR];[Admin];[ReadOnlyAudit];LocalDomainServers,
77B9C874A6A12ED2306513EB6C6D6A0E,27CA,,12/29/2023 15:12:22,12/29/2023 15:12:22,CN=HRC-Transfer/OU=Agents/O=TACOM,,RQ001973,Yarrowdale,Sr.,Harold,P,Grandchild,Luis Yarrowdale,3553 Hickory Ln,Providence,RI,02911-5689,(484) 555-1136,harold.yarrowdale@example.com,Phone,NPRC,12/29/2023,Yes,,YARROWDALE|HAROLD|02911,"Yarrowdale, Harold P",[TACOM];[CSR];[Admin];[ReadOnlyAudit];LocalDomainServers,
73FAB06C79403951A490D964DFEEC7BC,27CE,,01/13/2014 10:57:43,01/13/2014 10:57:43,CN=HRC-Transfer/OU=Agents/O=TACOM,,RQ001974,Kirkbride,,Andre,,Self,Andre Kirkbride,5036 Walnut Way,Kansas City,MO,64107,(215) 555-1959,,Mail,HRC,01/13/2014,Yes,01/13/2014,KIRKBRIDE|ANDRE|64107,"Kirkbride, Andre",[TACOM];[CSR];[Admin];[ReadOnlyAudit];LocalDomainServers,
470A0FC27A6D75476DDF4B9175B43BDC,27D2,,09/15/2020 10:51:33,09/15/2020 10:51:33,CN=Lorraine Whitcombe/OU=CHPSID/O=TACOM,,RQ001975,Washington-Pryce,Sr.,Leonard,G,Daughter,Richard Washington,3450 Poplar Ct,Billings,MT,59142,,,E-mail,Manual,09/15/2020,No,,WASHINGTON-PRYCE|LEONARD|59142,"Washington-Pryce, Leonard G",[TACOM];[CSR];[Admin];[ReadOnlyAudit];LocalDomainServers,
77BFCBED86161DE7D7EF4A866D780AA2,27D6,,07/15/2015 16:37:13,07/15/2015 16:37:13,CN=HRC-Transfer/OU=Agents/O=TACOM,,RQ001976,Kirkbride,Jr.,Terrence,,Self,Terrence Kirkbride,1071 Armory Ln,Charleston,WV,25389-1689,(302) 555-1521,terrence.kirkbride@example.com,E-mail,HRC,07/15/2015,Yes,07/15/2015,KIRKBRIDE|TERRENCE|25389,"Kirkbride, Terrence",[TACOM];[CSR];[Admin];[ReadOnlyAudit];LocalDomainServers,
86C9E7F7DD6F65A88FEAF5BF5EE5AFA6,27DA,,12/30/2006 13:45:46,12/30/2006 13:45:46,CN=HRC-Transfer/OU=Agents/O=TACOM,,RQ001977,Jessup-Kane,Jr.,Ralph,M,Self,Ralph M Jessup-Kane,316 Chestnut Pl,San Diego,CA,92140,(484) 555-1290,ralph.jessup@example.com,Mail,HRC,12/30/2006,No,12/30/2006,JESSUP-KANE|RALPH|92140,"Jessup-Kane, Ralph M",[TACOM];[CSR];[Admin];[ReadOnlyAudit];LocalDomainServers,
32EF44ABBAFFE3DCB0CB2D7778B0FD7B,27DE,,10/19/2020 16:57:54,10/19/2020 16:57:54,CN=Dwayne Petrakis/OU=CHPSID/O=TACOM,,RQ001978,Stanwycke,Jr.,Sandra,,Grandchild,Eugene Stanwycke,4932 Hickory Ct,New Orleans,LA,70182,,sandra.stanwycke@example.com,Mail,Manual,10/19/2020,No,10/19/2020,STANWYCKE|SANDRA|70182,"Stanwycke, Sandra",[TACOM];[CSR];[Admin];[ReadOnlyAudit];LocalDomainServers,
C1A4518FF738C5CDF2D5D05C84C2192D,27E2,,01/09/2011 11:01:51,01/09/2011 11:01:51,CN=HRC-Transfer/OU=Agents/O=TACOM,,RQ001979,Ellsworthy,,Carlos,T,Daughter,Matthew Ellsworthy,4010 Marshall Blvd,Des Moines,IA,50356-5460,(856) 555-1935,,Mail,NPRC,01/09/2011,No,01/09/2011,ELLSWORTHY|CARLOS|50356,"Ellsworthy, Carlos T",[TACOM];[CSR];[Admin];[ReadOnlyAudit];LocalDomainServers,
DE7E0860186B90D5660D9A540351E8B1,27E6,,05/02/2006 14:59:07,05/02/2006 14:59:07,CN=HRC-Transfer/OU=Agents/O=TACOM,,RQ001980,Saldivar,Jr.,Ernesto,,Self,Ernesto Saldivar,4203 Bradley Dr,Pittsburgh,PA,15250,,ernesto.saldivar@example.com,Mail,HRC,05/02/2006,Yes,05/02/2006,SALDIVAR|ERNESTO|15250,"Saldivar, Ernesto",[TACOM];[CSR];[Admin];[ReadOnlyAudit];LocalDomainServers,
10474A46261A3F22114E03E77A61E61A,27EA,,04/19/2019 08:34:54,04/19/2019 08:34:54,CN=HRC-Transfer/OU=Agents/O=TACOM,,RQ001981,Gastrelle,Jr.,David,E,Son,Sandra Gastrelle,5521 Laurel Ave Apt 38B,Tampa,FL,33663,(410) 555-1626,,Mail,NPRC,04/19/2019,No,,GASTRELLE|DAVID|33663,"Gastrelle, David E",[TACOM];[CSR];[Admin];[ReadOnlyAudit];LocalDomainServers,
6DBC33E62DB6A53B3DC08B9512D5558A,27EE,,03/20/2004 09:02:47,03/20/2004 09:02:47,CN=HRC-Transfer/OU=Agents/O=TACOM,,RQ001982,Palomares,,Hector,L,Sibling,William Palomares,7074 Veterans Memorial Ter,Phoenix,AZ,85055-4829,(540) 555-1132,hector.palomares@example.com,Mail,NPRC,03/20/2004,No,03/20/2004,PALOMARES|HECTOR|85055,"Palomares, Hector L",[TACOM];[CSR];[Admin];[ReadOnlyAudit];LocalDomainServers,
F994FE9A10A688952FB33BCF8EBD0C3A,27F2,,07/23/2011 15:19:40,07/23/2011 15:19:40,CN=HRC-Transfer/OU=Agents/O=TACOM,,RQ001983,Saldivar,,Michael,D,Son,Barbara Saldivar,4922 Armory Ct,Savannah,GA,31441,(703) 555-1488,michael.saldivar@example.com,Mail,HRC,07/23/2011,No,07/23/2011,SALDIVAR|MICHAEL|31441,"Saldivar, Michael D",[TACOM];[CSR];[Admin];[ReadOnlyAudit];LocalDomainServers,
AE288FE3AD4BD707CB997D484719FDB2,27F6,,04/22/2014 08:10:02,04/22/2014 08:10:02,CN=HRC-Transfer/OU=Agents/O=TACOM,,RQ001984,Wexcombe,III,Barbara,,Sibling,Harold Wexcombe,5673 Magnolia Ct,Providence,RI,02979,,barbara.wexcombe@example.com,Mail,HRC,04/22/2014,Yes,04/22/2014,WEXCOMBE|BARBARA|02979,"Wexcombe, Barbara",[TACOM];[CSR];[Admin];[ReadOnlyAudit];LocalDomainServers,
E13C97C3F039327FFAC066B26F5E693A,27FA,,09/21/2008 13:33:48,09/21/2008 13:33:48,CN=Dwayne Petrakis/OU=CHPSID/O=TACOM,,RQ001985,Ellingboe,,David,W,Spouse,Brian Ellingboe,4725 Willow St Apt 34A,Burlington,VT,05434,(267) 555-1289,david.ellingboe@example.com,E-mail,Congressional,09/21/2008,No,,ELLINGBOE|DAVID|05434,"Ellingboe, David W",[TACOM];[CSR];[Admin];[ReadOnlyAudit];LocalDomainServers,
F5C10CEDB7282452CFFE488815680045,27FE,,06/03/2012 09:37:19,06/03/2012 09:37:19,CN=HRC-Transfer/OU=Agents/O=TACOM,,RQ001986,Vosburgh,Jr.,Frances,R,Self,Frances R Vosburgh,426 Chestnut Pl,Killeen,TX,76521,(856) 555-1364,,Phone,NPRC,06/03/2012,No,,VOSBURGH|FRANCES|76521,"Vosburgh, Frances R",[TACOM];[CSR];[Admin];[ReadOnlyAudit];LocalDomainServers,
30B3EE104B4FF7D54664285902F9C23E,2802,,10/11/2011 09:09:10,10/11/2011 09:09:10,CN=HRC-Transfer/OU=Agents/O=TACOM,,RQ001987,Delgadillo,III,Luis,E,Self,Luis E Delgadillo,6006 Jefferson Ln,Portland,OR,97256,(267) 555-1046,,Mail,HRC,10/11/2011,Yes,10/11/2011,DELGADILLO|LUIS|97256,"Delgadillo, Luis E",[TACOM];[CSR];[Admin];[ReadOnlyAudit];LocalDomainServers,
4BD4EF035E0B8AA60E88CFA05FD5B7AF,2806,,05/24/2013 15:44:12,05/24/2013 15:44:12,CN=HRC-Transfer/OU=Agents/O=TACOM,,RQ001988,Dunmore-Vey Jr.,,Eugene,,Daughter,Jennifer Dunmore,3557 Laurel Ct,Colorado Springs,CO,80933,(856) 555-1415,,E-mail,NPRC,05/24/2013,No,,DUNMORE-VEY JR.|EUGENE|80933,"Dunmore-Vey Jr., Eugene",[TACOM];[CSR];[Admin];[ReadOnlyAudit];LocalDomainServers,
A9C8E40F30AB303507C0461E3BF781E0,280A,,11/24/2006 13:18:28,11/24/2006 13:18:28,CN=Marlene Okafor/OU=CHPSID/O=TACOM,,RQ001989,Prendergast,Sr.,Dorothy,B,Daughter,Rafael Prendergast,6430 Hickory Dr,Providence,RI,02949-1386,,,Mail,Manual,11/24/2006,Yes,,PRENDERGAST|DOROTHY|02949,"Prendergast, Dorothy B",[TACOM];[CSR];[Admin];[ReadOnlyAudit];LocalDomainServers,
17BB44094A1F318BFCAF7FB2391ED60D,280E,,05/22/2013 14:25:54,05/22/2013 14:25:54,CN=HRC-Transfer/OU=Agents/O=TACOM,,RQ001990,Zimmerly Jr.,,Andrew,N,Spouse,Howard Zimmerly,51 Washington Rd,Nashville,TN,37230,(856) 555-1058,,Mail,NPRC,05/22/2013,No,,ZIMMERLY JR.|ANDREW|37230,"Zimmerly Jr., Andrew",[TACOM];[CSR];[Admin];[ReadOnlyAudit];LocalDomainServers,
033EB2589A948ED23860EC7369749540,2812,,03/31/2022 13:08:49,03/31/2022 13:08:49,CN=HRC-Transfer/OU=Agents/O=TACOM,,RQ001991,Quarterman,,Jennifer,M,Son,Mary Quarterman,2668 Veterans Memorial Ln,Oklahoma City,OK,73131-4988,(267) 555-1356,jennifer.quarterman@example.com,Mail,HRC,03/31/2022,Yes,,QUARTERMAN|JENNIFER|73131,"Quarterman, Jennifer M",[TACOM];[CSR];[Admin];[ReadOnlyAudit];LocalDomainServers,
0E6901441FAFD159A8F23BA58EA3D1D4,2816,,10/28/2013 07:55:16,10/28/2013 07:55:16,CN=HRC-Transfer/OU=Agents/O=TACOM,,RQ001992,Montgomerie,,Thomas,N,Self,Thomas N Montgomerie,3540 Hickory Ter,Columbia,SC,29249,(410) 555-1416,,Mail,HRC,10/28/2013,Yes,10/28/2013,MONTGOMERIE|THOMAS|29249,"Montgomerie, Thomas N",[TACOM];[CSR];[Admin];[ReadOnlyAudit];LocalDomainServers,
95C2CC72ED11C8CA07AAE60DEF49EA9B,281A,,08/17/2010 16:06:21,08/17/2010 16:06:21,CN=HRC-Transfer/OU=Agents/O=TACOM,,RQ001993,Nethercott,,Richard,E,Self,Richard E Nethercott,5197 Ridgway Dr,Phoenix,AZ,85000,(410) 555-1477,,Mail,HRC,08/17/2010,No,08/17/2010,NETHERCOTT|RICHARD|85000,"Nethercott, Richard E",[TACOM];[CSR];[Admin];[ReadOnlyAudit];LocalDomainServers,
709ADA0A927130181E6D29839C487CDE,281E,,01/03/2024 11:22:15,01/03/2024 11:22:15,CN=HRC-Transfer/OU=Agents/O=TACOM,,RQ001994,ZAPATA-KELL,,Jessica,F,Self,Jessica F Zapata-Kell,8714 Juniper Ln,Philadelphia,PA,19176,(856) 555-1777,,Mail,NPRC,01/03/2024,No,,ZAPATA-KELL|JESSICA|19176,"ZAPATA-KELL, Jessica",[TACOM];[CSR];[Admin];[ReadOnlyAudit];LocalDomainServers,
F923C9FD805DB2BE81BBDABB99AF82A2,2822,,01/03/2009 14:39:59,01/03/2009 14:39:59,CN=Ret Hamlin/OU=CHPSID/O=TACOM,,RQ001995,Whitlock-Bay,,Brian,,Daughter,Carl Whitlock,843 Magnolia Blvd,Boston,MA,02169,(856) 555-1949,,E-mail,Manual,01/03/2009,Yes,01/03/2009,WHITLOCK-BAY|BRIAN|02169,"Whitlock-Bay, Brian",[TACOM];[CSR];[Admin];[ReadOnlyAudit];LocalDomainServers,
69B6E6B563093CF8CC2D1CFD97E6FAF3,2826,,10/30/2018 11:06:25,10/30/2018 11:06:25,CN=Dwayne Petrakis/OU=CHPSID/O=TACOM,,RQ001996,Prendergast,,Carl,,Self,Carl Prendergast,3218 Laurel Ave,Harrisburg,PA,17150,(484) 555-1779,,Mail,Congressional,10/30/2018,Yes,10/30/2018,PRENDERGAST|CARL|17150,"Prendergast, Carl",[TACOM];[CSR];[Admin];[ReadOnlyAudit];LocalDomainServers,
F655FA4551838024A3F94E4886CB0C44,282A,,07/10/2017 07:41:27,07/10/2017 07:41:27,CN=HRC-Transfer/OU=Agents/O=TACOM,,RQ001997,Escobedo-Ruiz,,Steven,,Spouse,John Escobedo,7071 Dogwood Ave,Dayton,OH,45404,,,Mail,HRC,07/10/2017,Yes,07/10/2017,ESCOBEDO-RUIZ|STEVEN|45404,"Escobedo-Ruiz, Steven",[TACOM];[CSR];[Admin];[ReadOnlyAudit];LocalDomainServers,
94B238B6DF1D06E530C6C3FE2E8E9BC5,282E,,07/01/2016 09:42:15,07/01/2016 09:42:15,CN=HRC-Transfer/OU=Agents/O=TACOM,,RQ001998,Redfearn,,Karen,J,Son,Karen Redfearn,7743 Eisenhower Dr,Providence,RI,02971-6417,,,Mail,HRC,07/01/2016,No,,REDFEARN|KAREN|02971,"Redfearn, Karen J",[TACOM];[CSR];[Admin];[ReadOnlyAudit];LocalDomainServers,
B801A480D1CE7AA895F8C93032736D2A,2832,,04/17/2012 09:01:39,04/17/2012 09:01:39,CN=HRC-Transfer/OU=Agents/O=TACOM,,RQ001999,Vanterpool,,Ralph,,Spouse,Darnell Vanterpool,1159 Bradley Ave,Peoria,IL,61611,(540) 555-1846,,Mail,NPRC,04/17/2012,Yes,04/17/2012,VANTERPOOL|RALPH|61611,"Vanterpool, Ralph",[TACOM];[CSR];[Admin];[ReadOnlyAudit];LocalDomainServers,
1A50A4489A14285265ABBF4452CC9481,2836,,10/02/2023 14:12:35,10/02/2023 14:12:35,CN=HRC-Transfer/OU=Agents/O=TACOM,,RQ002000,Hargreave,Jr.,Earl,,Spouse,Ernesto Hargreave,441 Lincoln Ln,Spokane,WA,99214,(717) 555-1032,,Phone,NPRC,10/02/2023,Yes,10/02/2023,HARGREAVE|EARL|99214,"Hargreave, Earl",[TACOM];[CSR];[Admin];[ReadOnlyAudit];LocalDomainServers,
DFE239CA419760A696598C535C3D9E89,283A,,06/06/2011 11:07:34,06/06/2011 11:07:34,CN=HRC-Transfer/OU=Agents/O=TACOM,,RQ002001,Yarrowdale,,Richard,,Self,Richard Yarrowdale,6585 Spruce Way,Providence,RI,02916-7055,,,Phone,HRC,06/06/2011,No,,YARROWDALE|RICHARD|02916,"Yarrowdale, Richard",[TACOM];[CSR];[Admin];[ReadOnlyAudit];LocalDomainServers,
00BE6FE046C01677B6BE6C175B12B184,283E,,08/19/2015 09:15:50,08/19/2015 09:15:50,CN=HRC-Transfer/OU=Agents/O=TACOM,,RQ002002,Nakashima,,Daniel,S,Parent,James Nakashima,1575 Poplar Blvd,Harrisburg,PA,17123-6596,(302) 555-1438,,E-mail,HRC,08/19/2015,No,,NAKASHIMA|DANIEL|17123,"Nakashima, Daniel S",[TACOM];[CSR];[Admin];[ReadOnlyAudit];LocalDomainServers,
BEDC961291CAEFF836FE806FDAD9EFCA,2842,,10/03/2012 17:15:52,10/03/2012 17:15:52,CN=Ret Hamlin/OU=CHPSID/O=TACOM,,RQ002003,Tarquinio,,Andre,J,Daughter,Ryan Tarquinio,9310 Laurel Blvd,St. Louis,MO,63158,(410) 555-1479,andre.tarquinio@example.com,Phone,Congressional,10/03/2012,No,,TARQUINIO|ANDRE|63158,"Tarquinio, Andre J",[TACOM];[CSR];[Admin];[ReadOnlyAudit];LocalDomainServers,
A0FCECB4C619ED1CA209FC3FA45528EC,2846,,09/01/2014 08:36:32,09/01/2014 08:36:32,CN=HRC-Transfer/OU=Agents/O=TACOM,,RQ002004,NORTHWAY,,James,G,Self,James G Northway,8827 Madison Ave,Houston,TX,77033,(540) 555-1694,,Mail,NPRC,09/01/2014,No,,NORTHWAY|JAMES|77033,"NORTHWAY, James",[TACOM];[CSR];[Admin];[ReadOnlyAudit];LocalDomainServers,
F7E7E0F5046A913CCADC6147A0099594,284A,,08/19/2006 16:47:10,08/19/2006 16:47:10,CN=HRC-Transfer/OU=Agents/O=TACOM,,RQ002005,Benavidez-Cruz,,Stephanie,S,Self,Stephanie S Benavidez-Cruz,7379 Chestnut Dr,Worcester,MA,01611,(302) 555-1367,,E-mail,HRC,08/19/2006,Yes,,BENAVIDEZ-CRUZ|STEPHANIE|01611,"Benavidez-Cruz, Stephanie S",[TACOM];[CSR];[Admin];[ReadOnlyAudit];LocalDomainServers,
79B4D9D8EC09238CB0F5A1A9EDA57615,284E,,06/04/2010 08:11:29,06/04/2010 08:11:29,CN=Benedetta Kowalczyk/OU=CHPSID/O=TACOM,,RQ002006,Galbreath,,Anthony,D,Daughter,Carl Galbreath,3641 Bradley Way,Boston,MA,02165,(215) 555-1681,,Mail,Congressional,06/04/2010,No,06/04/2010,GALBREATH|ANTHONY|02165,"Galbreath, Anthony D",[TACOM];[CSR];[Admin];[ReadOnlyAudit];LocalDomainServers,
F9DCAEEF646C5A6EACEEE7D119A37243,2852,,07/11/2026 17:31:17,07/11/2026 17:31:17,CN=Lorraine Whitcombe/OU=CHPSID/O=TACOM,,RQ002007,Yamaguchi-Orr,,H.,B,Self,Helen B Yamaguchi-Orr,8628 Poplar Ln,Nashville,TN,37271,(267) 555-1353,,Mail,Manual,07/11/2026,No,,YAMAGUCHI-ORR|H.|37271,"Yamaguchi-Orr, H.",[TACOM];[CSR];[Admin];[ReadOnlyAudit];LocalDomainServers,
4A24736EC50D0C81EAA326D2FF4C0799,2856,,07/16/2014 15:11:20,07/16/2014 15:11:20,CN=HRC-Transfer/OU=Agents/O=TACOM,,RQ002008,Ashcroft-Mayne,Sr.,Leonard,N,Self,Leonard N Ashcroft-Mayne,7330 Laurel Way,Los Angeles,CA,90020-0213,(703) 555-1959,,E-mail,HRC,07/16/2014,No,07/16/2014,ASHCROFT-MAYNE|LEONARD|90020,"Ashcroft-Mayne, Leonard N",[TACOM];[CSR];[Admin];[ReadOnlyAudit];LocalDomainServers,
246F71C0EAC27CBB9EE4036ECFA62E6D,285A,,07/30/2018 13:33:40,07/30/2018 13:33:40,CN=Lorraine Whitcombe/OU=CHPSID/O=TACOM,,RQ002009,Oakhurst-Pell,,Jennifer,W,Self,Jennifer W Oakhurst-Pell,2131 Patton Blvd,Fayetteville,NC,28317,(540) 555-1277,,E-mail,Manual,07/30/2018,No,07/30/2018,OAKHURST-PELL|JENNIFER|28317,"Oakhurst-Pell, Jennifer W",[TACOM];[CSR];[Admin];[ReadOnlyAudit];LocalDomainServers,
06ACA057E1187C739826E018889F8B42,285E,,11/23/2009 17:23:30,11/23/2009 17:23:30,CN=Renata Vasquez-Holm/OU=CHPSID/O=TACOM,,RQ002010,Oakhurst-Pell,,Betty,,Self,Betty Oakhurst-Pell,5194 Patton Way Apt 32C,Anchorage,AK,99544,(717) 555-1912,,Mail,Manual,11/23/2009,Yes,,OAKHURST-PELL|BETTY|99544,"Oakhurst-Pell, Betty",[TACOM];[CSR];[Admin];[ReadOnlyAudit];LocalDomainServers,
676FFD0A0E49C698CE7CDFD20BE745AC,2862,,06/04/2026 11:25:32,06/04/2026 11:25:32,CN=HRC-Transfer/OU=Agents/O=TACOM,,RQ002011,Trevino-Hale,III,Andrew,A,Self,Andrew A Trevino-Hale,9205 Elm Way,Memphis,TN,38116-6844,(484) 555-1133,,E-mail,NPRC,06/04/2026,Yes,06/04/2026,TREVINO-HALE|ANDREW|38116,"Trevino-Hale, Andrew A",[TACOM];[CSR];[Admin];[ReadOnlyAudit];LocalDomainServers,
B00CA3F6926DC05DE5642FB2AC9F09F9,2866,,09/18/2013 17:15:20,09/18/2013 17:15:20,CN=HRC-Transfer/OU=Agents/O=TACOM,,RQ002012,Zimmerly Jr.,Jr.,Jessica,G,Spouse,Donna Zimmerly,3566 Bradley Pl,Denver,CO,80206-0406,,,Phone,HRC,09/18/2013,No,,ZIMMERLY JR.|JESSICA|80206,"Zimmerly Jr., Jessica",[TACOM];[CSR];[Admin];[ReadOnlyAudit];LocalDomainServers,
049409D36403CDB8F193FD7F35E8BB5D,286A,,09/28/2020 07:48:06,09/28/2020 07:48:06,CN=Benedetta Kowalczyk/OU=CHPSID/O=TACOM,,RQ002013,Escobedo-Ruiz,,Luis,C,Grandchild,David Escobedo,7718 Ridgway Dr,Charlotte,NC,28235,(302) 555-1320,luis.escobedo@example.com,Phone,Congressional,09/28/2020,No,,ESCOBEDO-RUIZ|LUIS|28235,"Escobedo-Ruiz, Luis C",[TACOM];[CSR];[Admin];[ReadOnlyAudit];LocalDomainServers,
5E3C0E225515531BFD49AAC93B3187CF,286E,,06/30/2014 17:03:37,06/30/2014 17:03:37,CN=Renata Vasquez-Holm/OU=CHPSID/O=TACOM,,RQ002014,Yarrowdale,Jr.,Clarence,K,Self,Clarence K Yarrowdale,9526 Poplar Ter,Albany,NY,12288,,,Mail,Manual,06/30/2014,Yes,06/30/2014,YARROWDALE|CLARENCE|12288,"Yarrowdale, Clarence K",[TACOM];[CSR];[Admin];[ReadOnlyAudit];LocalDomainServers,
322C44FE505B7394B73A303B6F3B3335,2872,,05/12/2019 15:00:17,05/12/2019 15:00:17,CN=Lorraine Whitcombe/OU=CHPSID/O=TACOM,,RQ002015,Altamirano-Diaz,III,Joshua,,Self,Joshua Altamirano-Diaz,3620 Juniper Rd,Buffalo,NY,14263,(703) 555-1424,,E-mail,Manual,05/12/2019,Yes,,ALTAMIRANO-DIAZ|JOSHUA|14263,"Altamirano-Diaz, Joshua",[TACOM];[CSR];[Admin];[ReadOnlyAudit];LocalDomainServers,
52EB24D6C7322396ED994B0CFC7C7222,2876,,12/07/2007 11:05:01,12/07/2007 11:05:01,CN=HRC-Transfer/OU=Agents/O=TACOM,,RQ002016,Xanthopoulos,Sr.,Leonard,D,Self,Leonard D Xanthopoulos,7024 Marshall Dr,Honolulu,HI,96879,(267) 555-1175,,Mail,NPRC,12/07/2007,No,,XANTHOPOULOS|LEONARD|96879,"Xanthopoulos, Leonard D",[TACOM];[CSR];[Admin];[ReadOnlyAudit];LocalDomainServers,
5C16CB431FC1289BD06B0490DA6A4953,287A,,08/25/2025 13:19:26,08/25/2025 13:19:26,CN=Lorraine Whitcombe/OU=CHPSID/O=TACOM,,RQ002017,Barrowclough,,Carl,,Daughter,Heather Barrowclough,1711 Washington Ct,Newark,NJ,07186-7071,(540) 555-1034,carl.barrowclough@example.com,Phone,Manual,08/25/2025,Yes,08/25/2025,BARROWCLOUGH|CARL|07186,"Barrowclough, Carl",[TACOM];[CSR];[Admin];[ReadOnlyAudit];LocalDomainServers,
826EA4C39D99D5D634A00F30B11DEB24,287E,,10/11/2006 14:30:04,10/11/2006 14:30:04,CN=HRC-Transfer/OU=Agents/O=TACOM,,RQ002018,Quinonez,Jr.,Ralph,,Daughter,Luis Quinonez,1054 Willow Rd,Colorado Springs,CO,80976-6645,,,Mail,HRC,10/11/2006,No,10/11/2006,QUINONEZ|RALPH|80976,"Quinonez, Ralph",[TACOM];[CSR];[Admin];[ReadOnlyAudit];LocalDomainServers,
A443D20B6FA5FFA6AC89E0051B045D0E,2882,,11/23/2011 15:30:07,11/23/2011 15:30:07,CN=HRC-Transfer/OU=Agents/O=TACOM,,RQ002019,Tarquinio,Jr.,Raymond,,Son,Terrence Tarquinio,6327 Chestnut Way,Little Rock,AR,72263,(703) 555-1005,,Mail,HRC,11/23/2011,Yes,11/23/2011,TARQUINIO|RAYMOND|72263,"Tarquinio, Raymond",[TACOM];[CSR];[Admin];[ReadOnlyAudit];LocalDomainServers,
8A7807956ED8570934E62E95352C7C11,2886,,04/16/2017 12:55:32,04/16/2017 12:55:32,CN=HRC-Transfer/OU=Agents/O=TACOM,,RQ002020,Ormsbee,III,Jennifer,L,Spouse,Evelyn Ormsbee,7596 Walnut Ter Apt 15C,Knoxville,TN,37957,(215) 555-1449,,Phone,HRC,04/16/2017,Yes,,ORMSBEE|JENNIFER|37957,"Ormsbee, Jennifer L",[TACOM];[CSR];[Admin];[ReadOnlyAudit];LocalDomainServers,
6E0672E6C52F5EF928146763044F5453,288A,,07/09/2020 10:20:01,07/09/2020 10:20:01,CN=Renata Vasquez-Holm/OU=CHPSID/O=TACOM,,RQ002021,Greaves-Tolan,,Carlos,N,Self,Carlos N Greaves-Tolan,1095 Patton Ave,Omaha,NE,68163-1848,(410) 555-1062,,Mail,Manual,07/09/2020,No,,GREAVES-TOLAN|CARLOS|68163,"Greaves-Tolan, Carlos N",[TACOM];[CSR];[Admin];[ReadOnlyAudit];LocalDomainServers,
B38923FAC49F2FF72F4C95287A91B0CA,288E,,05/14/2018 07:51:17,05/14/2018 07:51:17,CN=Renata Vasquez-Holm/OU=CHPSID/O=TACOM,,RQ002022,Villanueva-Cox,,Sandra,J,Self,Sandra J Villanueva-Cox,6269 Bradley Ave,Raleigh,NC,27636,(302) 555-1030,sandra.villanueva@example.com,Mail,Manual,05/14/2018,Yes,05/14/2018,VILLANUEVA-COX|SANDRA|27636,"Villanueva-Cox, Sandra J",[TACOM];[CSR];[Admin];[ReadOnlyAudit];LocalDomainServers,
2EC845DBDC0CC72AEC455762C356047C,2892,,01/28/2005 17:23:49,01/28/2005 17:23:49,CN=HRC-Transfer/OU=Agents/O=TACOM,,RQ002023,Maldonado-Vega,,Eugene,T,Self,Eugene T Maldonado-Vega,5034 Bradley Rd,Columbus,GA,31953,(717) 555-1557,eugene.maldonado@example.com,Mail,HRC,01/28/2005,Yes,01/28/2005,MALDONADO-VEGA|EUGENE|31953,"Maldonado-Vega, Eugene T",[TACOM];[CSR];[Admin];[ReadOnlyAudit];LocalDomainServers,
FE6885E205FB31E33A2FD18CE78095F4,2896,,03/28/2011 08:35:36,03/28/2011 08:35:36,CN=HRC-Transfer/OU=Agents/O=TACOM,,RQ002024,Oakhurst-Pell,,Margaret,T,Son,Donald Oakhurst,2583 Veterans Memorial St,Columbus,OH,43229-0312,(856) 555-1564,margaret.oakhurst@example.com,Mail,NPRC,03/28/2011,No,03/28/2011,OAKHURST-PELL|MARGARET|43229,"Oakhurst-Pell, Margaret T",[TACOM];[CSR];[Admin];[ReadOnlyAudit];LocalDomainServers,
9CDCFA2C00D53C63E2879CA09AC487ED,289A,,07/09/2021 08:41:34,07/09/2021 08:41:34,CN=HRC-Transfer/OU=Agents/O=TACOM,,RQ002025,Galbreath Jr.,,Leonard,B,Daughter,Heather Galbreath,9542 Madison Pl,St. Louis,MO,63179-9497,(410) 555-1273,leonard.galbreath@example.com,Mail,NPRC,07/09/2021,No,,GALBREATH JR.|LEONARD|63179,"Galbreath Jr., Leonard",[TACOM];[CSR];[Admin];[ReadOnlyAudit];LocalDomainServers,
41B008E452F48E998C678A96420801B9,289E,,10/14/2004 13:55:25,10/14/2004 13:55:25,CN=Benedetta Kowalczyk/OU=CHPSID/O=TACOM,,RQ002026,Yellowley,Jr.,Ryan,J,Self,Ryan J Yellowley,2386 Jefferson Ter,Minneapolis,MN,55404,(703) 555-1592,,Phone,Manual,10/14/2004,Yes,10/14/2004,YELLOWLEY|RYAN|55404,"Yellowley, Ryan J",[TACOM];[CSR];[Admin];[ReadOnlyAudit];LocalDomainServers,
B06ED826819EE23EA1CEB3713B599B5A,28A2,,12/20/2024 14:43:39,12/20/2024 14:43:39,CN=Dwayne Petrakis/OU=CHPSID/O=TACOM,,RQ002027,Villanueva-Cox,III,Carl,H,Son,Carl Villanueva,7950 Hickory Way,Savannah,GA,31410,,,Mail,Manual,12/20/2024,Yes,12/20/2024,VILLANUEVA-COX|CARL|31410,"Villanueva-Cox, Carl H",[TACOM];[CSR];[Admin];[ReadOnlyAudit];LocalDomainServers,
05327F8B6B1881B44A02F2D8CCEF6279,28A6,,11/27/2019 07:27:59,11/27/2019 07:27:59,CN=HRC-Transfer/OU=Agents/O=TACOM,,RQ002028,Northway,,Jeffrey,K,Spouse,Margaret Northway,1809 Bradley Ave,Phoenix,AZ,85049,(703) 555-1087,,Mail,HRC,11/27/2019,No,11/27/2019,NORTHWAY|JEFFREY|85049,"Northway, Jeffrey K",[TACOM];[CSR];[Admin];[ReadOnlyAudit];LocalDomainServers,
06706203578E932C8AA47918D8CED92E,28AA,,09/05/2010 16:52:51,09/05/2010 16:52:51,CN=Lorraine Whitcombe/OU=CHPSID/O=TACOM,,RQ002029,Cartlewood,Jr.,Daniel,,Self,Daniel Cartlewood,9325 Magnolia Blvd,Shreveport,LA,71130,(410) 555-1093,daniel.cartlewood@example.com,Mail,Manual,09/05/2010,Yes,,CARTLEWOOD|DANIEL|71130,"Cartlewood, Daniel",[TACOM];[CSR];[Admin];[ReadOnlyAudit];LocalDomainServers,
16A763B0D5885DD91E8F28D5B96E5123,28AE,,12/25/2022 10:27:35,12/25/2022 10:27:35,CN=HRC-Transfer/OU=Agents/O=TACOM,,RQ002030,Greaves-Tolan,III,Jose,,Self,Jose Greaves-Tolan,4042 Poplar Ln,Salt Lake City,UT,84114-3665,(215) 555-1127,,Mail,NPRC,12/25/2022,Yes,,GREAVES-TOLAN|JOSE|84114,"Greaves-Tolan, Jose",[TACOM];[CSR];[Admin];[ReadOnlyAudit];LocalDomainServers,
DEC74F4671A3D9F507B6DC302DA59BB7,28B2,,10/21/2005 14:39:59,10/21/2005 14:39:59,CN=HRC-Transfer/OU=Agents/O=TACOM,,RQ002031,Kirkbride,,Daniel,L,Son,Elizabeth Kirkbride,5992 Marshall Ter,Denver,CO,80295-9101,(717) 555-1093,daniel.kirkbride@example.com,Mail,HRC,10/21/2005,Yes,10/21/2005,KIRKBRIDE|DANIEL|80295,"Kirkbride, Daniel L",[TACOM];[CSR];[Admin];[ReadOnlyAudit];LocalDomainServers,
B41BC3480F408591940B7127455EBDC7,28B6,,02/13/2021 14:10:21,02/13/2021 14:10:21,CN=HRC-Transfer/OU=Agents/O=TACOM,,RQ002032,Jessup-Kane,,David,W,Self,David W Jessup-Kane,6362 Birch Pl,Los Angeles,CA,90092,(302) 555-1430,david.jessup@example.com,Mail,NPRC,02/13/2021,Yes,,JESSUP-KANE|DAVID|90092,"Jessup-Kane, David W",[TACOM];[CSR];[Admin];[ReadOnlyAudit];LocalDomainServers,
9173D7CF0735915E2DFF6963701B716A,28BA,,07/23/2020 14:39:53,07/23/2020 14:39:53,CN=HRC-Transfer/OU=Agents/O=TACOM,,RQ002033,Quimbley,,David,,Self,David Quimbley,2223 Madison Ave,Las Vegas,NV,89120,(610) 555-1086,david.quimbley@example.com,Mail,HRC,07/23/2020,Yes,07/23/2020,QUIMBLEY|DAVID|89120,"Quimbley, David",[TACOM];[CSR];[Admin];[ReadOnlyAudit];LocalDomainServers,
531F59B7B66FA258D34D10ED8947AE3B,28BE,,04/22/2022 13:06:00,04/22/2022 13:06:00,CN=Benedetta Kowalczyk/OU=CHPSID/O=TACOM,,RQ002034,Nakashima,,Linda,,Self,Linda Nakashima,8811 Walnut St,Hartford,CT,06109,,linda.nakashima@example.com,Mail,Congressional,04/22/2022,Yes,04/22/2022,NAKASHIMA|LINDA|06109,"Nakashima, Linda",[TACOM];[CSR];[Admin];[ReadOnlyAudit];LocalDomainServers,
8F6C5258A19941A8CC69E79603EB39CC,28C2,,08/08/2011 08:27:19,08/08/2011 08:27:19,CN=Marlene Okafor/OU=CHPSID/O=TACOM,,RQ002035,Xanthopoulos,,Luis,F,Sibling,Ralph Xanthopoulos,3972 Patton Ter,Columbus,GA,31908,(302) 555-1883,,Mail,Manual,08/08/2011,Yes,08/08/2011,XANTHOPOULOS|LUIS|31908,"Xanthopoulos, Luis F",[TACOM];[CSR];[Admin];[ReadOnlyAudit];LocalDomainServers,
5605BC5F1B345B180EAE778B1D19D9E2,28C6,,01/18/2016 09:40:47,01/18/2016 09:40:47,CN=HRC-Transfer/OU=Agents/O=TACOM,,RQ002036,Figueroa-Paz,Sr.,Karen,L,Self,Karen L Figueroa-Paz,2443 Washington St,Indianapolis,IN,46227-8610,(410) 555-1914,karen.figueroa@example.com,E-mail,NPRC,01/18/2016,Yes,01/18/2016,FIGUEROA-PAZ|KAREN|46227,"Figueroa-Paz, Karen L",[TACOM];[CSR];[Admin];[ReadOnlyAudit];LocalDomainServers,
9FB5BC69E53155C54C1B10A7FAA90216,28CA,,07/18/2015 09:00:12,07/18/2015 09:00:12,CN=HRC-Transfer/OU=Agents/O=TACOM,,RQ002037,Abernook,,Norman,,Grandchild,Nancy Abernook,4148 Armory St,San Diego,CA,92131,(856) 555-1985,norman.abernook@example.com,Phone,HRC,07/18/2015,Yes,,ABERNOOK|NORMAN|92131,"Abernook, Norman",[TACOM];[CSR];[Admin];[ReadOnlyAudit];LocalDomainServers,
48EA644B2371C5993D7D49E062860BC6,28CE,,03/03/2015 10:44:21,03/03/2015 10:44:21,CN=Renata Vasquez-Holm/OU=CHPSID/O=TACOM,,RQ002038,Kirkbride,,James,,Daughter,Jessica Kirkbride,3412 Lincoln St Apt 35B,Norfolk,VA,23551-1446,(302) 555-1477,james.kirkbride@example.com,Mail,Manual,03/03/2015,Yes,03/03/2015,KIRKBRIDE|JAMES|23551,"Kirkbride, James",[TACOM];[CSR];[Admin];[ReadOnlyAudit];LocalDomainServers,
502B35B7FF67762F9E1C04721D1E06C4,28D2,,10/18/2023 14:49:13,10/18/2023 14:49:13,CN=Dwayne Petrakis/OU=CHPSID/O=TACOM,,RQ002039,Pemberley,,Amanda,D,Spouse,Brandon Pemberley,8201 Pershing Ct,Birmingham,AL,35264,(610) 555-1214,,E-mail,Manual,10/18/2023,Yes,,PEMBERLEY|AMANDA|35264,"Pemberley, Amanda D",[TACOM];[CSR];[Admin];[ReadOnlyAudit];LocalDomainServers,
F61FFDD740E39CA6620F4997B1788CB9,28D6,,01/14/2022 13:15:15,01/14/2022 13:15:15,CN=Ret Hamlin/OU=CHPSID/O=TACOM,,RQ002040,Everleigh,Sr.,Donna,T,Self,Donna T Everleigh,3391 Lincoln Way,Los Angeles,CA,90033,(717) 555-1926,,Mail,Manual,01/14/2022,Yes,,EVERLEIGH|DONNA|90033,"Everleigh, Donna T",[TACOM];[CSR];[Admin];[ReadOnlyAudit];LocalDomainServers,
D961E4DA41E22622AA56E7C0004797AD,28DA,,04/08/2005 11:19:15,04/08/2005 11:19:15,CN=HRC-Transfer/OU=Agents/O=TACOM,,RQ002041,Delgadillo,,Joshua,,Son,Daniel Delgadillo,9549 Patton Pl,Dallas,TX,75289,(267) 555-1753,,Mail,HRC,04/08/2005,No,04/08/2005,DELGADILLO|JOSHUA|75289,"Delgadillo, Joshua",[TACOM];[CSR];[Admin];[ReadOnlyAudit];LocalDomainServers,
F2A9FF5C7FAA75729A5B6F633829A527,28DE,,08/02/2021 09:35:22,08/02/2021 09:35:22,CN=HRC-Transfer/OU=Agents/O=TACOM,,RQ002042,Isherwood,,Stephanie,B,Other NOK,Jennifer Isherwood,6373 Bradley Ln,Anchorage,AK,99504,,stephanie.isherwood@example.com,Phone,HRC,08/02/2021,Yes,08/02/2021,ISHERWOOD|STEPHANIE|99504,"Isherwood, Stephanie B",[TACOM];[CSR];[Admin];[ReadOnlyAudit];LocalDomainServers,
91DB22EBCAF28C56585306DB81C95EBF,28E2,,04/28/2026 07:26:09,04/28/2026 07:26:09,CN=HRC-Transfer/OU=Agents/O=TACOM,,RQ002043,Everleigh Jr.,,Marcus,R,Self,Marcus R Everleigh,9883 Hickory Way,Philadelphia,PA,19131,(856) 555-1146,marcus.everleigh@example.com,Mail,HRC,04/28/2026,No,,EVERLEIGH JR.|MARCUS|19131,"Everleigh Jr., Marcus",[TACOM];[CSR];[Admin];[ReadOnlyAudit];LocalDomainServers,
3285440867B440CA2A60FF02AE95F392,28E6,,01/27/2012 08:23:10,01/27/2012 08:23:10,CN=HRC-Transfer/OU=Agents/O=TACOM,,RQ002044,Jankowitz,,Howard,R,Self,Howard R Jankowitz,1169 Veterans Memorial Ln,Denver,CO,80292-6436,(703) 555-1903,,Phone,HRC,01/27/2012,No,01/27/2012,JANKOWITZ|HOWARD|80292,"Jankowitz, Howard R",[TACOM];[CSR];[Admin];[ReadOnlyAudit];LocalDomainServers,
D3CF04D765ACE81D9215AADE21DBDA7F,28EA,,02/13/2026 07:17:37,02/13/2026 07:17:37,CN=Ret Hamlin/OU=CHPSID/O=TACOM,,RQ002045,Lindquarry,III,Elizabeth,B,Self,Elizabeth B Lindquarry,8123 Birch Ln,Huntsville,AL,35820,(610) 555-1234,,E-mail,Manual,02/13/2026,No,,LINDQUARRY|ELIZABETH|35820,"Lindquarry, Elizabeth",[TACOM];[CSR];[Admin];[ReadOnlyAudit];LocalDomainServers,
6320FA4F2A0C1C2ADFA578848A08FFCA,28EE,,07/03/2009 14:06:00,07/03/2009 14:06:00,CN=HRC-Transfer/OU=Agents/O=TACOM,,RQ002046,Zellinger,,Kevin,K,Self,Kevin K Zellinger,1223 Birch Rd,Burlington,VT,05486,(610) 555-1262,kevin.zellinger@example.com,Mail,HRC,07/03/2009,No,07/03/2009,ZELLINGER|KEVIN|05486,"Zellinger, Kevin K",[TACOM];[CSR];[Admin];[ReadOnlyAudit];LocalDomainServers,
DA0E0C189AE6F1E88FBCAD9603A54573,28F2,,09/19/2011 13:03:09,09/19/2011 13:03:09,CN=Renata Vasquez-Holm/OU=CHPSID/O=TACOM,,RQ002047,Redfearn,,Sarah,D,Self,Sarah D Redfearn,1574 Magnolia Ter,Cleveland,OH,44147-4349,(484) 555-1363,,Mail,Congressional,09/19/2011,No,,REDFEARN|SARAH|44147,"Redfearn, Sarah D",[TACOM];[CSR];[Admin];[ReadOnlyAudit];LocalDomainServers,
44D3E4676840A38D3FDFE6D8089BD4FC,28F6,,12/25/2016 15:40:52,12/25/2016 15:40:52,CN=HRC-Transfer/OU=Agents/O=TACOM,,RQ002048,Zabrowski,Jr.,Jeffrey,R,Daughter,Carl Zabrowski,7835 Poplar Ct,Portland,OR,97264,(540) 555-1893,,Mail,HRC,12/25/2016,No,12/25/2016,ZABROWSKI|JEFFREY|97264,"Zabrowski, Jeffrey R",[TACOM];[CSR];[Admin];[ReadOnlyAudit];LocalDomainServers,
EC2E18CD8782057542C57C489F256ED0,28FA,,12/13/2021 14:57:52,12/13/2021 14:57:52,CN=HRC-Transfer/OU=Agents/O=TACOM,,RQ002049,Fairweather,,Frances W,W,Self,Frances W Fairweather,7795 Willow Ct Apt 24A,Philadelphia,PA,19144,(717) 555-1050,,Mail,NPRC,12/13/2021,No,,FAIRWEATHER|FRANCES W|19144,"Fairweather, Frances W",[TACOM];[CSR];[Admin];[ReadOnlyAudit];LocalDomainServers,
EB338D94F449F75A7138D0EEA636F645,28FE,,09/19/2013 10:32:06,09/19/2013 10:32:06,CN=Benedetta Kowalczyk/OU=CHPSID/O=TACOM,,RQ002050,Ellingboe,III,L.,L,Self,Lisa L Ellingboe,5008 Eisenhower Pl,Anchorage,AK,99591,,lisa.ellingboe@example.com,Mail,Manual,09/19/2013,No,,ELLINGBOE|L.|99591,"Ellingboe, L.",[TACOM];[CSR];[Admin];[ReadOnlyAudit];LocalDomainServers,
31339D60A69C9215DAA086E3142668DD,2902,,12/11/2025 07:20:01,12/11/2025 07:20:01,CN=HRC-Transfer/OU=Agents/O=TACOM,,RQ002051,Kestleman,III,Daniel,,Spouse,Andrew Kestleman,9298 Sycamore Ln,Jackson,MS,39265,,,Phone,HRC,12/11/2025,Yes,12/11/2025,KESTLEMAN|DANIEL|39265,"Kestleman, Daniel",[TACOM];[CSR];[Admin];[ReadOnlyAudit];LocalDomainServers,
86EAE1C8D7F54DA6340E6B70A3CDACAB,2906,,01/06/2024 10:54:01,01/06/2024 10:54:01,CN=HRC-Transfer/OU=Agents/O=TACOM,,RQ002052,Beddingfield,,Andre,T,Grandchild,Luis Beddingfield,1505 Pershing St,St. Louis,MO,63135,(717) 555-1104,,E-mail,NPRC,01/06/2024,Yes,,BEDDINGFIELD|ANDRE|63135,"Beddingfield, Andre T",[TACOM];[CSR];[Admin];[ReadOnlyAudit];LocalDomainServers,
3D869F4F3E2433D68A0702D2D18B0B0A,290A,,09/02/2017 07:42:20,09/02/2017 07:42:20,CN=Dwayne Petrakis/OU=CHPSID/O=TACOM,,RQ002053,Haverstock,,Mary,E,Self,Mary E Haverstock,1903 Dogwood Pl,Denver,CO,80281,(410) 555-1091,mary.haverstock@example.com,Mail,Manual,09/02/2017,Yes,,HAVERSTOCK|MARY|80281,"Haverstock, Mary E",[TACOM];[CSR];[Admin];[ReadOnlyAudit];LocalDomainServers,
2DC596350917A422CAAB4DBC61C16AC4,290E,,06/06/2017 15:02:15,06/06/2017 15:02:15,CN=HRC-Transfer/OU=Agents/O=TACOM,,RQ002054,Coldwater,,Evelyn,T,Self,Evelyn T Coldwater,4341 Walnut Ter,Memphis,TN,38178,(410) 555-1540,evelyn.coldwater@example.com,Phone,HRC,06/06/2017,No,06/06/2017,COLDWATER|EVELYN|38178,"Coldwater, Evelyn T",[TACOM];[CSR];[Admin];[ReadOnlyAudit];LocalDomainServers,
3B5B1CC97D030F100E37078002DCA90C,2912,,07/07/2019 10:11:18,07/07/2019 10:11:18,CN=HRC-Transfer/OU=Agents/O=TACOM,,RQ002055,Gastrelle,,Ruth,A,Spouse,Lisa Gastrelle,9655 Pershing Dr,Charleston,WV,25364,(410) 555-1048,,E-mail,NPRC,07/07/2019,Yes,07/07/2019,GASTRELLE|RUTH|25364,"Gastrelle, Ruth A",[TACOM];[CSR];[Admin];[ReadOnlyAudit];LocalDomainServers,
F4B6E9F59F00BE2C462F6771DF3AE36D,2916,,02/17/2010 14:53:00,02/17/2010 14:53:00,CN=Marlene Okafor/OU=CHPSID/O=TACOM,,RQ002056,Crandall-Mott,,Stephanie,F,Self,Stephanie F Crandall-Mott,3093 Oak Dr,Phoenix,AZ,85057,,,Mail,Manual,02/17/2010,No,,CRANDALL-MOTT|STEPHANIE|85057,"Crandall-Mott, Stephanie F",[TACOM];[CSR];[Admin];[ReadOnlyAudit];LocalDomainServers,
958C244B8A7B2D78FC522D4F5EE9A6DA,291A,,01/02/2007 17:21:36,01/02/2007 17:21:36,CN=HRC-Transfer/OU=Agents/O=TACOM,,RQ002057,Pemberley,,Frances,P,Self,Frances P Pemberley,6381 Laurel Ave,Norfolk,VA,23536-0946,(302) 555-1005,,E-mail,HRC,01/02/2007,Yes,,PEMBERLEY|FRANCES|23536,"Pemberley, Frances P",[TACOM];[CSR];[Admin];[ReadOnlyAudit];LocalDomainServers,
EFC2C03D426805F63AA515802113A260,291E,,10/10/2025 09:20:12,10/10/2025 09:20:12,CN=HRC-Transfer/OU=Agents/O=TACOM,,RQ002058,Jaramillo,,Donna,,Spouse,Lisa Jaramillo,7758 Eisenhower Pl,Killeen,TX,76559-8587,(302) 555-1088,,Mail,NPRC,10/10/2025,Yes,,JARAMILLO|DONNA|76559,"Jaramillo, Donna",[TACOM];[CSR];[Admin];[ReadOnlyAudit];LocalDomainServers,
52DA4E2672724545E1CBABAC19E75AF0,2922,,12/20/2014 13:33:29,12/20/2014 13:33:29,CN=HRC-Transfer/OU=Agents/O=TACOM,,RQ002059,Ahlquist-Bane,,Michael,,Self,Michael Ahlquist-Bane,40 Laurel Ln,Indianapolis,IN,46230,,michael.ahlquist@example.com,Mail,NPRC,12/20/2014,Yes,,AHLQUIST-BANE|MICHAEL|46230,"Ahlquist-Bane, Michael",[TACOM];[CSR];[Admin];[ReadOnlyAudit];LocalDomainServers,
581E1C414551C0A9B46285B95E93DE05,2926,,06/27/2008 08:20:16,06/27/2008 08:20:16,CN=HRC-Transfer/OU=Agents/O=TACOM,,RQ002060,Palomares,,Michael,J,Daughter,Michael Palomares,7096 Patton Ter Apt 17A,Peoria,IL,61660,,michael.palomares@example.com,E-mail,HRC,06/27/2008,Yes,,PALOMARES|MICHAEL|61660,"Palomares, Michael J",[TACOM];[CSR];[Admin];[ReadOnlyAudit];LocalDomainServers,
AA1CBFA2811A9ECB706A3EDD0845B4E4,292A,,05/09/2009 10:08:35,05/09/2009 10:08:35,CN=HRC-Transfer/OU=Agents/O=TACOM,,RQ002061,Maldonado-Vega,Jr.,Carlos,M,Self,Carlos M Maldonado-Vega,8046 Maple Way,Cleveland,OH,44152,(856) 555-1356,carlos.maldonado@example.com,Mail,HRC,05/09/2009,Yes,05/09/2009,MALDONADO-VEGA|CARLOS|44152,"Maldonado-Vega, Carlos M",[TACOM];[CSR];[Admin];[ReadOnlyAudit];LocalDomainServers,
8C6BAB48FF9087F6B63B0480819771B1,292E,,07/13/2008 11:06:02,07/13/2008 11:06:02,CN=Dwayne Petrakis/OU=CHPSID/O=TACOM,,RQ002062,Stanwycke,,Frances,B,Self,Frances B Stanwycke,9752 Spruce St,Charleston,WV,25355,(484) 555-1354,frances.stanwycke@example.com,Mail,Manual,07/13/2008,No,,STANWYCKE|FRANCES|25355,"Stanwycke, Frances B",[TACOM];[CSR];[Admin];[ReadOnlyAudit];LocalDomainServers,
E92658C4440B586441ED642CE88946F9,2932,,06/21/2022 16:21:20,06/21/2022 16:21:20,CN=HRC-Transfer/OU=Agents/O=TACOM,,RQ002063,Ullswater,,Ralph,,Spouse,Rafael Ullswater,5109 Washington Ct,Fayetteville,NC,28312,,,Mail,HRC,06/21/2022,Yes,06/21/2022,ULLSWATER|RALPH|28312,"Ullswater, Ralph",[TACOM];[CSR];[Admin];[ReadOnlyAudit];LocalDomainServers,
CEDEE03E7DAE6BF2AEF5C1E6AAB11F01,2936,,12/27/2012 17:18:02,12/27/2012 17:18:02,CN=Benedetta Kowalczyk/OU=CHPSID/O=TACOM,,RQ002064,Fairweather,,Angela,,Self,Angela Fairweather,820 Jefferson Ct,Philadelphia,PA,19122,,,Mail,Manual,12/27/2012,Yes,12/27/2012,FAIRWEATHER|ANGELA|19122,"Fairweather, Angela",[TACOM];[CSR];[Admin];[ReadOnlyAudit];LocalDomainServers,
DC5731CC393018F016F8BB432F4F234B,293A,,10/14/2018 09:33:36,10/14/2018 09:33:36,CN=Renata Vasquez-Holm/OU=CHPSID/O=TACOM,,RQ002065,Quinonez,,Nancy,,Daughter,Jamal Quinonez,4146 Veterans Memorial Way,Kansas City,MO,64162,(484) 555-1203,nancy.quinonez@example.com,E-mail,Congressional,10/14/2018,Yes,,QUINONEZ|NANCY|64162,"Quinonez, Nancy",[TACOM];[CSR];[Admin];[ReadOnlyAudit];LocalDomainServers,
3B0C8557E7170A51E72C5EA44464A46B,293E,,03/06/2010 15:15:28,03/06/2010 15:15:28,CN=Lorraine Whitcombe/OU=CHPSID/O=TACOM,,RQ002066,Abernook,Sr.,Linda,K,Self,Linda K Abernook,2216 Maple Pl,Wheeling,WV,26023,,,Mail,Congressional,03/06/2010,Yes,,ABERNOOK|LINDA|26023,"Abernook, Linda K",[TACOM];[CSR];[Admin];[ReadOnlyAudit];LocalDomainServers,
B95D2DFD70574822452F46BD26514A28,2942,,11/16/2011 11:30:14,11/16/2011 11:30:14,CN=HRC-Transfer/OU=Agents/O=TACOM,,RQ002067,Fennimark,Jr.,Charles,C,Self,Charles C Fennimark,7352 Maple Ave,Pensacola,FL,32538,(267) 555-1832,charles.fennimark@example.com,E-mail,HRC,11/16/2011,Yes,,FENNIMARK|CHARLES|32538,"Fennimark, Charles C",[TACOM];[CSR];[Admin];[ReadOnlyAudit];LocalDomainServers,
9A883374B2E36453AE8DA5B4C973AB31,2946,,06/13/2026 13:55:18,06/13/2026 13:55:18,CN=Marlene Okafor/OU=CHPSID/O=TACOM,,RQ002068,Lattimore,,Amanda,K,Self,Amanda K Lattimore,8037 Sycamore Ct,Fayetteville,NC,28309,(302) 555-1391,,Phone,Congressional,06/13/2026,Yes,06/13/2026,LATTIMORE|AMANDA|28309,"Lattimore, Amanda K",[TACOM];[CSR];[Admin];[ReadOnlyAudit];LocalDomainServers,
A09461F194B663B271F536D5BB882FE3,294A,,03/01/2023 08:48:04,03/01/2023 08:48:04,CN=HRC-Transfer/OU=Agents/O=TACOM,,RQ002069,Jarvinen-Roe,,Carlos,,Spouse,Jose Jarvinen,3072 Eisenhower Ct,Savannah,GA,31409,(540) 555-1570,,Phone,HRC,03/01/2023,No,03/01/2023,JARVINEN-ROE|CARLOS|31409,"Jarvinen-Roe, Carlos",[TACOM];[CSR];[Admin];[ReadOnlyAudit];LocalDomainServers,
AE9439D478C09600F577F3B7FE20C8D0,294E,,10/03/2014 13:00:16,10/03/2014 13:00:16,CN=Renata Vasquez-Holm/OU=CHPSID/O=TACOM,,RQ002070,Underhill-Voss,,Stephanie,W,Daughter,Melissa Underhill,3128 Eisenhower Ave,Portland,OR,97274-5064,(215) 555-1411,stephanie.underhill@example.com,Mail,Manual,10/03/2014,No,,UNDERHILL-VOSS|STEPHANIE|97274,"Underhill-Voss, Stephanie W",[TACOM];[CSR];[Admin];[ReadOnlyAudit];LocalDomainServers,
42D1FDA07DBB30A02A2050EB035CC7E7,2952,,10/16/2015 16:21:24,10/16/2015 16:21:24,CN=HRC-Transfer/OU=Agents/O=TACOM,,RQ002071,Yamaguchi-Orr,Sr.,Andre,M,Son,Kevin Yamaguchi,1465 Juniper Dr,Tucson,AZ,85796,(610) 555-1169,,E-mail,HRC,10/16/2015,Yes,10/16/2015,YAMAGUCHI-ORR|ANDRE|85796,"Yamaguchi-Orr, Andre M",[TACOM];[CSR];[Admin];[ReadOnlyAudit];LocalDomainServers,
02496F678A6ADC5FD0877EAF43D0A224,2956,,02/15/2005 11:01:14,02/15/2005 11:01:14,CN=Renata Vasquez-Holm/OU=CHPSID/O=TACOM,,RQ002072,Mackelvane,,Andre,P,Daughter,Lisa Mackelvane,4422 Juniper Blvd,Phoenix,AZ,85062,(717) 555-1121,andre.mackelvane@example.com,Mail,Manual,02/15/2005,Yes,,MACKELVANE|ANDRE|85062,"Mackelvane, Andre P",[TACOM];[CSR];[Admin];[ReadOnlyAudit];LocalDomainServers,
624BA812091B8E889A21F264FD55227F,295A,,01/29/2017 14:18:56,01/29/2017 14:18:56,CN=HRC-Transfer/OU=Agents/O=TACOM,,RQ002073,Jankowitz,III,Charles,G,Daughter,Virginia Jankowitz,7066 Hickory Ct,Orlando,FL,32839-6673,(215) 555-1029,charles.jankowitz@example.com,E-mail,NPRC,01/29/2017,Yes,01/29/2017,JANKOWITZ|CHARLES|32839,"Jankowitz, Charles G",[TACOM];[CSR];[Admin];[ReadOnlyAudit];LocalDomainServers,
91DC2EA52434CAC157A57B3E1F8CC932,295E,,05/07/2009 14:31:17,05/07/2009 14:31:17,CN=HRC-Transfer/OU=Agents/O=TACOM,,RQ002074,Trevino-Hale,,Carl,L,Self,Carl L Trevino-Hale,4708 Veterans Memorial Pl,Huntsville,AL,35884,(215) 555-1139,,E-mail,NPRC,05/07/2009,No,05/07/2009,TREVINO-HALE|CARL|35884,"Trevino-Hale, Carl L",[TACOM];[CSR];[Admin];[ReadOnlyAudit];LocalDomainServers,
04AD315D3AE06C3614740B619C6A489C,2962,,01/13/2019 09:19:38,01/13/2019 09:19:38,CN=Lorraine Whitcombe/OU=CHPSID/O=TACOM,,RQ002075,Wexcombe,,Daniel,W,Self,Daniel W Wexcombe,2697 Eisenhower Rd,Scranton,PA,18598-5105,,daniel.wexcombe@example.com,E-mail,Manual,01/13/2019,No,,WEXCOMBE|DANIEL|18598,"Wexcombe, Daniel W",[TACOM];[CSR];[Admin];[ReadOnlyAudit];LocalDomainServers,
0A9558DD2C996E1C0F8B2EB5057BF106,2966,,08/12/2016 17:52:00,08/12/2016 17:52:00,CN=HRC-Transfer/OU=Agents/O=TACOM,,RQ002076,Isherwood,III,Luis,G,Self,Luis G Isherwood,549 Bradley Rd,Columbus,GA,31993,(215) 555-1955,luis.isherwood@example.com,Mail,HRC,08/12/2016,Yes,,ISHERWOOD|LUIS|31993,"Isherwood, Luis G",[TACOM];[CSR];[Admin];[ReadOnlyAudit];LocalDomainServers,
060CD0D542849C896B296C8163F7B25F,296A,,06/23/2006 12:21:09,06/23/2006 12:21:09,CN=HRC-Transfer/OU=Agents/O=TACOM,,RQ002077,Abernook,,Barbara,,Grandchild,Sarah Abernook,641 Veterans Memorial Dr,Shreveport,LA,71105,(610) 555-1886,barbara.abernook@example.com,Phone,HRC,06/23/2006,Yes,06/23/2006,ABERNOOK|BARBARA|71105,"Abernook, Barbara",[TACOM];[CSR];[Admin];[ReadOnlyAudit];LocalDomainServers,
2D5F46756D0EDEFCE5D94AA8F309809D,296E,,03/13/2017 17:58:45,03/13/2017 17:58:45,CN=Lorraine Whitcombe/OU=CHPSID/O=TACOM,,RQ002078,Kellerhaus,,Ralph,A,Spouse,Marcus Kellerhaus,4836 Marshall Pl,Nashville,TN,37213,(484) 555-1065,,Phone,Congressional,03/13/2017,No,03/13/2017,KELLERHAUS|RALPH|37213,"Kellerhaus, Ralph A",[TACOM];[CSR];[Admin];[ReadOnlyAudit];LocalDomainServers,
78CEB8457092104D3BF2A513B7C553C4,2972,,10/09/2022 08:21:53,10/09/2022 08:21:53,CN=Dwayne Petrakis/OU=CHPSID/O=TACOM,,RQ002079,Jessup-Kane,,Luis,,Self,Luis Jessup-Kane,9712 Elm Ave,Cleveland,OH,44192,,luis.jessup@example.com,Mail,Manual,10/09/2022,No,,JESSUP-KANE|LUIS|44192,"Jessup-Kane, Luis",[TACOM];[CSR];[Admin];[ReadOnlyAudit];LocalDomainServers,
DD73C89690DFEBB37D10D3860B0582CC,2976,,07/06/2012 17:56:31,07/06/2012 17:56:31,CN=HRC-Transfer/OU=Agents/O=TACOM,,RQ002080,Bramwold,III,Andrew,,Self,Andrew Bramwold,9760 Walnut Ln,Des Moines,IA,50304,(302) 555-1081,,Phone,HRC,07/06/2012,No,,BRAMWOLD|ANDREW|50304,"Bramwold, Andrew",[TACOM];[CSR];[Admin];[ReadOnlyAudit];LocalDomainServers,
8AC87A55D7BD83628044AE2AF16F0483,297A,,10/07/2020 12:25:58,10/07/2020 12:25:58,CN=Lorraine Whitcombe/OU=CHPSID/O=TACOM,,RQ002081,Rathbourne,Jr.,Richard,T,Other NOK,Brandon Rathbourne,3733 Sycamore Way Apt 28B,Burlington,VT,05478,(267) 555-1588,richard.rathbourne@example.com,Phone,Manual,10/07/2020,No,10/07/2020,RATHBOURNE|RICHARD|05478,"Rathbourne, Richard T",[TACOM];[CSR];[Admin];[ReadOnlyAudit];LocalDomainServers,
C292072E0C7B9CE71B5B1EA47595C0B1,297E,,08/15/2005 17:11:21,08/15/2005 17:11:21,CN=Renata Vasquez-Holm/OU=CHPSID/O=TACOM,,RQ002082,Ledesma-Ortiz,,Sandra,B,Grandchild,Kevin Ledesma,1522 Oak Ave,Manchester,NH,03124,(856) 555-1315,sandra.ledesma@example.com,Phone,Congressional,08/15/2005,Yes,08/15/2005,LEDESMA-ORTIZ|SANDRA|03124,"Ledesma-Ortiz, Sandra B",[TACOM];[CSR];[Admin];[ReadOnlyAudit];LocalDomainServers,
B734A121CB47B2BBC3AA4CC8CE12DEBE,2982,,04/13/2007 15:08:40,04/13/2007 15:08:40,CN=HRC-Transfer/OU=Agents/O=TACOM,,RQ002083,Izquierdo,III,Jamal,G,Spouse,Eugene Izquierdo,704 Oak Rd,Hartford,CT,06140,(610) 555-1287,,Phone,NPRC,04/13/2007,Yes,04/13/2007,IZQUIERDO|JAMAL|06140,"Izquierdo, Jamal G",[TACOM];[CSR];[Admin];[ReadOnlyAudit];LocalDomainServers,
720314A683DC711B026D11D92317B05E,2986,,01/02/2019 15:46:42,01/02/2019 15:46:42,CN=HRC-Transfer/OU=Agents/O=TACOM,,RQ002084,Dellacroix,III,Jose,,Self,Jose Dellacroix,2728 Ridgway Rd,Charleston,WV,25312,(703) 555-1390,jose.dellacroix@example.com,Mail,HRC,01/02/2019,Yes,,DELLACROIX|JOSE|25312,"Dellacroix, Jose",[TACOM];[CSR];[Admin];[ReadOnlyAudit];LocalDomainServers,
9E6597E48C9D3057D966C53F62BF46E6,298A,,11/07/2020 09:54:21,11/07/2020 09:54:21,CN=Dwayne Petrakis/OU=CHPSID/O=TACOM,,RQ002085,Quinonez,,Brandon,D,Spouse,Barbara Quinonez,7946 Elm Blvd,Birmingham,AL,35230,,,Mail,Congressional,11/07/2020,Yes,11/07/2020,QUINONEZ|BRANDON|35230,"Quinonez, Brandon D",[TACOM];[CSR];[Admin];[ReadOnlyAudit];LocalDomainServers,
B1AE7AF4D305A034E746F106EE23ADA4,298E,,10/24/2007 11:43:59,10/24/2007 11:43:59,CN=Lorraine Whitcombe/OU=CHPSID/O=TACOM,,RQ002086,Fortenbury,Jr.,Angela,L,Spouse,Eugene Fortenbury,6387 Dogwood Ave,Billings,MT,59191,(717) 555-1186,,E-mail,Manual,10/24/2007,Yes,,FORTENBURY|ANGELA|59191,"Fortenbury, Angela L",[TACOM];[CSR];[Admin];[ReadOnlyAudit];LocalDomainServers,
87A78739B25EC178D3B1B32DA927F44F,2992,,02/20/2026 10:11:50,02/20/2026 10:11:50,CN=Marlene Okafor/OU=CHPSID/O=TACOM,,RQ002087,Barrowclough,Sr.,Brian,,Self,Brian Barrowclough,138 Lincoln Dr,Albuquerque,NM,87161,(717) 555-1051,brian.barrowclough@example.com,Mail,Congressional,02/20/2026,Yes,02/20/2026,BARROWCLOUGH|BRIAN|87161,"Barrowclough, Brian",[TACOM];[CSR];[Admin];[ReadOnlyAudit];LocalDomainServers,
00953E7F2EE6DA663287A4C64876BCE7,2996,,07/09/2024 12:20:28,07/09/2024 12:20:28,CN=Ret Hamlin/OU=CHPSID/O=TACOM,,RQ002088,Vosburgh,,Mark,,Parent,David Vosburgh,8022 Veterans Memorial Blvd,Pittsburgh,PA,15247,,,E-mail,Congressional,07/09/2024,Yes,07/09/2024,VOSBURGH|MARK|15247,"Vosburgh, Mark",[TACOM];[CSR];[Admin];[ReadOnlyAudit];LocalDomainServers,
703C96085BC02F68C1552C711BBAAECE,299A,,07/22/2024 16:52:53,07/22/2024 16:52:53,CN=Dwayne Petrakis/OU=CHPSID/O=TACOM,,RQ002089,Vanterpool,Sr.,Sarah,H,Self,Sarah H Vanterpool,3628 Dogwood Pl,Pensacola,FL,32582,(410) 555-1812,sarah.vanterpool@example.com,Phone,Congressional,07/22/2024,Yes,07/22/2024,VANTERPOOL|SARAH|32582,"Vanterpool, Sarah H",[TACOM];[CSR];[Admin];[ReadOnlyAudit];LocalDomainServers,
E8B6C71B15431B63E9C7DFC8FBBA6039,299E,,09/09/2023 13:56:04,09/09/2023 13:56:04,CN=HRC-Transfer/OU=Agents/O=TACOM,,RQ002090,Zellinger,III,Leonard,F,Sibling,Steven Zellinger,5674 Armory Ter,Cleveland,OH,44175,,,E-mail,HRC,09/09/2023,Yes,09/09/2023,ZELLINGER|LEONARD|44175,"Zellinger, Leonard F",[TACOM];[CSR];[Admin];[ReadOnlyAudit];LocalDomainServers,
D457062FEF2DCB7EF71A8E0297E22FE2,29A2,,10/01/2012 17:14:14,10/01/2012 17:14:14,CN=Marlene Okafor/OU=CHPSID/O=TACOM,,RQ002091,Zabrowski,,Evelyn,R,Self,Evelyn R Zabrowski,3745 Poplar Ave,Trenton,NJ,08661,,,E-mail,Manual,10/01/2012,No,10/01/2012,ZABROWSKI|EVELYN|08661,"Zabrowski, Evelyn R",[TACOM];[CSR];[Admin];[ReadOnlyAudit];LocalDomainServers,
A25CC39BA17A3AF2BCB47099B2D4FE1E,29A6,,03/28/2014 11:18:09,03/28/2014 11:18:09,CN=HRC-Transfer/OU=Agents/O=TACOM,,RQ002092,Pettiford,Jr.,Ruth,M,Self,Ruth M Pettiford,3509 Marshall Pl,New Orleans,LA,70120,(540) 555-1199,ruth.pettiford@example.com,Phone,HRC,03/28/2014,Yes,03/28/2014,PETTIFORD|RUTH|70120,"Pettiford, Ruth M",[TACOM];[CSR];[Admin];[ReadOnlyAudit];LocalDomainServers,
76DE98FD15D7CA6D640EE9C14845F3F0,29AA,,08/31/2019 07:03:16,08/31/2019 07:03:16,CN=HRC-Transfer/OU=Agents/O=TACOM,,RQ002093,Tarquinio,Sr.,Mildred,H,Self,Mildred H Tarquinio,7894 Elm Dr Apt 4C,Jackson,MS,39209-6900,(856) 555-1472,,E-mail,NPRC,08/31/2019,Yes,08/31/2019,TARQUINIO|MILDRED|39209,"Tarquinio, Mildred H",[TACOM];[CSR];[Admin];[ReadOnlyAudit];LocalDomainServers,
0F686BEB95D7BE5E383877896121535F,29AE,,03/20/2008 12:54:48,03/20/2008 12:54:48,CN=HRC-Transfer/OU=Agents/O=TACOM,,RQ002094,Fortenbury,Jr.,Donna,W,Spouse,Andrew Fortenbury,4329 Juniper Ln,Atlanta,GA,30385,(302) 555-1280,donna.fortenbury@example.com,E-mail,NPRC,03/20/2008,Yes,03/20/2008,FORTENBURY|DONNA|30385,"Fortenbury, Donna W",[TACOM];[CSR];[Admin];[ReadOnlyAudit];LocalDomainServers,
D700D2874CF20CB2457DA4D0BDB390D9,29B2,,08/12/2019 11:47:27,08/12/2019 11:47:27,CN=Marlene Okafor/OU=CHPSID/O=TACOM,,RQ002095,Everleigh,,Mildred,W,Self,Mildred W Everleigh,6654 Cedar Dr,San Antonio,TX,78288,(703) 555-1149,,Mail,Congressional,08/12/2019,Yes,,EVERLEIGH|MILDRED|78288,"Everleigh, Mildred W",[TACOM];[CSR];[Admin];[ReadOnlyAudit];LocalDomainServers,
6C5133A5BF5885A0F2841178971D46E3,29B6,,10/14/2012 14:30:35,10/14/2012 14:30:35,CN=Dwayne Petrakis/OU=CHPSID/O=TACOM,,RQ002096,Hargreave,,Jennifer,,Self,Jennifer Hargreave,8845 Marshall Way,Orlando,FL,32854,(484) 555-1048,,Mail,Manual,10/14/2012,Yes,10/14/2012,HARGREAVE|JENNIFER|32854,"Hargreave, Jennifer",[TACOM];[CSR];[Admin];[ReadOnlyAudit];LocalDomainServers,
F1D8AFCA236ACDB11FAC3B48F612848C,29BA,,05/30/2026 12:55:11,05/30/2026 12:55:11,CN=Dwayne Petrakis/OU=CHPSID/O=TACOM,,RQ002097,Jessup-Kane,III,L.,W,Parent,Terrence Jessup,9673 Pershing St,Sacramento,CA,95848-1030,(302) 555-1529,linda.jessup@example.com,Phone,Manual,05/30/2026,No,,JESSUP-KANE|L.|95848,"Jessup-Kane, L.",[TACOM];[CSR];[Admin];[ReadOnlyAudit];LocalDomainServers,
99B7901181F374A456C744767148CC83,29BE,,03/19/2021 15:08:10,03/19/2021 15:08:10,CN=Marlene Okafor/OU=CHPSID/O=TACOM,,RQ002098,Whitlock-Bay,,Luis,,Son,Betty Whitlock,4493 Walnut Ln,Jackson,MS,39229,(703) 555-1158,,Mail,Congressional,03/19/2021,No,03/19/2021,WHITLOCK-BAY|LUIS|39229,"Whitlock-Bay, Luis",[TACOM];[CSR];[Admin];[ReadOnlyAudit];LocalDomainServers,
B54977B4FF84B49BA6EEAB197A0E6EE5,29C2,,07/01/2024 17:40:41,07/01/2024 17:40:41,CN=Renata Vasquez-Holm/OU=CHPSID/O=TACOM,,RQ002099,Haverstock,,Brandon,A,Self,Brandon A Haverstock,5676 Cedar Pl,Memphis,TN,38122-8211,,,Mail,Manual,07/01/2024,Yes,,HAVERSTOCK|BRANDON|38122,"Haverstock, Brandon A",[TACOM];[CSR];[Admin];[ReadOnlyAudit];LocalDomainServers,
FB0D322594070D4BC87D7ED2BDEFF3EB,29C6,,11/03/2025 16:06:49,11/03/2025 16:06:49,CN=Renata Vasquez-Holm/OU=CHPSID/O=TACOM,,RQ002100,Iverstone,,Timothy,,Son,Margaret Iverstone,1586 Birch Ter,Kansas City,MO,64179-3018,(610) 555-1726,,Phone,Congressional,11/03/2025,No,11/03/2025,IVERSTONE|TIMOTHY|64179,"Iverstone, Timothy",[TACOM];[CSR];[Admin];[ReadOnlyAudit];LocalDomainServers,
2CDD7D6D1AFF4C901A80B745E3A42C1F,29CA,,05/16/2026 07:52:10,05/16/2026 07:52:10,CN=HRC-Transfer/OU=Agents/O=TACOM,,RQ002101,Bramwold,,Mary,D,Self,Mary D Bramwold,7444 Pershing Pl,Toledo,OH,43643,(703) 555-1969,,Phone,NPRC,05/16/2026,No,05/16/2026,BRAMWOLD|MARY|43643,"Bramwold, Mary D",[TACOM];[CSR];[Admin];[ReadOnlyAudit];LocalDomainServers,
404CE709E6A6D41A7546C042D7389386,29CE,,02/05/2019 07:58:21,02/05/2019 07:58:21,CN=HRC-Transfer/OU=Agents/O=TACOM,,RQ002102,Quinonez,III,Nicole,,Daughter,Steven Quinonez,8811 Sycamore St Apt 26D,Oklahoma City,OK,73183,(484) 555-1900,nicole.quinonez@example.com,E-mail,NPRC,02/05/2019,Yes,02/05/2019,QUINONEZ|NICOLE|73183,"Quinonez, Nicole",[TACOM];[CSR];[Admin];[ReadOnlyAudit];LocalDomainServers,
A9F7BAF761EEF2680620E80B36BCCE30,29D2,,09/26/2013 10:30:56,09/26/2013 10:30:56,CN=Renata Vasquez-Holm/OU=CHPSID/O=TACOM,,RQ002103,Tarquinio,,Eugene,F,Self,Eugene F Tarquinio,540 Pershing Ct,Honolulu,HI,96825,(610) 555-1567,eugene.tarquinio@example.com,Phone,Manual,09/26/2013,No,09/26/2013,TARQUINIO|EUGENE|96825,"Tarquinio, Eugene F",[TACOM];[CSR];[Admin];[ReadOnlyAudit];LocalDomainServers,
320449AC596DCD4123E53F0CECB43E17,29D6,,11/20/2011 07:19:04,11/20/2011 07:19:04,CN=Dwayne Petrakis/OU=CHPSID/O=TACOM,,RQ002104,Hargreave,Sr.,Donna,A,Self,Donna A Hargreave,6410 Hickory Ct,Columbus,GA,31970,(856) 555-1594,donna.hargreave@example.com,Mail,Manual,11/20/2011,Yes,11/20/2011,HARGREAVE|DONNA|31970,"Hargreave, Donna A",[TACOM];[CSR];[Admin];[ReadOnlyAudit];LocalDomainServers,
0DD66493784F41B5DDEC77DB1DEF2D26,29DA,,05/30/2025 13:04:00,05/30/2025 13:04:00,CN=Renata Vasquez-Holm/OU=CHPSID/O=TACOM,,RQ002105,Washington-Pryce,III,Earl,E,Son,Sarah Washington,5838 Sycamore Blvd,Las Vegas,NV,89186-7207,(540) 555-1716,earl.washington@example.com,Mail,Congressional,05/30/2025,No,05/30/2025,WASHINGTON-PRYCE|EARL|89186,"Washington-Pryce, Earl E",[TACOM];[CSR];[Admin];[ReadOnlyAudit];LocalDomainServers,
01A5A766D7B27281CBA727CC2B15598E,29DE,,12/09/2010 17:55:55,12/09/2010 17:55:55,CN=Renata Vasquez-Holm/OU=CHPSID/O=TACOM,,RQ002106,Cartlewood,,Virginia,R,Spouse,Leonard Cartlewood,5847 Willow Ter,Louisville,KY,40202,(703) 555-1926,,Mail,Manual,12/09/2010,Yes,,CARTLEWOOD|VIRGINIA|40202,"Cartlewood, Virginia R",[TACOM];[CSR];[Admin];[ReadOnlyAudit];LocalDomainServers,
BDDC1950C1D09DEB22DB127CCBBD8984,29E2,,05/07/2018 16:54:28,05/07/2018 16:54:28,CN=HRC-Transfer/OU=Agents/O=TACOM,,RQ002107,Tarquinio,,Stephanie,J,Spouse,Angela Tarquinio,3487 Eisenhower Ln,Jackson,MS,39251,(610) 555-1068,stephanie.tarquinio@example.com,Mail,NPRC,05/07/2018,No,05/07/2018,TARQUINIO|STEPHANIE|39251,"Tarquinio, Stephanie J",[TACOM];[CSR];[Admin];[ReadOnlyAudit];LocalDomainServers,
36F439FEA25BBF1AF54EA7EBD9D46294,29E6,,11/11/2022 14:21:07,11/11/2022 14:21:07,CN=HRC-Transfer/OU=Agents/O=TACOM,,RQ002108,Barrowclough,III,Arthur,,Self,Arthur Barrowclough,3402 Eisenhower Ct,Houston,TX,77053-8412,(610) 555-1794,arthur.barrowclough@example.com,Mail,NPRC,11/11/2022,Yes,11/11/2022,BARROWCLOUGH|ARTHUR|77053,"Barrowclough, Arthur",[TACOM];[CSR];[Admin];[ReadOnlyAudit];LocalDomainServers,
B19191888027E34E8A01E0121D2DFFA8,29EA,,03/13/2012 12:59:47,03/13/2012 12:59:47,CN=HRC-Transfer/OU=Agents/O=TACOM,,RQ002109,Marrowbridge,III,Linda,,Son,Kevin Marrowbridge,7616 Chestnut Pl Apt 33D,Fresno,CA,93720,,linda.marrowbridge@example.com,Phone,HRC,03/13/2012,No,,MARROWBRIDGE|LINDA|93720,"Marrowbridge, Linda",[TACOM];[CSR];[Admin];[ReadOnlyAudit];LocalDomainServers,
2E9111246F83E9762454B4AA52C269A2,29EE,,09/04/2022 12:41:35,09/04/2022 12:41:35,CN=HRC-Transfer/OU=Agents/O=TACOM,,RQ002110,Yarrowdale,,Heather,,Self,Heather Yarrowdale,8886 Eisenhower Ave,Charleston,WV,25359-8220,(267) 555-1353,heather.yarrowdale@example.com,E-mail,NPRC,09/04/2022,No,,YARROWDALE|HEATHER|25359,"Yarrowdale, Heather",[TACOM];[CSR];[Admin];[ReadOnlyAudit];LocalDomainServers,
D7FA4451F18B5BC30FD7D0DF5DA742FA,29F2,,04/10/2018 09:32:13,04/10/2018 09:32:13,CN=HRC-Transfer/OU=Agents/O=TACOM,,RQ002111,Yarrowdale,,Mary,,Self,Mary Yarrowdale,874 Veterans Memorial Ave,Columbus,OH,43254,(540) 555-1447,,Mail,HRC,04/10/2018,No,,YARROWDALE|MARY|43254,"Yarrowdale, Mary",[TACOM];[CSR];[Admin];[ReadOnlyAudit];LocalDomainServers,
910B477CACFE386D2BECFE68F37E9A36,29F6,,01/30/2019 14:00:50,01/30/2019 14:00:50,CN=HRC-Transfer/OU=Agents/O=TACOM,,RQ002112,Nakashima,,Carol,T,Self,Carol T Nakashima,5389 Jefferson Ct,El Paso,TX,79933,(856) 555-1921,,Phone,HRC,01/30/2019,Yes,01/30/2019,NAKASHIMA|CAROL|79933,"Nakashima, Carol T",[TACOM];[CSR];[Admin];[ReadOnlyAudit];LocalDomainServers,
5B11B3946DD086A35163A7FC47BDB016,29FA,,01/07/2011 08:16:06,01/07/2011 08:16:06,CN=Marlene Okafor/OU=CHPSID/O=TACOM,,RQ002113,Jankowitz,Jr.,William,K,Sibling,Jennifer Jankowitz,3169 Laurel St,Huntsville,AL,35888-4310,(856) 555-1102,william.jankowitz@example.com,Mail,Congressional,01/07/2011,No,01/07/2011,JANKOWITZ|WILLIAM|35888,"Jankowitz, William K",[TACOM];[CSR];[Admin];[ReadOnlyAudit];LocalDomainServers,
C2813B0A96B2C15D3D75F187C3D60038,29FE,,04/15/2013 14:32:59,04/15/2013 14:32:59,CN=HRC-Transfer/OU=Agents/O=TACOM,,RQ002114,Benavidez-Cruz,,Carlos,A,Son,Matthew Benavidez,3656 Bradley Ave,Fresno,CA,93733,(856) 555-1977,carlos.benavidez@example.com,E-mail,HRC,04/15/2013,Yes,04/15/2013,BENAVIDEZ-CRUZ|CARLOS|93733,"Benavidez-Cruz, Carlos A",[TACOM];[CSR];[Admin];[ReadOnlyAudit];LocalDomainServers,
0EBF2A20284B1F747A2C7525BBFBD1DD,2A02,,03/25/2006 14:02:51,03/25/2006 14:02:51,CN=Marlene Okafor/OU=CHPSID/O=TACOM,,RQ002115,Stroudmoor,,Margaret,B,Self,Margaret B Stroudmoor,3478 Marshall Ln,Wheeling,WV,26091-0584,,,E-mail,Congressional,03/25/2006,Yes,,STROUDMOOR|MARGARET|26091,"Stroudmoor, Margaret B",[TACOM];[CSR];[Admin];[ReadOnlyAudit];LocalDomainServers,
5BBDB24B7CC6785ACC72846505F0EF73,2A06,,08/25/2008 09:20:29,08/25/2008 09:20:29,CN=Benedetta Kowalczyk/OU=CHPSID/O=TACOM,,RQ002116,Redfearn,,Jose,G,Son,Brandon Redfearn,6694 Pershing Ct,Providence,RI,02974-2901,,,Mail,Manual,08/25/2008,Yes,08/25/2008,REDFEARN|JOSE|02974,"Redfearn, Jose G",[TACOM];[CSR];[Admin];[ReadOnlyAudit];LocalDomainServers,
574CB7469E3F4A60FD51663EFE7098E4,2A0A,,07/05/2018 08:17:22,07/05/2018 08:17:22,CN=Benedetta Kowalczyk/OU=CHPSID/O=TACOM,,RQ002117,Vosburgh,Jr.,Hector,C,Self,Hector C Vosburgh,9899 Cedar Way,Fresno,CA,93714,(610) 555-1845,hector.vosburgh@example.com,Mail,Congressional,07/05/2018,Yes,07/05/2018,VOSBURGH|HECTOR|93714,"Vosburgh, Hector C",[TACOM];[CSR];[Admin];[ReadOnlyAudit];LocalDomainServers,
15EDC81F6AE7BE702F824F5B2249EDBC,2A0E,,10/21/2004 09:37:11,10/21/2004 09:37:11,CN=Dwayne Petrakis/OU=CHPSID/O=TACOM,,RQ002118,Vosburgh,,Ralph,C,Son,Jamal Vosburgh,6414 Ridgway Ln,Spokane,WA,99231,(703) 555-1416,,Mail,Manual,10/21/2004,Yes,,VOSBURGH|RALPH|99231,"Vosburgh, Ralph C",[TACOM];[CSR];[Admin];[ReadOnlyAudit];LocalDomainServers,
A1FD590A82D778E89BE7B75622DD08B6,2A12,,07/15/2025 14:48:29,07/15/2025 14:48:29,CN=HRC-Transfer/OU=Agents/O=TACOM,,RQ002119,Hollinbeck,Jr.,Luis,C,Self,Luis C Hollinbeck,5799 Walnut Ter,Lawton,OK,73537,(717) 555-1923,luis.hollinbeck@example.com,Phone,NPRC,07/15/2025,No,,HOLLINBECK|LUIS|73537,"Hollinbeck, Luis C",[TACOM];[CSR];[Admin];[ReadOnlyAudit];LocalDomainServers,
511587D59AB70EB636D71557090418E5,2A16,,09/19/2010 14:43:39,09/19/2010 14:43:39,CN=Lorraine Whitcombe/OU=CHPSID/O=TACOM,,RQ002120,Escobedo-Ruiz,Sr.,Carlos,F,Self,Carlos F Escobedo-Ruiz,7680 Pershing Ave,Fresno,CA,93787,(540) 555-1178,carlos.escobedo@example.com,Mail,Manual,09/19/2010,No,,ESCOBEDO-RUIZ|CARLOS|93787,"Escobedo-Ruiz, Carlos F",[TACOM];[CSR];[Admin];[ReadOnlyAudit];LocalDomainServers,
CC1B32B01568EE3EBFA4B6121F658F6A,2A1A,,11/30/2010 08:22:11,11/30/2010 08:22:11,CN=Benedetta Kowalczyk/OU=CHPSID/O=TACOM,,RQ002121,Pettiford,III,Patricia,L,Self,Patricia L Pettiford,5188 Chestnut Blvd,Houston,TX,77092,(540) 555-1128,patricia.pettiford@example.com,Mail,Manual,11/30/2010,Yes,,PETTIFORD|PATRICIA|77092,"Pettiford, Patricia L",[TACOM];[CSR];[Admin];[ReadOnlyAudit];LocalDomainServers,
6A7A5FCE11B0D607744B3597D9689F43,2A1E,,12/27/2014 07:00:05,12/27/2014 07:00:05,CN=Dwayne Petrakis/OU=CHPSID/O=TACOM,,RQ002122,Figueroa-Paz,,Jennifer,T,Self,Jennifer T Figueroa-Paz,6006 Juniper Ave,Houston,TX,77039,,,Phone,Congressional,12/27/2014,Yes,12/27/2014,FIGUEROA-PAZ|JENNIFER|77039,"Figueroa-Paz, Jennifer T",[TACOM];[CSR];[Admin];[ReadOnlyAudit];LocalDomainServers,
49DCE799B9A8E2A8A59CEAC8807B4CC5,2A22,,12/10/2018 07:52:57,12/10/2018 07:52:57,CN=Benedetta Kowalczyk/OU=CHPSID/O=TACOM,,RQ002123,Altamirano-Diaz,Sr.,Jennifer,G,Sibling,Tyler Altamirano,5235 Washington Ave,Syracuse,NY,13242,(215) 555-1093,,Phone,Manual,12/10/2018,No,12/10/2018,ALTAMIRANO-DIAZ|JENNIFER|13242,"Altamirano-Diaz, Jennifer G",[TACOM];[CSR];[Admin];[ReadOnlyAudit];LocalDomainServers,
45FD6E8823268D69BE0FCB7C991CE2FA,2A26,,05/09/2006 10:07:29,05/09/2006 10:07:29,CN=Ret Hamlin/OU=CHPSID/O=TACOM,,RQ002124,Ledesma-Ortiz,III,Melissa,T,Daughter,Hector Ledesma,1593 Willow Rd,Fresno,CA,93748,,melissa.ledesma@example.com,Mail,Congressional,05/09/2006,No,05/09/2006,LEDESMA-ORTIZ|MELISSA|93748,"Ledesma-Ortiz, Melissa T",[TACOM];[CSR];[Admin];[ReadOnlyAudit];LocalDomainServers,
96FA56B8A4BF6A0065A77AB44A67A9DC,2A2A,,05/17/2007 17:06:15,05/17/2007 17:06:15,CN=Lorraine Whitcombe/OU=CHPSID/O=TACOM,,RQ002125,Zapata-Kell,,Harold,K,Self,Harold K Zapata-Kell,9078 Madison Way,Pensacola,FL,32534-7278,(410) 555-1566,,E-mail,Manual,05/17/2007,Yes,05/17/2007,ZAPATA-KELL|HAROLD|32534,"Zapata-Kell, Harold K",[TACOM];[CSR];[Admin];[ReadOnlyAudit];LocalDomainServers,
D1F736397E9CEFF8FFABA750DEF2F5EC,2A2E,,09/30/2025 13:12:24,09/30/2025 13:12:24,CN=HRC-Transfer/OU=Agents/O=TACOM,,RQ002126,Jarvinen-Roe,Sr.,Karen,,Son,Barbara Jarvinen,9840 Spruce Blvd Apt 36B,Albany,NY,12274,,,Mail,HRC,09/30/2025,No,09/30/2025,JARVINEN-ROE|KAREN|12274,"Jarvinen-Roe, Karen",[TACOM];[CSR];[Admin];[ReadOnlyAudit];LocalDomainServers,
3CF5E61DB55990B83430D6728DC84417,2A32,,04/12/2013 11:21:39,04/12/2013 11:21:39,CN=HRC-Transfer/OU=Agents/O=TACOM,,RQ002127,Everleigh,Jr.,David,B,Self,David B Everleigh,9591 Poplar St,Oklahoma City,OK,73194,(717) 555-1086,david.everleigh@example.com,Phone,HRC,04/12/2013,Yes,,EVERLEIGH|DAVID|73194,"Everleigh, David B",[TACOM];[CSR];[Admin];[ReadOnlyAudit];LocalDomainServers,
C732F9192EC7B2BB47E57705E309A497,2A36,,11/30/2017 14:35:23,11/30/2017 14:35:23,CN=HRC-Transfer/OU=Agents/O=TACOM,,RQ002128,Zellinger,,Charles,W,Son,Kevin Zellinger,7280 Birch St,Cheyenne,WY,82094,,,Mail,HRC,11/30/2017,Yes,,ZELLINGER|CHARLES|82094,"Zellinger, Charles W",[TACOM];[CSR];[Admin];[ReadOnlyAudit];LocalDomainServers,
1A409422041E96E1BD527F1F4747BCDC,2A3A,,09/23/2021 07:17:28,09/23/2021 07:17:28,CN=HRC-Transfer/OU=Agents/O=TACOM,,RQ002129,Prendergast,,Carlos,,Self,Carlos Prendergast,3203 Willow Dr,Indianapolis,IN,46234-7961,(215) 555-1006,carlos.prendergast@example.com,Mail,HRC,09/23/2021,Yes,09/23/2021,PRENDERGAST|CARLOS|46234,"Prendergast, Carlos",[TACOM];[CSR];[Admin];[ReadOnlyAudit];LocalDomainServers,
0B3DE81240235F2BD03FDB4AE7FD58C5,2A3E,,11/03/2022 07:49:28,11/03/2022 07:49:28,CN=HRC-Transfer/OU=Agents/O=TACOM,,RQ002130,Zapata-Kell,,Frances,T,Son,Donald Zapata,7413 Laurel Rd,San Antonio,TX,78213,(540) 555-1656,frances.zapata@example.com,Phone,HRC,11/03/2022,Yes,,ZAPATA-KELL|FRANCES|78213,"Zapata-Kell, Frances T",[TACOM];[CSR];[Admin];[ReadOnlyAudit];LocalDomainServers,
0097E5FF42C02C1E11018719DDEEEDA0,2A42,,12/16/2025 15:51:21,12/16/2025 15:51:21,CN=HRC-Transfer/OU=Agents/O=TACOM,,RQ002131,Kestleman,,Patricia,G,Self,Patricia G Kestleman,8544 Madison Rd,Tampa,FL,33672,,,Mail,HRC,12/16/2025,Yes,,KESTLEMAN|PATRICIA|33672,"Kestleman, Patricia G",[TACOM];[CSR];[Admin];[ReadOnlyAudit];LocalDomainServers,
2C0AB65AD4C5C313A12E9E4C60171C4A,2A46,,02/01/2009 10:16:30,02/01/2009 10:16:30,CN=HRC-Transfer/OU=Agents/O=TACOM,,RQ002132,Ullswater,,Gary,D,Son,Brian Ullswater,5156 Bradley Ct,Toledo,OH,43652-3685,(703) 555-1806,,Mail,HRC,02/01/2009,Yes,02/01/2009,ULLSWATER|GARY|43652,"Ullswater, Gary D",[TACOM];[CSR];[Admin];[ReadOnlyAudit];LocalDomainServers,
C7BCC17BEA16AF6B381896EE02ED1828,2A4A,,11/14/2019 16:36:38,11/14/2019 16:36:38,CN=HRC-Transfer/OU=Agents/O=TACOM,,RQ002133,Galbreath,,Rafael,M,Son,Walter Galbreath,7185 Birch Way,Portland,OR,97238,(302) 555-1552,,Mail,HRC,11/14/2019,Yes,11/14/2019,GALBREATH|RAFAEL|97238,"Galbreath, Rafael M",[TACOM];[CSR];[Admin];[ReadOnlyAudit];LocalDomainServers,
288377E0B6E32FF313226602D1D64218,2A4E,,09/03/2025 15:49:50,09/03/2025 15:49:50,CN=HRC-Transfer/OU=Agents/O=TACOM,,RQ002134,BEDDINGFIELD,,Norman,G,Self,Norman G Beddingfield,9084 Washington Ave,Little Rock,AR,72234,(703) 555-1096,norman.beddingfield@example.com,Mail,HRC,09/03/2025,No,,BEDDINGFIELD|NORMAN|72234,"BEDDINGFIELD, Norman",[TACOM];[CSR];[Admin];[ReadOnlyAudit];LocalDomainServers,RQ001174
1B154631474166CC37F19F0645D78280,2A52,,03/03/2007 07:29:25,03/03/2007 07:29:25,CN=Marlene Okafor/OU=CHPSID/O=TACOM,,RQ002135,Ahlquist-Bane,Jr.,Mary,N,Self,Mary N Ahlquist-Bane,6648 Birch Ave,Oklahoma City,OK,73108-1215,(410) 555-1909,,E-mail,Congressional,03/03/2007,No,,AHLQUIST-BANE|MARY|73108,"Ahlquist-Bane, Mary N",[TACOM];[CSR];[Admin];[ReadOnlyAudit];LocalDomainServers,
E01B24E89220FEC1F60E87DB5B9A3C0F,2A56,,11/04/2011 13:42:35,11/04/2011 13:42:35,CN=HRC-Transfer/OU=Agents/O=TACOM,,RQ002136,Prendergast,,Mildred,,Self,Mildred Prendergast,6697 Juniper Rd,Wheeling,WV,26064,(856) 555-1621,,Mail,HRC,11/04/2011,Yes,11/04/2011,PRENDERGAST|MILDRED|26064,"Prendergast, Mildred",[TACOM];[CSR];[Admin];[ReadOnlyAudit];LocalDomainServers,
2CB2384C2627C6A95F2CBD7526283F7E,2A5A,,05/16/2024 07:26:58,05/16/2024 07:26:58,CN=HRC-Transfer/OU=Agents/O=TACOM,,RQ002137,Quarterman,III,Matthew,,Spouse,Angela Quarterman,1482 Oak Ln,Spokane,WA,99278,(856) 555-1226,,E-mail,NPRC,05/16/2024,Yes,05/16/2024,QUARTERMAN|MATTHEW|99278,"Quarterman, Matthew",[TACOM];[CSR];[Admin];[ReadOnlyAudit];LocalDomainServers,
79D7812CEF43AC0F2D5591CAC5352153,2A5E,,06/15/2020 11:40:11,06/15/2020 11:40:11,CN=Dwayne Petrakis/OU=CHPSID/O=TACOM,,RQ002138,Thornbury,Sr.,Betty,W,Spouse,Virginia Thornbury,9568 Willow Pl,Wheeling,WV,26033,,betty.thornbury@example.com,E-mail,Manual,06/15/2020,Yes,,THORNBURY|BETTY|26033,"Thornbury, Betty W",[TACOM];[CSR];[Admin];[ReadOnlyAudit];LocalDomainServers,
D9CEE92E84B6036A5DF147473B5000D8,2A62,,08/04/2004 11:54:06,08/04/2004 11:54:06,CN=Lorraine Whitcombe/OU=CHPSID/O=TACOM,,RQ002139,Fennimark,Jr.,Virginia,,Self,Virginia Fennimark,7586 Pershing Dr Apt 7A,El Paso,TX,79996-5858,(302) 555-1844,,Mail,Manual,08/04/2004,No,08/04/2004,FENNIMARK|VIRGINIA|79996,"Fennimark, Virginia",[TACOM];[CSR];[Admin];[ReadOnlyAudit];LocalDomainServers,
12418832F731B68F86990FDF9C0C6BFB,2A66,,07/31/2018 15:10:26,07/31/2018 15:10:26,CN=Lorraine Whitcombe/OU=CHPSID/O=TACOM,,RQ002140,Marrowbridge,III,Carl,A,Self,Carl A Marrowbridge,5795 Eisenhower Ave,Denver,CO,80293,(302) 555-1072,,E-mail,Congressional,07/31/2018,Yes,07/31/2018,MARROWBRIDGE|CARL|80293,"Marrowbridge, Carl A",[TACOM];[CSR];[Admin];[ReadOnlyAudit];LocalDomainServers,
FF040104908FB05A63DE93821161D424,2A6A,,08/09/2020 16:36:53,08/09/2020 16:36:53,CN=HRC-Transfer/OU=Agents/O=TACOM,,RQ002141,Ormsbee,III,Thomas,L,Other NOK,John Ormsbee,6686 Madison Ter,Baltimore,MD,21258,(856) 555-1063,thomas.ormsbee@example.com,Mail,HRC,08/09/2020,Yes,,ORMSBEE|THOMAS|21258,"Ormsbee, Thomas L",[TACOM];[CSR];[Admin];[ReadOnlyAudit];LocalDomainServers,
26FFF72E5AE6EB19DA740FB63A67624B,2A6E,,02/10/2018 07:16:27,02/10/2018 07:16:27,CN=HRC-Transfer/OU=Agents/O=TACOM,,RQ002142,Quimbley,III,Walter,N,Self,Walter N Quimbley,3046 Hickory Ln,Fresno,CA,93756,(267) 555-1097,,Phone,NPRC,02/10/2018,Yes,02/10/2018,QUIMBLEY|WALTER|93756,"Quimbley, Walter N",[TACOM];[CSR];[Admin];[ReadOnlyAudit];LocalDomainServers,
00FBA369E097582C2467E662122E2C6A,2A72,,08/19/2009 07:33:53,08/19/2009 07:33:53,CN=Ret Hamlin/OU=CHPSID/O=TACOM,,RQ002143,Stroudmoor,,Daniel,,Self,Daniel Stroudmoor,153 Madison Ave Apt 8B,San Antonio,TX,78234,(410) 555-1763,daniel.stroudmoor@example.com,Mail,Manual,08/19/2009,Yes,,STROUDMOOR|DANIEL|78234,"Stroudmoor, Daniel",[TACOM];[CSR];[Admin];[ReadOnlyAudit];LocalDomainServers,
7B66A53CF2ECB774CD8009C977E776C0,2A76,,03/26/2017 15:55:10,03/26/2017 15:55:10,CN=Benedetta Kowalczyk/OU=CHPSID/O=TACOM,,RQ002144,Ellsworthy,III,Karen,B,Daughter,Donna Ellsworthy,1518 Poplar Blvd,Colorado Springs,CO,80984,,,Phone,Congressional,03/26/2017,Yes,03/26/2017,ELLSWORTHY|KAREN|80984,"Ellsworthy, Karen B",[TACOM];[CSR];[Admin];[ReadOnlyAudit];LocalDomainServers,
9A496CC65833D72E19E2E98BD98DA411,2A7A,,11/22/2014 10:51:28,11/22/2014 10:51:28,CN=HRC-Transfer/OU=Agents/O=TACOM,,RQ002145,Prendergast,,Darnell,P,Self,Darnell P Prendergast,4969 Willow Ter,Savannah,GA,31468-4067,(703) 555-1766,darnell.prendergast@example.com,Mail,HRC,11/22/2014,Yes,11/22/2014,PRENDERGAST|DARNELL|31468,"Prendergast, Darnell P",[TACOM];[CSR];[Admin];[ReadOnlyAudit];LocalDomainServers,
BCB698EBE03B5CDBA3732008664ECACB,2A7E,,05/12/2025 08:20:15,05/12/2025 08:20:15,CN=Ret Hamlin/OU=CHPSID/O=TACOM,,RQ002146,Figueroa-Paz,III,Nancy,,Spouse,Ralph Figueroa,2882 Lincoln Way,Denver,CO,80202-2970,(856) 555-1769,nancy.figueroa@example.com,Phone,Congressional,05/12/2025,Yes,05/12/2025,FIGUEROA-PAZ|NANCY|80202,"Figueroa-Paz, Nancy",[TACOM];[CSR];[Admin];[ReadOnlyAudit];LocalDomainServers,
9F825F3667DCDD132AFC01ED431CFE71,2A82,,05/07/2023 14:18:33,05/07/2023 14:18:33,CN=Benedetta Kowalczyk/OU=CHPSID/O=TACOM,,RQ002147,Quinonez,Sr.,Gary,C,Self,Gary C Quinonez,5413 Hickory Dr,Jackson,MS,39285-4434,(703) 555-1664,,Mail,Congressional,05/07/2023,Yes,,QUINONEZ|GARY|39285,"Quinonez, Gary C",[TACOM];[CSR];[Admin];[ReadOnlyAudit];LocalDomainServers,
AE1433E3726DBECC038E8E94F434A139,2A86,,12/07/2018 08:48:42,12/07/2018 08:48:42,CN=HRC-Transfer/OU=Agents/O=TACOM,,RQ002148,Vanterpool,,Ryan,W,Son,Earl Vanterpool,1942 Eisenhower Ct,Fargo,ND,58108,(267) 555-1168,,E-mail,HRC,12/07/2018,Yes,,VANTERPOOL|RYAN|58108,"Vanterpool, Ryan W",[TACOM];[CSR];[Admin];[ReadOnlyAudit];LocalDomainServers,
436CB57DA7552F713BDBDCA283A934A8,2A8A,,12/01/2006 13:25:56,12/01/2006 13:25:56,CN=HRC-Transfer/OU=Agents/O=TACOM,,RQ002149,Gastrelle,,Mary,,Self,Mary Gastrelle,4807 Poplar Pl,El Paso,TX,79932,(215) 555-1980,mary.gastrelle@example.com,Phone,HRC,12/01/2006,Yes,12/01/2006,GASTRELLE|MARY|79932,"Gastrelle, Mary",[TACOM];[CSR];[Admin];[ReadOnlyAudit];LocalDomainServers,
231980D8BF13B0BD02CB62BB6FEF403E,2A8E,,08/27/2006 07:05:03,08/27/2006 07:05:03,CN=HRC-Transfer/OU=Agents/O=TACOM,,RQ002150,Thornbury,,Charles,J,Self,Charles J Thornbury,1370 Eisenhower Ave,Minneapolis,MN,55476,(703) 555-1276,,Mail,HRC,08/27/2006,No,,THORNBURY|CHARLES|55476,"Thornbury, Charles J",[TACOM];[CSR];[Admin];[ReadOnlyAudit];LocalDomainServers,
BBFD294D88CE6AD03B1058EE46170525,2A92,,07/02/2006 16:39:42,07/02/2006 16:39:42,CN=HRC-Transfer/OU=Agents/O=TACOM,,RQ002151,Marrowbridge Jr.,,Lisa,N,Son,Joshua Marrowbridge,4213 Cedar St,Huntsville,AL,35822-3828,(484) 555-1342,,Mail,HRC,07/02/2006,No,,MARROWBRIDGE JR.|LISA|35822,"Marrowbridge Jr., Lisa",[TACOM];[CSR];[Admin];[ReadOnlyAudit];LocalDomainServers,
D1BFCDC84F73343E2CCE15A16CC648FD,2A96,,04/25/2005 15:42:37,04/25/2005 15:42:37,CN=HRC-Transfer/OU=Agents/O=TACOM,,RQ002152,Zimmerly,Jr.,Gary,L,Spouse,Sandra Zimmerly,5777 Chestnut St,Pensacola,FL,32549-0790,(215) 555-1138,,E-mail,HRC,04/25/2005,No,04/25/2005,ZIMMERLY|GARY|32549,"Zimmerly, Gary L",[TACOM];[CSR];[Admin];[ReadOnlyAudit];LocalDomainServers,
B0E4CCCF82BC58A58D01D738A12FFC41,2A9A,,02/18/2019 09:06:38,02/18/2019 09:06:38,CN=HRC-Transfer/OU=Agents/O=TACOM,,RQ002153,Northway,,M.,A,Self,Matthew A Northway,3234 Laurel Dr,Colorado Springs,CO,80929,(610) 555-1156,matthew.northway@example.com,Mail,NPRC,02/18/2019,No,,NORTHWAY|M.|80929,"Northway, M.",[TACOM];[CSR];[Admin];[ReadOnlyAudit];LocalDomainServers,
2F92862A412F0042A53D80097988F3FA,2A9E,,08/06/2016 08:11:06,08/06/2016 08:11:06,CN=HRC-Transfer/OU=Agents/O=TACOM,,RQ002154,Quennevile,,Mary,,Son,Barbara Quennevile,9066 Chestnut Ln Apt 22D,Milwaukee,WI,53294,,,Mail,HRC,08/06/2016,Yes,,QUENNEVILE|MARY|53294,"Quennevile, Mary",[TACOM];[CSR];[Admin];[ReadOnlyAudit];LocalDomainServers,
A39D459C2AE98581F8E639CDB0DF68F8,2AA2,,11/24/2004 10:34:25,11/24/2004 10:34:25,CN=HRC-Transfer/OU=Agents/O=TACOM,,RQ002155,Hargreave,,Brandon,,Spouse,Steven Hargreave,9667 Magnolia Ter Apt 4B,Newark,NJ,07179,(703) 555-1495,,Mail,NPRC,11/24/2004,No,11/24/2004,HARGREAVE|BRANDON|07179,"Hargreave, Brandon",[TACOM];[CSR];[Admin];[ReadOnlyAudit];LocalDomainServers,
BD25D30B3DBDC82F2141A7E079E26023,2AA6,,09/10/2018 12:37:18,09/10/2018 12:37:18,CN=HRC-Transfer/OU=Agents/O=TACOM,,RQ002156,Underhill-Voss,Sr.,Ernesto,B,Son,Matthew Underhill,8869 Oak Ter,Savannah,GA,31498,(215) 555-1965,ernesto.underhill@example.com,Mail,NPRC,09/10/2018,No,09/10/2018,UNDERHILL-VOSS|ERNESTO|31498,"Underhill-Voss, Ernesto B",[TACOM];[CSR];[Admin];[ReadOnlyAudit];LocalDomainServers,
C150A179ACD75837B45CDABB435F6394,2AAA,,09/27/2010 15:31:28,09/27/2010 15:31:28,CN=Dwayne Petrakis/OU=CHPSID/O=TACOM,,RQ002157,Whitlock-Bay,Jr.,Stephanie,E,Son,Sarah Whitlock,2503 Juniper Way,Peoria,IL,61678-7345,(856) 555-1439,,Mail,Manual,09/27/2010,Yes,,WHITLOCK-BAY|STEPHANIE|61678,"Whitlock-Bay, Stephanie E",[TACOM];[CSR];[Admin];[ReadOnlyAudit];LocalDomainServers,
0E26E9AC8065A75DF178566937BF33DE,2AAE,,07/18/2019 14:23:09,07/18/2019 14:23:09,CN=HRC-Transfer/OU=Agents/O=TACOM,,RQ002158,Zellinger,Sr.,Frances,,Self,Frances Zellinger,5164 Hickory Ter,Spokane,WA,99219,(484) 555-1088,,E-mail,HRC,07/18/2019,No,,ZELLINGER|FRANCES|99219,"Zellinger, Frances",[TACOM];[CSR];[Admin];[ReadOnlyAudit];LocalDomainServers,
A741569E6870B35997E8F48EC588E679,2AB2,,11/05/2005 17:19:00,11/05/2005 17:19:00,CN=HRC-Transfer/OU=Agents/O=TACOM,,RQ002159,Bramwold,Jr.,Angela,,Son,Steven Bramwold,7792 Jefferson Pl,Columbus,GA,31982,(717) 555-1401,,Mail,HRC,11/05/2005,Yes,11/05/2005,BRAMWOLD|ANGELA|31982,"Bramwold, Angela",[TACOM];[CSR];[Admin];[ReadOnlyAudit];LocalDomainServers,
276C30DDF52F1CB308C63827B35BE1D9,2AB6,,10/20/2019 15:03:56,10/20/2019 15:03:56,CN=Marlene Okafor/OU=CHPSID/O=TACOM,,RQ002160,Sallisaw,III,Jamal,,Daughter,Ernesto Sallisaw,6128 Bradley St,Jackson,MS,39293,(717) 555-1798,jamal.sallisaw@example.com,Phone,Manual,10/20/2019,Yes,,SALLISAW|JAMAL|39293,"Sallisaw, Jamal",[TACOM];[CSR];[Admin];[ReadOnlyAudit];LocalDomainServers,
EB6D46C1AB24E116AF97EFA61CE9E92B,2ABA,,01/09/2017 08:08:41,01/09/2017 08:08:41,CN=Dwayne Petrakis/OU=CHPSID/O=TACOM,,RQ002161,Reyes-Almonte,Sr.,Earl,T,Daughter,John Reyes,8877 Maple Pl,Jackson,MS,39206-3890,(703) 555-1959,earl.reyes@example.com,Mail,Manual,01/09/2017,No,01/09/2017,REYES-ALMONTE|EARL|39206,"Reyes-Almonte, Earl T",[TACOM];[CSR];[Admin];[ReadOnlyAudit];LocalDomainServers,
2EED504E50591F8B7105477E290470CE,2ABE,,12/29/2014 09:16:06,12/29/2014 09:16:06,CN=Ret Hamlin/OU=CHPSID/O=TACOM,,RQ002162,Oakhurst-Pell,Sr.,Melissa,L,Spouse,Clarence Oakhurst,5733 Veterans Memorial Ter,Newark,NJ,07110,,melissa.oakhurst@example.com,Mail,Manual,12/29/2014,Yes,12/29/2014,OAKHURST-PELL|MELISSA|07110,"Oakhurst-Pell, Melissa L",[TACOM];[CSR];[Admin];[ReadOnlyAudit];LocalDomainServers,
2FC6DF8C3C45DAD9888F56A418A9619C,2AC2,,12/14/2008 15:51:31,12/14/2008 15:51:31,CN=HRC-Transfer/OU=Agents/O=TACOM,,RQ002163,Iverstone,,Brian,G,Self,Brian G Iverstone,3975 Washington Dr,Albany,NY,12245,(215) 555-1077,brian.iverstone@example.com,Mail,NPRC,12/14/2008,No,12/14/2008,IVERSTONE|BRIAN|12245,"Iverstone, Brian G",[TACOM];[CSR];[Admin];[ReadOnlyAudit];LocalDomainServers,
02E58CA63B72430D68F41A8810C3B74B,2AC6,,02/27/2014 07:51:25,02/27/2014 07:51:25,CN=HRC-Transfer/OU=Agents/O=TACOM,,RQ002164,Trevino-Hale,,Patricia,,Self,Patricia Trevino-Hale,2736 Eisenhower Ct,Burlington,VT,05474,(302) 555-1274,,Phone,HRC,02/27/2014,No,02/27/2014,TREVINO-HALE|PATRICIA|05474,"Trevino-Hale, Patricia",[TACOM];[CSR];[Admin];[ReadOnlyAudit];LocalDomainServers,
0ED26FE7B169B81E3ABB2633D8F47628,2ACA,,05/06/2005 16:08:09,05/06/2005 16:08:09,CN=Renata Vasquez-Holm/OU=CHPSID/O=TACOM,,RQ002165,Urquhart,,Timothy,E,Spouse,Donald Urquhart,6995 Eisenhower Dr,Salt Lake City,UT,84157,,,Phone,Congressional,05/06/2005,No,05/06/2005,URQUHART|TIMOTHY|84157,"Urquhart, Timothy E",[TACOM];[CSR];[Admin];[ReadOnlyAudit];LocalDomainServers,
D5F99AE0EE1E96A84B0A5AD179218FEC,2ACE,,12/03/2009 08:17:57,12/03/2009 08:17:57,CN=Dwayne Petrakis/OU=CHPSID/O=TACOM,,RQ002166,Kirkbride,III,Walter,,Self,Walter Kirkbride,7437 Poplar Ct,Sioux Falls,SD,57173,(484) 555-1242,walter.kirkbride@example.com,E-mail,Congressional,12/03/2009,Yes,,KIRKBRIDE|WALTER|57173,"Kirkbride, Walter",[TACOM];[CSR];[Admin];[ReadOnlyAudit];LocalDomainServers,
32AF0D988495063DA7CB844D3385138C,2AD2,,11/04/2024 15:16:40,11/04/2024 15:16:40,CN=HRC-Transfer/OU=Agents/O=TACOM,,RQ002167,Yeardley,Jr.,Terrence,W,Self,Terrence W Yeardley,2399 Walnut Blvd Apt 38D,Fort Wayne,IN,46858,(484) 555-1258,,Phone,HRC,11/04/2024,Yes,11/04/2024,YEARDLEY|TERRENCE|46858,"Yeardley, Terrence W",[TACOM];[CSR];[Admin];[ReadOnlyAudit];LocalDomainServers,
B8E56484365605185C1916EDA3BFADD0,2AD6,,06/23/2026 10:49:09,06/23/2026 10:49:09,CN=Dwayne Petrakis/OU=CHPSID/O=TACOM,,RQ002168,Pettiford,,Sandra,J,Self,Sandra J Pettiford,3322 Cedar Ln,Jacksonville,FL,32236-4570,(717) 555-1025,sandra.pettiford@example.com,Mail,Manual,06/23/2026,No,,PETTIFORD|SANDRA|32236,"Pettiford, Sandra",[TACOM];[CSR];[Admin];[ReadOnlyAudit];LocalDomainServers,RQ001894
FBE26F1715DB03563FD302201AD7340D,2ADA,,04/06/2022 16:52:56,04/06/2022 16:52:56,CN=HRC-Transfer/OU=Agents/O=TACOM,,RQ002169,Zapata-Kell,III,Linda,E,Self,Linda E Zapata-Kell,8603 Marshall Ln,New Orleans,LA,70150-2532,(856) 555-1889,,E-mail,HRC,04/06/2022,No,04/06/2022,ZAPATA-KELL|LINDA|70150,"Zapata-Kell, Linda E",[TACOM];[CSR];[Admin];[ReadOnlyAudit];LocalDomainServers,
8B86CD2EA0484603F40EC4590B9A139A,2ADE,,06/15/2019 11:50:43,06/15/2019 11:50:43,CN=Ret Hamlin/OU=CHPSID/O=TACOM,,RQ002170,Beddingfield,,Jeffrey,S,Self,Jeffrey S Beddingfield,4134 Sycamore Dr,Huntsville,AL,35857,(267) 555-1990,,Mail,Manual,06/15/2019,Yes,06/15/2019,BEDDINGFIELD|JEFFREY|35857,"Beddingfield, Jeffrey S",[TACOM];[CSR];[Admin];[ReadOnlyAudit];LocalDomainServers,
B94F830D4858BC1F7A17FC6DDD3F77D9,2AE2,,01/21/2016 15:04:53,01/21/2016 15:04:53,CN=HRC-Transfer/OU=Agents/O=TACOM,,RQ002171,Hargreave,,Jessica,M,Self,Jessica M Hargreave,6423 Jefferson Ave,Fayetteville,NC,28320,,,Mail,HRC,01/21/2016,Yes,01/21/2016,HARGREAVE|JESSICA|28320,"Hargreave, Jessica M",[TACOM];[CSR];[Admin];[ReadOnlyAudit];LocalDomainServers,
07466A2F11E2B61E553B5EC2881D1529,2AE6,,07/10/2021 14:19:19,07/10/2021 14:19:19,CN=Lorraine Whitcombe/OU=CHPSID/O=TACOM,,RQ002172,Ellingboe,,Ernesto,,Son,Mary Ellingboe,7988 Patton Ave,Wilmington,DE,19860-8756,(717) 555-1400,,E-mail,Congressional,07/10/2021,Yes,,ELLINGBOE|ERNESTO|19860,"Ellingboe, Ernesto",[TACOM];[CSR];[Admin];[ReadOnlyAudit];LocalDomainServers,
44FBF6EBDA4FA7BB0EFD100B7F0539C2,2AEA,,03/15/2012 11:04:57,03/15/2012 11:04:57,CN=Marlene Okafor/OU=CHPSID/O=TACOM,,RQ002173,AHLQUIST-BANE,Sr.,Darnell,,Grandchild,Donald Ahlquist,7692 Poplar Ave Apt 7D,Tacoma,WA,98441,(703) 555-1792,darnell.ahlquist@example.com,E-mail,Manual,03/15/2012,No,,AHLQUIST-BANE|DARNELL|98441,"AHLQUIST-BANE, Darnell",[TACOM];[CSR];[Admin];[ReadOnlyAudit];LocalDomainServers,
0DD659B038714C140CDD1C13CBC651BE,2AEE,,07/31/2022 17:52:53,07/31/2022 17:52:53,CN=HRC-Transfer/OU=Agents/O=TACOM,,RQ002174,Dunmore-Vey,Jr.,Charles,,Self,Charles Dunmore-Vey,1929 Walnut Blvd,San Antonio,TX,78284,(302) 555-1439,,Mail,NPRC,07/31/2022,No,,DUNMORE-VEY|CHARLES|78284,"Dunmore-Vey, Charles",[TACOM];[CSR];[Admin];[ReadOnlyAudit];LocalDomainServers,
9302C9EE248336124D5C54A1C3BFC388,2AF2,,08/07/2020 13:41:16,08/07/2020 13:41:16,CN=HRC-Transfer/OU=Agents/O=TACOM,,RQ002175,Fairweather,,Karen,T,Self,Karen T Fairweather,7753 Jefferson Ter,Columbia,SC,29260,(717) 555-1980,,Phone,NPRC,08/07/2020,Yes,08/07/2020,FAIRWEATHER|KAREN|29260,"Fairweather, Karen T",[TACOM];[CSR];[Admin];[ReadOnlyAudit];LocalDomainServers,
A0A96587CDA7B184C3AC17DFEDA27BCA,2AF6,,07/23/2013 16:57:31,07/23/2013 16:57:31,CN=HRC-Transfer/OU=Agents/O=TACOM,,RQ002176,Templeton-Ash,,Dorothy,C,Son,Rafael Templeton,560 Willow St Apt 28D,Knoxville,TN,37921,(410) 555-1432,dorothy.templeton@example.com,Mail,HRC,07/23/2013,No,07/23/2013,TEMPLETON-ASH|DOROTHY|37921,"Templeton-Ash, Dorothy C",[TACOM];[CSR];[Admin];[ReadOnlyAudit];LocalDomainServers,
A14B2B2902C1BC4D6F20C7D6A9149943,2AFA,,04/10/2015 08:36:09,04/10/2015 08:36:09,CN=Marlene Okafor/OU=CHPSID/O=TACOM,,RQ002177,Sallisaw,III,Steven,,Self,Steven Sallisaw,5382 Veterans Memorial Rd,Burlington,VT,05402,(703) 555-1669,,Mail,Congressional,04/10/2015,No,04/10/2015,SALLISAW|STEVEN|05402,"Sallisaw, Steven",[TACOM];[CSR];[Admin];[ReadOnlyAudit];LocalDomainServers,
D0D2183D9D7228ED1A720C2A2DFAEDCE,2AFE,,10/18/2019 08:44:14,10/18/2019 08:44:14,CN=Dwayne Petrakis/OU=CHPSID/O=TACOM,,RQ002178,Ahlquist-Bane,,Jeffrey,,Spouse,Christopher Ahlquist,709 Washington Ln,Norfolk,VA,23514,(610) 555-1872,jeffrey.ahlquist@example.com,Mail,Congressional,10/18/2019,No,10/18/2019,AHLQUIST-BANE|JEFFREY|23514,"Ahlquist-Bane, Jeffrey",[TACOM];[CSR];[Admin];[ReadOnlyAudit];LocalDomainServers,
B3390F8B16A5ADC3805E3EB5CB35220F,2B02,,07/19/2026 11:52:59,07/19/2026 11:52:59,CN=Renata Vasquez-Holm/OU=CHPSID/O=TACOM,,RQ002179,Yamaguchi-Orr,Jr.,Joshua,S,Daughter,Raymond Yamaguchi,7943 Juniper Way,Worcester,MA,01638,(484) 555-1592,,Phone,Manual,07/19/2026,Yes,07/19/2026,YAMAGUCHI-ORR|JOSHUA|01638,"Yamaguchi-Orr, Joshua S",[TACOM];[CSR];[Admin];[ReadOnlyAudit];LocalDomainServers,
35BD4D7212A7AE70EF202EBB8B42ED1B,2B06,,12/25/2017 07:24:30,12/25/2017 07:24:30,CN=Dwayne Petrakis/OU=CHPSID/O=TACOM,,RQ002180,Delgadillo,,Steven,S,Spouse,Carol Delgadillo,9790 Jefferson St,Killeen,TX,76537,(610) 555-1868,steven.delgadillo@example.com,E-mail,Congressional,12/25/2017,Yes,,DELGADILLO|STEVEN|76537,"Delgadillo, Steven S",[TACOM];[CSR];[Admin];[ReadOnlyAudit];LocalDomainServers,
DDE0B68AF80D82705CD588801DD087C5,2B0A,,07/11/2011 09:24:00,07/11/2011 09:24:00,CN=HRC-Transfer/OU=Agents/O=TACOM,,RQ002181,Cartlewood,,Arthur,,Grandchild,Michael Cartlewood,6902 Veterans Memorial Ct,Providence,RI,02917,(703) 555-1961,arthur.cartlewood@example.com,Phone,HRC,07/11/2011,Yes,,CARTLEWOOD|ARTHUR|02917,"Cartlewood, Arthur",[TACOM];[CSR];[Admin];[ReadOnlyAudit];LocalDomainServers,
9EF32617786A29B54A46DDC1437F0671,2B0E,,10/25/2016 10:17:59,10/25/2016 10:17:59,CN=Dwayne Petrakis/OU=CHPSID/O=TACOM,,RQ002182,Jarvinen-Roe,,Rafael,M,Daughter,Howard Jarvinen,4353 Patton Ct,Pensacola,FL,32513,,,Mail,Manual,10/25/2016,Yes,10/25/2016,JARVINEN-ROE|RAFAEL|32513,"Jarvinen-Roe, Rafael M",[TACOM];[CSR];[Admin];[ReadOnlyAudit];LocalDomainServers,
E0249E6B376F85B78AD7198284179948,2B12,,10/04/2025 07:14:36,10/04/2025 07:14:36,CN=HRC-Transfer/OU=Agents/O=TACOM,,RQ002183,Fairweather,Sr.,Nicole,E,Self,Nicole E Fairweather,5319 Walnut Blvd Apt 34D,Sioux Falls,SD,57102,(302) 555-1589,,Mail,HRC,10/04/2025,No,,FAIRWEATHER|NICOLE|57102,"Fairweather, Nicole E",[TACOM];[CSR];[Admin];[ReadOnlyAudit];LocalDomainServers,
8CC7D93FA8EC4630D971EE829202ED11,2B16,,03/15/2023 12:09:22,03/15/2023 12:09:22,CN=Dwayne Petrakis/OU=CHPSID/O=TACOM,,RQ002184,Hollinbeck,Jr.,Jeffrey,,Self,Jeffrey Hollinbeck,7936 Willow Blvd,Philadelphia,PA,19133,(856) 555-1997,jeffrey.hollinbeck@example.com,Mail,Manual,03/15/2023,No,03/15/2023,HOLLINBECK|JEFFREY|19133,"Hollinbeck, Jeffrey",[TACOM];[CSR];[Admin];[ReadOnlyAudit];LocalDomainServers,
BD389DD1093D4B0483095F932ECCD91F,2B1A,,07/11/2014 13:47:58,07/11/2014 13:47:58,CN=HRC-Transfer/OU=Agents/O=TACOM,,RQ002185,Nakashima,,Ernesto,D,Son,Ernesto Nakashima,3148 Veterans Memorial Ave,Tacoma,WA,98429-1866,(856) 555-1456,,Mail,HRC,07/11/2014,Yes,,NAKASHIMA|ERNESTO|98429,"Nakashima, Ernesto D",[TACOM];[CSR];[Admin];[ReadOnlyAudit];LocalDomainServers,
A9EB4C2D4EA027F1EBC038311EBF6CEF,2B1E,,04/05/2025 12:37:25,04/05/2025 12:37:25,CN=Renata Vasquez-Holm/OU=CHPSID/O=TACOM,,RQ002186,Tarquinio,Sr.,Richard,,Self,Richard Tarquinio,438 Walnut Ave,Harrisburg,PA,17156,(540) 555-1049,richard.tarquinio@example.com,E-mail,Manual,04/05/2025,Yes,,TARQUINIO|RICHARD|17156,"Tarquinio, Richard",[TACOM];[CSR];[Admin];[ReadOnlyAudit];LocalDomainServers,
8D52A425E773E03D62E128267BAFBC07,2B22,,06/15/2023 14:15:40,06/15/2023 14:15:40,CN=HRC-Transfer/OU=Agents/O=TACOM,,RQ002187,Zimmerly,,James,C,Self,James C Zimmerly,8581 Lincoln Rd,Columbia,SC,29219,(302) 555-1854,,E-mail,NPRC,06/15/2023,Yes,06/15/2023,ZIMMERLY|JAMES|29219,"Zimmerly, James C",[TACOM];[CSR];[Admin];[ReadOnlyAudit];LocalDomainServers,
EB10F5F2B50DAE93CDD33E0694E3063C,2B26,,11/25/2011 16:41:12,11/25/2011 16:41:12,CN=HRC-Transfer/OU=Agents/O=TACOM,,RQ002188,Tarquinio,,Andre,A,Self,Andre A Tarquinio,9247 Oak Ln,Burlington,VT,05443,(302) 555-1215,andre.tarquinio@example.com,Phone,HRC,11/25/2011,No,11/25/2011,TARQUINIO|ANDRE|05443,"Tarquinio, Andre A",[TACOM];[CSR];[Admin];[ReadOnlyAudit];LocalDomainServers,
7D31EAFE25F14F67C5F4C3B3AFADDF85,2B2A,,04/16/2018 13:58:45,04/16/2018 13:58:45,CN=HRC-Transfer/OU=Agents/O=TACOM,,RQ002189,Rockwell-Sayre,,Marcus,R,Self,Marcus R Rockwell-Sayre,7245 Hickory Rd,Jacksonville,FL,32261,(410) 555-1106,marcus.rockwell@example.com,Phone,NPRC,04/16/2018,Yes,04/16/2018,ROCKWELL-SAYRE|MARCUS|32261,"Rockwell-Sayre, Marcus R",[TACOM];[CSR];[Admin];[ReadOnlyAudit];LocalDomainServers,
F02A36C9EB5CFBCAA5D2F45B0D5D215F,2B2E,,01/07/2014 12:29:23,01/07/2014 12:29:23,CN=Lorraine Whitcombe/OU=CHPSID/O=TACOM,,RQ002190,Jaramillo,III,Christopher,N,Spouse,Karen Jaramillo,2246 Madison Ter,Louisville,KY,40245,,christopher.jaramillo@example.com,Mail,Manual,01/07/2014,Yes,01/07/2014,JARAMILLO|CHRISTOPHER|40245,"Jaramillo, Christopher N",[TACOM];[CSR];[Admin];[ReadOnlyAudit];LocalDomainServers,
93CD3A6FDD584948D06554745A696207,2B32,,07/22/2005 10:16:31,07/22/2005 10:16:31,CN=HRC-Transfer/OU=Agents/O=TACOM,,RQ002191,Rathbourne,,Nicole,P,Self,Nicole P Rathbourne,1828 Spruce Rd,Fayetteville,NC,28306,(410) 555-1720,nicole.rathbourne@example.com,Phone,NPRC,07/22/2005,Yes,07/22/2005,RATHBOURNE|NICOLE|28306,"Rathbourne, Nicole P",[TACOM];[CSR];[Admin];[ReadOnlyAudit];LocalDomainServers,
8D7FBB4CB77C85AC79BD6EE426212708,2B36,,10/28/2008 16:45:05,10/28/2008 16:45:05,CN=Marlene Okafor/OU=CHPSID/O=TACOM,,RQ002192,Yamaguchi-Orr,,Sarah,S,Daughter,Ralph Yamaguchi,5242 Pershing St,Portland,OR,97245-6205,(540) 555-1363,,Mail,Manual,10/28/2008,No,10/28/2008,YAMAGUCHI-ORR|SARAH|97245,"Yamaguchi-Orr, Sarah S",[TACOM];[CSR];[Admin];[ReadOnlyAudit];LocalDomainServers,
98490FDEC3380F6A7B4B3495C93FAE3E,2B3A,,08/20/2022 14:16:31,08/20/2022 14:16:31,CN=HRC-Transfer/OU=Agents/O=TACOM,,RQ002193,Marrowbridge,,Gary,G,Self,Gary G Marrowbridge,9390 Laurel St,Newark,NJ,07197-5292,(856) 555-1873,gary.marrowbridge@example.com,Mail,NPRC,08/20/2022,No,,MARROWBRIDGE|GARY|07197,"Marrowbridge, Gary G",[TACOM];[CSR];[Admin];[ReadOnlyAudit];LocalDomainServers,
3530D5594A1D226F6F47DDEE1D1E0F31,2B3E,,11/17/2015 14:11:49,11/17/2015 14:11:49,CN=Lorraine Whitcombe/OU=CHPSID/O=TACOM,,RQ002194,Umberlake,Sr.,Darnell,,Son,Christopher Umberlake,3791 Laurel Ct,Charlotte,NC,28232,(215) 555-1753,,Phone,Congressional,11/17/2015,Yes,11/17/2015,UMBERLAKE|DARNELL|28232,"Umberlake, Darnell",[TACOM];[CSR];[Admin];[ReadOnlyAudit];LocalDomainServers,
FBA42DD383CFBF84F410EA6B60167031,2B42,,05/17/2023 09:15:33,05/17/2023 09:15:33,CN=HRC-Transfer/OU=Agents/O=TACOM,,RQ002195,Lattimore,Jr.,Jessica,M,Self,Jessica M Lattimore,5601 Magnolia Blvd,Tucson,AZ,85798,,,E-mail,NPRC,05/17/2023,Yes,,LATTIMORE|JESSICA|85798,"Lattimore, Jessica M",[TACOM];[CSR];[Admin];[ReadOnlyAudit];LocalDomainServers,
5B95B99E64A59B80A130C261E713E590,2B46,,06/16/2019 16:58:59,06/16/2019 16:58:59,CN=Lorraine Whitcombe/OU=CHPSID/O=TACOM,,RQ002196,Tarquinio,,Stephanie J,J,Spouse,Angela Tarquinio,3487 Eisenhower Ln,Jackson,MS,39251,(610) 555-1068,stephanie.tarquinio@example.com,Mail,Manual,06/16/2019,No,,TARQUINIO|STEPHANIE J|39251,"Tarquinio, Stephanie J",[TACOM];[CSR];[Admin];[ReadOnlyAudit];LocalDomainServers,
408F16AAC7909530E182EA09A23C85D0,2B4A,,11/30/2011 16:20:29,11/30/2011 16:20:29,CN=Dwayne Petrakis/OU=CHPSID/O=TACOM,,RQ002197,Yamaguchi-Orr,Sr.,Stephanie,K,Spouse,Christopher Yamaguchi,1137 Spruce Dr,Billings,MT,59168,(540) 555-1031,,E-mail,Manual,11/30/2011,Yes,,YAMAGUCHI-ORR|STEPHANIE|59168,"Yamaguchi-Orr, Stephanie K",[TACOM];[CSR];[Admin];[ReadOnlyAudit];LocalDomainServers,
B2F0E71AE99F1C444402C46411DF28B1,2B4E,,03/24/2007 17:10:01,03/24/2007 17:10:01,CN=Benedetta Kowalczyk/OU=CHPSID/O=TACOM,,RQ002198,Ormsbee,,Tyler,N,Self,Tyler N Ormsbee,2612 Jefferson Blvd,Chicago,IL,60699,(267) 555-1492,tyler.ormsbee@example.com,Mail,Manual,03/24/2007,Yes,03/24/2007,ORMSBEE|TYLER|60699,"Ormsbee, Tyler N",[TACOM];[CSR];[Admin];[ReadOnlyAudit];LocalDomainServers,
3FC075E876CFDD4E8B2EA8BA767F2927,2B52,,06/24/2022 16:51:00,06/24/2022 16:51:00,CN=Lorraine Whitcombe/OU=CHPSID/O=TACOM,,RQ002199,Yamaguchi-Orr,,Justin,,Self,Justin Yamaguchi-Orr,847 Willow Ln,Columbus,GA,31913,(267) 555-1531,,Phone,Congressional,06/24/2022,Yes,06/24/2022,YAMAGUCHI-ORR|JUSTIN|31913,"Yamaguchi-Orr, Justin",[TACOM];[CSR];[Admin];[ReadOnlyAudit];LocalDomainServers,
CE06BC3BAD40991C09A5B841FDA724E5,2B56,,03/10/2026 12:37:02,03/10/2026 12:37:02,CN=HRC-Transfer/OU=Agents/O=TACOM,,RQ002200,Templeton-Ash Jr.,,Tyler,F,Self,Tyler F Templeton-Ash,1372 Patton Ave,Newark,NJ,07121,,,Mail,NPRC,03/10/2026,No,,TEMPLETON-ASH JR.|TYLER|07121,"Templeton-Ash Jr., Tyler",[TACOM];[CSR];[Admin];[ReadOnlyAudit];LocalDomainServers,
C4281BCDA2DCD6A1D2483CA0BA5B9C56,2B5A,,03/21/2026 12:19:40,03/21/2026 12:19:40,CN=Lorraine Whitcombe/OU=CHPSID/O=TACOM,,RQ002201,Norquist,III,Earl,P,Self,Earl P Norquist,218 Armory St,Huntsville,AL,35896,,earl.norquist@example.com,E-mail,Congressional,03/21/2026,No,03/21/2026,NORQUIST|EARL|35896,"Norquist, Earl P",[TACOM];[CSR];[Admin];[ReadOnlyAudit];LocalDomainServers,
3D6876C27159E4C2351A6F08319B8B86,2B5E,,10/22/2019 13:20:12,10/22/2019 13:20:12,CN=Dwayne Petrakis/OU=CHPSID/O=TACOM,,RQ002202,VOSBURGH,Jr.,Evelyn,M,Self,Evelyn M Vosburgh,4705 Dogwood Ln,Portland,ME,04132,(484) 555-1109,evelyn.vosburgh@example.com,E-mail,Manual,10/22/2019,No,,VOSBURGH|EVELYN|04132,"VOSBURGH, Evelyn",[TACOM];[CSR];[Admin];[ReadOnlyAudit];LocalDomainServers,
0B4AABDA573C5D41E1A06FD58F843067,2B62,,05/13/2012 08:00:49,05/13/2012 08:00:49,CN=Lorraine Whitcombe/OU=CHPSID/O=TACOM,,RQ002203,Abernook,,B.,W,Self,Barbara W Abernook,6328 Marshall Blvd,Killeen,TX,76568,,,Phone,Manual,05/13/2012,No,,ABERNOOK|B.|76568,"Abernook, B.",[TACOM];[CSR];[Admin];[ReadOnlyAudit];LocalDomainServers,
E5A318CF9B9A32B9E1C7254A4895F832,2B66,,10/20/2004 16:24:04,10/20/2004 16:24:04,CN=Renata Vasquez-Holm/OU=CHPSID/O=TACOM,,RQ002204,Quimbley,,Carlos,M,Self,Carlos M Quimbley,2222 Jefferson Rd,Columbia,SC,29296,(610) 555-1094,,Mail,Congressional,10/20/2004,Yes,,QUIMBLEY|CARLOS|29296,"Quimbley, Carlos M",[TACOM];[CSR];[Admin];[ReadOnlyAudit];LocalDomainServers,
38212E4B02A3B24AB78CDAA3A178198D,2B6A,,04/25/2023 17:00:54,04/25/2023 17:00:54,CN=Renata Vasquez-Holm/OU=CHPSID/O=TACOM,,RQ002205,Galbreath,,Leonard,B,Daughter,Heather Galbreath,9542 Madison Pl,St. Louis,MO,63179,(410) 555-1273,leonard.galbreath@example.com,Mail,Manual,04/25/2023,No,,GALBREATH|LEONARD|63179,"Galbreath, Leonard",[TACOM];[CSR];[Admin];[ReadOnlyAudit];LocalDomainServers,RQ000893
CBF65B6E38308EC10FDD989CAB37A2E6,2B6E,,01/26/2011 15:36:25,01/26/2011 15:36:25,CN=Renata Vasquez-Holm/OU=CHPSID/O=TACOM,,RQ002206,Trevino-Hale,Jr.,Arthur,H,Sibling,Jamal Trevino,1923 Willow Rd,Cleveland,OH,44196-5793,(717) 555-1704,,Mail,Manual,01/26/2011,No,,TREVINO-HALE|ARTHUR|44196,"Trevino-Hale, Arthur H",[TACOM];[CSR];[Admin];[ReadOnlyAudit];LocalDomainServers,
93B98DCB7BF00DA5F7F57626F99D8498,2B72,,09/19/2011 10:34:52,09/19/2011 10:34:52,CN=Renata Vasquez-Holm/OU=CHPSID/O=TACOM,,RQ002207,Dunmore-Vey,,Jose,N,Spouse,Melissa Dunmore,719 Madison Ct,Charlotte,NC,28244,(703) 555-1519,,E-mail,Congressional,09/19/2011,No,09/19/2011,DUNMORE-VEY|JOSE|28244,"Dunmore-Vey, Jose N",[TACOM];[CSR];[Admin];[ReadOnlyAudit];LocalDomainServers,
F051E2F981AD80B6739F1179FC8B92E9,2B76,,10/12/2012 13:46:22,10/12/2012 13:46:22,CN=HRC-Transfer/OU=Agents/O=TACOM,,RQ002208,Yellowley,Sr.,David,J,Daughter,Jamal Yellowley,7469 Sycamore St,Peoria,IL,61689,,,Phone,HRC,10/12/2012,Yes,,YELLOWLEY|DAVID|61689,"Yellowley, David J",[TACOM];[CSR];[Admin];[ReadOnlyAudit];LocalDomainServers,
52E0D366E44D84B9ADF9A353A48AE829,2B7A,,07/25/2021 07:23:48,07/25/2021 07:23:48,CN=HRC-Transfer/OU=Agents/O=TACOM,,RQ002209,Ullswater,Jr.,Betty,,Sibling,Evelyn Ullswater,3025 Jefferson Ct Apt 39C,Richmond,VA,23239-3374,(540) 555-1551,,Mail,HRC,07/25/2021,No,07/25/2021,ULLSWATER|BETTY|23239,"Ullswater, Betty",[TACOM];[CSR];[Admin];[ReadOnlyAudit];LocalDomainServers,
0D252A7BBE3E4B0682CDC6D6385C22A7,2B7E,,06/27/2021 16:37:00,06/27/2021 16:37:00,CN=Ret Hamlin/OU=CHPSID/O=TACOM,,RQ002210,Nakashima,,Donald,P,Self,Donald P Nakashima,9441 Chestnut Pl,Nashville,TN,37214,(410) 555-1778,,Phone,Congressional,06/27/2021,No,,NAKASHIMA|DONALD|37214,"Nakashima, Donald P",[TACOM];[CSR];[Admin];[ReadOnlyAudit];LocalDomainServers,
8DDBC98610220EB95F194A18B2B65D3D,2B82,,01/14/2017 14:47:43,01/14/2017 14:47:43,CN=HRC-Transfer/OU=Agents/O=TACOM,,RQ002211,Coldwater,,Andre,H,Spouse,Rafael Coldwater,5254 Patton Pl,Shreveport,LA,71117,,andre.coldwater@example.com,Mail,HRC,01/14/2017,Yes,01/14/2017,COLDWATER|ANDRE|71117,"Coldwater, Andre H",[TACOM];[CSR];[Admin];[ReadOnlyAudit];LocalDomainServers,
2B2311B674283260B9312277B54CEA8F,2B86,,08/24/2014 17:58:54,08/24/2014 17:58:54,CN=HRC-Transfer/OU=Agents/O=TACOM,,RQ002212,Stroudmoor,Sr.,Sandra,,Son,Brandon Stroudmoor,9493 Ridgway Way,Albany,NY,12292-8372,(267) 555-1171,,Mail,HRC,08/24/2014,No,,STROUDMOOR|SANDRA|12292,"Stroudmoor, Sandra",[TACOM];[CSR];[Admin];[ReadOnlyAudit];LocalDomainServers,
16E81D9DC64F8ADC0B557E309B75941F,2B8A,,03/25/2024 12:26:57,03/25/2024 12:26:57,CN=HRC-Transfer/OU=Agents/O=TACOM,,RQ002213,Lindquarry,Sr.,Sandra Jr,,Parent,Elizabeth Lindquarry,318 Walnut Ter,Buffalo,NY,14256,,,Mail,NPRC,03/25/2024,No,,LINDQUARRY|SANDRA JR|14256,"Lindquarry, Sandra Jr",[TACOM];[CSR];[Admin];[ReadOnlyAudit];LocalDomainServers,
1A73DFCACF77EABF3C8CDD5A130223DE,2B8E,,02/26/2017 08:12:34,02/26/2017 08:12:34,CN=HRC-Transfer/OU=Agents/O=TACOM,,RQ002214,Urquhart,Sr.,Karen,K,Self,Karen K Urquhart,4682 Patton Ct,Kansas City,MO,64145-6241,,,Mail,NPRC,02/26/2017,Yes,02/26/2017,URQUHART|KAREN|64145,"Urquhart, Karen K",[TACOM];[CSR];[Admin];[ReadOnlyAudit];LocalDomainServers,
03AB538CBD93ECC2E846D0D97603F73F,2B92,,06/30/2005 08:30:25,06/30/2005 08:30:25,CN=Dwayne Petrakis/OU=CHPSID/O=TACOM,,RQ002215,Fennimark,,Joshua,P,Self,Joshua P Fennimark,8228 Pershing Ave,Anchorage,AK,99537-9491,,joshua.fennimark@example.com,Mail,Congressional,06/30/2005,No,06/30/2005,FENNIMARK|JOSHUA|99537,"Fennimark, Joshua P",[TACOM];[CSR];[Admin];[ReadOnlyAudit];LocalDomainServers,
ECAA2F0271E811EDF1AF09D06E7493C5,2B96,,08/17/2014 17:30:03,08/17/2014 17:30:03,CN=HRC-Transfer/OU=Agents/O=TACOM,,RQ002216,Norquist,,E.,,Son,Christopher Norquist,2308 Jefferson Blvd,Los Angeles,CA,90078,(703) 555-1691,,Mail,HRC,08/17/2014,No,,NORQUIST|E.|90078,"Norquist, E.",[TACOM];[CSR];[Admin];[ReadOnlyAudit];LocalDomainServers,
E9A248AD7C5BCCC1AD35C1AFFFBEC2F4,2B9A,,08/01/2019 14:28:50,08/01/2019 14:28:50,CN=Dwayne Petrakis/OU=CHPSID/O=TACOM,,RQ002217,Iverstone,III,J.,L,Self,James L Iverstone,8333 Maple Way,Boston,MA,02113,(540) 555-1686,,E-mail,Manual,08/01/2019,No,,IVERSTONE|J.|02113,"Iverstone, J.",[TACOM];[CSR];[Admin];[ReadOnlyAudit];LocalDomainServers,
126773CC4FF82E26ADFF2A7BC6C9A54F,2B9E,,08/26/2026 14:46:21,08/26/2026 14:46:21,CN=HRC-Transfer/OU=Agents/O=TACOM,,RQ002218,Rathbourne Jr.,III,Margaret,D,Spouse,Terrence Rathbourne,4951 Walnut St,Huntsville,AL,35852,(717) 555-1110,,E-mail,HRC,08/26/2026,No,,RATHBOURNE JR.|MARGARET|35852,"Rathbourne Jr., Margaret",[TACOM];[CSR];[Admin];[ReadOnlyAudit];LocalDomainServers,
1B5CF430D9D91108F1A6400579367465,2BA2,,01/13/2016 08:36:51,01/13/2016 08:36:51,CN=HRC-Transfer/OU=Agents/O=TACOM,,RQ002219,Yarrowdale,Jr.,Evelyn,N,Self,Evelyn N Yarrowdale,9082 Laurel Dr Apt 14D,San Antonio,TX,78262-6763,,evelyn.yarrowdale@example.com,Mail,NPRC,01/13/2016,No,,YARROWDALE|EVELYN|78262,"Yarrowdale, Evelyn N",[TACOM];[CSR];[Admin];[ReadOnlyAudit];LocalDomainServers,
0E409F29FC391E21EC5CC479E5D1AFB3,2BA6,,08/08/2026 17:38:55,08/08/2026 17:38:55,CN=HRC-Transfer/OU=Agents/O=TACOM,,RQ002220,Nethercott,III,Ryan,,Self,Ryan Nethercott,4387 Hickory Ct,Houston,TX,77069,(717) 555-1143,ryan.nethercott@example.com,Phone,HRC,08/08/2026,No,08/08/2026,NETHERCOTT|RYAN|77069,"Nethercott, Ryan",[TACOM];[CSR];[Admin];[ReadOnlyAudit];LocalDomainServers,
E24E17EC869D7409FCB165CB3C1907ED,2BAA,,12/26/2014 15:56:09,12/26/2014 15:56:09,CN=HRC-Transfer/OU=Agents/O=TACOM,,RQ002221,Cartlewood,Jr.,Barbara,N,Self,Barbara N Cartlewood,6497 Willow Pl,Albuquerque,NM,87161-9139,(856) 555-1791,barbara.cartlewood@example.com,Phone,HRC,12/26/2014,Yes,12/26/2014,CARTLEWOOD|BARBARA|87161,"Cartlewood, Barbara N",[TACOM];[CSR];[Admin];[ReadOnlyAudit];LocalDomainServers,
28B496FD443F7B7FC0D9F7236C6C0900,2BAE,,07/10/2006 12:35:37,07/10/2006 12:35:37,CN=Marlene Okafor/OU=CHPSID/O=TACOM,,RQ002222,Coldwater,III,Jessica,,Son,Norman Coldwater,2326 Eisenhower Ln,Albuquerque,NM,87134-6865,,,Phone,Manual,07/10/2006,No,,COLDWATER|JESSICA|87134,"Coldwater, Jessica",[TACOM];[CSR];[Admin];[ReadOnlyAudit];LocalDomainServers,
68BA20E3CF8411C7FA344B3FFFA573BD,2BB2,,01/02/2026 09:22:02,01/02/2026 09:22:02,CN=Marlene Okafor/OU=CHPSID/O=TACOM,,RQ002223,Rathbourne,,Joshua,,Grandchild,Jose Rathbourne,130 Eisenhower St,St. Louis,MO,63163,,,Mail,Congressional,01/02/2026,Yes,01/02/2026,RATHBOURNE|JOSHUA|63163,"Rathbourne, Joshua",[TACOM];[CSR];[Admin];[ReadOnlyAudit];LocalDomainServers,
6B9DA8C9A278C7E2140EADF299F06DB9,2BB6,,02/26/2011 17:04:24,02/26/2011 17:04:24,CN=HRC-Transfer/OU=Agents/O=TACOM,,RQ002224,Coldwater,III,Carol,B,Grandchild,Kevin Coldwater,2775 Ridgway St,Killeen,TX,76567,(484) 555-1484,carol.coldwater@example.com,Mail,HRC,02/26/2011,No,02/26/2011,COLDWATER|CAROL|76567,"Coldwater, Carol B",[TACOM];[CSR];[Admin];[ReadOnlyAudit];LocalDomainServers,
F8E8FFE96A1F0E33754BED2FCFC053D2,2BBA,,02/07/2009 15:00:01,02/07/2009 15:00:01,CN=HRC-Transfer/OU=Agents/O=TACOM,,RQ002225,Rockwell-Sayre,,Tyler,A,Self,Tyler A Rockwell-Sayre,6376 Lincoln Ln,El Paso,TX,79977,(717) 555-1625,,Mail,NPRC,02/07/2009,No,02/07/2009,ROCKWELL-SAYRE|TYLER|79977,"Rockwell-Sayre, Tyler A",[TACOM];[CSR];[Admin];[ReadOnlyAudit];LocalDomainServers,
7A72CE65F2E7AC30569AB655DF6017BB,2BBE,,11/19/2006 07:28:19,11/19/2006 07:28:19,CN=HRC-Transfer/OU=Agents/O=TACOM,,RQ002226,Thornbury,,Betty,N,Self,Betty N Thornbury,4736 Bradley St,Oklahoma City,OK,73110,(856) 555-1273,betty.thornbury@example.com,Mail,HRC,11/19/2006,Yes,11/19/2006,THORNBURY|BETTY|73110,"Thornbury, Betty N",[TACOM];[CSR];[Admin];[ReadOnlyAudit];LocalDomainServers,
6A5BD9A3D6FCC7E075A0DA61AEAE062C,2BC2,,06/07/2015 17:05:45,06/07/2015 17:05:45,CN=Benedetta Kowalczyk/OU=CHPSID/O=TACOM,,RQ002227,Ostrowski-Lane,,Tyler,,Self,Tyler Ostrowski-Lane,3068 Chestnut Rd,Chicago,IL,60674,(703) 555-1972,,Mail,Manual,06/07/2015,Yes,,OSTROWSKI-LANE|TYLER|60674,"Ostrowski-Lane, Tyler",[TACOM];[CSR];[Admin];[ReadOnlyAudit];LocalDomainServers,
3FEBEE3480B0CEA43FCD57C2FACE5910,2BC6,,07/19/2006 10:13:16,07/19/2006 10:13:16,CN=HRC-Transfer/OU=Agents/O=TACOM,,RQ002228,Castellanos,,Matthew,B,Self,Matthew B Castellanos,9640 Lincoln Ct,Seattle,WA,98193-6072,,,Mail,HRC,07/19/2006,Yes,,CASTELLANOS|MATTHEW|98193,"Castellanos, Matthew B",[TACOM];[CSR];[Admin];[ReadOnlyAudit];LocalDomainServers,
AD8AD20AD59C6B63618A8EEF28848977,2BCA,,03/17/2016 14:14:35,03/17/2016 14:14:35,CN=HRC-Transfer/OU=Agents/O=TACOM,,RQ002229,Kellerhaus,,Melissa,R,Self,Melissa R Kellerhaus,8947 Jefferson Ct,Wilmington,DE,19864-5813,(215) 555-1338,,Mail,NPRC,03/17/2016,Yes,03/17/2016,KELLERHAUS|MELISSA|19864,"Kellerhaus, Melissa R",[TACOM];[CSR];[Admin];[ReadOnlyAudit];LocalDomainServers,
5ECC1C6C37ECA8E255CD9DA94038C3F3,2BCE,,08/25/2015 08:50:57,08/25/2015 08:50:57,CN=HRC-Transfer/OU=Agents/O=TACOM,,RQ002230,Reyes-Almonte,,A.,G,Sibling,Susan Reyes,6716 Bradley Blvd,Albany,NY,12203,(302) 555-1113,anthony.reyes@example.com,Phone,HRC,08/25/2015,No,,REYES-ALMONTE|A.|12203,"Reyes-Almonte, A.",[TACOM];[CSR];[Admin];[ReadOnlyAudit];LocalDomainServers,
587049AC8FFD14B27A67C5C94D5D5024,2BD2,,11/19/2004 10:23:34,11/19/2004 10:23:34,CN=HRC-Transfer/OU=Agents/O=TACOM,,RQ002231,Prendergast,,Dorothy,K,Daughter,Harold Prendergast,9681 Eisenhower Ter,El Paso,TX,79908-4150,(540) 555-1172,,Phone,NPRC,11/19/2004,No,,PRENDERGAST|DOROTHY|79908,"Prendergast, Dorothy K",[TACOM];[CSR];[Admin];[ReadOnlyAudit];LocalDomainServers,
5A3FF56D46D89F5286840A7B40588B49,2BD6,,09/05/2013 17:26:40,09/05/2013 17:26:40,CN=HRC-Transfer/OU=Agents/O=TACOM,,RQ002232,Coldwater,III,C.,B,Grandchild,Kevin Coldwater,2775 Ridgway St,Killeen,TX,76567,(484) 555-1484,carol.coldwater@example.com,Mail,NPRC,09/05/2013,No,,COLDWATER|C.|76567,"Coldwater, C.",[TACOM];[CSR];[Admin];[ReadOnlyAudit];LocalDomainServers,
EDDE3C804E540E3FA6358B78E90F9822,2BDA,,07/22/2023 07:31:45,07/22/2023 07:31:45,CN=HRC-Transfer/OU=Agents/O=TACOM,,RQ002233,Vosburgh,III,John,P,Daughter,Ryan Vosburgh,2960 Jefferson Pl Apt 4C,Worcester,MA,01619,(484) 555-1624,,E-mail,HRC,07/22/2023,No,07/22/2023,VOSBURGH|JOHN|01619,"Vosburgh, John P",[TACOM];[CSR];[Admin];[ReadOnlyAudit];LocalDomainServers,
3B47C63CF2D8ACA1E6DD13EE2AEB18AA,2BDE,,07/03/2014 13:04:28,07/03/2014 13:04:28,CN=HRC-Transfer/OU=Agents/O=TACOM,,RQ002234,Umberlake,,Angela,,Son,Melissa Umberlake,6093 Magnolia Ln,Jackson,MS,39218,(410) 555-1726,,E-mail,HRC,07/03/2014,Yes,,UMBERLAKE|ANGELA|39218,"Umberlake, Angela",[TACOM];[CSR];[Admin];[ReadOnlyAudit];LocalDomainServers,
839D606CB314DBFB74C561586EDBB5DF,2BE2,,04/30/2013 09:59:01,04/30/2013 09:59:01,CN=Renata Vasquez-Holm/OU=CHPSID/O=TACOM,,RQ002235,Ellingboe,,Daniel,D,Spouse,Marcus Ellingboe,1144 Ridgway St,Little Rock,AR,72223,(484) 555-1032,,Mail,Congressional,04/30/2013,No,,ELLINGBOE|DANIEL|72223,"Ellingboe, Daniel D",[TACOM];[CSR];[Admin];[ReadOnlyAudit];LocalDomainServers,
8790B5161548B90E06DA489F20055D68,2BE6,,12/17/2024 17:12:45,12/17/2024 17:12:45,CN=HRC-Transfer/OU=Agents/O=TACOM,,RQ002236,Marrowbridge,,Daniel,J,Self,Daniel J Marrowbridge,2821 Maple Rd,Indianapolis,IN,46222,(540) 555-1891,,Phone,HRC,12/17/2024,No,12/17/2024,MARROWBRIDGE|DANIEL|46222,"Marrowbridge, Daniel J",[TACOM];[CSR];[Admin];[ReadOnlyAudit];LocalDomainServers,
DD0D8257468AAABB4ED1C868B84650E4,2BEA,,02/28/2005 08:06:52,02/28/2005 08:06:52,CN=HRC-Transfer/OU=Agents/O=TACOM,,RQ002237,Redfearn,Sr.,Charles,B,Son,Terrence Redfearn,2691 Cedar Pl,Los Angeles,CA,90000-4667,,,Mail,HRC,02/28/2005,Yes,02/28/2005,REDFEARN|CHARLES|90000,"Redfearn, Charles B",[TACOM];[CSR];[Admin];[ReadOnlyAudit];LocalDomainServers,
6FE820A84A8BC0FC5E63291FF2A8BACA,2BEE,,09/17/2019 15:43:25,09/17/2019 15:43:25,CN=HRC-Transfer/OU=Agents/O=TACOM,,RQ002238,Haverstock,,Andrew W,W,Son,Gary Haverstock,6898 Armory Ln,Dallas,TX,75227-5894,(215) 555-1996,andrew.haverstock@example.com,Phone,NPRC,09/17/2019,No,,HAVERSTOCK|ANDREW W|75227,"Haverstock, Andrew W",[TACOM];[CSR];[Admin];[ReadOnlyAudit];LocalDomainServers,
9CCA183C852087D8CE85D669DC395BE4,2BF2,,05/23/2009 07:08:07,05/23/2009 07:08:07,CN=Marlene Okafor/OU=CHPSID/O=TACOM,,RQ002239,Fennimark,III,Christopher,A,Self,Christopher A Fennimark,8744 Laurel Ln Apt 9C,Denver,CO,80220,(215) 555-1187,christopher.fennimark@example.com,Phone,Congressional,05/23/2009,Yes,05/23/2009,FENNIMARK|CHRISTOPHER|80220,"Fennimark, Christopher A",[TACOM];[CSR];[Admin];[ReadOnlyAudit];LocalDomainServers,
E58F985B2D819BA1D22433707BDF38D7,2BF6,,01/13/2007 16:57:40,01/13/2007 16:57:40,CN=HRC-Transfer/OU=Agents/O=TACOM,,RQ002240,Northway,,Justin,,Grandchild,Jeffrey Northway,7834 Elm Rd Apt 25C,Manchester,NH,03188,(610) 555-1824,,E-mail,HRC,01/13/2007,No,,NORTHWAY|JUSTIN|03188,"Northway, Justin",[TACOM];[CSR];[Admin];[ReadOnlyAudit];LocalDomainServers,
97C5D23249AFCC5186BA5AAE893BE846,2BFA,,01/31/2008 09:57:55,01/31/2008 09:57:55,CN=HRC-Transfer/OU=Agents/O=TACOM,,RQ002241,Drakeford,Sr.,William,,Self,William Drakeford,8475 Hickory Ave Apt 34B,Spokane,WA,99225-5619,(267) 555-1103,william.drakeford@example.com,Mail,NPRC,01/31/2008,No,,DRAKEFORD|WILLIAM|99225,"Drakeford, William",[TACOM];[CSR];[Admin];[ReadOnlyAudit];LocalDomainServers,
50BFB180AFDF038BACEC447D73506196,2BFE,,05/30/2024 12:57:55,05/30/2024 12:57:55,CN=HRC-Transfer/OU=Agents/O=TACOM,,RQ002242,Stroudmoor,,Nicole,,Self,Nicole Stroudmoor,9395 Juniper Pl Apt 31D,Billings,MT,59190,(267) 555-1305,nicole.stroudmoor@example.com,Phone,HRC,05/30/2024,No,05/30/2024,STROUDMOOR|NICOLE|59190,"Stroudmoor, Nicole",[TACOM];[CSR];[Admin];[ReadOnlyAudit];LocalDomainServers,
40327289671D2278ACF74D8BEC456107,2C02,,07/07/2004 14:34:37,07/07/2004 14:34:37,CN=Ret Hamlin/OU=CHPSID/O=TACOM,,RQ002243,Escobedo-Ruiz,,Barbara,,Self,Barbara Escobedo-Ruiz,4828 Bradley Pl,St. Louis,MO,63195,(856) 555-1859,,Mail,Congressional,07/07/2004,Yes,,ESCOBEDO-RUIZ|BARBARA|63195,"Escobedo-Ruiz, Barbara",[TACOM];[CSR];[Admin];[ReadOnlyAudit];LocalDomainServers,
15A88FFC0D02BF7859F913284E3C40C5,2C06,,01/06/2012 11:52:13,01/06/2012 11:52:13,CN=HRC-Transfer/OU=Agents/O=TACOM,,RQ002244,Whitlock-Bay,III,Linda,S,Daughter,Karen Whitlock,6926 Birch Rd Apt 29A,Charlotte,NC,28272,(267) 555-1079,linda.whitlock@example.com,Mail,HRC,01/06/2012,No,01/06/2012,WHITLOCK-BAY|LINDA|28272,"Whitlock-Bay, Linda S",[TACOM];[CSR];[Admin];[ReadOnlyAudit];LocalDomainServers,
1713E9E41027575F38CC4327529F5FC9,2C0A,,12/13/2021 09:10:25,12/13/2021 09:10:25,CN=HRC-Transfer/OU=Agents/O=TACOM,,RQ002245,Lattimore,,Betty,,Spouse,Kevin Lattimore,4393 Oak Dr,Phoenix,AZ,85091,(484) 555-1662,,Phone,HRC,12/13/2021,No,12/13/2021,LATTIMORE|BETTY|85091,"Lattimore, Betty",[TACOM];[CSR];[Admin];[ReadOnlyAudit];LocalDomainServers,
59CF40DF881073F989C2349ED32CE1FC,2C0E,,10/09/2013 07:36:13,10/09/2013 07:36:13,CN=HRC-Transfer/OU=Agents/O=TACOM,,RQ002246,Reyes-Almonte,,Donna,H,Self,Donna H Reyes-Almonte,446 Oak Ter,Scranton,PA,18589,,,E-mail,HRC,10/09/2013,No,,REYES-ALMONTE|DONNA|18589,"Reyes-Almonte, Donna H",[TACOM];[CSR];[Admin];[ReadOnlyAudit];LocalDomainServers,
D1DCE0D8DD64BB52C008E7F8CF9447E4,2C12,,04/25/2016 13:43:34,04/25/2016 13:43:34,CN=HRC-Transfer/OU=Agents/O=TACOM,,RQ002247,Altamirano-Diaz,,Melissa,E,Self,Melissa E Altamirano-Diaz,9149 Madison Way,Harrisburg,PA,17146,(410) 555-1889,,Mail,HRC,04/25/2016,Yes,,ALTAMIRANO-DIAZ|MELISSA|17146,"Altamirano-Diaz, Melissa E",[TACOM];[CSR];[Admin];[ReadOnlyAudit];LocalDomainServers,
A9F1320B8EC75E8DAB8970024A641245,2C16,,07/09/2024 07:50:17,07/09/2024 07:50:17,CN=Lorraine Whitcombe/OU=CHPSID/O=TACOM,,RQ002248,Ellsworthy,Jr.,Tyler,,Self,Tyler Ellsworthy,8659 Pershing Ln Apt 6D,Killeen,TX,76558,(267) 555-1786,tyler.ellsworthy@example.com,Phone,Congressional,07/09/2024,No,,ELLSWORTHY|TYLER|76558,"Ellsworthy, Tyler",[TACOM];[CSR];[Admin];[ReadOnlyAudit];LocalDomainServers,
877687EFD497BBAF107F594FF4391D13,2C1A,,12/23/2004 11:33:42,12/23/2004 11:33:42,CN=HRC-Transfer/OU=Agents/O=TACOM,,RQ002249,Benavidez-Cruz,,Norman,R,Son,Jose Benavidez,2122 Armory Way Apt 27D,Columbus,GA,31975-9853,(215) 555-1098,norman.benavidez@example.com,Mail,HRC,12/23/2004,Yes,,BENAVIDEZ-CRUZ|NORMAN|31975,"Benavidez-Cruz, Norman R",[TACOM];[CSR];[Admin];[ReadOnlyAudit];LocalDomainServers,
F29AEA67AC689F0B34AA9FFB9C8D9455,2C1E,,07/05/2018 08:24:01,07/05/2018 08:24:01,CN=Ret Hamlin/OU=CHPSID/O=TACOM,,RQ002250,Templeton-Ash,III,Frances,K,Self,Frances K Templeton-Ash,792 Marshall Rd,Trenton,NJ,08699,(856) 555-1878,frances.templeton@example.com,Mail,Manual,07/05/2018,Yes,07/05/2018,TEMPLETON-ASH|FRANCES|08699,"Templeton-Ash, Frances K",[TACOM];[CSR];[Admin];[ReadOnlyAudit];LocalDomainServers,
1417D7D22D224F0F0F279841DC2C14BC,2C22,,05/01/2018 17:43:08,05/01/2018 17:43:08,CN=HRC-Transfer/OU=Agents/O=TACOM,,RQ002251,Zabrowski,III,Anthony,L,Son,Lisa Zabrowski,3604 Magnolia St,St. Louis,MO,63163,(484) 555-1813,anthony.zabrowski@example.com,Phone,HRC,05/01/2018,Yes,05/01/2018,ZABROWSKI|ANTHONY|63163,"Zabrowski, Anthony L",[TACOM];[CSR];[Admin];[ReadOnlyAudit];LocalDomainServers,
032427DACE924160BE80570DBD5BE533,2C26,,05/13/2025 16:16:18,05/13/2025 16:16:18,CN=Benedetta Kowalczyk/OU=CHPSID/O=TACOM,,RQ002252,Escobedo-Ruiz,III,Darnell,K,Daughter,Jessica Escobedo,4089 Birch Pl,Pensacola,FL,32582,(540) 555-1425,,Phone,Manual,05/13/2025,Yes,05/13/2025,ESCOBEDO-RUIZ|DARNELL|32582,"Escobedo-Ruiz, Darnell K",[TACOM];[CSR];[Admin];[ReadOnlyAudit];LocalDomainServers,
4D4F598B51E3F4CBA1C28C842D400486,2C2A,,08/06/2026 08:42:29,08/06/2026 08:42:29,CN=HRC-Transfer/OU=Agents/O=TACOM,,RQ002253,Guajardo,,Nicole,,Spouse,Betty Guajardo,9064 Madison St,Savannah,GA,31406,(267) 555-1207,nicole.guajardo@example.com,Phone,HRC,08/06/2026,No,08/06/2026,GUAJARDO|NICOLE|31406,"Guajardo, Nicole",[TACOM];[CSR];[Admin];[ReadOnlyAudit];LocalDomainServers,
72F1FDAFF89754291C7F9D924E8223F5,2C2E,,02/29/2008 11:55:51,02/29/2008 11:55:51,CN=Marlene Okafor/OU=CHPSID/O=TACOM,,RQ002254,Villanueva-Cox,Sr.,Carlos,K,Self,Carlos K Villanueva-Cox,434 Birch Pl Apt 1C,Portland,ME,04111-2261,(410) 555-1606,carlos.villanueva@example.com,Mail,Congressional,02/29/2008,Yes,,VILLANUEVA-COX|CARLOS|04111,"Villanueva-Cox, Carlos K",[TACOM];[CSR];[Admin];[ReadOnlyAudit];LocalDomainServers,
E10BDCC341DA31E6FEB064DE461E155D,2C32,,01/25/2022 12:56:57,01/25/2022 12:56:57,CN=Lorraine Whitcombe/OU=CHPSID/O=TACOM,,RQ002255,Bramwold,,Jeffrey,,Spouse,Raymond Bramwold,739 Birch Ave,Spokane,WA,99271-0507,(703) 555-1184,,Phone,Manual,01/25/2022,No,01/25/2022,BRAMWOLD|JEFFREY|99271,"Bramwold, Jeffrey",[TACOM];[CSR];[Admin];[ReadOnlyAudit];LocalDomainServers,
B784B322E6977665F1A1BCD60B97B170,2C36,,07/08/2006 15:56:27,07/08/2006 15:56:27,CN=Marlene Okafor/OU=CHPSID/O=TACOM,,RQ002256,Dunmore-Vey,III,Karen,,Self,Karen Dunmore-Vey,3149 Madison Blvd,Harrisburg,PA,17128,(540) 555-1105,,Mail,Manual,07/08/2006,Yes,07/08/2006,DUNMORE-VEY|KAREN|17128,"Dunmore-Vey, Karen",[TACOM];[CSR];[Admin];[ReadOnlyAudit];LocalDomainServers,
A461EA26A9ACFD9A5D451BF99056B583,2C3A,,08/17/2013 12:25:56,08/17/2013 12:25:56,CN=HRC-Transfer/OU=Agents/O=TACOM,,RQ002257,Ledesma-Ortiz,,J.,,Self,Jennifer Ledesma-Ortiz,6287 Veterans Memorial Blvd Apt 9A,Orlando,FL,32826,(856) 555-1396,,Mail,NPRC,08/17/2013,No,,LEDESMA-ORTIZ|J.|32826,"Ledesma-Ortiz, J.",[TACOM];[CSR];[Admin];[ReadOnlyAudit];LocalDomainServers,RQ001832
3A2DD13E16FB71D89940422677D5676E,2C3E,,10/29/2010 17:22:50,10/29/2010 17:22:50,CN=HRC-Transfer/OU=Agents/O=TACOM,,RQ002258,Lockridge,,Evelyn,,Grandchild,Norman Lockridge,5120 Magnolia Ave,Colorado Springs,CO,80906,,,Phone,HRC,10/29/2010,No,10/29/2010,LOCKRIDGE|EVELYN|80906,"Lockridge, Evelyn",[TACOM];[CSR];[Admin];[ReadOnlyAudit];LocalDomainServers,
7BF774D89B29175F4CC3E1B7D9EAAE70,2C42,,01/11/2010 12:46:38,01/11/2010 12:46:38,CN=Benedetta Kowalczyk/OU=CHPSID/O=TACOM,,RQ002259,Galbreath,Jr.,Matthew,B,Daughter,Kevin Galbreath,7949 Oak Pl,Wilmington,DE,19831,(302) 555-1589,matthew.galbreath@example.com,Mail,Manual,01/11/2010,Yes,,GALBREATH|MATTHEW|19831,"Galbreath, Matthew B",[TACOM];[CSR];[Admin];[ReadOnlyAudit];LocalDomainServers,
129FAC378B06CFCDC91843EFB3AE6CF6,2C46,,09/25/2021 08:31:59,09/25/2021 08:31:59,CN=HRC-Transfer/OU=Agents/O=TACOM,,RQ002260,Kestleman,,Sandra,,Self,Sandra Kestleman,7578 Ridgway Blvd,Seattle,WA,98130,(215) 555-1672,,Phone,HRC,09/25/2021,Yes,09/25/2021,KESTLEMAN|SANDRA|98130,"Kestleman, Sandra",[TACOM];[CSR];[Admin];[ReadOnlyAudit];LocalDomainServers,
5CEBA2A544985ED0EEBF306F2875CD57,2C4A,,04/02/2025 11:27:00,04/02/2025 11:27:00,CN=HRC-Transfer/OU=Agents/O=TACOM,,RQ002261,Okonkwo-Bell,,Christopher,,Self,Christopher Okonkwo-Bell,4741 Birch St,Wilmington,DE,19895-9666,(484) 555-1872,,Mail,NPRC,04/02/2025,Yes,04/02/2025,OKONKWO-BELL|CHRISTOPHER|19895,"Okonkwo-Bell, Christopher",[TACOM];[CSR];[Admin];[ReadOnlyAudit];LocalDomainServers,
73B41F2951776F14551BD216702650C4,2C4E,,08/31/2017 09:23:15,08/31/2017 09:23:15,CN=Dwayne Petrakis/OU=CHPSID/O=TACOM,,RQ002262,Norquist,,Marcus,N,Sibling,Helen Norquist,516 Elm Pl,Toledo,OH,43669,(484) 555-1597,marcus.norquist@example.com,Mail,Congressional,08/31/2017,No,08/31/2017,NORQUIST|MARCUS|43669,"Norquist, Marcus N",[TACOM];[CSR];[Admin];[ReadOnlyAudit];LocalDomainServers,
4033D8BE276163A077D03A02181B7FF0,2C52,,01/23/2005 15:26:41,01/23/2005 15:26:41,CN=Renata Vasquez-Holm/OU=CHPSID/O=TACOM,,RQ002263,Umberlake,Sr.,Jennifer,P,Grandchild,Helen Umberlake,9682 Poplar Ln,Birmingham,AL,35297,(717) 555-1136,,Mail,Congressional,01/23/2005,Yes,01/23/2005,UMBERLAKE|JENNIFER|35297,"Umberlake, Jennifer P",[TACOM];[CSR];[Admin];[ReadOnlyAudit];LocalDomainServers,
43787EE8195BD033990B6BC539E0235A,2C56,,12/11/2010 11:35:01,12/11/2010 11:35:01,CN=HRC-Transfer/OU=Agents/O=TACOM,,RQ002264,Yeardley,,Justin,,Son,Timothy Yeardley,7103 Pershing Way,Chicago,IL,60652,(703) 555-1608,justin.yeardley@example.com,Mail,HRC,12/11/2010,Yes,12/11/2010,YEARDLEY|JUSTIN|60652,"Yeardley, Justin",[TACOM];[CSR];[Admin];[ReadOnlyAudit];LocalDomainServers,
B58A9A74BD954213A6BF9B7414353534,2C5A,,08/19/2008 15:37:58,08/19/2008 15:37:58,CN=Ret Hamlin/OU=CHPSID/O=TACOM,,RQ002265,Barrowclough,Jr.,Terrence,A,Parent,Luis Barrowclough,1854 Eisenhower St,Richmond,VA,23265,(717) 555-1695,,Mail,Manual,08/19/2008,No,,BARROWCLOUGH|TERRENCE|23265,"Barrowclough, Terrence A",[TACOM];[CSR];[Admin];[ReadOnlyAudit];LocalDomainServers,
51383EE5600775ED5F53A07BC5E6DBB0,2C5E,,08/07/2011 14:56:28,08/07/2011 14:56:28,CN=Ret Hamlin/OU=CHPSID/O=TACOM,,RQ002266,Drakeford,,Walter,C,Spouse,Lisa Drakeford,3988 Chestnut Dr,Harrisburg,PA,17188,(610) 555-1599,walter.drakeford@example.com,Phone,Congressional,08/07/2011,No,08/07/2011,DRAKEFORD|WALTER|17188,"Drakeford, Walter C",[TACOM];[CSR];[Admin];[ReadOnlyAudit];LocalDomainServers,
790C415928F3843BB002B99D001F528E,2C62,,04/17/2024 08:15:45,04/17/2024 08:15:45,CN=HRC-Transfer/OU=Agents/O=TACOM,,RQ002267,Washington-Pryce,,Jennifer,,Self,Jennifer Washington-Pryce,464 Birch Pl,Omaha,NE,68185,,,Phone,HRC,04/17/2024,No,,WASHINGTON-PRYCE|JENNIFER|68185,"Washington-Pryce, Jennifer",[TACOM];[CSR];[Admin];[ReadOnlyAudit];LocalDomainServers,
3C68C4B2DCE75F3BD807B5DFBE9B174A,2C66,,11/12/2011 08:55:51,11/12/2011 08:55:51,CN=Lorraine Whitcombe/OU=CHPSID/O=TACOM,,RQ002268,Ingersby,,Stephanie,H,Self,Stephanie H Ingersby,4273 Elm Pl Apt 30B,Peoria,IL,61698-1672,(215) 555-1276,stephanie.ingersby@example.com,Mail,Congressional,11/12/2011,No,11/12/2011,INGERSBY|STEPHANIE|61698,"Ingersby, Stephanie H",[TACOM];[CSR];[Admin];[ReadOnlyAudit];LocalDomainServers,
8E6353F5D381EBC48FE45096136D673B,2C6A,,09/17/2009 11:52:39,09/17/2009 11:52:39,CN=HRC-Transfer/OU=Agents/O=TACOM,,RQ002269,Dellacroix,III,Matthew,M,Self,Matthew M Dellacroix,8078 Armory Ln,San Antonio,TX,78213,(484) 555-1898,,E-mail,HRC,09/17/2009,No,,DELLACROIX|MATTHEW|78213,"Dellacroix, Matthew M",[TACOM];[CSR];[Admin];[ReadOnlyAudit];LocalDomainServers,
59BBD260AB6DCDA2678F241341181A80,2C6E,,04/22/2014 11:31:16,04/22/2014 11:31:16,CN=HRC-Transfer/OU=Agents/O=TACOM,,RQ002270,Ledesma-Ortiz,Jr.,Donald,L,Self,Donald L Ledesma-Ortiz,4664 Hickory Rd,Charleston,WV,25378,(610) 555-1841,donald.ledesma@example.com,Mail,HRC,04/22/2014,Yes,04/22/2014,LEDESMA-ORTIZ|DONALD|25378,"Ledesma-Ortiz, Donald L",[TACOM];[CSR];[Admin];[ReadOnlyAudit];LocalDomainServers,
819036D0F80406C5E38E4A65578B9B19,2C72,,02/10/2026 14:58:59,02/10/2026 14:58:59,CN=HRC-Transfer/OU=Agents/O=TACOM,,RQ002271,Nakashima,,Norman,F,Daughter,Donna Nakashima,2519 Oak St,Sacramento,CA,95889,(484) 555-1886,norman.nakashima@example.com,Mail,NPRC,02/10/2026,Yes,02/10/2026,NAKASHIMA|NORMAN|95889,"Nakashima, Norman F",[TACOM];[CSR];[Admin];[ReadOnlyAudit];LocalDomainServers,
873AF422C2F2DC10623E7B49222ABDB2,2C76,,09/24/2020 12:35:56,09/24/2020 12:35:56,CN=HRC-Transfer/OU=Agents/O=TACOM,,RQ002272,Yellowley,Jr.,Matthew,E,Daughter,Carlos Yellowley,4760 Magnolia Ter,Jackson,MS,39206,(703) 555-1405,,E-mail,NPRC,09/24/2020,Yes,,YELLOWLEY|MATTHEW|39206,"Yellowley, Matthew E",[TACOM];[CSR];[Admin];[ReadOnlyAudit];LocalDomainServers,
19E87FA8D14E87AFEC9BC07FD60E599A,2C7A,,07/03/2013 07:12:40,07/03/2013 07:12:40,CN=HRC-Transfer/OU=Agents/O=TACOM,,RQ002273,Vosburgh,,Carol,A,Son,Howard Vosburgh,2991 Maple Rd,Killeen,TX,76568,(410) 555-1590,,Mail,HRC,07/03/2013,Yes,07/03/2013,VOSBURGH|CAROL|76568,"Vosburgh, Carol A",[TACOM];[CSR];[Admin];[ReadOnlyAudit];LocalDomainServers,
73E3BB397E1E2C58EE48A8CD2CFE085B,2C7E,,02/10/2005 17:30:34,02/10/2005 17:30:34,CN=Marlene Okafor/OU=CHPSID/O=TACOM,,RQ002274,Abernook,Jr.,Andre,S,Self,Andre S Abernook,5834 Veterans Memorial Ave,Honolulu,HI,96844,(856) 555-1747,andre.abernook@example.com,E-mail,Manual,02/10/2005,Yes,,ABERNOOK|ANDRE|96844,"Abernook, Andre S",[TACOM];[CSR];[Admin];[ReadOnlyAudit];LocalDomainServers,
D9AA2B416609ED1E40BFD33B454EBF6F,2C82,,01/17/2010 12:45:46,01/17/2010 12:45:46,CN=HRC-Transfer/OU=Agents/O=TACOM,,RQ002275,Galbreath,Sr.,Leonard,,Self,Leonard Galbreath,7077 Birch Ter,Indianapolis,IN,46257-2670,(410) 555-1381,leonard.galbreath@example.com,Mail,NPRC,01/17/2010,Yes,01/17/2010,GALBREATH|LEONARD|46257,"Galbreath, Leonard",[TACOM];[CSR];[Admin];[ReadOnlyAudit];LocalDomainServers,
D5930F94DE011360C8FCB1131E25B3CB,2C86,,05/28/2014 17:36:14,05/28/2014 17:36:14,CN=HRC-Transfer/OU=Agents/O=TACOM,,RQ002276,Fortenbury,Sr.,Lisa,,Son,Donald Fortenbury,7573 Ridgway Blvd,Little Rock,AR,72278,(410) 555-1130,lisa.fortenbury@example.com,Mail,NPRC,05/28/2014,Yes,,FORTENBURY|LISA|72278,"Fortenbury, Lisa",[TACOM];[CSR];[Admin];[ReadOnlyAudit];LocalDomainServers,
2C91D0A851D05199814BA8229FDA56FB,2C8A,,12/14/2007 09:04:49,12/14/2007 09:04:49,CN=Marlene Okafor/OU=CHPSID/O=TACOM,,RQ002277,Vanterpool,III,Daniel,P,Son,Jose Vanterpool,7556 Patton Blvd,Huntsville,AL,35854-2587,(302) 555-1273,daniel.vanterpool@example.com,Mail,Manual,12/14/2007,No,,VANTERPOOL|DANIEL|35854,"Vanterpool, Daniel P",[TACOM];[CSR];[Admin];[ReadOnlyAudit];LocalDomainServers,
FA8F60B5C65C284239B218CE69E062C5,2C8E,,01/17/2017 09:28:36,01/17/2017 09:28:36,CN=HRC-Transfer/OU=Agents/O=TACOM,,RQ002278,Beddingfield,,Ralph,B,Self,Ralph B Beddingfield,7719 Oak Way,Jackson,MS,39282,(610) 555-1464,ralph.beddingfield@example.com,Mail,NPRC,01/17/2017,No,,BEDDINGFIELD|RALPH|39282,"Beddingfield, Ralph B",[TACOM];[CSR];[Admin];[ReadOnlyAudit];LocalDomainServers,
B43AF28FF2DD6BD43C725F73AF1D9BF9,2C92,,11/16/2008 16:24:00,11/16/2008 16:24:00,CN=Lorraine Whitcombe/OU=CHPSID/O=TACOM,,RQ002279,Abernook,,Harold,,Self,Harold Abernook,2452 Ridgway St,Colorado Springs,CO,80905-2901,,harold.abernook@example.com,Mail,Manual,11/16/2008,No,,ABERNOOK|HAROLD|80905,"Abernook, Harold",[TACOM];[CSR];[Admin];[ReadOnlyAudit];LocalDomainServers,
FFFD86FC6977AA7B45927A084AFD1227,2C96,,04/05/2025 09:50:33,04/05/2025 09:50:33,CN=HRC-Transfer/OU=Agents/O=TACOM,,RQ002280,Vandermolen,,Andre,T,Self,Andre T Vandermolen,7323 Birch Rd Apt 11D,Newark,NJ,07130-0618,(540) 555-1723,andre.vandermolen@example.com,Mail,NPRC,04/05/2025,No,04/05/2025,VANDERMOLEN|ANDRE|07130,"Vandermolen, Andre T",[TACOM];[CSR];[Admin];[ReadOnlyAudit];LocalDomainServers,
7B72AC60E391EC893038E203FEA51C46,2C9A,,11/01/2020 07:56:53,11/01/2020 07:56:53,CN=HRC-Transfer/OU=Agents/O=TACOM,,RQ002281,Okonkwo-Bell,III,Melissa,,Grandchild,Walter Okonkwo,8662 Veterans Memorial Pl,Portland,ME,04110,(610) 555-1595,,E-mail,HRC,11/01/2020,Yes,11/01/2020,OKONKWO-BELL|MELISSA|04110,"Okonkwo-Bell, Melissa",[TACOM];[CSR];[Admin];[ReadOnlyAudit];LocalDomainServers,
82843BB77F40BC65EA81B7268E914C24,2C9E,,08/04/2006 09:43:22,08/04/2006 09:43:22,CN=HRC-Transfer/OU=Agents/O=TACOM,,RQ002282,Underhill-Voss,,Patricia,C,Spouse,Carol Underhill,4462 Laurel Dr,Philadelphia,PA,19136,(717) 555-1573,,Phone,HRC,08/04/2006,Yes,,UNDERHILL-VOSS|PATRICIA|19136,"Underhill-Voss, Patricia C",[TACOM];[CSR];[Admin];[ReadOnlyAudit];LocalDomainServers,
DE7069DA9BAC9CB11CAE072B33575926,2CA2,,08/05/2018 12:35:36,08/05/2018 12:35:36,CN=Lorraine Whitcombe/OU=CHPSID/O=TACOM,,RQ002283,Ashcroft-Mayne,,Barbara,,Self,Barbara Ashcroft-Mayne,5658 Maple St,Savannah,GA,31492,(703) 555-1459,,Mail,Congressional,08/05/2018,Yes,08/05/2018,ASHCROFT-MAYNE|BARBARA|31492,"Ashcroft-Mayne, Barbara",[TACOM];[CSR];[Admin];[ReadOnlyAudit];LocalDomainServers,
4C1ED822862C9A4EF7417FBE292255A0,2CA6,,04/13/2018 09:50:20,04/13/2018 09:50:20,CN=Dwayne Petrakis/OU=CHPSID/O=TACOM,,RQ002284,Iverstone,III,Robert,W,Self,Robert W Iverstone,9051 Armory Pl Apt 28A,Pittsburgh,PA,15287,(215) 555-1228,robert.iverstone@example.com,Mail,Congressional,04/13/2018,Yes,04/13/2018,IVERSTONE|ROBERT|15287,"Iverstone, Robert W",[TACOM];[CSR];[Admin];[ReadOnlyAudit];LocalDomainServers,
0B769BEA06D518E59A487258807A6E49,2CAA,,06/07/2005 11:04:35,06/07/2005 11:04:35,CN=HRC-Transfer/OU=Agents/O=TACOM,,RQ002285,Lattimore,,Margaret,R,Self,Margaret R Lattimore,1037 Birch Dr,Lawton,OK,73546,(610) 555-1075,margaret.lattimore@example.com,E-mail,HRC,06/07/2005,No,06/07/2005,LATTIMORE|MARGARET|73546,"Lattimore, Margaret R",[TACOM];[CSR];[Admin];[ReadOnlyAudit];LocalDomainServers,
DEBE2DF62AE5ACEFAFE3254FDB957203,2CAE,,04/30/2019 10:19:28,04/30/2019 10:19:28,CN=HRC-Transfer/OU=Agents/O=TACOM,,RQ002286,Figueroa-Paz,Jr.,Jose,J,Daughter,Anthony Figueroa,6390 Chestnut Blvd,Tucson,AZ,85781,(302) 555-1566,jose.figueroa@example.com,E-mail,NPRC,04/30/2019,No,,FIGUEROA-PAZ|JOSE|85781,"Figueroa-Paz, Jose J",[TACOM];[CSR];[Admin];[ReadOnlyAudit];LocalDomainServers,
03054DC0702906343C24823E268DF6AD,2CB2,,06/27/2006 07:31:55,06/27/2006 07:31:55,CN=Ret Hamlin/OU=CHPSID/O=TACOM,,RQ002287,Oakhurst-Pell,,Luis,E,Self,Luis E Oakhurst-Pell,8797 Lincoln Ter,Lawton,OK,73550-7814,,,E-mail,Manual,06/27/2006,No,06/27/2006,OAKHURST-PELL|LUIS|73550,"Oakhurst-Pell, Luis E",[TACOM];[CSR];[Admin];[ReadOnlyAudit];LocalDomainServers,
136F6432BDE61E6FC737F0FCF73CAC69,2CB6,,09/05/2014 10:07:51,09/05/2014 10:07:51,CN=Lorraine Whitcombe/OU=CHPSID/O=TACOM,,RQ002288,Galbreath,,Charles,J,Sibling,Raymond Galbreath,94 Laurel St,St. Louis,MO,63148,,,Mail,Manual,09/05/2014,Yes,09/05/2014,GALBREATH|CHARLES|63148,"Galbreath, Charles J",[TACOM];[CSR];[Admin];[ReadOnlyAudit];LocalDomainServers,
9594FF0636AC5D7A3EEDEF6814A94176,2CBA,,08/03/2017 10:49:39,08/03/2017 10:49:39,CN=Lorraine Whitcombe/OU=CHPSID/O=TACOM,,RQ002289,Abernook,III,Tyler,H,Sibling,Terrence Abernook,9601 Magnolia Ter,Worcester,MA,01679-9948,(703) 555-1842,,E-mail,Congressional,08/03/2017,No,08/03/2017,ABERNOOK|TYLER|01679,"Abernook, Tyler H",[TACOM];[CSR];[Admin];[ReadOnlyAudit];LocalDomainServers,
930D47EB6FE0923E42B31C80A4438F7F,2CBE,,01/03/2008 13:40:55,01/03/2008 13:40:55,CN=Benedetta Kowalczyk/OU=CHPSID/O=TACOM,,RQ002290,Gastrelle,,Evelyn,D,Self,Evelyn D Gastrelle,4258 Eisenhower Ave,Little Rock,AR,72264,(717) 555-1432,evelyn.gastrelle@example.com,Mail,Manual,01/03/2008,Yes,,GASTRELLE|EVELYN|72264,"Gastrelle, Evelyn D",[TACOM];[CSR];[Admin];[ReadOnlyAudit];LocalDomainServers,
4C55482210736E04EE68B7FB7F5ACEF2,2CC2,,09/16/2008 10:58:36,09/16/2008 10:58:36,CN=HRC-Transfer/OU=Agents/O=TACOM,,RQ002291,Underhill-Voss,,Arthur,,Son,Leonard Underhill,8911 Lincoln Way Apt 33A,Memphis,TN,38155-4765,(267) 555-1488,arthur.underhill@example.com,Mail,HRC,09/16/2008,Yes,09/16/2008,UNDERHILL-VOSS|ARTHUR|38155,"Underhill-Voss, Arthur",[TACOM];[CSR];[Admin];[ReadOnlyAudit];LocalDomainServers,
8C603CFA76DE516D50F42F778EF48E1D,2CC6,,12/24/2017 10:52:35,12/24/2017 10:52:35,CN=Ret Hamlin/OU=CHPSID/O=TACOM,,RQ002292,Fairweather,Jr.,Jose,F,Spouse,Ryan Fairweather,6338 Washington Ter,Orlando,FL,32861,(610) 555-1868,,Mail,Manual,12/24/2017,Yes,,FAIRWEATHER|JOSE|32861,"Fairweather, Jose F",[TACOM];[CSR];[Admin];[ReadOnlyAudit];LocalDomainServers,
BB88BAF97C5FD310D998F5A153430771,2CCA,,08/03/2025 12:11:41,08/03/2025 12:11:41,CN=HRC-Transfer/OU=Agents/O=TACOM,,RQ002293,Fortenbury,,Heather,N,Self,Heather N Fortenbury,4199 Marshall Blvd,El Paso,TX,79988-6807,(856) 555-1210,heather.fortenbury@example.com,Mail,HRC,08/03/2025,Yes,08/03/2025,FORTENBURY|HEATHER|79988,"Fortenbury, Heather N",[TACOM];[CSR];[Admin];[ReadOnlyAudit];LocalDomainServers,
D9CB3B3701BB7EDE88D55CA2F244FACB,2CCE,,02/18/2013 12:29:32,02/18/2013 12:29:32,CN=HRC-Transfer/OU=Agents/O=TACOM,,RQ002294,Everleigh,,Norman,S,Self,Norman S Everleigh,8295 Elm Ter,Charleston,WV,25394,(703) 555-1042,norman.everleigh@example.com,E-mail,NPRC,02/18/2013,Yes,,EVERLEIGH|NORMAN|25394,"Everleigh, Norman S",[TACOM];[CSR];[Admin];[ReadOnlyAudit];LocalDomainServers,
99D2237AF6E0C8F2D9280D3AD6D42D3F,2CD2,,11/05/2024 07:07:46,11/05/2024 07:07:46,CN=Marlene Okafor/OU=CHPSID/O=TACOM,,RQ002295,Norquist,,David,K,Self,David K Norquist,3685 Pershing Ln,Harrisburg,PA,17131,(484) 555-1756,david.norquist@example.com,Phone,Manual,11/05/2024,Yes,,NORQUIST|DAVID|17131,"Norquist, David K",[TACOM];[CSR];[Admin];[ReadOnlyAudit];LocalDomainServers,
0A524BB95C7DCEF90A54EAA4428C4078,2CD6,,10/16/2023 14:44:31,10/16/2023 14:44:31,CN=HRC-Transfer/OU=Agents/O=TACOM,,RQ002296,Maldonado-Vega,Jr.,Brian,W,Self,Brian W Maldonado-Vega,8654 Spruce St,Buffalo,NY,14201,,,Mail,HRC,10/16/2023,No,,MALDONADO-VEGA|BRIAN|14201,"Maldonado-Vega, Brian W",[TACOM];[CSR];[Admin];[ReadOnlyAudit];LocalDomainServers,
F527F8F4E6F7AF9FA8636AA471155DA8,2CDA,,04/15/2020 17:51:46,04/15/2020 17:51:46,CN=HRC-Transfer/OU=Agents/O=TACOM,,RQ002297,Bramwold,,Richard,,Son,Evelyn Bramwold,9435 Sycamore Blvd,Billings,MT,59189,(540) 555-1385,richard.bramwold@example.com,Mail,HRC,04/15/2020,Yes,,BRAMWOLD|RICHARD|59189,"Bramwold, Richard",[TACOM];[CSR];[Admin];[ReadOnlyAudit];LocalDomainServers,
5E5FA3795A7154BA3537DC116C5C48E8,2CDE,,03/01/2005 10:18:54,03/01/2005 10:18:54,CN=HRC-Transfer/OU=Agents/O=TACOM,,RQ002298,Jessup-Kane,,Joshua,D,Self,Joshua D Jessup-Kane,3824 Maple Way Apt 24A,Raleigh,NC,27694,(484) 555-1440,,Phone,HRC,03/01/2005,Yes,03/01/2005,JESSUP-KANE|JOSHUA|27694,"Jessup-Kane, Joshua D",[TACOM];[CSR];[Admin];[ReadOnlyAudit];LocalDomainServers,
AA6683B2360B30766FB4D1E2E0903698,2CE2,,05/31/2018 17:59:38,05/31/2018 17:59:38,CN=HRC-Transfer/OU=Agents/O=TACOM,,RQ002299,Kellerhaus,,Mary,,Self,Mary Kellerhaus,9394 Maple Rd,Newark,NJ,07127-0238,(703) 555-1857,,E-mail,HRC,05/31/2018,Yes,05/31/2018,KELLERHAUS|MARY|07127,"Kellerhaus, Mary",[TACOM];[CSR];[Admin];[ReadOnlyAudit];LocalDomainServers,
65D877FBD18910FD52041ECE911CFA8B,2CE6,,01/13/2022 14:23:03,01/13/2022 14:23:03,CN=Marlene Okafor/OU=CHPSID/O=TACOM,,RQ002300,Yellowley,III,Frances,,Spouse,Leonard Yellowley,6895 Bradley Ln,Little Rock,AR,72208,,,Phone,Congressional,01/13/2022,Yes,01/13/2022,YELLOWLEY|FRANCES|72208,"Yellowley, Frances",[TACOM];[CSR];[Admin];[ReadOnlyAudit];LocalDomainServers,
95A810DF416078ACD8250D5C88A50332,2CEA,,06/12/2016 08:59:46,06/12/2016 08:59:46,CN=HRC-Transfer/OU=Agents/O=TACOM,,RQ002301,Barrowclough,,Angela,,Parent,Margaret Barrowclough,856 Spruce Ave,Charlotte,NC,28217,(484) 555-1149,,Mail,HRC,06/12/2016,No,06/12/2016,BARROWCLOUGH|ANGELA|28217,"Barrowclough, Angela",[TACOM];[CSR];[Admin];[ReadOnlyAudit];LocalDomainServers,
F797CEF7A7CD78D3361CC8BFCBFF367F,2CEE,,11/09/2015 16:37:52,11/09/2015 16:37:52,CN=Lorraine Whitcombe/OU=CHPSID/O=TACOM,,RQ002302,Barrowclough,Jr.,Earl,N,Son,Jessica Barrowclough,1734 Laurel Pl,Baltimore,MD,21238,,,Mail,Congressional,11/09/2015,Yes,11/09/2015,BARROWCLOUGH|EARL|21238,"Barrowclough, Earl N",[TACOM];[CSR];[Admin];[ReadOnlyAudit];LocalDomainServers,
30059F54C461E848D9A917443DCD5D07,2CF2,,06/18/2020 08:18:44,06/18/2020 08:18:44,CN=HRC-Transfer/OU=Agents/O=TACOM,,RQ002303,Gastrelle,,Helen,L,Daughter,Mary Gastrelle,1013 Elm Blvd,Omaha,NE,68185,(267) 555-1225,helen.gastrelle@example.com,E-mail,NPRC,06/18/2020,Yes,06/18/2020,GASTRELLE|HELEN|68185,"Gastrelle, Helen L",[TACOM];[CSR];[Admin];[ReadOnlyAudit];LocalDomainServers,
DCA37C74F42674BFBD3CA3A905CB239E,2CF6,,01/24/2026 07:46:11,01/24/2026 07:46:11,CN=Benedetta Kowalczyk/OU=CHPSID/O=TACOM,,RQ002304,Trevino-Hale,Jr.,Barbara,,Daughter,Hector Trevino,3358 Maple Pl,Tucson,AZ,85791,(703) 555-1311,,Mail,Congressional,01/24/2026,No,01/24/2026,TREVINO-HALE|BARBARA|85791,"Trevino-Hale, Barbara",[TACOM];[CSR];[Admin];[ReadOnlyAudit];LocalDomainServers,
CB7B44F47DF5AE75C59BED48A577CAAB,2CFA,,12/08/2009 12:43:32,12/08/2009 12:43:32,CN=HRC-Transfer/OU=Agents/O=TACOM,,RQ002305,Underhill-Voss,III,Timothy,H,Grandchild,Carol Underhill,549 Willow Ave,St. Louis,MO,63190,,,Phone,HRC,12/08/2009,No,,UNDERHILL-VOSS|TIMOTHY|63190,"Underhill-Voss, Timothy H",[TACOM];[CSR];[Admin];[ReadOnlyAudit];LocalDomainServers,
02CFAF7C57C7530CE0F40297CB3B837E,2CFE,,05/16/2015 15:33:10,05/16/2015 15:33:10,CN=Renata Vasquez-Holm/OU=CHPSID/O=TACOM,,RQ002306,Zabrowski,,Donald,,Self,Donald Zabrowski,9348 Cedar Ter,Memphis,TN,38180,(610) 555-1432,donald.zabrowski@example.com,Phone,Manual,05/16/2015,No,05/16/2015,ZABROWSKI|DONALD|38180,"Zabrowski, Donald",[TACOM];[CSR];[Admin];[ReadOnlyAudit];LocalDomainServers,
7B97D55E8AD6F4D8DCB2D32FC77CFCED,2D02,,03/30/2023 10:40:10,03/30/2023 10:40:10,CN=HRC-Transfer/OU=Agents/O=TACOM,,RQ002307,Jarvinen-Roe,,Thomas,A,Spouse,Heather Jarvinen,3588 Jefferson Rd,Burlington,VT,05490-1918,(856) 555-1688,,Mail,HRC,03/30/2023,No,03/30/2023,JARVINEN-ROE|THOMAS|05490,"Jarvinen-Roe, Thomas A",[TACOM];[CSR];[Admin];[ReadOnlyAudit];LocalDomainServers,
1F15A49674E96219122CF07D6AE1445A,2D06,,06/21/2018 14:04:02,06/21/2018 14:04:02,CN=HRC-Transfer/OU=Agents/O=TACOM,,RQ002308,Sallisaw,,Ernesto,,Self,Ernesto Sallisaw,8593 Magnolia Way,Sacramento,CA,95800-0352,(540) 555-1524,,Mail,HRC,06/21/2018,Yes,,SALLISAW|ERNESTO|95800,"Sallisaw, Ernesto",[TACOM];[CSR];[Admin];[ReadOnlyAudit];LocalDomainServers,
71DCE248265C1DFB8B436BF3BC6435E6,2D0A,,01/07/2026 08:54:05,01/07/2026 08:54:05,CN=HRC-Transfer/OU=Agents/O=TACOM,,RQ002309,Zimmerly,,Carlos,A,Self,Carlos A Zimmerly,8501 Bradley Ave,Wilmington,DE,19830,,carlos.zimmerly@example.com,Mail,NPRC,01/07/2026,No,,ZIMMERLY|CARLOS|19830,"Zimmerly, Carlos A",[TACOM];[CSR];[Admin];[ReadOnlyAudit];LocalDomainServers,
942EFA2F2CFB6E9D0F6CDB434AEF065E,2D0E,,01/24/2026 11:48:46,01/24/2026 11:48:46,CN=HRC-Transfer/OU=Agents/O=TACOM,,RQ002310,Northway,Jr.,Carl,,Daughter,Patricia Northway,8092 Laurel Way Apt 16C,Chicago,IL,60659,(302) 555-1010,,Mail,HRC,01/24/2026,Yes,01/24/2026,NORTHWAY|CARL|60659,"Northway, Carl",[TACOM];[CSR];[Admin];[ReadOnlyAudit];LocalDomainServers,
25063C45F6C05040B527AE1CB7929960,2D12,,10/11/2025 12:14:01,10/11/2025 12:14:01,CN=HRC-Transfer/OU=Agents/O=TACOM,,RQ002311,Zimmerly,,Gary,,Self,Gary Zimmerly,7463 Cedar St,Portland,OR,97277,(410) 555-1967,,Phone,HRC,10/11/2025,Yes,,ZIMMERLY|GARY|97277,"Zimmerly, Gary",[TACOM];[CSR];[Admin];[ReadOnlyAudit];LocalDomainServers,
2FF0074C623F463E86C6C4722A610F18,2D16,,06/27/2009 11:58:42,06/27/2009 11:58:42,CN=HRC-Transfer/OU=Agents/O=TACOM,,RQ002312,Ashcroft-Mayne,III,Hector,,Daughter,Carol Ashcroft,2083 Bradley St,Lawton,OK,73542,(267) 555-1309,,E-mail,NPRC,06/27/2009,No,06/27/2009,ASHCROFT-MAYNE|HECTOR|73542,"Ashcroft-Mayne, Hector",[TACOM];[CSR];[Admin];[ReadOnlyAudit];LocalDomainServers,
E4383670F2E403AFA88E96F1B7606838,2D1A,,11/29/2015 16:35:55,11/29/2015 16:35:55,CN=HRC-Transfer/OU=Agents/O=TACOM,,RQ002313,Yarrowdale,,Barbara,J,Self,Barbara J Yarrowdale,2900 Maple Ter,Boston,MA,02197,(215) 555-1295,barbara.yarrowdale@example.com,Mail,NPRC,11/29/2015,No,11/29/2015,YARROWDALE|BARBARA|02197,"Yarrowdale, Barbara J",[TACOM];[CSR];[Admin];[ReadOnlyAudit];LocalDomainServers,
807C27FD47C610874D84C03F86722E84,2D1E,,04/02/2013 17:44:43,04/02/2013 17:44:43,CN=HRC-Transfer/OU=Agents/O=TACOM,,RQ002314,Delgadillo,,Angela,H,Self,Angela H Delgadillo,1709 Willow Rd,Houston,TX,77096,(302) 555-1370,,Mail,HRC,04/02/2013,Yes,04/02/2013,DELGADILLO|ANGELA|77096,"Delgadillo, Angela H",[TACOM];[CSR];[Admin];[ReadOnlyAudit];LocalDomainServers,
1C4EC0F64BD1DB07C0C192CDC3953D53,2D22,,02/12/2024 08:21:40,02/12/2024 08:21:40,CN=HRC-Transfer/OU=Agents/O=TACOM,,RQ002315,JANKOWITZ,Sr.,Jeffrey,B,Self,Jeffrey B Jankowitz,2447 Laurel Ter,St. Louis,MO,63170,,,Mail,HRC,02/12/2024,No,,JANKOWITZ|JEFFREY|63170,"JANKOWITZ, Jeffrey",[TACOM];[CSR];[Admin];[ReadOnlyAudit];LocalDomainServers,
D523FC1934B81DFE3452668367FA026B,2D26,,02/23/2014 15:56:27,02/23/2014 15:56:27,CN=Ret Hamlin/OU=CHPSID/O=TACOM,,RQ002316,Cartlewood,,Nancy,,Self,Nancy Cartlewood,2193 Elm Way,Little Rock,AR,72219,,nancy.cartlewood@example.com,Mail,Manual,02/23/2014,Yes,02/23/2014,CARTLEWOOD|NANCY|72219,"Cartlewood, Nancy",[TACOM];[CSR];[Admin];[ReadOnlyAudit];LocalDomainServers,
BB8B3342CA628664C7F61A78967A7CAC,2D2A,,02/26/2017 11:09:12,02/26/2017 11:09:12,CN=Benedetta Kowalczyk/OU=CHPSID/O=TACOM,,RQ002317,Yellowley,Sr.,Mary,C,Self,Mary C Yellowley,8189 Maple Ter,Milwaukee,WI,53293,(540) 555-1136,,Mail,Manual,02/26/2017,Yes,02/26/2017,YELLOWLEY|MARY|53293,"Yellowley, Mary C",[TACOM];[CSR];[Admin];[ReadOnlyAudit];LocalDomainServers,
FAE25BBA1BC0C70DF3F3FC03927C85DA,2D2E,,09/15/2009 09:35:00,09/15/2009 09:35:00,CN=HRC-Transfer/OU=Agents/O=TACOM,,RQ002318,Quinonez,,Linda,W,Spouse,Susan Quinonez,3635 Patton Ln Apt 31A,San Antonio,TX,78266,(267) 555-1689,,Mail,HRC,09/15/2009,No,09/15/2009,QUINONEZ|LINDA|78266,"Quinonez, Linda W",[TACOM];[CSR];[Admin];[ReadOnlyAudit];LocalDomainServers,
158D67FEF98A98EA70AD2891CC7B4A2C,2D32,,06/19/2022 13:21:39,06/19/2022 13:21:39,CN=Marlene Okafor/OU=CHPSID/O=TACOM,,RQ002319,Ellsworthy,,Walter,,Spouse,Ralph Ellsworthy,7011 Madison Ct,San Diego,CA,92173,(302) 555-1119,,Mail,Manual,06/19/2022,Yes,,ELLSWORTHY|WALTER|92173,"Ellsworthy, Walter",[TACOM];[CSR];[Admin];[ReadOnlyAudit];LocalDomainServers,
98E9BA90415400733691D4381AC5E445,2D36,,02/19/2014 14:07:03,02/19/2014 14:07:03,CN=Dwayne Petrakis/OU=CHPSID/O=TACOM,,RQ002320,Castellanos,,Timothy,W,Self,Timothy W Castellanos,778 Ridgway Ct,Anchorage,AK,99532,,timothy.castellanos@example.com,Mail,Congressional,02/19/2014,Yes,,CASTELLANOS|TIMOTHY|99532,"Castellanos, Timothy W",[TACOM];[CSR];[Admin];[ReadOnlyAudit];LocalDomainServers,
289530D521F81E051FC67D9864A482CA,2D3A,,04/24/2005 13:47:13,04/24/2005 13:47:13,CN=HRC-Transfer/OU=Agents/O=TACOM,,RQ002321,Ledesma-Ortiz,,Leonard,K,Self,Leonard K Ledesma-Ortiz,6053 Dogwood Ln,Scranton,PA,18570,(610) 555-1368,leonard.ledesma@example.com,Phone,HRC,04/24/2005,Yes,04/24/2005,LEDESMA-ORTIZ|LEONARD|18570,"Ledesma-Ortiz, Leonard K",[TACOM];[CSR];[Admin];[ReadOnlyAudit];LocalDomainServers,
8350A38B67F77BE8B0E9DB89D721DC44,2D3E,,07/20/2010 10:59:53,07/20/2010 10:59:53,CN=HRC-Transfer/OU=Agents/O=TACOM,,RQ002322,Escobedo-Ruiz,,Steven,,Self,Steven Escobedo-Ruiz,5992 Jefferson Ln,Birmingham,AL,35262,(856) 555-1072,,Phone,HRC,07/20/2010,Yes,,ESCOBEDO-RUIZ|STEVEN|35262,"Escobedo-Ruiz, Steven",[TACOM];[CSR];[Admin];[ReadOnlyAudit];LocalDomainServers,
E1BEA087CA9ED998DBCFC1DB47868485,2D42,,09/22/2013 15:05:13,09/22/2013 15:05:13,CN=Lorraine Whitcombe/OU=CHPSID/O=TACOM,,RQ002323,Washington-Pryce,Jr.,Carl,N,Self,Carl N Washington-Pryce,7801 Hickory St,Dallas,TX,75231,,carl.washington@example.com,Mail,Manual,09/22/2013,Yes,,WASHINGTON-PRYCE|CARL|75231,"Washington-Pryce, Carl N",[TACOM];[CSR];[Admin];[ReadOnlyAudit];LocalDomainServers,
4A37F186140714C6F6E60576C891C84A,2D46,,07/11/2025 08:31:37,07/11/2025 08:31:37,CN=Dwayne Petrakis/OU=CHPSID/O=TACOM,,RQ002324,Ingersby,,Walter,A,Grandchild,Ralph Ingersby,7253 Willow Blvd,Huntsville,AL,35831,(610) 555-1721,,Mail,Congressional,07/11/2025,No,07/11/2025,INGERSBY|WALTER|35831,"Ingersby, Walter A",[TACOM];[CSR];[Admin];[ReadOnlyAudit];LocalDomainServers,
7E80F28A5F731DF9275FFB7ED4395C83,2D4A,,12/14/2017 14:32:45,12/14/2017 14:32:45,CN=Lorraine Whitcombe/OU=CHPSID/O=TACOM,,RQ002325,Delgadillo,,S.,F,Son,Luis Delgadillo,2588 Hickory Ter Apt 29B,Omaha,NE,68122-6692,(717) 555-1043,,Mail,Manual,12/14/2017,No,,DELGADILLO|S.|68122,"Delgadillo, S.",[TACOM];[CSR];[Admin];[ReadOnlyAudit];LocalDomainServers,
0B16BCA8A97DAC977CBDBF4BC9AFC3F8,2D4E,,07/01/2018 13:23:45,07/01/2018 13:23:45,CN=Dwayne Petrakis/OU=CHPSID/O=TACOM,,RQ002326,Yellowley,,Steven,P,Son,Barbara Yellowley,2223 Ridgway Ct,New Orleans,LA,70114,(856) 555-1031,steven.yellowley@example.com,Phone,Congressional,07/01/2018,No,,YELLOWLEY|STEVEN|70114,"Yellowley, Steven P",[TACOM];[CSR];[Admin];[ReadOnlyAudit];LocalDomainServers,
B3EC1D5DCC0EB133F8730B255E395289,2D52,,11/14/2004 15:47:53,11/14/2004 15:47:53,CN=HRC-Transfer/OU=Agents/O=TACOM,,RQ002327,Stanwycke,,Raymond,S,Self,Raymond S Stanwycke,5836 Lincoln Ln,Scranton,PA,18518-5856,,,Mail,HRC,11/14/2004,Yes,11/14/2004,STANWYCKE|RAYMOND|18518,"Stanwycke, Raymond S",[TACOM];[CSR];[Admin];[ReadOnlyAudit];LocalDomainServers,
D51AC0502D58638211766621E56CEB5A,2D56,,09/26/2013 17:18:40,09/26/2013 17:18:40,CN=HRC-Transfer/OU=Agents/O=TACOM,,RQ002328,Northway,,Justin,,Self,Justin Northway,3636 Juniper Rd,Albany,NY,12215-2540,,justin.northway@example.com,Mail,HRC,09/26/2013,No,,NORTHWAY|JUSTIN|12215,"Northway, Justin",[TACOM];[CSR];[Admin];[ReadOnlyAudit];LocalDomainServers,
EDA5A9AD902B9D2B294D6AEA18259FA2,2D5A,,12/06/2017 16:00:12,12/06/2017 16:00:12,CN=Renata Vasquez-Holm/OU=CHPSID/O=TACOM,,RQ002329,Drakeford,,Howard,,Self,Howard Drakeford,884 Cedar Blvd,Burlington,VT,05402,(215) 555-1514,,Mail,Manual,12/06/2017,No,12/06/2017,DRAKEFORD|HOWARD|05402,"Drakeford, Howard",[TACOM];[CSR];[Admin];[ReadOnlyAudit];LocalDomainServers,
A715AB45C694581BB857CE8EAFE489CA,2D5E,,02/02/2025 13:18:06,02/02/2025 13:18:06,CN=HRC-Transfer/OU=Agents/O=TACOM,,RQ002330,Norquist,Jr.,Carl,J,Son,Terrence Norquist,4411 Patton Rd,Killeen,TX,76583-6633,(717) 555-1721,,Mail,HRC,02/02/2025,Yes,02/02/2025,NORQUIST|CARL|76583,"Norquist, Carl J",[TACOM];[CSR];[Admin];[ReadOnlyAudit];LocalDomainServers,
56C16D0DDE05769246C901A4B47E4B99,2D62,,03/18/2023 09:34:22,03/18/2023 09:34:22,CN=Dwayne Petrakis/OU=CHPSID/O=TACOM,,RQ002331,VANTERPOOL,,Linda,,Spouse,Michael Vanterpool,5374 Lincoln Dr Apt 10B,St. Louis,MO,63119,(410) 555-1488,linda.vanterpool@example.com,E-mail,Manual,03/18/2023,No,,VANTERPOOL|LINDA|63119,"VANTERPOOL, Linda",[TACOM];[CSR];[Admin];[ReadOnlyAudit];LocalDomainServers,RQ001011
84985479D3628612CD56D91C5FCF313F,2D66,,09/07/2017 07:45:03,09/07/2017 07:45:03,CN=HRC-Transfer/OU=Agents/O=TACOM,,RQ002332,Whitlock-Bay,III,Walter,P,Self,Walter P Whitlock-Bay,4631 Dogwood Rd,Fresno,CA,93714,(410) 555-1433,walter.whitlock@example.com,Mail,HRC,09/07/2017,Yes,09/07/2017,WHITLOCK-BAY|WALTER|93714,"Whitlock-Bay, Walter P",[TACOM];[CSR];[Admin];[ReadOnlyAudit];LocalDomainServers,
34535B96EDC1EDCFF13D9624F9F84219,2D6A,,08/14/2021 10:20:22,08/14/2021 10:20:22,CN=HRC-Transfer/OU=Agents/O=TACOM,,RQ002333,Ellingboe,,David,B,Grandchild,Jamal Ellingboe,5373 Marshall Dr,Grand Rapids,MI,49511,(484) 555-1352,,E-mail,NPRC,08/14/2021,No,,ELLINGBOE|DAVID|49511,"Ellingboe, David B",[TACOM];[CSR];[Admin];[ReadOnlyAudit];LocalDomainServers,
F7F692B4F2BD400FCD5E3D33E4349059,2D6E,,07/22/2016 15:22:46,07/22/2016 15:22:46,CN=Lorraine Whitcombe/OU=CHPSID/O=TACOM,,RQ002334,Ledesma-Ortiz,,Norman,S,Daughter,Donald Ledesma,9019 Pershing Ln,El Paso,TX,79989-3097,(410) 555-1489,norman.ledesma@example.com,Mail,Manual,07/22/2016,No,,LEDESMA-ORTIZ|NORMAN|79989,"Ledesma-Ortiz, Norman",[TACOM];[CSR];[Admin];[ReadOnlyAudit];LocalDomainServers,RQ000804
BF479CEB6C98C96A6A5C99BE1316D387,2D72,,04/27/2026 14:22:43,04/27/2026 14:22:43,CN=Dwayne Petrakis/OU=CHPSID/O=TACOM,,RQ002335,Abernook,,Ralph,K,Self,Ralph K Abernook,9015 Oak Ct,San Diego,CA,92150,(717) 555-1215,,Mail,Congressional,04/27/2026,Yes,04/27/2026,ABERNOOK|RALPH|92150,"Abernook, Ralph K",[TACOM];[CSR];[Admin];[ReadOnlyAudit];LocalDomainServers,
D3738E3393348A53457A9DF452D01178,2D76,,09/17/2025 15:40:44,09/17/2025 15:40:44,CN=Renata Vasquez-Holm/OU=CHPSID/O=TACOM,,RQ002336,Everleigh,III,Anthony,W,Self,Anthony W Everleigh,6789 Marshall Ln,Phoenix,AZ,85094,(540) 555-1368,anthony.everleigh@example.com,Mail,Congressional,09/17/2025,No,09/17/2025,EVERLEIGH|ANTHONY|85094,"Everleigh, Anthony W",[TACOM];[CSR];[Admin];[ReadOnlyAudit];LocalDomainServers,
067B6E70D15A7D9943A80F74D5A63F8F,2D7A,,07/24/2018 11:04:09,07/24/2018 11:04:09,CN=HRC-Transfer/OU=Agents/O=TACOM,,RQ002337,Vanterpool,III,Jessica,,Son,Ralph Vanterpool,1244 Walnut Way Apt 17D,Fargo,ND,58143,(215) 555-1434,,Phone,HRC,07/24/2018,Yes,07/24/2018,VANTERPOOL|JESSICA|58143,"Vanterpool, Jessica",[TACOM];[CSR];[Admin];[ReadOnlyAudit];LocalDomainServers,
A749DD7B63634D9B2BE93F56824E8D1E,2D7E,,10/05/2012 17:52:22,10/05/2012 17:52:22,CN=HRC-Transfer/OU=Agents/O=TACOM,,RQ002338,Dunmore-Vey,Jr.,Raymond R,R,Grandchild,Andrew Dunmore,7212 Sycamore Ter,Jacksonville,FL,32214,,,Mail,HRC,10/05/2012,No,,DUNMORE-VEY|RAYMOND R|32214,"Dunmore-Vey, Raymond R",[TACOM];[CSR];[Admin];[ReadOnlyAudit];LocalDomainServers,
DEAE7447A358E3F5A9E0D5DE06D4DB82,2D82,,06/08/2005 16:35:43,06/08/2005 16:35:43,CN=HRC-Transfer/OU=Agents/O=TACOM,,RQ002339,Wexcombe,Sr.,Robert,P,Daughter,Marcus Wexcombe,2278 Lincoln Ave,Minneapolis,MN,55485,,,E-mail,HRC,06/08/2005,No,06/08/2005,WEXCOMBE|ROBERT|55485,"Wexcombe, Robert P",[TACOM];[CSR];[Admin];[ReadOnlyAudit];LocalDomainServers,
720BF5C420C661B331C6383603182189,2D86,,06/01/2012 16:18:37,06/01/2012 16:18:37,CN=Renata Vasquez-Holm/OU=CHPSID/O=TACOM,,RQ002340,Thornbury,III,Amanda,,Spouse,Daniel Thornbury,987 Maple Ln,Dallas,TX,75238,,amanda.thornbury@example.com,E-mail,Manual,06/01/2012,Yes,06/01/2012,THORNBURY|AMANDA|75238,"Thornbury, Amanda",[TACOM];[CSR];[Admin];[ReadOnlyAudit];LocalDomainServers,
3234B1CF233F83AF93D4D6CAFA893AA7,2D8A,,04/17/2021 15:15:19,04/17/2021 15:15:19,CN=Benedetta Kowalczyk/OU=CHPSID/O=TACOM,,RQ002341,Jankowitz,Sr.,Richard,W,Self,Richard W Jankowitz,3856 Armory Ave,Peoria,IL,61601,(215) 555-1777,richard.jankowitz@example.com,E-mail,Manual,04/17/2021,No,,JANKOWITZ|RICHARD|61601,"Jankowitz, Richard W",[TACOM];[CSR];[Admin];[ReadOnlyAudit];LocalDomainServers,
909A7B04367A6341ECB2A73DE7ED0E5C,2D8E,,06/05/2015 07:04:37,06/05/2015 07:04:37,CN=Lorraine Whitcombe/OU=CHPSID/O=TACOM,,RQ002342,Ullswater,Jr.,Hector,M,Self,Hector M Ullswater,2120 Bradley Way,Dayton,OH,45445,(540) 555-1357,,Phone,Congressional,06/05/2015,Yes,06/05/2015,ULLSWATER|HECTOR|45445,"Ullswater, Hector M",[TACOM];[CSR];[Admin];[ReadOnlyAudit];LocalDomainServers,
C4C35CEF137D810B1011BC5B2F5403C1,2D92,,03/11/2005 10:28:40,03/11/2005 10:28:40,CN=HRC-Transfer/OU=Agents/O=TACOM,,RQ002343,Zellinger,Jr.,Sandra,T,Son,Helen Zellinger,6908 Hickory Ter Apt 22A,Tampa,FL,33624,(717) 555-1445,sandra.zellinger@example.com,E-mail,NPRC,03/11/2005,Yes,03/11/2005,ZELLINGER|SANDRA|33624,"Zellinger, Sandra T",[TACOM];[CSR];[Admin];[ReadOnlyAudit];LocalDomainServers,
5A2B136F085A89E0F2E219D1CDB18B41,2D96,,05/20/2006 11:22:33,05/20/2006 11:22:33,CN=Benedetta Kowalczyk/OU=CHPSID/O=TACOM,,RQ002344,Fennimark,III,James,,Self,James Fennimark,8077 Sycamore Pl,Cheyenne,WY,82018,(410) 555-1798,,Mail,Congressional,05/20/2006,Yes,,FENNIMARK|JAMES|82018,"Fennimark, James",[TACOM];[CSR];[Admin];[ReadOnlyAudit];LocalDomainServers,
1EF2169FBFDDCD59991D32D7E3490357,2D9A,,11/29/2023 16:56:32,11/29/2023 16:56:32,CN=Marlene Okafor/OU=CHPSID/O=TACOM,,RQ002345,Yarrowdale,Jr.,Carol,T,Spouse,Kevin Yarrowdale,8417 Ridgway Rd Apt 17A,Columbia,SC,29273,,,E-mail,Congressional,11/29/2023,Yes,11/29/2023,YARROWDALE|CAROL|29273,"Yarrowdale, Carol T",[TACOM];[CSR];[Admin];[ReadOnlyAudit];LocalDomainServers,
B6675471DA26F421ACF1A01EEC29E51B,2D9E,,12/22/2020 14:26:24,12/22/2020 14:26:24,CN=Renata Vasquez-Holm/OU=CHPSID/O=TACOM,,RQ002346,Rockwell-Sayre,,Christopher,,Self,Christopher Rockwell-Sayre,8340 Dogwood Ct,Kansas City,MO,64191,(302) 555-1376,,E-mail,Manual,12/22/2020,Yes,,ROCKWELL-SAYRE|CHRISTOPHER|64191,"Rockwell-Sayre, Christopher",[TACOM];[CSR];[Admin];[ReadOnlyAudit];LocalDomainServers,
4033B4637BCD619AD7EEE0A8F476CE62,2DA2,,03/01/2017 07:37:59,03/01/2017 07:37:59,CN=HRC-Transfer/OU=Agents/O=TACOM,,RQ002347,Gastrelle,,Tyler,H,Self,Tyler H Gastrelle,8873 Maple Dr,Scranton,PA,18567-4361,(410) 555-1300,,Mail,HRC,03/01/2017,No,03/01/2017,GASTRELLE|TYLER|18567,"Gastrelle, Tyler H",[TACOM];[CSR];[Admin];[ReadOnlyAudit];LocalDomainServers,
433FD8FA6C674AC95008140465541002,2DA6,,06/04/2005 16:11:29,06/04/2005 16:11:29,CN=HRC-Transfer/OU=Agents/O=TACOM,,RQ002348,Urquhart,,Justin,,Self,Justin Urquhart,8803 Hickory Ave,Newark,NJ,07185,(302) 555-1914,,Phone,HRC,06/04/2005,Yes,,URQUHART|JUSTIN|07185,"Urquhart, Justin",[TACOM];[CSR];[Admin];[ReadOnlyAudit];LocalDomainServers,
A5A38F3BA045066C1A7E2866F21E0BAA,2DAA,,10/23/2004 10:42:50,10/23/2004 10:42:50,CN=HRC-Transfer/OU=Agents/O=TACOM,,RQ002349,Marrowbridge,,Donna,,Daughter,Richard Marrowbridge,4268 Lincoln Ct,Colorado Springs,CO,80914,,,Mail,HRC,10/23/2004,Yes,10/23/2004,MARROWBRIDGE|DONNA|80914,"Marrowbridge, Donna",[TACOM];[CSR];[Admin];[ReadOnlyAudit];LocalDomainServers,
EAE1BF28430280209A69BF2E8B6AFB8D,2DAE,,11/03/2024 13:04:22,11/03/2024 13:04:22,CN=Marlene Okafor/OU=CHPSID/O=TACOM,,RQ002350,Pemberley,Sr.,Ryan,,Son,Sarah Pemberley,2207 Dogwood Ter,Albany,NY,12228-1720,(610) 555-1344,ryan.pemberley@example.com,Mail,Congressional,11/03/2024,Yes,11/03/2024,PEMBERLEY|RYAN|12228,"Pemberley, Ryan",[TACOM];[CSR];[Admin];[ReadOnlyAudit];LocalDomainServers,
F305226E4F1CC1E74982F28BAD50A4E2,2DB2,,01/15/2007 16:47:05,01/15/2007 16:47:05,CN=HRC-Transfer/OU=Agents/O=TACOM,,RQ002351,Hollinbeck,,Sarah,R,Self,Sarah R Hollinbeck,8984 Cedar Blvd,Albuquerque,NM,87136,(540) 555-1143,,Mail,HRC,01/15/2007,No,,HOLLINBECK|SARAH|87136,"Hollinbeck, Sarah R",[TACOM];[CSR];[Admin];[ReadOnlyAudit];LocalDomainServers,
7BF82E10502C2378BF0E64CF4914B919,2DB6,,02/06/2008 10:30:33,02/06/2008 10:30:33,CN=Ret Hamlin/OU=CHPSID/O=TACOM,,RQ002352,Yeardley,Jr.,William,C,Self,William C Yeardley,4591 Juniper Dr,Oklahoma City,OK,73158,,,Mail,Manual,02/06/2008,No,,YEARDLEY|WILLIAM|73158,"Yeardley, William C",[TACOM];[CSR];[Admin];[ReadOnlyAudit];LocalDomainServers,
F3EF9B08DD6E067602484360BE7205E6,2DBA,,12/19/2005 08:23:55,12/19/2005 08:23:55,CN=HRC-Transfer/OU=Agents/O=TACOM,,RQ002353,Underhill-Voss,,Clarence,,Self,Clarence Underhill-Voss,4348 Magnolia Pl,Tampa,FL,33632,(540) 555-1463,,Mail,HRC,12/19/2005,Yes,12/19/2005,UNDERHILL-VOSS|CLARENCE|33632,"Underhill-Voss, Clarence",[TACOM];[CSR];[Admin];[ReadOnlyAudit];LocalDomainServers,
2F0ED934E9F92DD15BE6AE1AADD84E9F,2DBE,,12/23/2006 12:06:35,12/23/2006 12:06:35,CN=HRC-Transfer/OU=Agents/O=TACOM,,RQ002354,Oakhurst-Pell,Jr.,Walter,M,Self,Walter M Oakhurst-Pell,409 Madison Ave,Omaha,NE,68158,(540) 555-1207,walter.oakhurst@example.com,E-mail,NPRC,12/23/2006,Yes,,OAKHURST-PELL|WALTER|68158,"Oakhurst-Pell, Walter M",[TACOM];[CSR];[Admin];[ReadOnlyAudit];LocalDomainServers,
0416A44E698812BB712BADF9577DF08A,2DC2,,03/04/2016 12:47:32,03/04/2016 12:47:32,CN=HRC-Transfer/OU=Agents/O=TACOM,,RQ002355,Yamaguchi-Orr,Jr.,Luis,D,Self,Luis D Yamaguchi-Orr,1529 Marshall Rd,Sioux Falls,SD,57123,(484) 555-1248,luis.yamaguchi@example.com,Phone,NPRC,03/04/2016,No,03/04/2016,YAMAGUCHI-ORR|LUIS|57123,"Yamaguchi-Orr, Luis D",[TACOM];[CSR];[Admin];[ReadOnlyAudit];LocalDomainServers,
F760B1DA20528D51B72C8A7A0624C808,2DC6,,07/03/2021 12:52:57,07/03/2021 12:52:57,CN=HRC-Transfer/OU=Agents/O=TACOM,,RQ002356,Ormsbee,,Mary,L,Son,Melissa Ormsbee,8039 Willow Blvd Apt 38D,Scranton,PA,18553,(215) 555-1733,,E-mail,NPRC,07/03/2021,Yes,07/03/2021,ORMSBEE|MARY|18553,"Ormsbee, Mary L",[TACOM];[CSR];[Admin];[ReadOnlyAudit];LocalDomainServers,
048F37DDC5F0F2BFDC68161430E482C6,2DCA,,05/22/2010 14:50:23,05/22/2010 14:50:23,CN=HRC-Transfer/OU=Agents/O=TACOM,,RQ002357,Ashcroft-Mayne,,Clarence,,Self,Clarence Ashcroft-Mayne,4482 Walnut Ct Apt 28B,Jacksonville,FL,32284,(856) 555-1832,clarence.ashcroft@example.com,E-mail,HRC,05/22/2010,Yes,,ASHCROFT-MAYNE|CLARENCE|32284,"Ashcroft-Mayne, Clarence",[TACOM];[CSR];[Admin];[ReadOnlyAudit];LocalDomainServers,
5710D355B6FAC5AF4E300DADCB112C88,2DCE,,04/29/2020 11:02:26,04/29/2020 11:02:26,CN=HRC-Transfer/OU=Agents/O=TACOM,,RQ002358,Palomares Jr.,,Donald,J,Son,David Palomares,2213 Magnolia St Apt 23A,Raleigh,NC,27604,(717) 555-1899,donald.palomares@example.com,Mail,NPRC,04/29/2020,No,,PALOMARES JR.|DONALD|27604,"Palomares Jr., Donald",[TACOM];[CSR];[Admin];[ReadOnlyAudit];LocalDomainServers,
1C0F692A120C5FF77FA82F101F5A2C54,2DD2,,06/17/2017 07:08:12,06/17/2017 07:08:12,CN=HRC-Transfer/OU=Agents/O=TACOM,,RQ002359,Ostrowski-Lane,,Susan,,Self,Susan Ostrowski-Lane,5939 Ridgway Way,Portland,ME,04123,(410) 555-1579,,E-mail,HRC,06/17/2017,Yes,,OSTROWSKI-LANE|SUSAN|04123,"Ostrowski-Lane, Susan",[TACOM];[CSR];[Admin];[ReadOnlyAudit];LocalDomainServers,
548292578FB5F24F9707A6F7D36406EE,2DD6,,06/15/2025 14:39:26,06/15/2025 14:39:26,CN=HRC-Transfer/OU=Agents/O=TACOM,,RQ002360,Vandermolen,,Jamal,G,Parent,Earl Vandermolen,9253 Spruce St,Colorado Springs,CO,80942,(610) 555-1658,,Phone,HRC,06/15/2025,No,06/15/2025,VANDERMOLEN|JAMAL|80942,"Vandermolen, Jamal G",[TACOM];[CSR];[Admin];[ReadOnlyAudit];LocalDomainServers,
CF8EB9969660E2168E6D7BF9EE42A0A5,2DDA,,06/25/2013 08:44:02,06/25/2013 08:44:02,CN=HRC-Transfer/OU=Agents/O=TACOM,,RQ002361,Xanthopoulos,Sr.,Ruth,,Parent,Hector Xanthopoulos,409 Bradley Ln,Philadelphia,PA,19153,,ruth.xanthopoulos@example.com,E-mail,HRC,06/25/2013,Yes,06/25/2013,XANTHOPOULOS|RUTH|19153,"Xanthopoulos, Ruth",[TACOM];[CSR];[Admin];[ReadOnlyAudit];LocalDomainServers,
E13A54948BA9F8E8055952F2A1AE3282,2DDE,,05/31/2022 15:25:04,05/31/2022 15:25:04,CN=HRC-Transfer/OU=Agents/O=TACOM,,RQ002362,Gastrelle,Sr.,Sarah,,Self,Sarah Gastrelle,1935 Hickory St,Columbus,OH,43226,(610) 555-1552,,Phone,NPRC,05/31/2022,Yes,05/31/2022,GASTRELLE|SARAH|43226,"Gastrelle, Sarah",[TACOM];[CSR];[Admin];[ReadOnlyAudit];LocalDomainServers,
E5BF86F3097DE9D0B7A69FC7B80C9CF4,2DE2,,07/21/2015 12:19:30,07/21/2015 12:19:30,CN=HRC-Transfer/OU=Agents/O=TACOM,,RQ002363,Maldonado-Vega,,Margaret,J,Self,Margaret J Maldonado-Vega,3662 Poplar Ln,Philadelphia,PA,19176,(717) 555-1417,,Mail,HRC,07/21/2015,Yes,07/21/2015,MALDONADO-VEGA|MARGARET|19176,"Maldonado-Vega, Margaret J",[TACOM];[CSR];[Admin];[ReadOnlyAudit];LocalDomainServers,
355C4A4D2479CF3708733384DE208156,2DE6,,09/19/2017 16:02:54,09/19/2017 16:02:54,CN=HRC-Transfer/OU=Agents/O=TACOM,,RQ002364,Abernook,,Mildred,,Son,John Abernook,5549 Birch St,Knoxville,TN,37980,(410) 555-1690,,Mail,HRC,09/19/2017,No,09/19/2017,ABERNOOK|MILDRED|37980,"Abernook, Mildred",[TACOM];[CSR];[Admin];[ReadOnlyAudit];LocalDomainServers,
B11D2909F1761C4AD25E5AFA86F250FF,2DEA,,07/05/2016 12:34:51,07/05/2016 12:34:51,CN=HRC-Transfer/OU=Agents/O=TACOM,,RQ002365,Fortenbury,,Andre,R,Self,Andre R Fortenbury,3250 Willow Ave,Des Moines,IA,50362-5278,(302) 555-1932,,Mail,HRC,07/05/2016,No,,FORTENBURY|ANDRE|50362,"Fortenbury, Andre R",[TACOM];[CSR];[Admin];[ReadOnlyAudit];LocalDomainServers,
A155851ABE262576CA755688292239FB,2DEE,,05/12/2017 10:45:42,05/12/2017 10:45:42,CN=HRC-Transfer/OU=Agents/O=TACOM,,RQ002366,Bramwold,,Karen,T,Son,Earl Bramwold,1205 Willow Rd,Cheyenne,WY,82003,(717) 555-1983,,Phone,NPRC,05/12/2017,No,,BRAMWOLD|KAREN|82003,"Bramwold, Karen T",[TACOM];[CSR];[Admin];[ReadOnlyAudit];LocalDomainServers,
8BBCEF8BDD81096EA75CE65094B62949,2DF2,,01/25/2011 07:27:52,01/25/2011 07:27:52,CN=HRC-Transfer/OU=Agents/O=TACOM,,RQ002367,Everleigh,,Norman,D,Parent,Terrence Everleigh,4391 Poplar Rd,Philadelphia,PA,19105,(267) 555-1640,norman.everleigh@example.com,Mail,HRC,01/25/2011,Yes,01/25/2011,EVERLEIGH|NORMAN|19105,"Everleigh, Norman D",[TACOM];[CSR];[Admin];[ReadOnlyAudit];LocalDomainServers,
F496A9B51E5BC687723E2FFFE7C18BED,2DF6,,01/26/2017 12:49:02,01/26/2017 12:49:02,CN=HRC-Transfer/OU=Agents/O=TACOM,,RQ002368,Quarterman,,Brian,,Daughter,Steven Quarterman,3232 Sycamore Pl,Dallas,TX,75286-8034,(215) 555-1308,brian.quarterman@example.com,E-mail,HRC,01/26/2017,Yes,,QUARTERMAN|BRIAN|75286,"Quarterman, Brian",[TACOM];[CSR];[Admin];[ReadOnlyAudit];LocalDomainServers,
4D5DFF977E2017BBA4AE301FF0A15ED0,2DFA,,07/17/2024 17:55:38,07/17/2024 17:55:38,CN=Renata Vasquez-Holm/OU=CHPSID/O=TACOM,,RQ002369,Jessup-Kane,,James,R,Son,Daniel Jessup,4962 Pershing Rd,Pensacola,FL,32565,(267) 555-1695,james.jessup@example.com,Mail,Congressional,07/17/2024,Yes,07/17/2024,JESSUP-KANE|JAMES|32565,"Jessup-Kane, James R",[TACOM];[CSR];[Admin];[ReadOnlyAudit];LocalDomainServers,
49A92B67AEC2FF69029B8C18B151AD15,2DFE,,06/12/2022 12:50:10,06/12/2022 12:50:10,CN=HRC-Transfer/OU=Agents/O=TACOM,,RQ002370,Crandall-Mott,,Walter,E,Son,Andre Crandall,9230 Maple Pl,Nashville,TN,37203,(610) 555-1280,walter.crandall@example.com,E-mail,HRC,06/12/2022,Yes,,CRANDALL-MOTT|WALTER|37203,"Crandall-Mott, Walter E",[TACOM];[CSR];[Admin];[ReadOnlyAudit];LocalDomainServers,
3D4F4A08F82B27483297C5792C81544F,2E02,,11/17/2019 17:54:26,11/17/2019 17:54:26,CN=HRC-Transfer/OU=Agents/O=TACOM,,RQ002371,Wexcombe,,Ruth,,Self,Ruth Wexcombe,3330 Spruce St,Indianapolis,IN,46235,(484) 555-1632,,E-mail,HRC,11/17/2019,No,,WEXCOMBE|RUTH|46235,"Wexcombe, Ruth",[TACOM];[CSR];[Admin];[ReadOnlyAudit];LocalDomainServers,
EF9996FA786A3F91CE2CBDDE4455862D,2E06,,03/07/2017 17:18:18,03/07/2017 17:18:18,CN=Renata Vasquez-Holm/OU=CHPSID/O=TACOM,,RQ002372,Yellowley,,Patricia,,Self,Patricia Yellowley,2450 Juniper Way,Killeen,TX,76575-7413,(302) 555-1938,,E-mail,Manual,03/07/2017,Yes,03/07/2017,YELLOWLEY|PATRICIA|76575,"Yellowley, Patricia",[TACOM];[CSR];[Admin];[ReadOnlyAudit];LocalDomainServers,
B0D1A373D81D66729BB7E1039E8D11AC,2E0A,,06/09/2008 07:15:27,06/09/2008 07:15:27,CN=Lorraine Whitcombe/OU=CHPSID/O=TACOM,,RQ002373,Ingersby,,Anthony,B,Self,Anthony B Ingersby,7406 Dogwood Dr,Portland,OR,97266,,,Mail,Manual,06/09/2008,Yes,06/09/2008,INGERSBY|ANTHONY|97266,"Ingersby, Anthony B",[TACOM];[CSR];[Admin];[ReadOnlyAudit];LocalDomainServers,
A90616DA95334111396F64ED60DE90EA,2E0E,,06/09/2019 13:35:54,06/09/2019 13:35:54,CN=Marlene Okafor/OU=CHPSID/O=TACOM,,RQ002374,Mackelvane,,Arthur,K,Son,Arthur Mackelvane,7551 Marshall Pl,Salt Lake City,UT,84149,(484) 555-1579,,Mail,Congressional,06/09/2019,Yes,,MACKELVANE|ARTHUR|84149,"Mackelvane, Arthur K",[TACOM];[CSR];[Admin];[ReadOnlyAudit];LocalDomainServers,
133AC24E13C8ED1442D9721242EAE5BB,2E12,,02/10/2018 15:50:26,02/10/2018 15:50:26,CN=Marlene Okafor/OU=CHPSID/O=TACOM,,RQ002375,Escobedo-Ruiz,Sr.,Carlos,F,Self,Carlos F Escobedo-Ruiz,7680 Pershing Ave,Fresno,CA,93787-6312,(540) 555-1178,carlos.escobedo@example.com,Mail,Manual,02/10/2018,No,,ESCOBEDO-RUIZ|CARLOS|93787,"Escobedo-Ruiz, Carlos",[TACOM];[CSR];[Admin];[ReadOnlyAudit];LocalDomainServers,
D5558B01C6B0CADF99F0AFD6A8723ED2,2E16,,09/20/2020 11:22:57,09/20/2020 11:22:57,CN=HRC-Transfer/OU=Agents/O=TACOM,,RQ002376,Kirkbride,III,Michael,S,Spouse,Patricia Kirkbride,5840 Maple Ln,Minneapolis,MN,55426-6060,(302) 555-1889,,Phone,HRC,09/20/2020,No,,KIRKBRIDE|MICHAEL|55426,"Kirkbride, Michael S",[TACOM];[CSR];[Admin];[ReadOnlyAudit];LocalDomainServers,
9D08DDA5F41285A13E4409C3CED0DF5F,2E1A,,12/29/2004 17:25:12,12/29/2004 17:25:12,CN=HRC-Transfer/OU=Agents/O=TACOM,,RQ002377,Ahlquist-Bane,,Matthew,S,Son,Patricia Ahlquist,6075 Veterans Memorial Dr,Columbus,OH,43277,(302) 555-1284,,Phone,HRC,12/29/2004,Yes,12/29/2004,AHLQUIST-BANE|MATTHEW|43277,"Ahlquist-Bane, Matthew S",[TACOM];[CSR];[Admin];[ReadOnlyAudit];LocalDomainServers,
B67EB5DA597B2D5A13F0540D92BABCE3,2E1E,,04/25/2024 14:10:53,04/25/2024 14:10:53,CN=Marlene Okafor/OU=CHPSID/O=TACOM,,RQ002378,Lockridge,III,Frances,F,Spouse,Donna Lockridge,2855 Chestnut St Apt 29A,Cleveland,OH,44131-3355,(610) 555-1847,frances.lockridge@example.com,Mail,Congressional,04/25/2024,Yes,,LOCKRIDGE|FRANCES|44131,"Lockridge, Frances F",[TACOM];[CSR];[Admin];[ReadOnlyAudit];LocalDomainServers,
F1E8813ADB02EB01ED72A892389D232C,2E22,,05/20/2004 16:07:53,05/20/2004 16:07:53,CN=HRC-Transfer/OU=Agents/O=TACOM,,RQ002379,Mackelvane,,Mildred,,Self,Mildred Mackelvane,7727 Chestnut Blvd,Cleveland,OH,44134-8037,(410) 555-1184,mildred.mackelvane@example.com,Mail,NPRC,05/20/2004,Yes,,MACKELVANE|MILDRED|44134,"Mackelvane, Mildred",[TACOM];[CSR];[Admin];[ReadOnlyAudit];LocalDomainServers,
60CE0D04293320D3E02B720DADA44E3E,2E26,,11/23/2014 14:59:38,11/23/2014 14:59:38,CN=HRC-Transfer/OU=Agents/O=TACOM,,RQ002380,Templeton-Ash,Jr.,Tyler,E,Spouse,Steven Templeton,8777 Maple Dr,Trenton,NJ,08667,,,Mail,NPRC,11/23/2014,Yes,11/23/2014,TEMPLETON-ASH|TYLER|08667,"Templeton-Ash, Tyler E",[TACOM];[CSR];[Admin];[ReadOnlyAudit];LocalDomainServers,
C77667735D19122795402FFD5CAB56C9,2E2A,,07/31/2012 11:46:41,07/31/2012 11:46:41,CN=HRC-Transfer/OU=Agents/O=TACOM,,RQ002381,Quennevile,,Linda,,Other NOK,Mary Quennevile,4726 Laurel Ln,Las Vegas,NV,89162-6905,(856) 555-1568,linda.quennevile@example.com,Mail,HRC,07/31/2012,No,,QUENNEVILE|LINDA|89162,"Quennevile, Linda",[TACOM];[CSR];[Admin];[ReadOnlyAudit];LocalDomainServers,
BE6C05DD6DC5611F4B64ED52920D0F70,2E2E,,09/17/2019 14:02:13,09/17/2019 14:02:13,CN=HRC-Transfer/OU=Agents/O=TACOM,,RQ002382,Ashcroft-Mayne,,Margaret,S,Son,Kevin Ashcroft,1731 Maple St,Little Rock,AR,72258,(703) 555-1525,,Phone,HRC,09/17/2019,Yes,09/17/2019,ASHCROFT-MAYNE|MARGARET|72258,"Ashcroft-Mayne, Margaret S",[TACOM];[CSR];[Admin];[ReadOnlyAudit];LocalDomainServers,
97077823D3281004B6AC105AE2DF0108,2E32,,08/21/2007 14:21:19,08/21/2007 14:21:19,CN=HRC-Transfer/OU=Agents/O=TACOM,,RQ002383,Altamirano-Diaz,,Carol,M,Self,Carol M Altamirano-Diaz,4437 Jefferson Rd,El Paso,TX,79977,,carol.altamirano@example.com,Phone,HRC,08/21/2007,No,,ALTAMIRANO-DIAZ|CAROL|79977,"Altamirano-Diaz, Carol M",[TACOM];[CSR];[Admin];[ReadOnlyAudit];LocalDomainServers,
7A21B185753B8C150B7ACDEF7855ACD9,2E36,,10/10/2024 07:59:29,10/10/2024 07:59:29,CN=HRC-Transfer/OU=Agents/O=TACOM,,RQ002384,Hargreave,Jr.,Rafael,D,Grandchild,James Hargreave,8181 Magnolia Ln,Huntsville,AL,35891,(302) 555-1606,,Phone,HRC,10/10/2024,No,10/10/2024,HARGREAVE|RAFAEL|35891,"Hargreave, Rafael D",[TACOM];[CSR];[Admin];[ReadOnlyAudit];LocalDomainServers,
9E39F276A9EF7C7DBD33D9F4097B67CD,2E3A,,01/26/2015 11:21:50,01/26/2015 11:21:50,CN=Lorraine Whitcombe/OU=CHPSID/O=TACOM,,RQ002385,Dunmore-Vey,,Christopher,,Self,Christopher Dunmore-Vey,8426 Bradley Way,Killeen,TX,76534,(267) 555-1195,,Mail,Congressional,01/26/2015,Yes,,DUNMORE-VEY|CHRISTOPHER|76534,"Dunmore-Vey, Christopher",[TACOM];[CSR];[Admin];[ReadOnlyAudit];LocalDomainServers,
BF6D1B9D493BD6F5E5A15DFF5F68F8D7,2E3E,,06/14/2013 09:52:40,06/14/2013 09:52:40,CN=HRC-Transfer/OU=Agents/O=TACOM,,RQ002386,Galbreath,III,Ernesto,P,Spouse,Harold Galbreath,8521 Juniper Ave,Pensacola,FL,32502,(703) 555-1238,,Mail,HRC,06/14/2013,Yes,06/14/2013,GALBREATH|ERNESTO|32502,"Galbreath, Ernesto P",[TACOM];[CSR];[Admin];[ReadOnlyAudit];LocalDomainServers,
ADE197E3410262BDD89B8CFF4D364D86,2E42,,02/22/2010 07:23:31,02/22/2010 07:23:31,CN=Ret Hamlin/OU=CHPSID/O=TACOM,,RQ002387,Pettiford,,Carol,S,Self,Carol S Pettiford,3544 Sycamore Ave,Phoenix,AZ,85002,(540) 555-1389,,Phone,Congressional,02/22/2010,Yes,,PETTIFORD|CAROL|85002,"Pettiford, Carol S",[TACOM];[CSR];[Admin];[ReadOnlyAudit];LocalDomainServers,
5CAE12CBDEA613631108CA4144CDEF9A,2E46,,05/15/2014 12:42:57,05/15/2014 12:42:57,CN=Lorraine Whitcombe/OU=CHPSID/O=TACOM,,RQ002388,Wickersham,,Andre,K,Self,Andre K Wickersham,7774 Marshall Pl,Birmingham,AL,35250,(717) 555-1442,andre.wickersham@example.com,Phone,Congressional,05/15/2014,No,05/15/2014,WICKERSHAM|ANDRE|35250,"Wickersham, Andre K",[TACOM];[CSR];[Admin];[ReadOnlyAudit];LocalDomainServers,
D8A96B6D4B6B9841D74A4C1AAB15BF05,2E4A,,06/13/2020 11:23:28,06/13/2020 11:23:28,CN=Benedetta Kowalczyk/OU=CHPSID/O=TACOM,,RQ002389,Escobedo-Ruiz,Sr.,William,L,Self,William L Escobedo-Ruiz,6828 Jefferson St Apt 24C,Jackson,MS,39250-3259,(717) 555-1585,,Mail,Congressional,06/13/2020,No,,ESCOBEDO-RUIZ|WILLIAM|39250,"Escobedo-Ruiz, William L",[TACOM];[CSR];[Admin];[ReadOnlyAudit];LocalDomainServers,
5B22160D9999CBC93FF9162632EB5379,2E4E,,08/05/2022 17:30:28,08/05/2022 17:30:28,CN=HRC-Transfer/OU=Agents/O=TACOM,,RQ002390,Quarterman,,Timothy,,Son,Virginia Quarterman,5989 Lincoln Ct,Birmingham,AL,35294,(267) 555-1076,timothy.quarterman@example.com,Mail,HRC,08/05/2022,No,08/05/2022,QUARTERMAN|TIMOTHY|35294,"Quarterman, Timothy",[TACOM];[CSR];[Admin];[ReadOnlyAudit];LocalDomainServers,
FBA4EE3F8981847C439F160D266E045C,2E52,,01/25/2016 16:11:45,01/25/2016 16:11:45,CN=HRC-Transfer/OU=Agents/O=TACOM,,RQ002391,Montgomerie,,Steven,M,Self,Steven M Montgomerie,6584 Birch Rd,Spokane,WA,99259,(703) 555-1131,,Mail,HRC,01/25/2016,No,01/25/2016,MONTGOMERIE|STEVEN|99259,"Montgomerie, Steven M",[TACOM];[CSR];[Admin];[ReadOnlyAudit];LocalDomainServers,
3F75C7D31A82A55225F5A1CB5BF5F45E,2E56,,03/05/2011 11:29:36,03/05/2011 11:29:36,CN=HRC-Transfer/OU=Agents/O=TACOM,,RQ002392,Kestleman,III,Karen,M,Other NOK,Richard Kestleman,6511 Armory Ter,Nashville,TN,37267,(410) 555-1423,karen.kestleman@example.com,Phone,HRC,03/05/2011,Yes,,KESTLEMAN|KAREN|37267,"Kestleman, Karen M",[TACOM];[CSR];[Admin];[ReadOnlyAudit];LocalDomainServers,
03599521AD7CB27A195135927FC68364,2E5A,,12/15/2011 10:45:53,12/15/2011 10:45:53,CN=HRC-Transfer/OU=Agents/O=TACOM,,RQ002393,Abernook,,Jennifer,,Daughter,Andrew Abernook,3826 Hickory Ter,Boise,ID,83752,(540) 555-1955,,Phone,HRC,12/15/2011,No,12/15/2011,ABERNOOK|JENNIFER|83752,"Abernook, Jennifer",[TACOM];[CSR];[Admin];[ReadOnlyAudit];LocalDomainServers,
C6D9C4F57B1CB5278FD03BCFDA6EE6DB,2E5E,,09/06/2016 12:21:09,09/06/2016 12:21:09,CN=HRC-Transfer/OU=Agents/O=TACOM,,RQ002394,Stanwycke,,Clarence,,Self,Clarence Stanwycke,4575 Bradley Way,Buffalo,NY,14274,,,E-mail,HRC,09/06/2016,No,09/06/2016,STANWYCKE|CLARENCE|14274,"Stanwycke, Clarence",[TACOM];[CSR];[Admin];[ReadOnlyAudit];LocalDomainServers,
FE0028082D1EABFA04C4D376ADA04638,2E62,,11/28/2013 13:19:51,11/28/2013 13:19:51,CN=Marlene Okafor/OU=CHPSID/O=TACOM,,RQ002395,Ullswater,,Barbara,T,Self,Barbara T Ullswater,4732 Veterans Memorial Dr,Louisville,KY,40263,,,E-mail,Congressional,11/28/2013,Yes,11/28/2013,ULLSWATER|BARBARA|40263,"Ullswater, Barbara T",[TACOM];[CSR];[Admin];[ReadOnlyAudit];LocalDomainServers,
8B4616B60966B9C1CB3BE34AD88D01EC,2E66,,11/12/2013 14:30:15,11/12/2013 14:30:15,CN=Benedetta Kowalczyk/OU=CHPSID/O=TACOM,,RQ002396,Pettiford,,Susan,C,Son,Barbara Pettiford,5346 Washington Rd,Boston,MA,02198-1993,(215) 555-1662,,Mail,Congressional,11/12/2013,Yes,,PETTIFORD|SUSAN|02198,"Pettiford, Susan C",[TACOM];[CSR];[Admin];[ReadOnlyAudit];LocalDomainServers,
FEE85A7D25C57B45B4EC6977500646C8,2E6A,,10/31/2009 10:04:57,10/31/2009 10:04:57,CN=Lorraine Whitcombe/OU=CHPSID/O=TACOM,,RQ002397,Montgomerie,,Sarah,P,Self,Sarah P Montgomerie,1033 Oak Pl,Toledo,OH,43623,(540) 555-1841,,Phone,Manual,10/31/2009,No,10/31/2009,MONTGOMERIE|SARAH|43623,"Montgomerie, Sarah P",[TACOM];[CSR];[Admin];[ReadOnlyAudit];LocalDomainServers,
987ECA345E9A66D7E2A4C45950F29C04,2E6E,,07/13/2017 16:43:32,07/13/2017 16:43:32,CN=Renata Vasquez-Holm/OU=CHPSID/O=TACOM,,RQ002398,Vosburgh,,Kevin,E,Self,Kevin E Vosburgh,3007 Marshall Ln Apt 29D,Toledo,OH,43667,,kevin.vosburgh@example.com,E-mail,Manual,07/13/2017,No,07/13/2017,VOSBURGH|KEVIN|43667,"Vosburgh, Kevin E",[TACOM];[CSR];[Admin];[ReadOnlyAudit];LocalDomainServers,
7DD930098FEAB59EB44B4F55AC5D9888,2E72,,01/30/2006 07:53:28,01/30/2006 07:53:28,CN=HRC-Transfer/OU=Agents/O=TACOM,,RQ002399,Stanwycke,III,Michael,,Self,Michael Stanwycke,3896 Maple Ln,Detroit,MI,48281,(610) 555-1588,,Mail,HRC,01/30/2006,Yes,,STANWYCKE|MICHAEL|48281,"Stanwycke, Michael",[TACOM];[CSR];[Admin];[ReadOnlyAudit];LocalDomainServers,
3C393D38C04F8319F3CDB751740B917F,2E76,,01/09/2025 07:03:52,01/09/2025 07:03:52,CN=Renata Vasquez-Holm/OU=CHPSID/O=TACOM,,RQ002400,Rockwell-Sayre,III,Raymond,,Self,Raymond Rockwell-Sayre,2384 Laurel Pl,Pensacola,FL,32506,,,Mail,Congressional,01/09/2025,Yes,01/09/2025,ROCKWELL-SAYRE|RAYMOND|32506,"Rockwell-Sayre, Raymond",[TACOM];[CSR];[Admin];[ReadOnlyAudit];LocalDomainServers,
117D9ECFB30FE25B29F0ADA98CF605AB,2E7A,,06/02/2005 08:22:29,06/02/2005 08:22:29,CN=Ret Hamlin/OU=CHPSID/O=TACOM,,RQ002401,Yeardley,III,Gary,,Spouse,Amanda Yeardley,6236 Elm Pl,Portland,ME,04130,(484) 555-1241,gary.yeardley@example.com,Phone,Congressional,06/02/2005,Yes,06/02/2005,YEARDLEY|GARY|04130,"Yeardley, Gary",[TACOM];[CSR];[Admin];[ReadOnlyAudit];LocalDomainServers,
A7AED13D9EF20BFF2A8FAFB6A5FE800F,2E7E,,11/26/2016 17:02:03,11/26/2016 17:02:03,CN=Lorraine Whitcombe/OU=CHPSID/O=TACOM,,RQ002402,Yeardley,Sr.,Sandra,H,Son,Sarah Yeardley,3278 Cedar Way,Peoria,IL,61695-3157,(610) 555-1840,sandra.yeardley@example.com,Phone,Manual,11/26/2016,Yes,11/26/2016,YEARDLEY|SANDRA|61695,"Yeardley, Sandra H",[TACOM];[CSR];[Admin];[ReadOnlyAudit];LocalDomainServers,
6E1D29086AAB7E87A481F65AC2EC0DA0,2E82,,10/13/2004 14:28:33,10/13/2004 14:28:33,CN=HRC-Transfer/OU=Agents/O=TACOM,,RQ002403,Vanterpool,,Melissa,S,Self,Melissa S Vanterpool,3561 Sycamore Ave,Pittsburgh,PA,15250,(540) 555-1697,,Phone,HRC,10/13/2004,Yes,10/13/2004,VANTERPOOL|MELISSA|15250,"Vanterpool, Melissa S",[TACOM];[CSR];[Admin];[ReadOnlyAudit];LocalDomainServers,
4CD97A284D4610F6C861D48BFCBD0A1D,2E86,,09/25/2009 08:01:29,09/25/2009 08:01:29,CN=Ret Hamlin/OU=CHPSID/O=TACOM,,RQ002404,Nethercott,,Carlos,T,Self,Carlos T Nethercott,2866 Jefferson Blvd,Los Angeles,CA,90095,(215) 555-1463,,Mail,Congressional,09/25/2009,Yes,09/25/2009,NETHERCOTT|CARLOS|90095,"Nethercott, Carlos T",[TACOM];[CSR];[Admin];[ReadOnlyAudit];LocalDomainServers,
E07E35C1D714DDC5C233E8E2760B74FE,2E8A,,04/08/2017 12:22:46,04/08/2017 12:22:46,CN=HRC-Transfer/OU=Agents/O=TACOM,,RQ002405,Iverstone,,James,,Daughter,Stephanie Iverstone,2783 Eisenhower Dr,Memphis,TN,38147,(215) 555-1386,,Mail,NPRC,04/08/2017,No,,IVERSTONE|JAMES|38147,"Iverstone, James",[TACOM];[CSR];[Admin];[ReadOnlyAudit];LocalDomainServers,
5CE150AAAD03B8283FF0A8E72DDB38BF,2E8E,,08/18/2009 10:31:26,08/18/2009 10:31:26,CN=HRC-Transfer/OU=Agents/O=TACOM,,RQ002406,Ormsbee,III,Jamal,L,Daughter,Michael Ormsbee,9738 Armory Ln,Tacoma,WA,98459,(703) 555-1523,,Mail,NPRC,08/18/2009,Yes,08/18/2009,ORMSBEE|JAMAL|98459,"Ormsbee, Jamal L",[TACOM];[CSR];[Admin];[ReadOnlyAudit];LocalDomainServers,
4CC7921EF4F216817903B81FF9846936,2E92,,07/02/2023 17:29:29,07/02/2023 17:29:29,CN=Ret Hamlin/OU=CHPSID/O=TACOM,,RQ002407,Maldonado-Vega,III,Michael,,Daughter,Carol Maldonado,9720 Lincoln Dr,Las Vegas,NV,89114,(856) 555-1478,,Phone,Congressional,07/02/2023,Yes,07/02/2023,MALDONADO-VEGA|MICHAEL|89114,"Maldonado-Vega, Michael",[TACOM];[CSR];[Admin];[ReadOnlyAudit];LocalDomainServers,
6ECCBF6D64AF6590A47AA1F0A3BD15FC,2E96,,10/10/2017 13:05:14,10/10/2017 13:05:14,CN=HRC-Transfer/OU=Agents/O=TACOM,,RQ002408,Northway,,Matthew,J,Son,Andrew Northway,555 Armory Blvd,Jackson,MS,39260,(215) 555-1927,,E-mail,HRC,10/10/2017,No,,NORTHWAY|MATTHEW|39260,"Northway, Matthew J",[TACOM];[CSR];[Admin];[ReadOnlyAudit];LocalDomainServers,
48E0F90B0F44F755AB41F6C819FF2513,2E9A,,06/15/2020 11:34:16,06/15/2020 11:34:16,CN=HRC-Transfer/OU=Agents/O=TACOM,,RQ002409,Whitlock-Bay,,John,L,Spouse,Michael Whitlock,8712 Sycamore Dr,Chicago,IL,60665,(484) 555-1383,,Mail,HRC,06/15/2020,No,06/15/2020,WHITLOCK-BAY|JOHN|60665,"Whitlock-Bay, John L",[TACOM];[CSR];[Admin];[ReadOnlyAudit];LocalDomainServers,
824EDCD4A7D97205F4C6EE5893745409,2E9E,,02/23/2021 12:20:53,02/23/2021 12:20:53,CN=Marlene Okafor/OU=CHPSID/O=TACOM,,RQ002410,Mackelvane,,Heather,,Self,Heather Mackelvane,5424 Lincoln Rd,Milwaukee,WI,53235,(267) 555-1217,heather.mackelvane@example.com,Mail,Congressional,02/23/2021,No,,MACKELVANE|HEATHER|53235,"Mackelvane, Heather",[TACOM];[CSR];[Admin];[ReadOnlyAudit];LocalDomainServers,
757D56ADE5CD8AD9AE3E314616F6FA1D,2EA2,,01/31/2019 11:59:51,01/31/2019 11:59:51,CN=HRC-Transfer/OU=Agents/O=TACOM,,RQ002411,Quarterman,Sr.,John,,Daughter,Howard Quarterman,5423 Spruce Way,Manchester,NH,03140-6868,(410) 555-1776,,Mail,HRC,01/31/2019,Yes,01/31/2019,QUARTERMAN|JOHN|03140,"Quarterman, John",[TACOM];[CSR];[Admin];[ReadOnlyAudit];LocalDomainServers,
6245C017F5021BF615D9844962097449,2EA6,,11/30/2010 11:20:29,11/30/2010 11:20:29,CN=Lorraine Whitcombe/OU=CHPSID/O=TACOM,,RQ002412,Vosburgh,,Carl,B,Self,Carl B Vosburgh,5919 Dogwood Dr,Kansas City,MO,64180-3978,(215) 555-1597,,E-mail,Manual,11/30/2010,No,,VOSBURGH|CARL|64180,"Vosburgh, Carl B",[TACOM];[CSR];[Admin];[ReadOnlyAudit];LocalDomainServers,
96F3B01DF3CD72251E2400CB7E6BC65F,2EAA,,06/21/2017 08:38:36,06/21/2017 08:38:36,CN=Lorraine Whitcombe/OU=CHPSID/O=TACOM,,RQ002413,Fairweather,,Clarence,K,Self,Clarence K Fairweather,2862 Laurel Rd Apt 40A,Sioux Falls,SD,57177,,clarence.fairweather@example.com,E-mail,Manual,06/21/2017,Yes,06/21/2017,FAIRWEATHER|CLARENCE|57177,"Fairweather, Clarence K",[TACOM];[CSR];[Admin];[ReadOnlyAudit];LocalDomainServers,
F66BBC3CBE7D48EFBEC006E826F929EC,2EAE,,11/04/2025 10:25:54,11/04/2025 10:25:54,CN=Benedetta Kowalczyk/OU=CHPSID/O=TACOM,,RQ002414,Redfearn,Sr.,Charles,E,Son,Hector Redfearn,7777 Elm Ter,Orlando,FL,32869-8063,(856) 555-1023,,E-mail,Congressional,11/04/2025,Yes,,REDFEARN|CHARLES|32869,"Redfearn, Charles E",[TACOM];[CSR];[Admin];[ReadOnlyAudit];LocalDomainServers,
DCCEF0EF95211B53B5938CF5D4A87EF6,2EB2,,07/30/2010 16:33:54,07/30/2010 16:33:54,CN=HRC-Transfer/OU=Agents/O=TACOM,,RQ002415,Rockwell-Sayre,Jr.,Justin,F,Self,Justin F Rockwell-Sayre,5125 Marshall Way,Columbus,GA,31948,(410) 555-1742,,Mail,HRC,07/30/2010,Yes,07/30/2010,ROCKWELL-SAYRE|JUSTIN|31948,"Rockwell-Sayre, Justin F",[TACOM];[CSR];[Admin];[ReadOnlyAudit];LocalDomainServers,
13F8B596C0B23A5E98F2FD988AFBCBEF,2EB6,,03/19/2022 12:51:06,03/19/2022 12:51:06,CN=HRC-Transfer/OU=Agents/O=TACOM,,RQ002416,Maldonado-Vega,,Carl,N,Self,Carl N Maldonado-Vega,6715 Oak Rd,Worcester,MA,01635,(540) 555-1826,carl.maldonado@example.com,Mail,HRC,03/19/2022,Yes,03/19/2022,MALDONADO-VEGA|CARL|01635,"Maldonado-Vega, Carl N",[TACOM];[CSR];[Admin];[ReadOnlyAudit];LocalDomainServers,
9596618FCAA3A62814CF119353BB1159,2EBA,,05/11/2022 08:18:42,05/11/2022 08:18:42,CN=HRC-Transfer/OU=Agents/O=TACOM,,RQ002417,Zapata-Kell,Sr.,Carl,R,Self,Carl R Zapata-Kell,3695 Pershing Way,Memphis,TN,38153,,carl.zapata@example.com,Mail,HRC,05/11/2022,Yes,05/11/2022,ZAPATA-KELL|CARL|38153,"Zapata-Kell, Carl R",[TACOM];[CSR];[Admin];[ReadOnlyAudit];LocalDomainServers,
D49FA1FA06EC40375F50F7DF5D3AD87D,2EBE,,07/13/2005 16:48:50,07/13/2005 16:48:50,CN=HRC-Transfer/OU=Agents/O=TACOM,,RQ002418,Quimbley,,Marcus,R,Daughter,Carlos Quimbley,8872 Magnolia Ct,Denver,CO,80203,(410) 555-1155,marcus.quimbley@example.com,Mail,NPRC,07/13/2005,Yes,07/13/2005,QUIMBLEY|MARCUS|80203,"Quimbley, Marcus R",[TACOM];[CSR];[Admin];[ReadOnlyAudit];LocalDomainServers,
B2892378884A9536E6C5DDE9C665CACF,2EC2,,06/18/2024 12:24:07,06/18/2024 12:24:07,CN=Marlene Okafor/OU=CHPSID/O=TACOM,,RQ002419,Ashcroft-Mayne,Jr.,Richard,P,Self,Richard P Ashcroft-Mayne,5413 Elm Ln,Seattle,WA,98178,(267) 555-1515,richard.ashcroft@example.com,Mail,Manual,06/18/2024,Yes,,ASHCROFT-MAYNE|RICHARD|98178,"Ashcroft-Mayne, Richard P",[TACOM];[CSR];[Admin];[ReadOnlyAudit];LocalDomainServers,
8C2B48EF8BC6B8FE7329DCD844198194,2EC6,,02/20/2024 15:24:05,02/20/2024 15:24:05,CN=HRC-Transfer/OU=Agents/O=TACOM,,RQ002420,Kirkbride,,Linda,,Daughter,Mildred Kirkbride,4502 Spruce Rd,Louisville,KY,40267-1946,(856) 555-1607,,Mail,NPRC,02/20/2024,No,,KIRKBRIDE|LINDA|40267,"Kirkbride, Linda",[TACOM];[CSR];[Admin];[ReadOnlyAudit];LocalDomainServers,
61FDE6D25BCD8D328671FE162722BB7E,2ECA,,04/25/2020 09:59:57,04/25/2020 09:59:57,CN=HRC-Transfer/OU=Agents/O=TACOM,,RQ002421,Ullswater,,Carl,L,Self,Carl L Ullswater,2673 Spruce Ln,Orlando,FL,32898-6243,(267) 555-1621,,E-mail,HRC,04/25/2020,No,,ULLSWATER|CARL|32898,"Ullswater, Carl L",[TACOM];[CSR];[Admin];[ReadOnlyAudit];LocalDomainServers,
7C16E5B45B71417B0D87068D1EA8EA58,2ECE,,03/25/2010 13:14:27,03/25/2010 13:14:27,CN=Marlene Okafor/OU=CHPSID/O=TACOM,,RQ002422,Maldonado-Vega,,Ralph,H,Self,Ralph H Maldonado-Vega,9042 Madison Ter Apt 25A,Newark,NJ,07124,(484) 555-1521,ralph.maldonado@example.com,Mail,Manual,03/25/2010,Yes,03/25/2010,MALDONADO-VEGA|RALPH|07124,"Maldonado-Vega, Ralph H",[TACOM];[CSR];[Admin];[ReadOnlyAudit];LocalDomainServers,
B72C21CE632E5199AB95DAE4666F9025,2ED2,,10/09/2008 10:56:21,10/09/2008 10:56:21,CN=Lorraine Whitcombe/OU=CHPSID/O=TACOM,,RQ002423,Yellowley,,Mildred,K,Self,Mildred K Yellowley,4560 Willow Rd,Billings,MT,59146,(703) 555-1913,mildred.yellowley@example.com,Mail,Congressional,10/09/2008,Yes,10/09/2008,YELLOWLEY|MILDRED|59146,"Yellowley, Mildred K",[TACOM];[CSR];[Admin];[ReadOnlyAudit];LocalDomainServers,
B3989B6D031F0A6E5003D96E6B0AA57D,2ED6,,12/30/2008 09:40:17,12/30/2008 09:40:17,CN=HRC-Transfer/OU=Agents/O=TACOM,,RQ002424,Reyes-Almonte,Sr.,Angela,L,Self,Angela L Reyes-Almonte,461 Eisenhower Dr,Richmond,VA,23239,,,Mail,NPRC,12/30/2008,No,,REYES-ALMONTE|ANGELA|23239,"Reyes-Almonte, Angela L",[TACOM];[CSR];[Admin];[ReadOnlyAudit];LocalDomainServers,
A8FA3D5C6EFD097C4B0697A8150F2E1F,2EDA,,11/05/2020 09:44:27,11/05/2020 09:44:27,CN=HRC-Transfer/OU=Agents/O=TACOM,,RQ002425,Iverstone,III,Carl,A,Self,Carl A Iverstone,9588 Willow Ct,Boise,ID,83792,(540) 555-1433,carl.iverstone@example.com,Mail,HRC,11/05/2020,No,11/05/2020,IVERSTONE|CARL|83792,"Iverstone, Carl A",[TACOM];[CSR];[Admin];[ReadOnlyAudit];LocalDomainServers,
9CE61C09F9420A323F5FEA76539E15AD,2EDE,,11/26/2013 16:05:41,11/26/2013 16:05:41,CN=Marlene Okafor/OU=CHPSID/O=TACOM,,RQ002426,Coldwater,Sr.,Sandra,E,Self,Sandra E Coldwater,7358 Armory Way,Chicago,IL,60689,,sandra.coldwater@example.com,Mail,Manual,11/26/2013,Yes,11/26/2013,COLDWATER|SANDRA|60689,"Coldwater, Sandra E",[TACOM];[CSR];[Admin];[ReadOnlyAudit];LocalDomainServers,
9C3A05960A5393849942A711064A6B8E,2EE2,,01/04/2010 08:09:12,01/04/2010 08:09:12,CN=HRC-Transfer/OU=Agents/O=TACOM,,RQ002427,Ashcroft-Mayne,,Linda,F,Self,Linda F Ashcroft-Mayne,5433 Veterans Memorial Dr,Spokane,WA,99271,,linda.ashcroft@example.com,Mail,NPRC,01/04/2010,Yes,01/04/2010,ASHCROFT-MAYNE|LINDA|99271,"Ashcroft-Mayne, Linda F",[TACOM];[CSR];[Admin];[ReadOnlyAudit];LocalDomainServers,
8935F9CE76D4667536BBA7ECC65C72D5,2EE6,,10/09/2016 10:58:36,10/09/2016 10:58:36,CN=HRC-Transfer/OU=Agents/O=TACOM,,RQ002428,Saldivar,,Raymond,,Parent,Hector Saldivar,3929 Juniper Rd,Columbia,SC,29260,(856) 555-1146,raymond.saldivar@example.com,Phone,NPRC,10/09/2016,Yes,10/09/2016,SALDIVAR|RAYMOND|29260,"Saldivar, Raymond",[TACOM];[CSR];[Admin];[ReadOnlyAudit];LocalDomainServers,
9A0120ABB1331DC61900BDEF53ACCDF2,2EEA,,10/22/2008 15:57:35,10/22/2008 15:57:35,CN=Renata Vasquez-Holm/OU=CHPSID/O=TACOM,,RQ002429,Stanwycke,,Sarah,F,Spouse,Sarah Stanwycke,4914 Birch Ter,Manchester,NH,03188-5239,(540) 555-1495,,Mail,Manual,10/22/2008,Yes,10/22/2008,STANWYCKE|SARAH|03188,"Stanwycke, Sarah F",[TACOM];[CSR];[Admin];[ReadOnlyAudit];LocalDomainServers,
8E6A3B71BBD18D50699442C78547D74E,2EEE,,11/29/2021 14:27:39,11/29/2021 14:27:39,CN=HRC-Transfer/OU=Agents/O=TACOM,,RQ002430,Stroudmoor,,Leonard,,Grandchild,Nancy Stroudmoor,1332 Laurel Blvd,Dallas,TX,75204,(267) 555-1296,,E-mail,NPRC,11/29/2021,No,11/29/2021,STROUDMOOR|LEONARD|75204,"Stroudmoor, Leonard",[TACOM];[CSR];[Admin];[ReadOnlyAudit];LocalDomainServers,
36EF9C37A76B7F42A6F1A3F643E7E52D,2EF2,,06/02/2023 14:40:25,06/02/2023 14:40:25,CN=HRC-Transfer/OU=Agents/O=TACOM,,RQ002431,Oakhurst-Pell,,James,,Self,James Oakhurst-Pell,5050 Dogwood Dr,Indianapolis,IN,46291,(267) 555-1296,james.oakhurst@example.com,Mail,NPRC,06/02/2023,Yes,06/02/2023,OAKHURST-PELL|JAMES|46291,"Oakhurst-Pell, James",[TACOM];[CSR];[Admin];[ReadOnlyAudit];LocalDomainServers,
0956B6FECB2413A050F25AD69FE2AD35,2EF6,,02/21/2013 09:07:01,02/21/2013 09:07:01,CN=HRC-Transfer/OU=Agents/O=TACOM,,RQ002432,Escobedo-Ruiz,Sr.,Ernesto,L,Daughter,Margaret Escobedo,4473 Willow Ave,Scranton,PA,18556,(267) 555-1122,,Mail,NPRC,02/21/2013,No,,ESCOBEDO-RUIZ|ERNESTO|18556,"Escobedo-Ruiz, Ernesto L",[TACOM];[CSR];[Admin];[ReadOnlyAudit];LocalDomainServers,
D4838012D1C05C8B07624FD02775645A,2EFA,,09/08/2019 08:02:47,09/08/2019 08:02:47,CN=HRC-Transfer/OU=Agents/O=TACOM,,RQ002433,Xanthopoulos,III,Lisa,P,Spouse,Jennifer Xanthopoulos,8162 Sycamore Pl,Orlando,FL,32806,(540) 555-1140,lisa.xanthopoulos@example.com,Mail,HRC,09/08/2019,No,09/08/2019,XANTHOPOULOS|LISA|32806,"Xanthopoulos, Lisa P",[TACOM];[CSR];[Admin];[ReadOnlyAudit];LocalDomainServers,
A6A9F92E2A977A00DF53C25019406E01,2EFE,,03/01/2010 10:08:54,03/01/2010 10:08:54,CN=Renata Vasquez-Holm/OU=CHPSID/O=TACOM,,RQ002434,Norquist,,Matthew,W,Self,Matthew W Norquist,1273 Pershing Ave,Atlanta,GA,30380-5871,(215) 555-1666,,Mail,Congressional,03/01/2010,Yes,03/01/2010,NORQUIST|MATTHEW|30380,"Norquist, Matthew W",[TACOM];[CSR];[Admin];[ReadOnlyAudit];LocalDomainServers,
7407E49247F83B39AC6B4ECE5329EB1B,2F02,,05/06/2019 17:38:10,05/06/2019 17:38:10,CN=Benedetta Kowalczyk/OU=CHPSID/O=TACOM,,RQ002435,Vandermolen,Sr.,Melissa,F,Self,Melissa F Vandermolen,7510 Juniper Ct,Sacramento,CA,95869,(717) 555-1259,melissa.vandermolen@example.com,Mail,Manual,05/06/2019,No,05/06/2019,VANDERMOLEN|MELISSA|95869,"Vandermolen, Melissa F",[TACOM];[CSR];[Admin];[ReadOnlyAudit];LocalDomainServers,
03C2EFCC34F194E650BD17E406516977,2F06,,10/21/2021 11:56:29,10/21/2021 11:56:29,CN=Renata Vasquez-Holm/OU=CHPSID/O=TACOM,,RQ002436,Ellsworthy,Jr.,Virginia,K,Son,Marcus Ellsworthy,2643 Willow Pl,Boise,ID,83775-2534,(717) 555-1758,,Mail,Manual,10/21/2021,No,,ELLSWORTHY|VIRGINIA|83775,"Ellsworthy, Virginia K",[TACOM];[CSR];[Admin];[ReadOnlyAudit];LocalDomainServers,
09B81CE6FCDF6370550BA7D4A9A7CCA4,2F0A,,02/02/2008 07:13:46,02/02/2008 07:13:46,CN=HRC-Transfer/OU=Agents/O=TACOM,,RQ002437,Galbreath,Jr.,Ernesto,K,Daughter,Joshua Galbreath,597 Laurel Ct,Manchester,NH,03136-0325,,,E-mail,HRC,02/02/2008,Yes,02/02/2008,GALBREATH|ERNESTO|03136,"Galbreath, Ernesto K",[TACOM];[CSR];[Admin];[ReadOnlyAudit];LocalDomainServers,
DFD17BA42291B4C12B98717820606E2B,2F0E,,09/05/2017 08:17:59,09/05/2017 08:17:59,CN=Marlene Okafor/OU=CHPSID/O=TACOM,,RQ002438,Izquierdo,Jr.,L.,E,Self,Linda E Izquierdo,5778 Washington Ln,Fargo,ND,58170,(302) 555-1167,,E-mail,Manual,09/05/2017,No,,IZQUIERDO|L.|58170,"Izquierdo, L.",[TACOM];[CSR];[Admin];[ReadOnlyAudit];LocalDomainServers,
5396F1E24AF81B2D451B2FD05AD81352,2F12,,01/07/2016 11:48:07,01/07/2016 11:48:07,CN=HRC-Transfer/OU=Agents/O=TACOM,,RQ002439,Stroudmoor,III,Richard,S,Self,Richard S Stroudmoor,1287 Oak Rd,Fresno,CA,93745,,richard.stroudmoor@example.com,Phone,NPRC,01/07/2016,Yes,01/07/2016,STROUDMOOR|RICHARD|93745,"Stroudmoor, Richard S",[TACOM];[CSR];[Admin];[ReadOnlyAudit];LocalDomainServers,
E5275C7ADA6DA1BD19F99F02C60F9ED2,2F16,,04/23/2026 09:13:46,04/23/2026 09:13:46,CN=HRC-Transfer/OU=Agents/O=TACOM,,RQ002440,Hinojosa-Mata,,Brian E,E,Self,Brian E Hinojosa-Mata,1250 Magnolia Ave,Raleigh,NC,27639-8681,,,Mail,HRC,04/23/2026,No,,HINOJOSA-MATA|BRIAN E|27639,"Hinojosa-Mata, Brian E",[TACOM];[CSR];[Admin];[ReadOnlyAudit];LocalDomainServers,
4429BF39F416A808391CE80935A4C085,2F1A,,04/24/2022 11:37:37,04/24/2022 11:37:37,CN=Dwayne Petrakis/OU=CHPSID/O=TACOM,,RQ002441,Ellsworthy,Sr.,Hector,E,Son,Dorothy Ellsworthy,5251 Spruce Ave,Indianapolis,IN,46215,(484) 555-1855,hector.ellsworthy@example.com,Mail,Congressional,04/24/2022,Yes,,ELLSWORTHY|HECTOR|46215,"Ellsworthy, Hector E",[TACOM];[CSR];[Admin];[ReadOnlyAudit];LocalDomainServers,
6E261BDB222493DE30B2B2C89F477135,2F1E,,08/11/2019 12:24:52,08/11/2019 12:24:52,CN=HRC-Transfer/OU=Agents/O=TACOM,,RQ002442,Beddingfield,III,Ryan,A,Self,Ryan A Beddingfield,8975 Ridgway Pl,Dallas,TX,75254-8771,(717) 555-1483,,Phone,NPRC,08/11/2019,No,,BEDDINGFIELD|RYAN|75254,"Beddingfield, Ryan A",[TACOM];[CSR];[Admin];[ReadOnlyAudit];LocalDomainServers,
8247752A58FD11962D59AB7E179DAAD1,2F22,,01/13/2009 11:25:36,01/13/2009 11:25:36,CN=HRC-Transfer/OU=Agents/O=TACOM,,RQ002443,Lockridge,III,Walter,,Grandchild,Terrence Lockridge,1536 Juniper Ln,Tucson,AZ,85701,(610) 555-1562,,Mail,HRC,01/13/2009,No,01/13/2009,LOCKRIDGE|WALTER|85701,"Lockridge, Walter",[TACOM];[CSR];[Admin];[ReadOnlyAudit];LocalDomainServers,
1E06264A2DF3A724A262CA9CC9D3FC28,2F26,,01/16/2014 14:23:40,01/16/2014 14:23:40,CN=HRC-Transfer/OU=Agents/O=TACOM,,RQ002444,Yeardley,,David,A,Self,David A Yeardley,1661 Dogwood Blvd,Little Rock,AR,72216,(717) 555-1746,,Phone,HRC,01/16/2014,Yes,,YEARDLEY|DAVID|72216,"Yeardley, David A",[TACOM];[CSR];[Admin];[ReadOnlyAudit];LocalDomainServers,
1104DCFF59D00AF2116682CE1E9EE24D,2F2A,,02/26/2015 08:21:47,02/26/2015 08:21:47,CN=Benedetta Kowalczyk/OU=CHPSID/O=TACOM,,RQ002445,Zellinger,,Amanda,,Spouse,Donald Zellinger,5400 Hickory Ter,Milwaukee,WI,53257,(856) 555-1392,,Phone,Manual,02/26/2015,Yes,02/26/2015,ZELLINGER|AMANDA|53257,"Zellinger, Amanda",[TACOM];[CSR];[Admin];[ReadOnlyAudit];LocalDomainServers,
E5E0742AA13E3AAAB92444AB0F224DEC,2F2E,,03/20/2008 10:01:42,03/20/2008 10:01:42,CN=HRC-Transfer/OU=Agents/O=TACOM,,RQ002446,Washington-Pryce,,Andre,,Self,Andre Washington-Pryce,7466 Juniper Ave,Jacksonville,FL,32216,(717) 555-1138,,Mail,HRC,03/20/2008,No,03/20/2008,WASHINGTON-PRYCE|ANDRE|32216,"Washington-Pryce, Andre",[TACOM];[CSR];[Admin];[ReadOnlyAudit];LocalDomainServers,
C7D90A92798A35FEF86D86974C3EFAEC,2F32,,06/20/2013 14:08:53,06/20/2013 14:08:53,CN=HRC-Transfer/OU=Agents/O=TACOM,,RQ002447,Pettiford,,Ruth,D,Daughter,Ryan Pettiford,289 Washington Rd,Birmingham,AL,35203,(717) 555-1922,,Phone,NPRC,06/20/2013,Yes,06/20/2013,PETTIFORD|RUTH|35203,"Pettiford, Ruth D",[TACOM];[CSR];[Admin];[ReadOnlyAudit];LocalDomainServers,
9D1765A4D8EA50E108FCB968B1D18F5D,2F36,,09/18/2006 14:10:27,09/18/2006 14:10:27,CN=HRC-Transfer/OU=Agents/O=TACOM,,RQ002448,Northway,,John,L,Daughter,Betty Northway,2854 Pershing Ter,Providence,RI,02946-8494,(610) 555-1266,,Mail,HRC,09/18/2006,Yes,,NORTHWAY|JOHN|02946,"Northway, John L",[TACOM];[CSR];[Admin];[ReadOnlyAudit];LocalDomainServers,
6B9A77C9133962CED57A4654D72F1EB7,2F3A,,04/16/2010 07:59:46,04/16/2010 07:59:46,CN=HRC-Transfer/OU=Agents/O=TACOM,,RQ002449,Jarvinen-Roe,,Jessica,D,Self,Jessica D Jarvinen-Roe,578 Dogwood Ct,Savannah,GA,31428,,,E-mail,NPRC,04/16/2010,No,04/16/2010,JARVINEN-ROE|JESSICA|31428,"Jarvinen-Roe, Jessica D",[TACOM];[CSR];[Admin];[ReadOnlyAudit];LocalDomainServers,
A429E1512A4093532BD08D83076B1450,2F3E,,08/22/2014 17:19:51,08/22/2014 17:19:51,CN=Renata Vasquez-Holm/OU=CHPSID/O=TACOM,,RQ002450,Haverstock Jr.,III,Virginia,S,Parent,Brian Haverstock,4468 Ridgway Blvd Apt 8A,St. Louis,MO,63195-6396,(540) 555-1082,,E-mail,Manual,08/22/2014,No,,HAVERSTOCK JR.|VIRGINIA|63195,"Haverstock Jr., Virginia",[TACOM];[CSR];[Admin];[ReadOnlyAudit];LocalDomainServers,RQ001154
EED153726FF27688B2E09E8A7873FCF0,2F42,,08/27/2009 14:55:44,08/27/2009 14:55:44,CN=HRC-Transfer/OU=Agents/O=TACOM,,RQ002451,Vandermolen,,Linda,W,Daughter,Daniel Vandermolen,9869 Lincoln Rd Apt 26C,Milwaukee,WI,53217,,,Phone,HRC,08/27/2009,Yes,08/27/2009,VANDERMOLEN|LINDA|53217,"Vandermolen, Linda W",[TACOM];[CSR];[Admin];[ReadOnlyAudit];LocalDomainServers,
F19F173605E2AFA6E3FA15517D8C9C49,2F46,,08/19/2010 08:03:27,08/19/2010 08:03:27,CN=Benedetta Kowalczyk/OU=CHPSID/O=TACOM,,RQ002452,Saldivar,III,Ralph,,Self,Ralph Saldivar,5057 Birch Blvd,Jacksonville,FL,32243,(215) 555-1420,,E-mail,Congressional,08/19/2010,Yes,08/19/2010,SALDIVAR|RALPH|32243,"Saldivar, Ralph",[TACOM];[CSR];[Admin];[ReadOnlyAudit];LocalDomainServers,
87CA00B2D3A2A3A2127BF44FA1EEC2A8,2F4A,,06/10/2004 17:35:45,06/10/2004 17:35:45,CN=HRC-Transfer/OU=Agents/O=TACOM,,RQ002453,Mackelvane,,Jamal,L,Self,Jamal L Mackelvane,6151 Spruce Way Apt 15A,Chicago,IL,60674,(267) 555-1569,,Mail,HRC,06/10/2004,Yes,06/10/2004,MACKELVANE|JAMAL|60674,"Mackelvane, Jamal L",[TACOM];[CSR];[Admin];[ReadOnlyAudit];LocalDomainServers,
CC39EAF765B0E0988295E3D47C051ECA,2F4E,,08/05/2024 15:29:40,08/05/2024 15:29:40,CN=HRC-Transfer/OU=Agents/O=TACOM,,RQ002454,Urquhart,,James,,Self,James Urquhart,3811 Laurel Blvd,Newark,NJ,07180,(267) 555-1497,james.urquhart@example.com,Mail,NPRC,08/05/2024,No,08/05/2024,URQUHART|JAMES|07180,"Urquhart, James",[TACOM];[CSR];[Admin];[ReadOnlyAudit];LocalDomainServers,
3D1867CDDC42FAEDFDDEE415170ED449,2F52,,03/05/2020 09:18:20,03/05/2020 09:18:20,CN=HRC-Transfer/OU=Agents/O=TACOM,,RQ002455,Fennimark,Jr.,Clarence,L,Self,Clarence L Fennimark,5366 Willow Ln,Las Vegas,NV,89114,,clarence.fennimark@example.com,Phone,HRC,03/05/2020,Yes,,FENNIMARK|CLARENCE|89114,"Fennimark, Clarence L",[TACOM];[CSR];[Admin];[ReadOnlyAudit];LocalDomainServers,
E3529026BB486421153E647B0D304B63,2F56,,11/24/2024 10:21:08,11/24/2024 10:21:08,CN=HRC-Transfer/OU=Agents/O=TACOM,,RQ002456,Jessup-Kane,,Ralph,,Parent,Ruth Jessup,3396 Patton Ter,Little Rock,AR,72206,,ralph.jessup@example.com,Phone,HRC,11/24/2024,Yes,,JESSUP-KANE|RALPH|72206,"Jessup-Kane, Ralph",[TACOM];[CSR];[Admin];[ReadOnlyAudit];LocalDomainServers,
F4F9F72219EEEEC8668E8BC905D17969,2F5A,,10/28/2016 08:20:29,10/28/2016 08:20:29,CN=HRC-Transfer/OU=Agents/O=TACOM,,RQ002457,Guajardo,Jr.,Charles,,Daughter,Karen Guajardo,2199 Chestnut Way,St. Louis,MO,63140,(302) 555-1890,,Mail,HRC,10/28/2016,Yes,,GUAJARDO|CHARLES|63140,"Guajardo, Charles",[TACOM];[CSR];[Admin];[ReadOnlyAudit];LocalDomainServers,
F3C72D073EE5646C464BB521C1015A9B,2F5E,,09/17/2023 13:31:08,09/17/2023 13:31:08,CN=Benedetta Kowalczyk/OU=CHPSID/O=TACOM,,RQ002458,Rathbourne,,S.,F,Self,Sarah F Rathbourne,5090 Pershing Ter,Atlanta,GA,30368-9980,(540) 555-1042,,Mail,Manual,09/17/2023,No,,RATHBOURNE|S.|30368,"Rathbourne, S.",[TACOM];[CSR];[Admin];[ReadOnlyAudit];LocalDomainServers,
608A350211946E039D37239AAB0BBFF3,2F62,,05/13/2015 15:25:55,05/13/2015 15:25:55,CN=HRC-Transfer/OU=Agents/O=TACOM,,RQ002459,Hinojosa-Mata,,Darnell,D,Son,Carlos Hinojosa,9229 Elm Ter Apt 11D,Louisville,KY,40238-6642,(484) 555-1153,,Mail,HRC,05/13/2015,Yes,,HINOJOSA-MATA|DARNELL|40238,"Hinojosa-Mata, Darnell D",[TACOM];[CSR];[Admin];[ReadOnlyAudit];LocalDomainServers,
74D9C539E33EEB295653AEADA70547DA,2F66,,08/26/2008 08:42:42,08/26/2008 08:42:42,CN=HRC-Transfer/OU=Agents/O=TACOM,,RQ002460,Gastrelle,,Mildred,C,Self,Mildred C Gastrelle,9597 Birch Dr Apt 7A,Little Rock,AR,72215,(540) 555-1251,,Phone,NPRC,08/26/2008,No,08/26/2008,GASTRELLE|MILDRED|72215,"Gastrelle, Mildred C",[TACOM];[CSR];[Admin];[ReadOnlyAudit];LocalDomainServers,
AD1311FBB0E83A78D5F18781C7556A7A,2F6A,,08/23/2009 17:43:11,08/23/2009 17:43:11,CN=Ret Hamlin/OU=CHPSID/O=TACOM,,RQ002461,Fairweather,,Jamal,C,Self,Jamal C Fairweather,2203 Chestnut Dr,Toledo,OH,43647,(302) 555-1950,,Phone,Congressional,08/23/2009,No,08/23/2009,FAIRWEATHER|JAMAL|43647,"Fairweather, Jamal C",[TACOM];[CSR];[Admin];[ReadOnlyAudit];LocalDomainServers,
7F0546193A91186606A4EF1247ACF7AD,2F6E,,09/19/2024 13:22:15,09/19/2024 13:22:15,CN=HRC-Transfer/OU=Agents/O=TACOM,,RQ002462,Montgomerie,,Donna,H,Son,Leonard Montgomerie,1223 Chestnut Ct,Nashville,TN,37271,,,E-mail,HRC,09/19/2024,No,,MONTGOMERIE|DONNA|37271,"Montgomerie, Donna H",[TACOM];[CSR];[Admin];[ReadOnlyAudit];LocalDomainServers,
326DA0847BA4826003E1E8F1D7AF371A,2F72,,12/02/2009 10:17:19,12/02/2009 10:17:19,CN=HRC-Transfer/OU=Agents/O=TACOM,,RQ002463,Ledesma-Ortiz,Sr.,Carol,A,Self,Carol A Ledesma-Ortiz,2596 Patton St,Sacramento,CA,95876,(215) 555-1052,,Mail,NPRC,12/02/2009,Yes,12/02/2009,LEDESMA-ORTIZ|CAROL|95876,"Ledesma-Ortiz, Carol A",[TACOM];[CSR];[Admin];[ReadOnlyAudit];LocalDomainServers,
D776C058D03BF2CFACAF1972417516AF,2F76,,05/18/2021 13:48:01,05/18/2021 13:48:01,CN=Marlene Okafor/OU=CHPSID/O=TACOM,,RQ002464,Reyes-Almonte,Sr.,D.,W,Self,David W Reyes-Almonte,8435 Pershing Ct Apt 7C,Seattle,WA,98100-1362,(540) 555-1726,,Mail,Manual,05/18/2021,No,,REYES-ALMONTE|D.|98100,"Reyes-Almonte, D.",[TACOM];[CSR];[Admin];[ReadOnlyAudit];LocalDomainServers,
656C0CF48B2A906B4BC354585DFECF87,2F7A,,08/24/2006 15:09:59,08/24/2006 15:09:59,CN=HRC-Transfer/OU=Agents/O=TACOM,,RQ002465,Ahlquist-Bane,Jr.,Matthew,P,Self,Matthew P Ahlquist-Bane,5102 Maple Blvd,Knoxville,TN,37996,(856) 555-1263,,Phone,HRC,08/24/2006,No,08/24/2006,AHLQUIST-BANE|MATTHEW|37996,"Ahlquist-Bane, Matthew P",[TACOM];[CSR];[Admin];[ReadOnlyAudit];LocalDomainServers,
71750B089D6124E81568604063638142,2F7E,,10/29/2016 11:50:38,10/29/2016 11:50:38,CN=Renata Vasquez-Holm/OU=CHPSID/O=TACOM,,RQ002466,Maldonado-Vega,Jr.,Lisa,,Self,Lisa Maldonado-Vega,256 Laurel Ave,Kansas City,MO,64167-9183,,lisa.maldonado@example.com,Phone,Manual,10/29/2016,No,,MALDONADO-VEGA|LISA|64167,"Maldonado-Vega, Lisa",[TACOM];[CSR];[Admin];[ReadOnlyAudit];LocalDomainServers,
1E57E4F5F465F7447A335F5528B139BA,2F82,,04/30/2025 14:56:07,04/30/2025 14:56:07,CN=Benedetta Kowalczyk/OU=CHPSID/O=TACOM,,RQ002467,Gastrelle,,David,K,Self,David K Gastrelle,5219 Walnut Ct,Omaha,NE,68101-7915,(267) 555-1225,,Phone,Congressional,04/30/2025,Yes,,GASTRELLE|DAVID|68101,"Gastrelle, David K",[TACOM];[CSR];[Admin];[ReadOnlyAudit];LocalDomainServers,
E1D4D4701A13D77B3A7A384432685F61,2F86,,06/24/2025 17:54:29,06/24/2025 17:54:29,CN=HRC-Transfer/OU=Agents/O=TACOM,,RQ002468,Ledesma-Ortiz Jr.,,Tyler,,Self,Tyler Ledesma-Ortiz,7080 Laurel Ct,Killeen,TX,76532,(610) 555-1362,,E-mail,HRC,06/24/2025,No,,LEDESMA-ORTIZ JR.|TYLER|76532,"Ledesma-Ortiz Jr., Tyler",[TACOM];[CSR];[Admin];[ReadOnlyAudit];LocalDomainServers,
DF95D27E3238267118D30BF2527AD3B9,2F8A,,12/31/2019 15:17:10,12/31/2019 15:17:10,CN=HRC-Transfer/OU=Agents/O=TACOM,,RQ002469,Norquist,Sr.,Heather,F,Self,Heather F Norquist,1077 Maple Pl,Portland,OR,97221,(856) 555-1979,heather.norquist@example.com,Mail,NPRC,12/31/2019,Yes,12/31/2019,NORQUIST|HEATHER|97221,"Norquist, Heather F",[TACOM];[CSR];[Admin];[ReadOnlyAudit];LocalDomainServers,
B1312405F8F920D7798766C8DEEC5DA3,2F8E,,11/08/2013 13:25:19,11/08/2013 13:25:19,CN=HRC-Transfer/OU=Agents/O=TACOM,,RQ002470,Reyes-Almonte,,Helen,K,Self,Helen K Reyes-Almonte,5323 Magnolia Ct,Savannah,GA,31486-7379,(856) 555-1836,helen.reyes@example.com,Mail,HRC,11/08/2013,Yes,,REYES-ALMONTE|HELEN|31486,"Reyes-Almonte, Helen K",[TACOM];[CSR];[Admin];[ReadOnlyAudit];LocalDomainServers,
4AF53158971C3698C6F457C02237DA4D,2F92,,11/15/2015 14:02:54,11/15/2015 14:02:54,CN=HRC-Transfer/OU=Agents/O=TACOM,,RQ002471,Everleigh,,Joshua,,Spouse,Gary Everleigh,1067 Cedar Ct,Knoxville,TN,37932,,joshua.everleigh@example.com,Mail,HRC,11/15/2015,No,,EVERLEIGH|JOSHUA|37932,"Everleigh, Joshua",[TACOM];[CSR];[Admin];[ReadOnlyAudit];LocalDomainServers,
786D4D2CC2E52EA185433C8E115C12FA,2F96,,02/07/2026 11:06:29,02/07/2026 11:06:29,CN=HRC-Transfer/OU=Agents/O=TACOM,,RQ002472,Fortenbury,,Heather N,N,Self,Heather N Fortenbury,4199 Marshall Blvd,El Paso,TX,79988-6807,(856) 555-1210,heather.fortenbury@example.com,Mail,HRC,02/07/2026,No,,FORTENBURY|HEATHER N|79988,"Fortenbury, Heather N",[TACOM];[CSR];[Admin];[ReadOnlyAudit];LocalDomainServers,RQ002293
4C845E6DA6D0E3AD3F29F13BE81C9525,2F9A,,01/30/2025 07:21:43,01/30/2025 07:21:43,CN=Benedetta Kowalczyk/OU=CHPSID/O=TACOM,,RQ002473,Sallisaw,,Richard,E,Son,Anthony Sallisaw,5191 Hickory Rd,Indianapolis,IN,46294-9870,(717) 555-1735,richard.sallisaw@example.com,Mail,Manual,01/30/2025,Yes,,SALLISAW|RICHARD|46294,"Sallisaw, Richard E",[TACOM];[CSR];[Admin];[ReadOnlyAudit];LocalDomainServers,
D47942594D9D06B2BB6AC23F2BD351CA,2F9E,,07/18/2022 13:44:23,07/18/2022 13:44:23,CN=HRC-Transfer/OU=Agents/O=TACOM,,RQ002474,Barrowclough,Jr.,Jessica,N,Self,Jessica N Barrowclough,4066 Washington Blvd,Honolulu,HI,96894,(856) 555-1580,,Mail,HRC,07/18/2022,Yes,,BARROWCLOUGH|JESSICA|96894,"Barrowclough, Jessica N",[TACOM];[CSR];[Admin];[ReadOnlyAudit];LocalDomainServers,
9F49569488B00A0EAA6F9D6E3C5D2627,2FA2,,04/30/2019 14:02:40,04/30/2019 14:02:40,CN=HRC-Transfer/OU=Agents/O=TACOM,,RQ002475,Xanthopoulos,,Elizabeth,C,Self,Elizabeth C Xanthopoulos,1470 Cedar Ct,Jacksonville,FL,32225-8970,(302) 555-1231,,Mail,NPRC,04/30/2019,Yes,04/30/2019,XANTHOPOULOS|ELIZABETH|32225,"Xanthopoulos, Elizabeth C",[TACOM];[CSR];[Admin];[ReadOnlyAudit];LocalDomainServers,
A999EF85B5B664771653B3C101762235,2FA6,,03/19/2005 13:49:00,03/19/2005 13:49:00,CN=HRC-Transfer/OU=Agents/O=TACOM,,RQ002476,Ostrowski-Lane,,Hector,C,Self,Hector C Ostrowski-Lane,2122 Bradley Ln,Des Moines,IA,50330,(484) 555-1129,,Mail,HRC,03/19/2005,Yes,03/19/2005,OSTROWSKI-LANE|HECTOR|50330,"Ostrowski-Lane, Hector C",[TACOM];[CSR];[Admin];[ReadOnlyAudit];LocalDomainServers,
624CF89485AC659586C996A795FC1F82,2FAA,,11/12/2010 09:14:19,11/12/2010 09:14:19,CN=HRC-Transfer/OU=Agents/O=TACOM,,RQ002477,Wickersham,,Margaret,,Self,Margaret Wickersham,5088 Spruce Ter,Omaha,NE,68180,,,Mail,HRC,11/12/2010,Yes,,WICKERSHAM|MARGARET|68180,"Wickersham, Margaret",[TACOM];[CSR];[Admin];[ReadOnlyAudit];LocalDomainServers,
15C4B2E41B6BAAFC91AD8301D2338539,2FAE,,11/01/2013 10:20:25,11/01/2013 10:20:25,CN=HRC-Transfer/OU=Agents/O=TACOM,,RQ002478,Pettiford,Jr.,Anthony,,Self,Anthony Pettiford,6012 Jefferson Pl,Atlanta,GA,30399-7256,(215) 555-1734,,Mail,HRC,11/01/2013,Yes,11/01/2013,PETTIFORD|ANTHONY|30399,"Pettiford, Anthony",[TACOM];[CSR];[Admin];[ReadOnlyAudit];LocalDomainServers,
AF57D0535EFBD5AEF16108627AA1D64D,2FB2,,12/01/2024 09:26:28,12/01/2024 09:26:28,CN=HRC-Transfer/OU=Agents/O=TACOM,,RQ002479,Kellerhaus,III,Karen,D,Spouse,Jessica Kellerhaus,2895 Sycamore Blvd,Nashville,TN,37245,(215) 555-1587,karen.kellerhaus@example.com,Mail,HRC,12/01/2024,No,12/01/2024,KELLERHAUS|KAREN|37245,"Kellerhaus, Karen D",[TACOM];[CSR];[Admin];[ReadOnlyAudit];LocalDomainServers,
D1CD616B4038A573B2A7808C427D73CA,2FB6,,04/24/2019 13:38:38,04/24/2019 13:38:38,CN=HRC-Transfer/OU=Agents/O=TACOM,,RQ002480,Umberlake,,Norman,,Spouse,Patricia Umberlake,3321 Cedar Ter Apt 31D,Buffalo,NY,14254,(484) 555-1725,,Mail,HRC,04/24/2019,No,04/24/2019,UMBERLAKE|NORMAN|14254,"Umberlake, Norman",[TACOM];[CSR];[Admin];[ReadOnlyAudit];LocalDomainServers,
FFCC6AC92F03BC6D928B56C289C4EB62,2FBA,,09/02/2006 16:04:55,09/02/2006 16:04:55,CN=HRC-Transfer/OU=Agents/O=TACOM,,RQ002481,Nethercott,,Richard,,Self,Richard Nethercott,5437 Madison Rd,Indianapolis,IN,46218-7194,(302) 555-1475,,E-mail,HRC,09/02/2006,No,,NETHERCOTT|RICHARD|46218,"Nethercott, Richard",[TACOM];[CSR];[Admin];[ReadOnlyAudit];LocalDomainServers,
1FC450E466345487C1826132D04ABB18,2FBE,,07/26/2023 16:52:40,07/26/2023 16:52:40,CN=HRC-Transfer/OU=Agents/O=TACOM,,RQ002482,GREAVES-TOLAN,,Clarence,P,Daughter,David Greaves,6114 Marshall Ter,Houston,TX,77061,(540) 555-1784,clarence.greaves@example.com,Mail,NPRC,07/26/2023,No,,GREAVES-TOLAN|CLARENCE|77061,"GREAVES-TOLAN, Clarence",[TACOM];[CSR];[Admin];[ReadOnlyAudit];LocalDomainServers,
72633583DA0D6E1B45947D7956CB408D,2FC2,,06/22/2014 09:33:53,06/22/2014 09:33:53,CN=Dwayne Petrakis/OU=CHPSID/O=TACOM,,RQ002483,Escobedo-Ruiz,,Frances,N,Spouse,Donna Escobedo,8410 Veterans Memorial St,Columbus,GA,31952,(410) 555-1439,,E-mail,Congressional,06/22/2014,Yes,06/22/2014,ESCOBEDO-RUIZ|FRANCES|31952,"Escobedo-Ruiz, Frances N",[TACOM];[CSR];[Admin];[ReadOnlyAudit];LocalDomainServers,
6B7E54D65967E41046969F7F73F9DF3C,2FC6,,12/22/2009 15:40:42,12/22/2009 15:40:42,CN=HRC-Transfer/OU=Agents/O=TACOM,,RQ002484,Fennimark,,Howard,M,Daughter,Marcus Fennimark,1394 Maple Dr,Los Angeles,CA,90056,(302) 555-1627,,Mail,HRC,12/22/2009,No,,FENNIMARK|HOWARD|90056,"Fennimark, Howard M",[TACOM];[CSR];[Admin];[ReadOnlyAudit];LocalDomainServers,
59980A902C7019AFF5430839B772F04B,2FCA,,01/25/2010 15:54:48,01/25/2010 15:54:48,CN=HRC-Transfer/OU=Agents/O=TACOM,,RQ002485,Templeton-Ash,III,Jamal,,Self,Jamal Templeton-Ash,7107 Willow Dr,Memphis,TN,38128,(856) 555-1739,,E-mail,HRC,01/25/2010,Yes,,TEMPLETON-ASH|JAMAL|38128,"Templeton-Ash, Jamal",[TACOM];[CSR];[Admin];[ReadOnlyAudit];LocalDomainServers,
CC4B7BACAB5179A5E80D4FA3C12B86B2,2FCE,,09/13/2008 17:04:03,09/13/2008 17:04:03,CN=HRC-Transfer/OU=Agents/O=TACOM,,RQ002486,Northway,,Harold,,Self,Harold Northway,1644 Armory Rd,San Antonio,TX,78265,(703) 555-1136,,Mail,NPRC,09/13/2008,Yes,09/13/2008,NORTHWAY|HAROLD|78265,"Northway, Harold",[TACOM];[CSR];[Admin];[ReadOnlyAudit];LocalDomainServers,
AE6B06006D887467EE80936AE9387AF3,2FD2,,04/13/2012 15:43:29,04/13/2012 15:43:29,CN=HRC-Transfer/OU=Agents/O=TACOM,,RQ002487,Vandermolen,,Daniel,J,Self,Daniel J Vandermolen,8425 Walnut Pl Apt 8D,Wheeling,WV,26012,,,Mail,HRC,04/13/2012,Yes,04/13/2012,VANDERMOLEN|DANIEL|26012,"Vandermolen, Daniel J",[TACOM];[CSR];[Admin];[ReadOnlyAudit];LocalDomainServers,
68111DF2D64A35E69BAF9129AD4DC851,2FD6,,11/12/2009 15:44:50,11/12/2009 15:44:50,CN=HRC-Transfer/OU=Agents/O=TACOM,,RQ002488,Ahlquist-Bane,III,Jeffrey,N,Self,Jeffrey N Ahlquist-Bane,9683 Pershing Ave Apt 13D,El Paso,TX,79977,,,Phone,NPRC,11/12/2009,Yes,,AHLQUIST-BANE|JEFFREY|79977,"Ahlquist-Bane, Jeffrey N",[TACOM];[CSR];[Admin];[ReadOnlyAudit];LocalDomainServers,
DDAF137B4CCB42E2D727B5935280C27F,2FDA,,11/14/2018 10:04:24,11/14/2018 10:04:24,CN=HRC-Transfer/OU=Agents/O=TACOM,,RQ002489,Okonkwo-Bell,,Helen,B,Spouse,Luis Okonkwo,3198 Patton Dr,Trenton,NJ,08630,(540) 555-1490,helen.okonkwo@example.com,Phone,NPRC,11/14/2018,Yes,,OKONKWO-BELL|HELEN|08630,"Okonkwo-Bell, Helen B",[TACOM];[CSR];[Admin];[ReadOnlyAudit];LocalDomainServers,
022DD27D2263F499BC5E0C9C3C4C19E3,2FDE,,01/22/2014 12:48:32,01/22/2014 12:48:32,CN=Renata Vasquez-Holm/OU=CHPSID/O=TACOM,,RQ002490,Hollinbeck,,Steven,,Daughter,Harold Hollinbeck,8947 Birch St,Cheyenne,WY,82098,(856) 555-1374,steven.hollinbeck@example.com,Phone,Congressional,01/22/2014,Yes,01/22/2014,HOLLINBECK|STEVEN|82098,"Hollinbeck, Steven",[TACOM];[CSR];[Admin];[ReadOnlyAudit];LocalDomainServers,
A96BDE16FCDEF4FAE157215DD4F290D7,2FE2,,01/11/2023 14:37:08,01/11/2023 14:37:08,CN=HRC-Transfer/OU=Agents/O=TACOM,,RQ002491,Ostrowski-Lane,,Margaret,A,Self,Margaret A Ostrowski-Lane,6641 Poplar Ln Apt 16B,Atlanta,GA,30375,(540) 555-1820,margaret.ostrowski@example.com,E-mail,NPRC,01/11/2023,No,,OSTROWSKI-LANE|MARGARET|30375,"Ostrowski-Lane, Margaret A",[TACOM];[CSR];[Admin];[ReadOnlyAudit];LocalDomainServers,
4BEE1B4C485DFC392A776675F2DD4DFB,2FE6,,09/19/2019 16:30:01,09/19/2019 16:30:01,CN=HRC-Transfer/OU=Agents/O=TACOM,,RQ002492,Ullswater,III,Anthony Jr,,Parent,John Ullswater,266 Walnut St,St. Louis,MO,63140,(215) 555-1667,,Phone,NPRC,09/19/2019,No,,ULLSWATER|ANTHONY JR|63140,"Ullswater, Anthony Jr",[TACOM];[CSR];[Admin];[ReadOnlyAudit];LocalDomainServers,RQ000123
512FE16F7AB91D692CC8D0A670EC089F,2FEA,,10/28/2004 07:58:11,10/28/2004 07:58:11,CN=HRC-Transfer/OU=Agents/O=TACOM,,RQ002493,Oakhurst-Pell,Sr.,Linda,,Self,Linda Oakhurst-Pell,2689 Elm Dr,Syracuse,NY,13276,(856) 555-1344,linda.oakhurst@example.com,Phone,HRC,10/28/2004,No,10/28/2004,OAKHURST-PELL|LINDA|13276,"Oakhurst-Pell, Linda",[TACOM];[CSR];[Admin];[ReadOnlyAudit];LocalDomainServers,
04642422A761C86B2CB84FC018043E6C,2FEE,,12/14/2025 08:58:58,12/14/2025 08:58:58,CN=HRC-Transfer/OU=Agents/O=TACOM,,RQ002494,Gastrelle,,Nicole,F,Parent,Linda Gastrelle,5451 Willow St Apt 33A,Manchester,NH,03180,(267) 555-1521,,Phone,NPRC,12/14/2025,Yes,12/14/2025,GASTRELLE|NICOLE|03180,"Gastrelle, Nicole F",[TACOM];[CSR];[Admin];[ReadOnlyAudit];LocalDomainServers,
518E8093AFC2C0C5AED74B2875922403,2FF2,,03/26/2008 17:16:08,03/26/2008 17:16:08,CN=Renata Vasquez-Holm/OU=CHPSID/O=TACOM,,RQ002495,Redfearn,,Carol,S,Son,Arthur Redfearn,6282 Magnolia Rd,Richmond,VA,23241,(215) 555-1998,,Mail,Manual,03/26/2008,Yes,,REDFEARN|CAROL|23241,"Redfearn, Carol S",[TACOM];[CSR];[Admin];[ReadOnlyAudit];LocalDomainServers,
BA49297DA8CE81E00AC99CD827704F3A,2FF6,,09/03/2019 12:36:03,09/03/2019 12:36:03,CN=Marlene Okafor/OU=CHPSID/O=TACOM,,RQ002496,Coldwater,,Leonard,,Self,Leonard Coldwater,3360 Veterans Memorial Ter Apt 7A,Killeen,TX,76594,(302) 555-1581,leonard.coldwater@example.com,Phone,Manual,09/03/2019,Yes,09/03/2019,COLDWATER|LEONARD|76594,"Coldwater, Leonard",[TACOM];[CSR];[Admin];[ReadOnlyAudit];LocalDomainServers,
44E077F98565FF421652D993C9681C4A,2FFA,,08/25/2008 13:58:36,08/25/2008 13:58:36,CN=Ret Hamlin/OU=CHPSID/O=TACOM,,RQ002497,Hollinbeck,,Harold,P,Spouse,Brian Hollinbeck,5665 Veterans Memorial Ter Apt 40C,Providence,RI,02955,(610) 555-1326,,Mail,Congressional,08/25/2008,Yes,,HOLLINBECK|HAROLD|02955,"Hollinbeck, Harold P",[TACOM];[CSR];[Admin];[ReadOnlyAudit];LocalDomainServers,
2907A30E3D66F846116AA64BB43429A5,2FFE,,11/22/2023 10:28:35,11/22/2023 10:28:35,CN=HRC-Transfer/OU=Agents/O=TACOM,,RQ002498,Ashcroft-Mayne,,Hector,,Son,Betty Ashcroft,6631 Hickory Blvd,Columbia,SC,29240,,hector.ashcroft@example.com,Mail,NPRC,11/22/2023,Yes,11/22/2023,ASHCROFT-MAYNE|HECTOR|29240,"Ashcroft-Mayne, Hector",[TACOM];[CSR];[Admin];[ReadOnlyAudit];LocalDomainServers,
0CDA64A9D852E9027F5C1EA69AB39A68,3002,,06/17/2025 11:05:21,06/17/2025 11:05:21,CN=Renata Vasquez-Holm/OU=CHPSID/O=TACOM,,RQ002499,Palomares,Sr.,Sarah,,Self,Sarah Palomares,8398 Washington Ln,Tacoma,WA,98481,(856) 555-1390,sarah.palomares@example.com,Phone,Manual,06/17/2025,Yes,,PALOMARES|SARAH|98481,"Palomares, Sarah",[TACOM];[CSR];[Admin];[ReadOnlyAudit];LocalDomainServers,
0AF7029E0E8A78B962A3CB9E18B3A0F3,3006,,12/28/2014 14:55:28,12/28/2014 14:55:28,CN=HRC-Transfer/OU=Agents/O=TACOM,,RQ002500,Quimbley,,Justin,L,Spouse,Elizabeth Quimbley,9345 Hickory Way,Chicago,IL,60650-1060,,,Phone,HRC,12/28/2014,Yes,,QUIMBLEY|JUSTIN|60650,"Quimbley, Justin L",[TACOM];[CSR];[Admin];[ReadOnlyAudit];LocalDomainServers,
