UNID,NoteID,ParentUNID,Created,Modified,LastUpdatedBy,Attachments,ParentCaseNumber,ParentUNID,NoteType,ContactName,ContactPhone,Body,Summary,FollowUpDate,FollowUpDone,NoteAuthor,NoteDate,DocReaders,DocAuthors
9CFD2C99B8F7471D79FDA7A4C4F0EF47,F4EA,0D3949B08DFCAAF63F27E7A49ADC8A53,04/10/2011 21:57:54,04/10/2011 21:57:54,CN=Marlene Okafor/OU=CHPSID/O=TACOM,,VMA-2011-000060,0D3949B08DFCAAF63F27E7A49ADC8A53,Phone Call - Inbound,Clarence GREAVES-TOLAN,(410) 555-1798,Requester called for status. See attached correspondence.,Requester called for status,,Yes,CN=Marlene Okafor/OU=CHPSID/O=TACOM,04/10/2011 21:57:54,[TACOM];[CSR];[Admin];[ReadOnlyAudit];LocalDomainServers;CN=Benedetta Kowalczyk/OU=CHPSID/O=TACOM,CN=Marlene Okafor/OU=CHPSID/O=TACOM;[Admin]
B96208930E4C8C34B54452DCF6FC91D5,F4EE,1E7402E7D13765F8CA6DBC0E99517453,05/30/2026 10:14:57,05/30/2026 10:14:57,CN=Renata Vasquez-Holm/OU=CHPSID/O=TACOM,,VMA-2026-000329,1E7402E7D13765F8CA6DBC0E99517453,HRC Query,,,Sent eligibility query to HRC Awards Branch. Requester satisfied.,Sent eligibility query to HRC Awards Branch,,Yes,CN=Renata Vasquez-Holm/OU=CHPSID/O=TACOM,05/30/2026 10:14:57,[TACOM];[CSR];[Admin];[ReadOnlyAudit];LocalDomainServers;CN=Dwayne Petrakis/OU=CHPSID/O=TACOM,CN=Renata Vasquez-Holm/OU=CHPSID/O=TACOM;[Admin]
359D8EB105447513CB6EB08FABD38A82,F4F2,C5D7B3B121A57DCB5C511D6BA99AD724,07/15/2025 12:04:00,07/15/2025 12:04:00,CN=Ret Hamlin/OU=CHPSID/O=TACOM,,VMA-2025-000086,C5D7B3B121A57DCB5C511D6BA99AD724,NPRC Query,,,Requested OMPF verification from NPRC. No further action.,Requested OMPF verification from NPRC,,,CN=Ret Hamlin/OU=CHPSID/O=TACOM,07/15/2025 12:04:00,[TACOM];[CSR];[Admin];[ReadOnlyAudit];LocalDomainServers;CN=Benedetta Kowalczyk/OU=CHPSID/O=TACOM,CN=Ret Hamlin/OU=CHPSID/O=TACOM;[Admin]
14DA7305D33F646D4C01B8720824E4E9,F4F6,AFEF27F093C211EC6F0FEFD52EF004AA,10/08/2010 13:36:35,10/08/2010 13:36:35,CN=Lorraine Whitcombe/OU=CHPSID/O=TACOM,,VMA-2010-000047,AFEF27F093C211EC6F0FEFD52EF004AA,NOK Documentation,,,Death certificate / relationship proof received. See attached correspondence.,Death certificate / relationship proof received,,,CN=Lorraine Whitcombe/OU=CHPSID/O=TACOM,10/08/2010 13:36:35,[TACOM];[CSR];[Admin];[ReadOnlyAudit];LocalDomainServers;CN=Dwayne Petrakis/OU=CHPSID/O=TACOM,CN=Lorraine Whitcombe/OU=CHPSID/O=TACOM;[Admin]
62175B7304579EF6A068E8B0E7664D7E,F4FA,8D908CA3CB2CD68D527427E139339C8E,05/26/2010 12:36:53,05/26/2010 12:36:53,CN=Marlene Okafor/OU=CHPSID/O=TACOM,,VMA-2010-000051,8D908CA3CB2CD68D527427E139339C8E,NOK Documentation,,,Death certificate / relationship proof received. Follow-up required.,Death certificate / relationship proof received,,Yes,CN=Marlene Okafor/OU=CHPSID/O=TACOM,05/26/2010 12:36:53,[TACOM];[CSR];[Admin];[ReadOnlyAudit];LocalDomainServers;CN=Dwayne Petrakis/OU=CHPSID/O=TACOM,CN=Marlene Okafor/OU=CHPSID/O=TACOM;[Admin]
393F7E519B7A80972233DE39B9BA5B77,F4FE,795070B49F4E6E103D443505516A8315,12/29/2015 13:26:48,12/29/2015 13:26:48,CN=Lorraine Whitcombe/OU=CHPSID/O=TACOM,,VMA-2015-000062,795070B49F4E6E103D443505516A8315,Backorder,,,Item backordered - requester notified. Escalated to lead CSR.,Item backordered - requester notified,,Yes,CN=Lorraine Whitcombe/OU=CHPSID/O=TACOM,12/29/2015 13:26:48,[TACOM];[CSR];[Admin];[ReadOnlyAudit];LocalDomainServers;CN=Marlene Okafor/OU=CHPSID/O=TACOM,CN=Lorraine Whitcombe/OU=CHPSID/O=TACOM;[Admin]
30BB6BE6CB45BBFB42E9C0FFCA6431B5,F502,21009D765E6EFF4FDA0F6BA8A8F2D2F0,09/17/2006 09:38:33,09/17/2006 09:38:33,CN=Renata Vasquez-Holm/OU=CHPSID/O=TACOM,Correspondence_VMA-2006-000035.pdf,VMA-2006-000035,21009D765E6EFF4FDA0F6BA8A8F2D2F0,Congressional Inquiry,,,Congressional inquiry received - response due 10 days. Requester satisfied.,Congressional inquiry received - response due 10 days,09/23/2006,Yes,CN=Renata Vasquez-Holm/OU=CHPSID/O=TACOM,09/17/2006 09:38:33,[TACOM];[CSR];[Admin];[ReadOnlyAudit];LocalDomainServers;CN=Lorraine Whitcombe/OU=CHPSID/O=TACOM,CN=Renata Vasquez-Holm/OU=CHPSID/O=TACOM;[Admin]
EC48DA71015FC09DB1D90C163D455D3F,F506,D4EAC0676D46D33DC96EA85BE173D077,08/25/2017 00:20:31,08/25/2017 00:20:31,CN=Dwayne Petrakis/OU=CHPSID/O=TACOM,,VMA-2017-000047,D4EAC0676D46D33DC96EA85BE173D077,QC Rework,,,"QC failed - engraving misspelled, returned to shop. Escalated to lead CSR.","QC failed - engraving misspelled, returned to shop",,Yes,CN=Dwayne Petrakis/OU=CHPSID/O=TACOM,08/25/2017 00:20:31,[TACOM];[CSR];[Admin];[ReadOnlyAudit];LocalDomainServers;CN=Ret Hamlin/OU=CHPSID/O=TACOM,CN=Dwayne Petrakis/OU=CHPSID/O=TACOM;[Admin]
618A5F34CCBF8EE10A2ED275DB9BED05,F50A,595A7A1FF777AB9F34B4B2BE97EC1655,11/23/2012 15:00:58,11/23/2012 15:00:58,CN=Renata Vasquez-Holm/OU=CHPSID/O=TACOM,,VMA-2012-000089,595A7A1FF777AB9F34B4B2BE97EC1655,Phone Call - Outbound,Darnell Norquist,(610) 555-1482,Called requester to confirm address. No further action.,Called requester to confirm address,,,CN=Renata Vasquez-Holm/OU=CHPSID/O=TACOM,11/23/2012 15:00:58,[TACOM];[CSR];[Admin];[ReadOnlyAudit];LocalDomainServers;CN=Benedetta Kowalczyk/OU=CHPSID/O=TACOM,CN=Renata Vasquez-Holm/OU=CHPSID/O=TACOM;[Admin]
27BCB6B42BDE7C8AD6C849FD98486E1C,F50E,CA54AA75598A96EE36FB27BE97C30338,06/28/2025 21:45:35,06/28/2025 21:45:35,CN=Ret Hamlin/OU=CHPSID/O=TACOM,,VMA-2025-000083,CA54AA75598A96EE36FB27BE97C30338,Backorder,,,Item backordered - requester notified. Requester satisfied.,Item backordered - requester notified,07/01/2025,,CN=Ret Hamlin/OU=CHPSID/O=TACOM,06/28/2025 21:45:35,[TACOM];[CSR];[Admin];[ReadOnlyAudit];LocalDomainServers;CN=Dwayne Petrakis/OU=CHPSID/O=TACOM,CN=Ret Hamlin/OU=CHPSID/O=TACOM;[Admin]
167F6B211AE680DB113448F39D01F9FF,F512,17CD0FF53218D346B2550E488F892189,08/16/2024 20:36:57,08/16/2024 20:36:57,CN=Renata Vasquez-Holm/OU=CHPSID/O=TACOM,,VMA-2024-000075,17CD0FF53218D346B2550E488F892189,General,,,General note. Follow-up required.,General note,,Yes,CN=Renata Vasquez-Holm/OU=CHPSID/O=TACOM,08/16/2024 20:36:57,[TACOM];[CSR];[Admin];[ReadOnlyAudit];LocalDomainServers;CN=Lorraine Whitcombe/OU=CHPSID/O=TACOM,CN=Renata Vasquez-Holm/OU=CHPSID/O=TACOM;[Admin]
1AC1A387C7DC6BA072A10D429A331551,F516,00DB8AB2E5E817D8C7FFBB4160325898,07/16/2009 09:33:04,07/16/2009 09:33:04,CN=Dwayne Petrakis/OU=CHPSID/O=TACOM,,VMA-2009-000004,00DB8AB2E5E817D8C7FFBB4160325898,Backorder,,,Item backordered - requester notified. See attached correspondence.,Item backordered - requester notified,,Yes,CN=Dwayne Petrakis/OU=CHPSID/O=TACOM,07/16/2009 09:33:04,[TACOM];[CSR];[Admin];[ReadOnlyAudit];LocalDomainServers;CN=Marlene Okafor/OU=CHPSID/O=TACOM,CN=Dwayne Petrakis/OU=CHPSID/O=TACOM;[Admin]
C64C61ED9924013C429AAFB1F8BC9914,F51A,0ED8C3A60D76C2DF9992CE165DDCD756,08/12/2022 08:30:17,08/12/2022 08:30:17,CN=Renata Vasquez-Holm/OU=CHPSID/O=TACOM,,VMA-2022-000081,0ED8C3A60D76C2DF9992CE165DDCD756,Congressional Inquiry,,,Congressional inquiry received - response due 10 days. See attached correspondence.,Congressional inquiry received - response due 10 days,,,CN=Renata Vasquez-Holm/OU=CHPSID/O=TACOM,08/12/2022 08:30:17,[TACOM];[CSR];[Admin];[ReadOnlyAudit];LocalDomainServers;CN=Dwayne Petrakis/OU=CHPSID/O=TACOM,CN=Renata Vasquez-Holm/OU=CHPSID/O=TACOM;[Admin]
3BE071304EE3C4D943786F59D1DBEAFA,F51E,0B7A7F00354F4D52692463BA02206E24,09/02/2014 18:15:18,09/02/2014 18:15:18,CN=Lorraine Whitcombe/OU=CHPSID/O=TACOM,,VMA-2014-000054,0B7A7F00354F4D52692463BA02206E24,NPRC Query,,,Requested OMPF verification from NPRC. Follow-up required.,Requested OMPF verification from NPRC,,Yes,CN=Lorraine Whitcombe/OU=CHPSID/O=TACOM,09/02/2014 18:15:18,[TACOM];[CSR];[Admin];[ReadOnlyAudit];LocalDomainServers;CN=Ret Hamlin/OU=CHPSID/O=TACOM,CN=Lorraine Whitcombe/OU=CHPSID/O=TACOM;[Admin]
1C86D39C4673D54A8A3121B7CC584625,F522,A1DC32C7E75ACBC137766A6D49964A37,04/10/2004 21:13:39,04/10/2004 21:13:39,CN=Dwayne Petrakis/OU=CHPSID/O=TACOM,,VMA-2004-000029,A1DC32C7E75ACBC137766A6D49964A37,Address Correction,,,Address updated per requester. Requester satisfied.,Address updated per requester,,,CN=Dwayne Petrakis/OU=CHPSID/O=TACOM,04/10/2004 21:13:39,[TACOM];[CSR];[Admin];[ReadOnlyAudit];LocalDomainServers;CN=Marlene Okafor/OU=CHPSID/O=TACOM,CN=Dwayne Petrakis/OU=CHPSID/O=TACOM;[Admin]
A71092FBF4469965B13E432D97F0A848,F526,22740AE2532434E5DE4071C3BF644112,09/23/2013 21:55:57,09/23/2013 21:55:57,CN=Ret Hamlin/OU=CHPSID/O=TACOM,,VMA-2013-000010,22740AE2532434E5DE4071C3BF644112,Congressional Inquiry,,,Congressional inquiry received - response due 10 days. See attached correspondence.,Congressional inquiry received - response due 10 days,,Yes,CN=Ret Hamlin/OU=CHPSID/O=TACOM,09/23/2013 21:55:57,[TACOM];[CSR];[Admin];[ReadOnlyAudit];LocalDomainServers;CN=Ret Hamlin/OU=CHPSID/O=TACOM,CN=Ret Hamlin/OU=CHPSID/O=TACOM;[Admin]
92AA375789B37DC558037D6925A68AA4,F52A,31DB0D25B186E37ED9A528BA4645F40C,04/26/2025 12:25:39,04/26/2025 12:25:39,CN=Marlene Okafor/OU=CHPSID/O=TACOM,,VMA-2025-000012,31DB0D25B186E37ED9A528BA4645F40C,Backorder,,,Item backordered - requester notified. See attached correspondence.,Item backordered - requester notified,,,CN=Marlene Okafor/OU=CHPSID/O=TACOM,04/26/2025 12:25:39,[TACOM];[CSR];[Admin];[ReadOnlyAudit];LocalDomainServers;CN=Marlene Okafor/OU=CHPSID/O=TACOM,CN=Marlene Okafor/OU=CHPSID/O=TACOM;[Admin]
96AE63D02C9EF0D98A36E9DF73B86722,F52E,C2C7F4DFDB33FC67E9E43FE06A873050,11/23/2014 01:24:56,11/23/2014 01:24:56,CN=Lorraine Whitcombe/OU=CHPSID/O=TACOM,,VMA-2014-000089,C2C7F4DFDB33FC67E9E43FE06A873050,Phone Call - Inbound,Jennifer Ormsbee,(302) 555-1380,Requester called for status. No further action.,Requester called for status,,,CN=Lorraine Whitcombe/OU=CHPSID/O=TACOM,11/23/2014 01:24:56,[TACOM];[CSR];[Admin];[ReadOnlyAudit];LocalDomainServers;CN=Renata Vasquez-Holm/OU=CHPSID/O=TACOM,CN=Lorraine Whitcombe/OU=CHPSID/O=TACOM;[Admin]
0878337C2239511E5A7FE945A3BB2904,F532,9EAABC8F76DD8669ABBFFB1710F14FE6,03/24/2026 16:41:57,03/24/2026 16:41:57,CN=Ret Hamlin/OU=CHPSID/O=TACOM,,VMA-2026-000500,9EAABC8F76DD8669ABBFFB1710F14FE6,General,,,General note. Escalated to lead CSR.,General note,03/31/2026,,CN=Ret Hamlin/OU=CHPSID/O=TACOM,03/24/2026 16:41:57,[TACOM];[CSR];[Admin];[ReadOnlyAudit];LocalDomainServers;CN=Marlene Okafor/OU=CHPSID/O=TACOM,CN=Ret Hamlin/OU=CHPSID/O=TACOM;[Admin]
652965FDF5EC1EDE0DFEABFBCED531D5,F536,593D10CBEC27147A599699D6D84C1044,10/28/2008 12:26:16,10/28/2008 12:26:16,CN=Ret Hamlin/OU=CHPSID/O=TACOM,,VMA-2008-000063,593D10CBEC27147A599699D6D84C1044,Address Correction,,,Address updated per requester. See attached correspondence.,Address updated per requester,11/01/2008,Yes,CN=Ret Hamlin/OU=CHPSID/O=TACOM,10/28/2008 12:26:16,[TACOM];[CSR];[Admin];[ReadOnlyAudit];LocalDomainServers;CN=Benedetta Kowalczyk/OU=CHPSID/O=TACOM,CN=Ret Hamlin/OU=CHPSID/O=TACOM;[Admin]
D401820644AB98A9604A86ACCE616F09,F53A,E329FDA8C4DAB0440B971148905E5B19,06/08/2026 16:31:38,06/08/2026 16:31:38,CN=Ret Hamlin/OU=CHPSID/O=TACOM,,VMA-2026-000029,E329FDA8C4DAB0440B971148905E5B19,QC Rework,,,"QC failed - engraving misspelled, returned to shop. Escalated to lead CSR.","QC failed - engraving misspelled, returned to shop",06/20/2026,,CN=Ret Hamlin/OU=CHPSID/O=TACOM,06/08/2026 16:31:38,[TACOM];[CSR];[Admin];[ReadOnlyAudit];LocalDomainServers;CN=Ret Hamlin/OU=CHPSID/O=TACOM,CN=Ret Hamlin/OU=CHPSID/O=TACOM;[Admin]
FEB7C0F5B879A4ABD16E2D68E0A17E88,F53E,B8AAE8BDE6EE5A686C2B617FF6C17A27,01/15/2021 15:30:14,01/15/2021 15:30:14,CN=Ret Hamlin/OU=CHPSID/O=TACOM,,VMA-2021-000106,B8AAE8BDE6EE5A686C2B617FF6C17A27,Address Correction,,,Address updated per requester. Requester satisfied.,Address updated per requester,,Yes,CN=Ret Hamlin/OU=CHPSID/O=TACOM,01/15/2021 15:30:14,[TACOM];[CSR];[Admin];[ReadOnlyAudit];LocalDomainServers;CN=Benedetta Kowalczyk/OU=CHPSID/O=TACOM,CN=Ret Hamlin/OU=CHPSID/O=TACOM;[Admin]
9676262DFEEC3267986C78F66CF5EE41,F542,A777432D0813D9C747F8FA280F2FE598,08/06/2021 12:58:08,08/06/2021 12:58:08,CN=Benedetta Kowalczyk/OU=CHPSID/O=TACOM,Correspondence_VMA-2021-000026.pdf,VMA-2021-000026,A777432D0813D9C747F8FA280F2FE598,Phone Call - Inbound,Christopher Delgadillo,(703) 555-1332,Requester called for status. Requester satisfied.,Requester called for status,,Yes,CN=Benedetta Kowalczyk/OU=CHPSID/O=TACOM,08/06/2021 12:58:08,[TACOM];[CSR];[Admin];[ReadOnlyAudit];LocalDomainServers;CN=Lorraine Whitcombe/OU=CHPSID/O=TACOM,CN=Benedetta Kowalczyk/OU=CHPSID/O=TACOM;[Admin]
EFF12FE41B038D56FB596DCC0FBB5ACF,F546,54F1180858891243B2149E9EB043FB8B,06/25/2025 12:06:41,06/25/2025 12:06:41,CN=Ret Hamlin/OU=CHPSID/O=TACOM,,VMA-2025-000023,54F1180858891243B2149E9EB043FB8B,Phone Call - Outbound,James Oakhurst-Pell,(484) 555-1806,Called requester to confirm address. See attached correspondence.,Called requester to confirm address,07/03/2025,,CN=Ret Hamlin/OU=CHPSID/O=TACOM,06/25/2025 12:06:41,[TACOM];[CSR];[Admin];[ReadOnlyAudit];LocalDomainServers;CN=Marlene Okafor/OU=CHPSID/O=TACOM,CN=Ret Hamlin/OU=CHPSID/O=TACOM;[Admin]
B8AE69F90E296709200234AABDCE0A44,F54A,16E8D59A0F70AC09D0BB526069D2A797,02/24/2011 16:00:43,02/24/2011 16:00:43,CN=Renata Vasquez-Holm/OU=CHPSID/O=TACOM,,VMA-2011-000058,16E8D59A0F70AC09D0BB526069D2A797,General,,,General note. Escalated to lead CSR.,General note,,Yes,CN=Renata Vasquez-Holm/OU=CHPSID/O=TACOM,02/24/2011 16:00:43,[TACOM];[CSR];[Admin];[ReadOnlyAudit];LocalDomainServers;CN=Ret Hamlin/OU=CHPSID/O=TACOM,CN=Renata Vasquez-Holm/OU=CHPSID/O=TACOM;[Admin]
C129EDC2EB261E10854121BB47AD34DB,F54E,938D94BD282C29208E940A08FB526868,06/16/2026 17:09:27,06/16/2026 17:09:27,CN=Ret Hamlin/OU=CHPSID/O=TACOM,,VMA-2026-000433,938D94BD282C29208E940A08FB526868,QC Rework,,,"QC failed - engraving misspelled, returned to shop. Escalated to lead CSR.","QC failed - engraving misspelled, returned to shop",06/24/2026,Yes,CN=Ret Hamlin/OU=CHPSID/O=TACOM,06/16/2026 17:09:27,[TACOM];[CSR];[Admin];[ReadOnlyAudit];LocalDomainServers;CN=Renata Vasquez-Holm/OU=CHPSID/O=TACOM,CN=Ret Hamlin/OU=CHPSID/O=TACOM;[Admin]
4E6B66021E95C5E3FF57780574ECB3E5,F552,8FBFDE3F2C5828859E95F297E67E995E,10/22/2008 10:16:00,10/22/2008 10:16:00,CN=Renata Vasquez-Holm/OU=CHPSID/O=TACOM,,VMA-2008-000006,8FBFDE3F2C5828859E95F297E67E995E,Backorder,,,Item backordered - requester notified. No further action.,Item backordered - requester notified,,,CN=Renata Vasquez-Holm/OU=CHPSID/O=TACOM,10/22/2008 10:16:00,[TACOM];[CSR];[Admin];[ReadOnlyAudit];LocalDomainServers;CN=Dwayne Petrakis/OU=CHPSID/O=TACOM,CN=Renata Vasquez-Holm/OU=CHPSID/O=TACOM;[Admin]
E8018E3317E66A9D1287A7E7A6B8DEBB,F556,B247BF95A86A9B6267E19051B0FD2C0F,03/26/2014 19:38:44,03/26/2014 19:38:44,CN=Renata Vasquez-Holm/OU=CHPSID/O=TACOM,,VMA-2014-000011,B247BF95A86A9B6267E19051B0FD2C0F,QC Rework,,,"QC failed - engraving misspelled, returned to shop. Follow-up required.","QC failed - engraving misspelled, returned to shop",,,CN=Renata Vasquez-Holm/OU=CHPSID/O=TACOM,03/26/2014 19:38:44,[TACOM];[CSR];[Admin];[ReadOnlyAudit];LocalDomainServers;CN=Dwayne Petrakis/OU=CHPSID/O=TACOM,CN=Renata Vasquez-Holm/OU=CHPSID/O=TACOM;[Admin]
A7D969FB4A0B87C00A3F5B80EDB733A6,F55A,2718D5FC82C0D602506FE78A3E911F9C,11/01/2012 13:34:40,11/01/2012 13:34:40,CN=Marlene Okafor/OU=CHPSID/O=TACOM,,VMA-2012-000122,2718D5FC82C0D602506FE78A3E911F9C,Phone Call - Outbound,Clarence Wexcombe,(215) 555-1278,Called requester to confirm address. No further action.,Called requester to confirm address,,Yes,CN=Marlene Okafor/OU=CHPSID/O=TACOM,11/01/2012 13:34:40,[TACOM];[CSR];[Admin];[ReadOnlyAudit];LocalDomainServers;CN=Ret Hamlin/OU=CHPSID/O=TACOM,CN=Marlene Okafor/OU=CHPSID/O=TACOM;[Admin]
67FE8A121046DFC6F1BCCE1997404559,F55E,B88D18ADB4E3D89D8C314DA2FE06D7EA,07/18/2026 00:47:24,07/18/2026 00:47:24,CN=Benedetta Kowalczyk/OU=CHPSID/O=TACOM,,VMA-2026-000489,B88D18ADB4E3D89D8C314DA2FE06D7EA,Address Correction,,,Address updated per requester. No further action.,Address updated per requester,,,CN=Benedetta Kowalczyk/OU=CHPSID/O=TACOM,07/18/2026 00:47:24,[TACOM];[CSR];[Admin];[ReadOnlyAudit];LocalDomainServers;CN=Renata Vasquez-Holm/OU=CHPSID/O=TACOM,CN=Benedetta Kowalczyk/OU=CHPSID/O=TACOM;[Admin]
3E79C02AA94B78BAFDFFC99DB30F1267,F562,E6492C09EE2F22E7311EA138EE86905E,02/18/2019 19:36:53,02/18/2019 19:36:53,CN=Dwayne Petrakis/OU=CHPSID/O=TACOM,,VMA-2019-000086,E6492C09EE2F22E7311EA138EE86905E,QC Rework,,,"QC failed - engraving misspelled, returned to shop. Escalated to lead CSR.","QC failed - engraving misspelled, returned to shop",,Yes,CN=Dwayne Petrakis/OU=CHPSID/O=TACOM,02/18/2019 19:36:53,[TACOM];[CSR];[Admin];[ReadOnlyAudit];LocalDomainServers;CN=Marlene Okafor/OU=CHPSID/O=TACOM,CN=Dwayne Petrakis/OU=CHPSID/O=TACOM;[Admin]
1DB9E48D550AA119139921A84210F8B1,F566,D169C1B6E420ED743EAF4801410C19CA,08/25/2022 19:44:46,08/25/2022 19:44:46,CN=Renata Vasquez-Holm/OU=CHPSID/O=TACOM,,VMA-2022-000063,D169C1B6E420ED743EAF4801410C19CA,NOK Documentation,,,Death certificate / relationship proof received. No further action.,Death certificate / relationship proof received,09/05/2022,Yes,CN=Renata Vasquez-Holm/OU=CHPSID/O=TACOM,08/25/2022 19:44:46,[TACOM];[CSR];[Admin];[ReadOnlyAudit];LocalDomainServers;CN=Ret Hamlin/OU=CHPSID/O=TACOM,CN=Renata Vasquez-Holm/OU=CHPSID/O=TACOM;[Admin]
A306636EF836CEE9C5CCAD0BB34114D6,F56A,E68B1E4C38D0EE84DBAEF0DF1920C5E3,07/15/2016 12:42:32,07/15/2016 12:42:32,CN=Benedetta Kowalczyk/OU=CHPSID/O=TACOM,,VMA-2016-000084,E68B1E4C38D0EE84DBAEF0DF1920C5E3,QC Rework,,,"QC failed - engraving misspelled, returned to shop. No further action.","QC failed - engraving misspelled, returned to shop",07/18/2016,Yes,CN=Benedetta Kowalczyk/OU=CHPSID/O=TACOM,07/15/2016 12:42:32,[TACOM];[CSR];[Admin];[ReadOnlyAudit];LocalDomainServers;CN=Benedetta Kowalczyk/OU=CHPSID/O=TACOM,CN=Benedetta Kowalczyk/OU=CHPSID/O=TACOM;[Admin]
2C05894958C29E48CC03502F19021AA7,F56E,F4EBFA32CF2E7DADEF1547E7120344BE,06/27/2026 16:08:36,06/27/2026 16:08:36,CN=Ret Hamlin/OU=CHPSID/O=TACOM,,VMA-2026-000126,F4EBFA32CF2E7DADEF1547E7120344BE,NOK Documentation,,,Death certificate / relationship proof received. See attached correspondence.,Death certificate / relationship proof received,,Yes,CN=Ret Hamlin/OU=CHPSID/O=TACOM,06/27/2026 16:08:36,[TACOM];[CSR];[Admin];[ReadOnlyAudit];LocalDomainServers;CN=Lorraine Whitcombe/OU=CHPSID/O=TACOM,CN=Ret Hamlin/OU=CHPSID/O=TACOM;[Admin]
C9D1B1120548D5DB1AE5CED3A832A415,F572,7FEF1EC3885B29326FD5B714A27CEACB,06/12/2026 21:34:31,06/12/2026 21:34:31,CN=Marlene Okafor/OU=CHPSID/O=TACOM,,VMA-2026-000092,7FEF1EC3885B29326FD5B714A27CEACB,Congressional Inquiry,,,Congressional inquiry received - response due 10 days. No further action.,Congressional inquiry received - response due 10 days,06/23/2026,,CN=Marlene Okafor/OU=CHPSID/O=TACOM,06/12/2026 21:34:31,[TACOM];[CSR];[Admin];[ReadOnlyAudit];LocalDomainServers;CN=Marlene Okafor/OU=CHPSID/O=TACOM,CN=Marlene Okafor/OU=CHPSID/O=TACOM;[Admin]
59C11F3A14372C1303C519E49ED6D29E,F576,8D715227E8B5A15EC4F605F2D9B34818,07/01/2007 12:37:33,07/01/2007 12:37:33,CN=Benedetta Kowalczyk/OU=CHPSID/O=TACOM,Correspondence_VMA-2007-000069.pdf,VMA-2007-000069,8D715227E8B5A15EC4F605F2D9B34818,Phone Call - Outbound,Leonard Galbreath Jr.,(302) 555-1881,Called requester to confirm address. Requester satisfied.,Called requester to confirm address,,,CN=Benedetta Kowalczyk/OU=CHPSID/O=TACOM,07/01/2007 12:37:33,[TACOM];[CSR];[Admin];[ReadOnlyAudit];LocalDomainServers;CN=Lorraine Whitcombe/OU=CHPSID/O=TACOM,CN=Benedetta Kowalczyk/OU=CHPSID/O=TACOM;[Admin]
CE2F473B79EBA143FFC6278F844ABFB1,F57A,BD4E7D3BD4E574F9AEC0ECD83089AF17,09/03/2011 23:07:52,09/03/2011 23:07:52,CN=Ret Hamlin/OU=CHPSID/O=TACOM,,VMA-2011-000074,BD4E7D3BD4E574F9AEC0ECD83089AF17,Congressional Inquiry,,,Congressional inquiry received - response due 10 days. No further action.,Congressional inquiry received - response due 10 days,09/10/2011,Yes,CN=Ret Hamlin/OU=CHPSID/O=TACOM,09/03/2011 23:07:52,[TACOM];[CSR];[Admin];[ReadOnlyAudit];LocalDomainServers;CN=Benedetta Kowalczyk/OU=CHPSID/O=TACOM,CN=Ret Hamlin/OU=CHPSID/O=TACOM;[Admin]
C66B4F44A4BE7A344163BA0747E939DE,F57E,9788EECDD1872439D07747B9FB7D304A,06/13/2011 12:57:42,06/13/2011 12:57:42,CN=Benedetta Kowalczyk/OU=CHPSID/O=TACOM,,VMA-2011-000042,9788EECDD1872439D07747B9FB7D304A,Congressional Inquiry,,,Congressional inquiry received - response due 10 days. Follow-up required.,Congressional inquiry received - response due 10 days,,Yes,CN=Benedetta Kowalczyk/OU=CHPSID/O=TACOM,06/13/2011 12:57:42,[TACOM];[CSR];[Admin];[ReadOnlyAudit];LocalDomainServers;CN=Lorraine Whitcombe/OU=CHPSID/O=TACOM,CN=Benedetta Kowalczyk/OU=CHPSID/O=TACOM;[Admin]
4C4C423E4F7307C85CDFCBB8B8C0DFFA,F582,8F12429131FFC1D21B83CC85ADA23379,08/22/2024 19:16:14,08/22/2024 19:16:14,CN=Marlene Okafor/OU=CHPSID/O=TACOM,,VMA-2024-000106,8F12429131FFC1D21B83CC85ADA23379,Backorder,,,Item backordered - requester notified. Follow-up required.,Item backordered - requester notified,,Yes,CN=Marlene Okafor/OU=CHPSID/O=TACOM,08/22/2024 19:16:14,[TACOM];[CSR];[Admin];[ReadOnlyAudit];LocalDomainServers;CN=Dwayne Petrakis/OU=CHPSID/O=TACOM,CN=Marlene Okafor/OU=CHPSID/O=TACOM;[Admin]
FF392A98A2B7BC05BAD3F03AB3C38260,F586,CBEF6C3868261B862E513D36BEB09F47,01/19/2016 20:02:01,01/19/2016 20:02:01,CN=Dwayne Petrakis/OU=CHPSID/O=TACOM,,VMA-2016-000029,CBEF6C3868261B862E513D36BEB09F47,Phone Call - Outbound,William Dellacroix,(267) 555-1300,Called requester to confirm address. No further action.,Called requester to confirm address,01/22/2016,Yes,CN=Dwayne Petrakis/OU=CHPSID/O=TACOM,01/19/2016 20:02:01,[TACOM];[CSR];[Admin];[ReadOnlyAudit];LocalDomainServers;CN=Lorraine Whitcombe/OU=CHPSID/O=TACOM,CN=Dwayne Petrakis/OU=CHPSID/O=TACOM;[Admin]
B8EA5DCA3AB2DDE0697CB2038C3B594C,F58A,E80DD181D81D1DC8EC2C8DED11053CDE,05/19/2026 16:03:17,05/19/2026 16:03:17,CN=Renata Vasquez-Holm/OU=CHPSID/O=TACOM,,VMA-2026-000150,E80DD181D81D1DC8EC2C8DED11053CDE,Congressional Inquiry,,,Congressional inquiry received - response due 10 days. See attached correspondence.,Congressional inquiry received - response due 10 days,,,CN=Renata Vasquez-Holm/OU=CHPSID/O=TACOM,05/19/2026 16:03:17,[TACOM];[CSR];[Admin];[ReadOnlyAudit];LocalDomainServers;CN=Ret Hamlin/OU=CHPSID/O=TACOM,CN=Renata Vasquez-Holm/OU=CHPSID/O=TACOM;[Admin]
6E75873DB93364DED6454AD72B9129E0,F58E,818D4D46F7419AB27791C33D462DA726,10/05/2025 14:43:26,10/05/2025 14:43:26,CN=Marlene Okafor/OU=CHPSID/O=TACOM,,VMA-2025-000076,818D4D46F7419AB27791C33D462DA726,Phone Call - Inbound,Jose Yarrowdale,(267) 555-1138,Requester called for status. See attached correspondence.,Requester called for status,,Yes,CN=Marlene Okafor/OU=CHPSID/O=TACOM,10/05/2025 14:43:26,[TACOM];[CSR];[Admin];[ReadOnlyAudit];LocalDomainServers;CN=Ret Hamlin/OU=CHPSID/O=TACOM,CN=Marlene Okafor/OU=CHPSID/O=TACOM;[Admin]
6E9649C0AFF39F8294CFF5BA13C92826,F592,49C7981550FFD745F183CF5FCB246337,04/12/2026 10:00:43,04/12/2026 10:00:43,CN=Benedetta Kowalczyk/OU=CHPSID/O=TACOM,Correspondence_VMA-2026-000301.pdf,VMA-2026-000301,49C7981550FFD745F183CF5FCB246337,Backorder,,,Item backordered - requester notified. Escalated to lead CSR.,Item backordered - requester notified,,Yes,CN=Benedetta Kowalczyk/OU=CHPSID/O=TACOM,04/12/2026 10:00:43,[TACOM];[CSR];[Admin];[ReadOnlyAudit];LocalDomainServers;CN=Lorraine Whitcombe/OU=CHPSID/O=TACOM,CN=Benedetta Kowalczyk/OU=CHPSID/O=TACOM;[Admin]
481FA493E2D62C7FE51C805BA3EFD44C,F596,9217B900BE3E9211712A0512B443B747,10/06/2005 10:33:01,10/06/2005 10:33:01,CN=Dwayne Petrakis/OU=CHPSID/O=TACOM,,VMA-2005-000074,9217B900BE3E9211712A0512B443B747,HRC Query,,,Sent eligibility query to HRC Awards Branch. Escalated to lead CSR.,Sent eligibility query to HRC Awards Branch,,Yes,CN=Dwayne Petrakis/OU=CHPSID/O=TACOM,10/06/2005 10:33:01,[TACOM];[CSR];[Admin];[ReadOnlyAudit];LocalDomainServers;CN=Marlene Okafor/OU=CHPSID/O=TACOM,CN=Dwayne Petrakis/OU=CHPSID/O=TACOM;[Admin]
A31952AFBBC836461554F4ECC0D407E4,F59A,7DAFC308DF3CB4B388B0B191E0EEBACE,05/18/2026 18:22:26,05/18/2026 18:22:26,CN=Marlene Okafor/OU=CHPSID/O=TACOM,,VMA-2026-000504,7DAFC308DF3CB4B388B0B191E0EEBACE,HRC Query,,,Sent eligibility query to HRC Awards Branch. No further action.,Sent eligibility query to HRC Awards Branch,,Yes,CN=Marlene Okafor/OU=CHPSID/O=TACOM,05/18/2026 18:22:26,[TACOM];[CSR];[Admin];[ReadOnlyAudit];LocalDomainServers;CN=Dwayne Petrakis/OU=CHPSID/O=TACOM,CN=Marlene Okafor/OU=CHPSID/O=TACOM;[Admin]
2BE6F9471B4F8D2073827A6BEBC87195,F59E,55A58AF01FB62BDD543712C255CE33F7,04/22/2025 18:52:10,04/22/2025 18:52:10,CN=Lorraine Whitcombe/OU=CHPSID/O=TACOM,,VMA-2025-000110,55A58AF01FB62BDD543712C255CE33F7,NPRC Query,,,Requested OMPF verification from NPRC. No further action.,Requested OMPF verification from NPRC,05/03/2025,Yes,CN=Lorraine Whitcombe/OU=CHPSID/O=TACOM,04/22/2025 18:52:10,[TACOM];[CSR];[Admin];[ReadOnlyAudit];LocalDomainServers;CN=Lorraine Whitcombe/OU=CHPSID/O=TACOM,CN=Lorraine Whitcombe/OU=CHPSID/O=TACOM;[Admin]
EECB4476F2757CA6BE214843A0879C28,F5A2,5A742395F43F6939FAA11CBFD1A455A9,03/11/2026 20:15:55,03/11/2026 20:15:55,CN=Ret Hamlin/OU=CHPSID/O=TACOM,Correspondence_VMA-2026-000073.pdf,VMA-2026-000073,5A742395F43F6939FAA11CBFD1A455A9,NOK Documentation,,,Death certificate / relationship proof received. No further action.,Death certificate / relationship proof received,03/19/2026,Yes,CN=Ret Hamlin/OU=CHPSID/O=TACOM,03/11/2026 20:15:55,[TACOM];[CSR];[Admin];[ReadOnlyAudit];LocalDomainServers;CN=Benedetta Kowalczyk/OU=CHPSID/O=TACOM,CN=Ret Hamlin/OU=CHPSID/O=TACOM;[Admin]
C0EE94884062503E489E9D01B17C7578,F5A6,D2C90F8D4C7100BE2568D2FD81E1672A,03/09/2026 12:19:19,03/09/2026 12:19:19,CN=Dwayne Petrakis/OU=CHPSID/O=TACOM,,VMA-2026-000234,D2C90F8D4C7100BE2568D2FD81E1672A,Backorder,,,Item backordered - requester notified. See attached correspondence.,Item backordered - requester notified,03/14/2026,,CN=Dwayne Petrakis/OU=CHPSID/O=TACOM,03/09/2026 12:19:19,[TACOM];[CSR];[Admin];[ReadOnlyAudit];LocalDomainServers;CN=Lorraine Whitcombe/OU=CHPSID/O=TACOM,CN=Dwayne Petrakis/OU=CHPSID/O=TACOM;[Admin]
8B684D578514581D07E669C8601818AD,F5AA,BB2AE3597AF179AC29FE6B0AF08C3EE3,02/18/2009 16:21:19,02/18/2009 16:21:19,CN=Dwayne Petrakis/OU=CHPSID/O=TACOM,Correspondence_VMA-2009-000074.pdf,VMA-2009-000074,BB2AE3597AF179AC29FE6B0AF08C3EE3,HRC Query,,,Sent eligibility query to HRC Awards Branch. Escalated to lead CSR.,Sent eligibility query to HRC Awards Branch,02/23/2009,Yes,CN=Dwayne Petrakis/OU=CHPSID/O=TACOM,02/18/2009 16:21:19,[TACOM];[CSR];[Admin];[ReadOnlyAudit];LocalDomainServers;CN=Marlene Okafor/OU=CHPSID/O=TACOM,CN=Dwayne Petrakis/OU=CHPSID/O=TACOM;[Admin]
FD5D6C0F263FEAFB723AE54926BC7100,F5AE,08D68682632DE415738780CE4A14CC38,01/14/2023 12:49:58,01/14/2023 12:49:58,CN=Marlene Okafor/OU=CHPSID/O=TACOM,,VMA-2023-000078,08D68682632DE415738780CE4A14CC38,QC Rework,,,"QC failed - engraving misspelled, returned to shop. See attached correspondence.","QC failed - engraving misspelled, returned to shop",,Yes,CN=Marlene Okafor/OU=CHPSID/O=TACOM,01/14/2023 12:49:58,[TACOM];[CSR];[Admin];[ReadOnlyAudit];LocalDomainServers;CN=Lorraine Whitcombe/OU=CHPSID/O=TACOM,CN=Marlene Okafor/OU=CHPSID/O=TACOM;[Admin]
27266B3F263AE104496E931D72301EB3,F5B2,AE20FE8093BAECC9B74F233A718F8197,07/14/2016 19:08:01,07/14/2016 19:08:01,CN=Renata Vasquez-Holm/OU=CHPSID/O=TACOM,,VMA-2016-000082,AE20FE8093BAECC9B74F233A718F8197,Phone Call - Inbound,Stephanie Galbreath,(410) 555-1917,Requester called for status. Requester satisfied.,Requester called for status,07/19/2016,Yes,CN=Renata Vasquez-Holm/OU=CHPSID/O=TACOM,07/14/2016 19:08:01,[TACOM];[CSR];[Admin];[ReadOnlyAudit];LocalDomainServers;CN=Ret Hamlin/OU=CHPSID/O=TACOM,CN=Renata Vasquez-Holm/OU=CHPSID/O=TACOM;[Admin]
25FA48C7D7AE106C2398B2A5F70DFBC1,F5B6,7298563F3919914DC45CED56045ED2BE,03/16/2016 13:02:20,03/16/2016 13:02:20,CN=Dwayne Petrakis/OU=CHPSID/O=TACOM,,VMA-2016-000021,7298563F3919914DC45CED56045ED2BE,Phone Call - Inbound,S. Underhill-Voss,(302) 555-1785,Requester called for status. Follow-up required.,Requester called for status,03/20/2016,Yes,CN=Dwayne Petrakis/OU=CHPSID/O=TACOM,03/16/2016 13:02:20,[TACOM];[CSR];[Admin];[ReadOnlyAudit];LocalDomainServers;CN=Ret Hamlin/OU=CHPSID/O=TACOM,CN=Dwayne Petrakis/OU=CHPSID/O=TACOM;[Admin]
E09564058DD0862F89EC294CC8508B09,F5BA,E95844E348D12A1975E7CA55206DF6E9,08/07/2026 09:14:31,08/07/2026 09:14:31,CN=Ret Hamlin/OU=CHPSID/O=TACOM,,VMA-2026-000390,E95844E348D12A1975E7CA55206DF6E9,NOK Documentation,,,Death certificate / relationship proof received. See attached correspondence.,Death certificate / relationship proof received,08/15/2026,Yes,CN=Ret Hamlin/OU=CHPSID/O=TACOM,08/07/2026 09:14:31,[TACOM];[CSR];[Admin];[ReadOnlyAudit];LocalDomainServers;CN=Ret Hamlin/OU=CHPSID/O=TACOM,CN=Ret Hamlin/OU=CHPSID/O=TACOM;[Admin]
84DC9CF176C529407172120524CBF727,F5BE,8EA0CF07C76F28BC8BC5B5E8EBCE34C8,03/17/2007 18:43:51,03/17/2007 18:43:51,CN=Renata Vasquez-Holm/OU=CHPSID/O=TACOM,,VMA-2007-000092,8EA0CF07C76F28BC8BC5B5E8EBCE34C8,General,,,General note. Follow-up required.,General note,,Yes,CN=Renata Vasquez-Holm/OU=CHPSID/O=TACOM,03/17/2007 18:43:51,[TACOM];[CSR];[Admin];[ReadOnlyAudit];LocalDomainServers;CN=Lorraine Whitcombe/OU=CHPSID/O=TACOM,CN=Renata Vasquez-Holm/OU=CHPSID/O=TACOM;[Admin]
AD6B80604982384359B9F97C48A58992,F5C2,9B2C9C76F6543D74C9827E8439323818,01/28/2017 18:08:16,01/28/2017 18:08:16,CN=Ret Hamlin/OU=CHPSID/O=TACOM,,VMA-2017-000076,9B2C9C76F6543D74C9827E8439323818,Backorder,,,Item backordered - requester notified. Requester satisfied.,Item backordered - requester notified,,Yes,CN=Ret Hamlin/OU=CHPSID/O=TACOM,01/28/2017 18:08:16,[TACOM];[CSR];[Admin];[ReadOnlyAudit];LocalDomainServers;CN=Dwayne Petrakis/OU=CHPSID/O=TACOM,CN=Ret Hamlin/OU=CHPSID/O=TACOM;[Admin]
5E1E67F7A416A118D7427B6DB52F848F,F5C6,CF770276032ED7E0FCD6E46E7C5BDFAA,07/24/2018 21:42:52,07/24/2018 21:42:52,CN=Ret Hamlin/OU=CHPSID/O=TACOM,,VMA-2018-000033,CF770276032ED7E0FCD6E46E7C5BDFAA,Phone Call - Outbound,Sandra Ostrowski-Lane,(717) 555-1491,Called requester to confirm address. Follow-up required.,Called requester to confirm address,08/04/2018,Yes,CN=Ret Hamlin/OU=CHPSID/O=TACOM,07/24/2018 21:42:52,[TACOM];[CSR];[Admin];[ReadOnlyAudit];LocalDomainServers;CN=Lorraine Whitcombe/OU=CHPSID/O=TACOM,CN=Ret Hamlin/OU=CHPSID/O=TACOM;[Admin]
E6F794C1FEF1EE164909B8AC91CF836F,F5CA,749CB62A48091B8CD4E4F288C03A4A6B,05/29/2005 14:57:08,05/29/2005 14:57:08,CN=Ret Hamlin/OU=CHPSID/O=TACOM,,VMA-2005-000002,749CB62A48091B8CD4E4F288C03A4A6B,Phone Call - Inbound,Frances Northway,(703) 555-1634,Requester called for status. See attached correspondence.,Requester called for status,,,CN=Ret Hamlin/OU=CHPSID/O=TACOM,05/29/2005 14:57:08,[TACOM];[CSR];[Admin];[ReadOnlyAudit];LocalDomainServers;CN=Benedetta Kowalczyk/OU=CHPSID/O=TACOM,CN=Ret Hamlin/OU=CHPSID/O=TACOM;[Admin]
B2B11E328533500D155471259688D44C,F5CE,C542D15D2D3CEFDA98A0D1C82110448B,03/09/2026 23:15:15,03/09/2026 23:15:15,CN=Lorraine Whitcombe/OU=CHPSID/O=TACOM,Correspondence_VMA-2026-000262.pdf,VMA-2026-000262,C542D15D2D3CEFDA98A0D1C82110448B,General,,,General note. Follow-up required.,General note,,Yes,CN=Lorraine Whitcombe/OU=CHPSID/O=TACOM,03/09/2026 23:15:15,[TACOM];[CSR];[Admin];[ReadOnlyAudit];LocalDomainServers;CN=Benedetta Kowalczyk/OU=CHPSID/O=TACOM,CN=Lorraine Whitcombe/OU=CHPSID/O=TACOM;[Admin]
3430876A7679926FCBECDCB4EBB1A30A,F5D2,442FA4B25086E9567FEF3F567835FBF5,04/10/2026 13:54:38,04/10/2026 13:54:38,CN=Renata Vasquez-Holm/OU=CHPSID/O=TACOM,,VMA-2026-000533,442FA4B25086E9567FEF3F567835FBF5,Phone Call - Inbound,Harold Barrowclough Jr.,(302) 555-1232,Requester called for status. See attached correspondence.,Requester called for status,,Yes,CN=Renata Vasquez-Holm/OU=CHPSID/O=TACOM,04/10/2026 13:54:38,[TACOM];[CSR];[Admin];[ReadOnlyAudit];LocalDomainServers;CN=Benedetta Kowalczyk/OU=CHPSID/O=TACOM,CN=Renata Vasquez-Holm/OU=CHPSID/O=TACOM;[Admin]
7AD876D5208478DC8D6ECBE4FC94A1DE,F5D6,3758CA58919B4AABE9E06692DDB5BF00,02/07/2007 22:34:41,02/07/2007 22:34:41,CN=Marlene Okafor/OU=CHPSID/O=TACOM,Correspondence_VMA-2007-000067.pdf,VMA-2007-000067,3758CA58919B4AABE9E06692DDB5BF00,NOK Documentation,,,Death certificate / relationship proof received. No further action.,Death certificate / relationship proof received,,Yes,CN=Marlene Okafor/OU=CHPSID/O=TACOM,02/07/2007 22:34:41,[TACOM];[CSR];[Admin];[ReadOnlyAudit];LocalDomainServers;CN=Ret Hamlin/OU=CHPSID/O=TACOM,CN=Marlene Okafor/OU=CHPSID/O=TACOM;[Admin]
D2B4E548B5275FFE0C151A7A5C47AAD8,F5DA,150FB59DA6F8AD5000837B1CDF8CBE14,09/28/2008 12:01:04,09/28/2008 12:01:04,CN=Renata Vasquez-Holm/OU=CHPSID/O=TACOM,,VMA-2008-000040,150FB59DA6F8AD5000837B1CDF8CBE14,General,,,General note. Requester satisfied.,General note,,Yes,CN=Renata Vasquez-Holm/OU=CHPSID/O=TACOM,09/28/2008 12:01:04,[TACOM];[CSR];[Admin];[ReadOnlyAudit];LocalDomainServers;CN=Ret Hamlin/OU=CHPSID/O=TACOM,CN=Renata Vasquez-Holm/OU=CHPSID/O=TACOM;[Admin]
3956A68DEE2419D35BE2A8AD58B6321E,F5DE,0D3949B08DFCAAF63F27E7A49ADC8A53,04/22/2011 22:57:54,04/22/2011 22:57:54,CN=Renata Vasquez-Holm/OU=CHPSID/O=TACOM,,VMA-2011-000060,0D3949B08DFCAAF63F27E7A49ADC8A53,Congressional Inquiry,,,Congressional inquiry received - response due 10 days. Follow-up required.,Congressional inquiry received - response due 10 days,,Yes,CN=Renata Vasquez-Holm/OU=CHPSID/O=TACOM,04/22/2011 22:57:54,[TACOM];[CSR];[Admin];[ReadOnlyAudit];LocalDomainServers;CN=Benedetta Kowalczyk/OU=CHPSID/O=TACOM,CN=Renata Vasquez-Holm/OU=CHPSID/O=TACOM;[Admin]
4232B28D967741E34799A38B08C81970,F5E2,341033BE01F90C5BFAE906DCC6878A9D,06/11/2026 14:15:58,06/11/2026 14:15:58,CN=Dwayne Petrakis/OU=CHPSID/O=TACOM,,VMA-2026-000412,341033BE01F90C5BFAE906DCC6878A9D,QC Rework,,,"QC failed - engraving misspelled, returned to shop. Escalated to lead CSR.","QC failed - engraving misspelled, returned to shop",,Yes,CN=Dwayne Petrakis/OU=CHPSID/O=TACOM,06/11/2026 14:15:58,[TACOM];[CSR];[Admin];[ReadOnlyAudit];LocalDomainServers;CN=Lorraine Whitcombe/OU=CHPSID/O=TACOM,CN=Dwayne Petrakis/OU=CHPSID/O=TACOM;[Admin]
8E51EA03197455A8CFC0975556123E25,F5E6,4967886912DB1A6780CA469DDAF5CEC0,05/30/2012 11:31:59,05/30/2012 11:31:59,CN=Dwayne Petrakis/OU=CHPSID/O=TACOM,,VMA-2012-000028,4967886912DB1A6780CA469DDAF5CEC0,QC Rework,,,"QC failed - engraving misspelled, returned to shop. Follow-up required.","QC failed - engraving misspelled, returned to shop",,,CN=Dwayne Petrakis/OU=CHPSID/O=TACOM,05/30/2012 11:31:59,[TACOM];[CSR];[Admin];[ReadOnlyAudit];LocalDomainServers;CN=Benedetta Kowalczyk/OU=CHPSID/O=TACOM,CN=Dwayne Petrakis/OU=CHPSID/O=TACOM;[Admin]
EFC48EFFEC97DCC7AFE0ED67407E1BCC,F5EA,6479B353DFFD86D7120C36A9F6578F90,01/12/2026 15:01:41,01/12/2026 15:01:41,CN=Renata Vasquez-Holm/OU=CHPSID/O=TACOM,,VMA-2025-000010,6479B353DFFD86D7120C36A9F6578F90,Address Correction,,,Address updated per requester. Requester satisfied.,Address updated per requester,,Yes,CN=Renata Vasquez-Holm/OU=CHPSID/O=TACOM,01/12/2026 15:01:41,[TACOM];[CSR];[Admin];[ReadOnlyAudit];LocalDomainServers;CN=Benedetta Kowalczyk/OU=CHPSID/O=TACOM,CN=Renata Vasquez-Holm/OU=CHPSID/O=TACOM;[Admin]
49D09A52B6742308396542154B832DA1,F5EE,FE5BBA368A26555098923875210D716F,10/17/2018 19:50:32,10/17/2018 19:50:32,CN=Lorraine Whitcombe/OU=CHPSID/O=TACOM,,VMA-2018-000095,FE5BBA368A26555098923875210D716F,QC Rework,,,"QC failed - engraving misspelled, returned to shop. See attached correspondence.","QC failed - engraving misspelled, returned to shop",10/26/2018,Yes,CN=Lorraine Whitcombe/OU=CHPSID/O=TACOM,10/17/2018 19:50:32,[TACOM];[CSR];[Admin];[ReadOnlyAudit];LocalDomainServers;CN=Lorraine Whitcombe/OU=CHPSID/O=TACOM,CN=Lorraine Whitcombe/OU=CHPSID/O=TACOM;[Admin]
1A8C1BF661BC9E870490334D134094FE,F5F2,9344FB0AD48B69D9CBC4B38300FE1E39,05/17/2026 17:21:33,05/17/2026 17:21:33,CN=Ret Hamlin/OU=CHPSID/O=TACOM,,VMA-2026-000551,9344FB0AD48B69D9CBC4B38300FE1E39,Phone Call - Inbound,Norman Urquhart,(856) 555-1526,Requester called for status. See attached correspondence.,Requester called for status,,Yes,CN=Ret Hamlin/OU=CHPSID/O=TACOM,05/17/2026 17:21:33,[TACOM];[CSR];[Admin];[ReadOnlyAudit];LocalDomainServers;CN=Lorraine Whitcombe/OU=CHPSID/O=TACOM,CN=Ret Hamlin/OU=CHPSID/O=TACOM;[Admin]
935621A1348D14A3D2E2F408B93D3B83,F5F6,8FD735F7536F6D353C7208DAA568B48D,06/06/2017 08:19:59,06/06/2017 08:19:59,CN=Marlene Okafor/OU=CHPSID/O=TACOM,,VMA-2017-000108,8FD735F7536F6D353C7208DAA568B48D,HRC Query,,,Sent eligibility query to HRC Awards Branch. No further action.,Sent eligibility query to HRC Awards Branch,,Yes,CN=Marlene Okafor/OU=CHPSID/O=TACOM,06/06/2017 08:19:59,[TACOM];[CSR];[Admin];[ReadOnlyAudit];LocalDomainServers;CN=Lorraine Whitcombe/OU=CHPSID/O=TACOM,CN=Marlene Okafor/OU=CHPSID/O=TACOM;[Admin]
AD7DA2686ACE8B69A067BB0294EA390D,F5FA,8B8615EA9F7BA125A3A5F46DA0C7E8DF,02/23/2006 12:22:39,02/23/2006 12:22:39,CN=Ret Hamlin/OU=CHPSID/O=TACOM,,VMA-2006-000061,8B8615EA9F7BA125A3A5F46DA0C7E8DF,General,,,General note. Requester satisfied.,General note,,Yes,CN=Ret Hamlin/OU=CHPSID/O=TACOM,02/23/2006 12:22:39,[TACOM];[CSR];[Admin];[ReadOnlyAudit];LocalDomainServers;CN=Benedetta Kowalczyk/OU=CHPSID/O=TACOM,CN=Ret Hamlin/OU=CHPSID/O=TACOM;[Admin]
24057C8EEA64E75C9AD1FDF4CF9767C6,F5FE,2CDE4E9B66A22D01620A500E138592CC,09/28/2021 18:53:36,09/28/2021 18:53:36,CN=Lorraine Whitcombe/OU=CHPSID/O=TACOM,,VMA-2021-000095,2CDE4E9B66A22D01620A500E138592CC,Congressional Inquiry,,,Congressional inquiry received - response due 10 days. Requester satisfied.,Congressional inquiry received - response due 10 days,10/04/2021,Yes,CN=Lorraine Whitcombe/OU=CHPSID/O=TACOM,09/28/2021 18:53:36,[TACOM];[CSR];[Admin];[ReadOnlyAudit];LocalDomainServers;CN=Lorraine Whitcombe/OU=CHPSID/O=TACOM,CN=Lorraine Whitcombe/OU=CHPSID/O=TACOM;[Admin]
F6D2CDC53436BFA70771E18B74609019,F602,AC85D17436AD88B4A362640E840A6036,09/13/2024 18:09:20,09/13/2024 18:09:20,CN=Dwayne Petrakis/OU=CHPSID/O=TACOM,,VMA-2024-000009,AC85D17436AD88B4A362640E840A6036,QC Rework,,,"QC failed - engraving misspelled, returned to shop. See attached correspondence.","QC failed - engraving misspelled, returned to shop",,,CN=Dwayne Petrakis/OU=CHPSID/O=TACOM,09/13/2024 18:09:20,[TACOM];[CSR];[Admin];[ReadOnlyAudit];LocalDomainServers;CN=Lorraine Whitcombe/OU=CHPSID/O=TACOM,CN=Dwayne Petrakis/OU=CHPSID/O=TACOM;[Admin]
928B3774766332CEDB85EF6ADD4F9572,F606,14CF970A09A136DC489C3369EB304738,04/05/2017 16:09:49,04/05/2017 16:09:49,CN=Lorraine Whitcombe/OU=CHPSID/O=TACOM,,VMA-2017-000001,14CF970A09A136DC489C3369EB304738,QC Rework,,,"QC failed - engraving misspelled, returned to shop. Escalated to lead CSR.","QC failed - engraving misspelled, returned to shop",,Yes,CN=Lorraine Whitcombe/OU=CHPSID/O=TACOM,04/05/2017 16:09:49,[TACOM];[CSR];[Admin];[ReadOnlyAudit];LocalDomainServers;CN=Renata Vasquez-Holm/OU=CHPSID/O=TACOM,CN=Lorraine Whitcombe/OU=CHPSID/O=TACOM;[Admin]
1666993C9228D0E75D6F47A347DD796F,F60A,E5C2024190DBDDD6ECAD791061B6C101,01/13/2026 18:26:09,01/13/2026 18:26:09,CN=Renata Vasquez-Holm/OU=CHPSID/O=TACOM,,VMA-2025-000141,E5C2024190DBDDD6ECAD791061B6C101,Address Correction,,,Address updated per requester. Requester satisfied.,Address updated per requester,,,CN=Renata Vasquez-Holm/OU=CHPSID/O=TACOM,01/13/2026 18:26:09,[TACOM];[CSR];[Admin];[ReadOnlyAudit];LocalDomainServers;CN=Marlene Okafor/OU=CHPSID/O=TACOM,CN=Renata Vasquez-Holm/OU=CHPSID/O=TACOM;[Admin]
2914742A13F82CC4E63D1B3BD222C12C,F60E,D4606DD7D0504EFD360437CA0BF87549,12/21/2021 12:18:04,12/21/2021 12:18:04,CN=Lorraine Whitcombe/OU=CHPSID/O=TACOM,,VMA-2021-000022,D4606DD7D0504EFD360437CA0BF87549,Phone Call - Inbound,Mary Quennevile,(267) 555-1544,Requester called for status. No further action.,Requester called for status,,Yes,CN=Lorraine Whitcombe/OU=CHPSID/O=TACOM,12/21/2021 12:18:04,[TACOM];[CSR];[Admin];[ReadOnlyAudit];LocalDomainServers;CN=Benedetta Kowalczyk/OU=CHPSID/O=TACOM,CN=Lorraine Whitcombe/OU=CHPSID/O=TACOM;[Admin]
0789D9326A9B36A49D6186857B96A0C3,F612,DE8721EE47AD36CFF51D59C5CD325381,03/28/2026 15:15:49,03/28/2026 15:15:49,CN=Ret Hamlin/OU=CHPSID/O=TACOM,,VMA-2026-000589,DE8721EE47AD36CFF51D59C5CD325381,NOK Documentation,,,Death certificate / relationship proof received. Requester satisfied.,Death certificate / relationship proof received,,,CN=Ret Hamlin/OU=CHPSID/O=TACOM,03/28/2026 15:15:49,[TACOM];[CSR];[Admin];[ReadOnlyAudit];LocalDomainServers;CN=Marlene Okafor/OU=CHPSID/O=TACOM,CN=Ret Hamlin/OU=CHPSID/O=TACOM;[Admin]
02E47E88137CC39668F2EFFD26C26512,F616,DB0B43B5862450F96D73EA6BD0B99AD7,05/30/2023 19:27:59,05/30/2023 19:27:59,CN=Benedetta Kowalczyk/OU=CHPSID/O=TACOM,Correspondence_VMA-2023-000007.pdf,VMA-2023-000007,DB0B43B5862450F96D73EA6BD0B99AD7,NOK Documentation,,,Death certificate / relationship proof received. Escalated to lead CSR.,Death certificate / relationship proof received,,Yes,CN=Benedetta Kowalczyk/OU=CHPSID/O=TACOM,05/30/2023 19:27:59,[TACOM];[CSR];[Admin];[ReadOnlyAudit];LocalDomainServers;CN=Renata Vasquez-Holm/OU=CHPSID/O=TACOM,CN=Benedetta Kowalczyk/OU=CHPSID/O=TACOM;[Admin]
43763373048C137D422BC26E79E47BAA,F61A,3D43C1171C38F76A92132D382E475E74,08/26/2013 23:49:05,08/26/2013 23:49:05,CN=Lorraine Whitcombe/OU=CHPSID/O=TACOM,,VMA-2013-000080,3D43C1171C38F76A92132D382E475E74,Address Correction,,,Address updated per requester. Follow-up required.,Address updated per requester,,,CN=Lorraine Whitcombe/OU=CHPSID/O=TACOM,08/26/2013 23:49:05,[TACOM];[CSR];[Admin];[ReadOnlyAudit];LocalDomainServers;CN=Lorraine Whitcombe/OU=CHPSID/O=TACOM,CN=Lorraine Whitcombe/OU=CHPSID/O=TACOM;[Admin]
B8B41645E354A3F84F92CA1AE320CED5,F61E,0DE5F546056CF88C7DEF7071FB7F487C,08/18/2026 13:13:46,08/18/2026 13:13:46,CN=Lorraine Whitcombe/OU=CHPSID/O=TACOM,,VMA-2026-000354,0DE5F546056CF88C7DEF7071FB7F487C,Phone Call - Outbound,Sarah Yamaguchi-Orr,(267) 555-1251,Called requester to confirm address. No further action.,Called requester to confirm address,08/31/2026,Yes,CN=Lorraine Whitcombe/OU=CHPSID/O=TACOM,08/18/2026 13:13:46,[TACOM];[CSR];[Admin];[ReadOnlyAudit];LocalDomainServers;CN=Marlene Okafor/OU=CHPSID/O=TACOM,CN=Lorraine Whitcombe/OU=CHPSID/O=TACOM;[Admin]
01954AFB26986D546C8C639BE36F0BEB,F622,2D1CF4A0D912B296EC7CBC958709CA4C,05/09/2007 20:06:17,05/09/2007 20:06:17,CN=Marlene Okafor/OU=CHPSID/O=TACOM,,VMA-2007-000064,2D1CF4A0D912B296EC7CBC958709CA4C,QC Rework,,,"QC failed - engraving misspelled, returned to shop. Requester satisfied.","QC failed - engraving misspelled, returned to shop",05/19/2007,Yes,CN=Marlene Okafor/OU=CHPSID/O=TACOM,05/09/2007 20:06:17,[TACOM];[CSR];[Admin];[ReadOnlyAudit];LocalDomainServers;CN=Ret Hamlin/OU=CHPSID/O=TACOM,CN=Marlene Okafor/OU=CHPSID/O=TACOM;[Admin]
DCCB525FD6ACFD91027C959D10437EBA,F626,81D551556015A660ABD51E092603AFE9,09/25/2008 00:47:25,09/25/2008 00:47:25,CN=Renata Vasquez-Holm/OU=CHPSID/O=TACOM,,VMA-2008-000086,81D551556015A660ABD51E092603AFE9,Phone Call - Inbound,Hector D Fortenbury,(610) 555-1017,Requester called for status. See attached correspondence.,Requester called for status,09/28/2008,,CN=Renata Vasquez-Holm/OU=CHPSID/O=TACOM,09/25/2008 00:47:25,[TACOM];[CSR];[Admin];[ReadOnlyAudit];LocalDomainServers;CN=Dwayne Petrakis/OU=CHPSID/O=TACOM,CN=Renata Vasquez-Holm/OU=CHPSID/O=TACOM;[Admin]
FA2174941857EEF9F8AC0B634342D5AF,F62A,8DE821CB1F6D066EE718DF7631F3BB66,04/08/2026 16:39:11,04/08/2026 16:39:11,CN=Lorraine Whitcombe/OU=CHPSID/O=TACOM,,VMA-2026-000308,8DE821CB1F6D066EE718DF7631F3BB66,General,,,General note. Follow-up required.,General note,04/16/2026,Yes,CN=Lorraine Whitcombe/OU=CHPSID/O=TACOM,04/08/2026 16:39:11,[TACOM];[CSR];[Admin];[ReadOnlyAudit];LocalDomainServers;CN=Renata Vasquez-Holm/OU=CHPSID/O=TACOM,CN=Lorraine Whitcombe/OU=CHPSID/O=TACOM;[Admin]
7854FAD0134D4D0EC4B1FA06CB2A6499,F62E,2F66EF1BA8D54432410A22F8A5C185E2,01/21/2016 21:58:45,01/21/2016 21:58:45,CN=Ret Hamlin/OU=CHPSID/O=TACOM,,VMA-2016-000015,2F66EF1BA8D54432410A22F8A5C185E2,Address Correction,,,Address updated per requester. See attached correspondence.,Address updated per requester,,Yes,CN=Ret Hamlin/OU=CHPSID/O=TACOM,01/21/2016 21:58:45,[TACOM];[CSR];[Admin];[ReadOnlyAudit];LocalDomainServers;CN=Marlene Okafor/OU=CHPSID/O=TACOM,CN=Ret Hamlin/OU=CHPSID/O=TACOM;[Admin]
3EEB6422EB74345EB5BD7C419E5B4D5E,F632,7A46B545AC9F24F8994A151CE50BCF07,03/08/2026 12:14:11,03/08/2026 12:14:11,CN=Renata Vasquez-Holm/OU=CHPSID/O=TACOM,,VMA-2026-000129,7A46B545AC9F24F8994A151CE50BCF07,NOK Documentation,,,Death certificate / relationship proof received. No further action.,Death certificate / relationship proof received,,Yes,CN=Renata Vasquez-Holm/OU=CHPSID/O=TACOM,03/08/2026 12:14:11,[TACOM];[CSR];[Admin];[ReadOnlyAudit];LocalDomainServers;CN=Renata Vasquez-Holm/OU=CHPSID/O=TACOM,CN=Renata Vasquez-Holm/OU=CHPSID/O=TACOM;[Admin]
14B8533F35C85C8EBE710831D9AC6D7F,F636,66FB8850E8DD6DA8C778C3A711E24500,12/01/2024 07:31:00,12/01/2024 07:31:00,CN=Marlene Okafor/OU=CHPSID/O=TACOM,,VMA-2024-000068,66FB8850E8DD6DA8C778C3A711E24500,Phone Call - Outbound,Patricia Benavidez-Cruz,(410) 555-1890,Called requester to confirm address. Follow-up required.,Called requester to confirm address,,,CN=Marlene Okafor/OU=CHPSID/O=TACOM,12/01/2024 07:31:00,[TACOM];[CSR];[Admin];[ReadOnlyAudit];LocalDomainServers;CN=Benedetta Kowalczyk/OU=CHPSID/O=TACOM,CN=Marlene Okafor/OU=CHPSID/O=TACOM;[Admin]
FE385C5F950EF44FB2DE2D43D2D88D16,F63A,9B623391A74FFAB86D0E1174FEC04F2D,05/24/2010 07:44:22,05/24/2010 07:44:22,CN=Benedetta Kowalczyk/OU=CHPSID/O=TACOM,,VMA-2010-000073,9B623391A74FFAB86D0E1174FEC04F2D,NOK Documentation,,,Death certificate / relationship proof received. No further action.,Death certificate / relationship proof received,,,CN=Benedetta Kowalczyk/OU=CHPSID/O=TACOM,05/24/2010 07:44:22,[TACOM];[CSR];[Admin];[ReadOnlyAudit];LocalDomainServers;CN=Lorraine Whitcombe/OU=CHPSID/O=TACOM,CN=Benedetta Kowalczyk/OU=CHPSID/O=TACOM;[Admin]
D8222200A248CCFCF658892056E6BF5D,F63E,1C1F5A377E8673C78DE30AA3B233B708,11/21/2014 11:58:15,11/21/2014 11:58:15,CN=Lorraine Whitcombe/OU=CHPSID/O=TACOM,,VMA-2014-000065,1C1F5A377E8673C78DE30AA3B233B708,Phone Call - Outbound,Donna YEARDLEY,(410) 555-1734,Called requester to confirm address. Follow-up required.,Called requester to confirm address,11/25/2014,,CN=Lorraine Whitcombe/OU=CHPSID/O=TACOM,11/21/2014 11:58:15,[TACOM];[CSR];[Admin];[ReadOnlyAudit];LocalDomainServers;CN=Benedetta Kowalczyk/OU=CHPSID/O=TACOM,CN=Lorraine Whitcombe/OU=CHPSID/O=TACOM;[Admin]
A7C64BE8C4B522AF3A5FEADACC862CC7,F642,226590E18348D6A2B82F1D00E3DDADF0,05/23/2017 07:14:12,05/23/2017 07:14:12,CN=Lorraine Whitcombe/OU=CHPSID/O=TACOM,Correspondence_VMA-2017-000086.pdf,VMA-2017-000086,226590E18348D6A2B82F1D00E3DDADF0,Phone Call - Inbound,Sandra Delgadillo,(703) 555-1254,Requester called for status. Follow-up required.,Requester called for status,,,CN=Lorraine Whitcombe/OU=CHPSID/O=TACOM,05/23/2017 07:14:12,[TACOM];[CSR];[Admin];[ReadOnlyAudit];LocalDomainServers;CN=Benedetta Kowalczyk/OU=CHPSID/O=TACOM,CN=Lorraine Whitcombe/OU=CHPSID/O=TACOM;[Admin]
37158F83F14A35E6354D7FA20DC0BEAB,F646,425904BFDC133A370B5FCC659AD6CF21,12/27/2011 17:48:35,12/27/2011 17:48:35,CN=Dwayne Petrakis/OU=CHPSID/O=TACOM,,VMA-2011-000094,425904BFDC133A370B5FCC659AD6CF21,Backorder,,,Item backordered - requester notified. Requester satisfied.,Item backordered - requester notified,,Yes,CN=Dwayne Petrakis/OU=CHPSID/O=TACOM,12/27/2011 17:48:35,[TACOM];[CSR];[Admin];[ReadOnlyAudit];LocalDomainServers;CN=Lorraine Whitcombe/OU=CHPSID/O=TACOM,CN=Dwayne Petrakis/OU=CHPSID/O=TACOM;[Admin]
15F63D6E6FEA9CFF97C176A17D9C856A,F64A,E54E4E8D2B233358FB9A9A0B65401333,10/03/2020 10:41:42,10/03/2020 10:41:42,CN=Dwayne Petrakis/OU=CHPSID/O=TACOM,,VMA-2020-000041,E54E4E8D2B233358FB9A9A0B65401333,NOK Documentation,,,Death certificate / relationship proof received. See attached correspondence.,Death certificate / relationship proof received,,Yes,CN=Dwayne Petrakis/OU=CHPSID/O=TACOM,10/03/2020 10:41:42,[TACOM];[CSR];[Admin];[ReadOnlyAudit];LocalDomainServers;CN=Lorraine Whitcombe/OU=CHPSID/O=TACOM,CN=Dwayne Petrakis/OU=CHPSID/O=TACOM;[Admin]
E1444F68B0B5776035BB4B3CC1B734AB,F64E,829996AA839B1C578CB6174F1022738D,06/30/2020 12:08:42,06/30/2020 12:08:42,CN=Renata Vasquez-Holm/OU=CHPSID/O=TACOM,,VMA-2020-000055,829996AA839B1C578CB6174F1022738D,Phone Call - Outbound,Richard Coldwater,(703) 555-1770,Called requester to confirm address. No further action.,Called requester to confirm address,07/04/2020,Yes,CN=Renata Vasquez-Holm/OU=CHPSID/O=TACOM,06/30/2020 12:08:42,[TACOM];[CSR];[Admin];[ReadOnlyAudit];LocalDomainServers;CN=Dwayne Petrakis/OU=CHPSID/O=TACOM,CN=Renata Vasquez-Holm/OU=CHPSID/O=TACOM;[Admin]
4BB0C79AD05D01CA8BA27B163D686393,F652,21F8E8D9FF56D55B0314DFF55BF5C587,06/22/2010 08:00:08,06/22/2010 08:00:08,CN=Marlene Okafor/OU=CHPSID/O=TACOM,,VMA-2010-000049,21F8E8D9FF56D55B0314DFF55BF5C587,General,,,General note. See attached correspondence.,General note,,Yes,CN=Marlene Okafor/OU=CHPSID/O=TACOM,06/22/2010 08:00:08,[TACOM];[CSR];[Admin];[ReadOnlyAudit];LocalDomainServers;CN=Lorraine Whitcombe/OU=CHPSID/O=TACOM,CN=Marlene Okafor/OU=CHPSID/O=TACOM;[Admin]
49C66508F95C15F4FB21864965B9ECB0,F656,F9F00FAAD0901F48DBFE68FE316DF475,03/02/2023 17:13:04,03/02/2023 17:13:04,CN=Lorraine Whitcombe/OU=CHPSID/O=TACOM,,VMA-2023-000079,F9F00FAAD0901F48DBFE68FE316DF475,Congressional Inquiry,,,Congressional inquiry received - response due 10 days. Requester satisfied.,Congressional inquiry received - response due 10 days,,Yes,CN=Lorraine Whitcombe/OU=CHPSID/O=TACOM,03/02/2023 17:13:04,[TACOM];[CSR];[Admin];[ReadOnlyAudit];LocalDomainServers;CN=Benedetta Kowalczyk/OU=CHPSID/O=TACOM,CN=Lorraine Whitcombe/OU=CHPSID/O=TACOM;[Admin]
93111EB85BE03D184CF9C127B169B063,F65A,7B3B661A394A578D5258B25E039875D3,09/13/2025 19:10:05,09/13/2025 19:10:05,CN=Lorraine Whitcombe/OU=CHPSID/O=TACOM,,VMA-2025-000107,7B3B661A394A578D5258B25E039875D3,QC Rework,,,"QC failed - engraving misspelled, returned to shop. Escalated to lead CSR.","QC failed - engraving misspelled, returned to shop",,Yes,CN=Lorraine Whitcombe/OU=CHPSID/O=TACOM,09/13/2025 19:10:05,[TACOM];[CSR];[Admin];[ReadOnlyAudit];LocalDomainServers;CN=Ret Hamlin/OU=CHPSID/O=TACOM,CN=Lorraine Whitcombe/OU=CHPSID/O=TACOM;[Admin]
F5485F38AB589B53DC9C2A766C288FA7,F65E,3CEDEB2290B88813FE3774735CB73FD2,11/25/2021 22:48:02,11/25/2021 22:48:02,CN=Dwayne Petrakis/OU=CHPSID/O=TACOM,,VMA-2021-000007,3CEDEB2290B88813FE3774735CB73FD2,Phone Call - Inbound,Daniel Galbreath,(610) 555-1816,Requester called for status. Requester satisfied.,Requester called for status,,,CN=Dwayne Petrakis/OU=CHPSID/O=TACOM,11/25/2021 22:48:02,[TACOM];[CSR];[Admin];[ReadOnlyAudit];LocalDomainServers;CN=Lorraine Whitcombe/OU=CHPSID/O=TACOM,CN=Dwayne Petrakis/OU=CHPSID/O=TACOM;[Admin]
251C85EBBBAE42B307F60A40B34F91C7,F662,DC548316DC41C638919366349A23A89D,06/02/2014 17:04:23,06/02/2014 17:04:23,CN=Benedetta Kowalczyk/OU=CHPSID/O=TACOM,,VMA-2014-000091,DC548316DC41C638919366349A23A89D,Phone Call - Inbound,Ryan Wexcombe,(410) 555-1654,Requester called for status. Requester satisfied.,Requester called for status,,Yes,CN=Benedetta Kowalczyk/OU=CHPSID/O=TACOM,06/02/2014 17:04:23,[TACOM];[CSR];[Admin];[ReadOnlyAudit];LocalDomainServers;CN=Marlene Okafor/OU=CHPSID/O=TACOM,CN=Benedetta Kowalczyk/OU=CHPSID/O=TACOM;[Admin]
612F4CFC0273B336B2896B14E81E2412,F666,BE6353A979518BE5C4702E208768F3CE,11/10/2013 19:22:23,11/10/2013 19:22:23,CN=Dwayne Petrakis/OU=CHPSID/O=TACOM,,VMA-2013-000074,BE6353A979518BE5C4702E208768F3CE,Phone Call - Inbound,Norman Kestleman,(215) 555-1437,Requester called for status. Requester satisfied.,Requester called for status,,Yes,CN=Dwayne Petrakis/OU=CHPSID/O=TACOM,11/10/2013 19:22:23,[TACOM];[CSR];[Admin];[ReadOnlyAudit];LocalDomainServers;CN=Ret Hamlin/OU=CHPSID/O=TACOM,CN=Dwayne Petrakis/OU=CHPSID/O=TACOM;[Admin]
EFCBBB97A0656CE7438220E45927AC0C,F66A,5E6D1BA380B8B300A3C1C9EEF4CD4459,05/12/2026 19:45:33,05/12/2026 19:45:33,CN=Renata Vasquez-Holm/OU=CHPSID/O=TACOM,,VMA-2026-000334,5E6D1BA380B8B300A3C1C9EEF4CD4459,HRC Query,,,Sent eligibility query to HRC Awards Branch. No further action.,Sent eligibility query to HRC Awards Branch,,,CN=Renata Vasquez-Holm/OU=CHPSID/O=TACOM,05/12/2026 19:45:33,[TACOM];[CSR];[Admin];[ReadOnlyAudit];LocalDomainServers;CN=Renata Vasquez-Holm/OU=CHPSID/O=TACOM,CN=Renata Vasquez-Holm/OU=CHPSID/O=TACOM;[Admin]
FDDA7909A804218EBE810C3C2B5D478A,F66E,1BA5B12711893F4BF6EBEB7337BF8866,11/16/2006 18:39:02,11/16/2006 18:39:02,CN=Renata Vasquez-Holm/OU=CHPSID/O=TACOM,,VMA-2006-000079,1BA5B12711893F4BF6EBEB7337BF8866,Phone Call - Inbound,Raymond Rockwell-Sayre,(717) 555-1266,Requester called for status. Escalated to lead CSR.,Requester called for status,11/27/2006,,CN=Renata Vasquez-Holm/OU=CHPSID/O=TACOM,11/16/2006 18:39:02,[TACOM];[CSR];[Admin];[ReadOnlyAudit];LocalDomainServers;CN=Marlene Okafor/OU=CHPSID/O=TACOM,CN=Renata Vasquez-Holm/OU=CHPSID/O=TACOM;[Admin]
EF368B743267EE0D7D2A26FAD2065293,F672,3853BAFCE1A9C10AC8A5C87BE2605B89,09/09/2025 01:58:12,09/09/2025 01:58:12,CN=Ret Hamlin/OU=CHPSID/O=TACOM,,VMA-2025-000017,3853BAFCE1A9C10AC8A5C87BE2605B89,NOK Documentation,,,Death certificate / relationship proof received. Follow-up required.,Death certificate / relationship proof received,,Yes,CN=Ret Hamlin/OU=CHPSID/O=TACOM,09/09/2025 01:58:12,[TACOM];[CSR];[Admin];[ReadOnlyAudit];LocalDomainServers;CN=Dwayne Petrakis/OU=CHPSID/O=TACOM,CN=Ret Hamlin/OU=CHPSID/O=TACOM;[Admin]
456B8562B6ED485552A0F7C352CDC9A9,F676,F1E211107B9B8BE0701BDF5457E76759,09/07/2012 10:35:28,09/07/2012 10:35:28,CN=Marlene Okafor/OU=CHPSID/O=TACOM,,VMA-2012-000024,F1E211107B9B8BE0701BDF5457E76759,Phone Call - Inbound,Frances Drakeford,(610) 555-1822,Requester called for status. No further action.,Requester called for status,,,CN=Marlene Okafor/OU=CHPSID/O=TACOM,09/07/2012 10:35:28,[TACOM];[CSR];[Admin];[ReadOnlyAudit];LocalDomainServers;CN=Dwayne Petrakis/OU=CHPSID/O=TACOM,CN=Marlene Okafor/OU=CHPSID/O=TACOM;[Admin]
3CBD34692D7EE435E44B67625739EADE,F67A,AB2E86848C6E11A69A365695D5AE54FA,03/02/2006 10:56:30,03/02/2006 10:56:30,CN=Lorraine Whitcombe/OU=CHPSID/O=TACOM,,VMA-2006-000022,AB2E86848C6E11A69A365695D5AE54FA,Congressional Inquiry,,,Congressional inquiry received - response due 10 days. Follow-up required.,Congressional inquiry received - response due 10 days,,Yes,CN=Lorraine Whitcombe/OU=CHPSID/O=TACOM,03/02/2006 10:56:30,[TACOM];[CSR];[Admin];[ReadOnlyAudit];LocalDomainServers;CN=Renata Vasquez-Holm/OU=CHPSID/O=TACOM,CN=Lorraine Whitcombe/OU=CHPSID/O=TACOM;[Admin]
8670E8672FC67BA49E3538E42CCABA7E,F67E,279E2A3BF6923724B0FD70FE31737AB8,08/02/2025 15:49:13,08/02/2025 15:49:13,CN=Ret Hamlin/OU=CHPSID/O=TACOM,,VMA-2025-000028,279E2A3BF6923724B0FD70FE31737AB8,Congressional Inquiry,,,Congressional inquiry received - response due 10 days. See attached correspondence.,Congressional inquiry received - response due 10 days,,Yes,CN=Ret Hamlin/OU=CHPSID/O=TACOM,08/02/2025 15:49:13,[TACOM];[CSR];[Admin];[ReadOnlyAudit];LocalDomainServers;CN=Dwayne Petrakis/OU=CHPSID/O=TACOM,CN=Ret Hamlin/OU=CHPSID/O=TACOM;[Admin]
AEE0E55A0A3A4F5FFE13D75D9F154163,F682,B506FF463B640C3E9AAA70550BBF44D8,06/20/2014 09:15:54,06/20/2014 09:15:54,CN=Marlene Okafor/OU=CHPSID/O=TACOM,,VMA-2014-000014,B506FF463B640C3E9AAA70550BBF44D8,Phone Call - Inbound,Linda Kirkbride,(856) 555-1473,Requester called for status. Escalated to lead CSR.,Requester called for status,,,CN=Marlene Okafor/OU=CHPSID/O=TACOM,06/20/2014 09:15:54,[TACOM];[CSR];[Admin];[ReadOnlyAudit];LocalDomainServers;CN=Dwayne Petrakis/OU=CHPSID/O=TACOM,CN=Marlene Okafor/OU=CHPSID/O=TACOM;[Admin]
82AAAF75CAFF53EC2EA3A4E217680A72,F686,6F0B0AD5A4F27AA2013399216C8D147E,10/10/2006 20:41:41,10/10/2006 20:41:41,CN=Renata Vasquez-Holm/OU=CHPSID/O=TACOM,,VMA-2006-000098,6F0B0AD5A4F27AA2013399216C8D147E,General,,,General note. Escalated to lead CSR.,General note,10/24/2006,Yes,CN=Renata Vasquez-Holm/OU=CHPSID/O=TACOM,10/10/2006 20:41:41,[TACOM];[CSR];[Admin];[ReadOnlyAudit];LocalDomainServers;CN=Benedetta Kowalczyk/OU=CHPSID/O=TACOM,CN=Renata Vasquez-Holm/OU=CHPSID/O=TACOM;[Admin]
2D69A90714CFE20F9766083B034FC7C4,F68A,F97BAD715D14F02CC3308D563044BA5C,12/07/2012 15:28:24,12/07/2012 15:28:24,CN=Ret Hamlin/OU=CHPSID/O=TACOM,,VMA-2012-000009,F97BAD715D14F02CC3308D563044BA5C,NPRC Query,,,Requested OMPF verification from NPRC. Escalated to lead CSR.,Requested OMPF verification from NPRC,12/17/2012,Yes,CN=Ret Hamlin/OU=CHPSID/O=TACOM,12/07/2012 15:28:24,[TACOM];[CSR];[Admin];[ReadOnlyAudit];LocalDomainServers;CN=Dwayne Petrakis/OU=CHPSID/O=TACOM,CN=Ret Hamlin/OU=CHPSID/O=TACOM;[Admin]
1AFAEA236CBB7E423FC5E5BE374BC4BD,F68E,A60C092CF660650D5583AA3C45DE5D19,06/29/2012 21:31:44,06/29/2012 21:31:44,CN=Marlene Okafor/OU=CHPSID/O=TACOM,,VMA-2012-000087,A60C092CF660650D5583AA3C45DE5D19,Phone Call - Outbound,Marcus Quennevile,(302) 555-1995,Called requester to confirm address. Follow-up required.,Called requester to confirm address,07/13/2012,Yes,CN=Marlene Okafor/OU=CHPSID/O=TACOM,06/29/2012 21:31:44,[TACOM];[CSR];[Admin];[ReadOnlyAudit];LocalDomainServers;CN=Benedetta Kowalczyk/OU=CHPSID/O=TACOM,CN=Marlene Okafor/OU=CHPSID/O=TACOM;[Admin]
6B0BE33B4B28764AD6792EDD3419CED5,F692,B7FCC6C41CDBF73611B255AA0FDD34F1,09/28/2012 19:40:41,09/28/2012 19:40:41,CN=Renata Vasquez-Holm/OU=CHPSID/O=TACOM,,VMA-2012-000102,B7FCC6C41CDBF73611B255AA0FDD34F1,Backorder,,,Item backordered - requester notified. See attached correspondence.,Item backordered - requester notified,,Yes,CN=Renata Vasquez-Holm/OU=CHPSID/O=TACOM,09/28/2012 19:40:41,[TACOM];[CSR];[Admin];[ReadOnlyAudit];LocalDomainServers;CN=Ret Hamlin/OU=CHPSID/O=TACOM,CN=Renata Vasquez-Holm/OU=CHPSID/O=TACOM;[Admin]
449136DE68E670AADE2E215684F30703,F696,7CE9B0E9A18F671D35FEE259AD41D1F6,08/06/2014 14:49:50,08/06/2014 14:49:50,CN=Benedetta Kowalczyk/OU=CHPSID/O=TACOM,,VMA-2014-000074,7CE9B0E9A18F671D35FEE259AD41D1F6,Backorder,,,Item backordered - requester notified. Follow-up required.,Item backordered - requester notified,,,CN=Benedetta Kowalczyk/OU=CHPSID/O=TACOM,08/06/2014 14:49:50,[TACOM];[CSR];[Admin];[ReadOnlyAudit];LocalDomainServers;CN=Renata Vasquez-Holm/OU=CHPSID/O=TACOM,CN=Benedetta Kowalczyk/OU=CHPSID/O=TACOM;[Admin]
0DAC883BF1B06A75292036C27CB2AF01,F69A,15AAD9B75B8B36214BED8E4ADDAC86AE,08/20/2026 16:31:51,08/20/2026 16:31:51,CN=Dwayne Petrakis/OU=CHPSID/O=TACOM,,VMA-2026-000363,15AAD9B75B8B36214BED8E4ADDAC86AE,Congressional Inquiry,,,Congressional inquiry received - response due 10 days. Escalated to lead CSR.,Congressional inquiry received - response due 10 days,08/30/2026,Yes,CN=Dwayne Petrakis/OU=CHPSID/O=TACOM,08/20/2026 16:31:51,[TACOM];[CSR];[Admin];[ReadOnlyAudit];LocalDomainServers;CN=Ret Hamlin/OU=CHPSID/O=TACOM,CN=Dwayne Petrakis/OU=CHPSID/O=TACOM;[Admin]
BEF2EAD4E44FDF4E7B0113DEB930D97A,F69E,31F842F369A8077CF9163A15E04598E6,08/09/2013 15:19:23,08/09/2013 15:19:23,CN=Dwayne Petrakis/OU=CHPSID/O=TACOM,,VMA-2013-000076,31F842F369A8077CF9163A15E04598E6,Congressional Inquiry,,,Congressional inquiry received - response due 10 days. Escalated to lead CSR.,Congressional inquiry received - response due 10 days,,,CN=Dwayne Petrakis/OU=CHPSID/O=TACOM,08/09/2013 15:19:23,[TACOM];[CSR];[Admin];[ReadOnlyAudit];LocalDomainServers;CN=Marlene Okafor/OU=CHPSID/O=TACOM,CN=Dwayne Petrakis/OU=CHPSID/O=TACOM;[Admin]
05AAFE85A636D2E8607DA67798DEE539,F6A2,E9BB663C4535BFFB1EC037D5FA0A476A,04/03/2026 14:02:18,04/03/2026 14:02:18,CN=Marlene Okafor/OU=CHPSID/O=TACOM,,VMA-2026-000622,E9BB663C4535BFFB1EC037D5FA0A476A,Phone Call - Outbound,Melissa Oakhurst-Pell,(540) 555-1802,Called requester to confirm address. See attached correspondence.,Called requester to confirm address,04/08/2026,,CN=Marlene Okafor/OU=CHPSID/O=TACOM,04/03/2026 14:02:18,[TACOM];[CSR];[Admin];[ReadOnlyAudit];LocalDomainServers;CN=Lorraine Whitcombe/OU=CHPSID/O=TACOM,CN=Marlene Okafor/OU=CHPSID/O=TACOM;[Admin]
521E0FBE6FEDC6FA6494E47E376ABBE3,F6A6,942965DCFBD70455BDFEA544164B6B7E,01/07/2019 07:58:34,01/07/2019 07:58:34,CN=Marlene Okafor/OU=CHPSID/O=TACOM,,VMA-2018-000083,942965DCFBD70455BDFEA544164B6B7E,General,,,General note. Escalated to lead CSR.,General note,01/10/2019,,CN=Marlene Okafor/OU=CHPSID/O=TACOM,01/07/2019 07:58:34,[TACOM];[CSR];[Admin];[ReadOnlyAudit];LocalDomainServers;CN=Benedetta Kowalczyk/OU=CHPSID/O=TACOM,CN=Marlene Okafor/OU=CHPSID/O=TACOM;[Admin]
2AB3002C5799149DAF43A8158E8DF906,F6AA,8FF270105799A644EF93DA93CBBBD418,02/20/2024 08:22:23,02/20/2024 08:22:23,CN=Dwayne Petrakis/OU=CHPSID/O=TACOM,,VMA-2024-000085,8FF270105799A644EF93DA93CBBBD418,QC Rework,,,"QC failed - engraving misspelled, returned to shop. Escalated to lead CSR.","QC failed - engraving misspelled, returned to shop",,,CN=Dwayne Petrakis/OU=CHPSID/O=TACOM,02/20/2024 08:22:23,[TACOM];[CSR];[Admin];[ReadOnlyAudit];LocalDomainServers;CN=Benedetta Kowalczyk/OU=CHPSID/O=TACOM,CN=Dwayne Petrakis/OU=CHPSID/O=TACOM;[Admin]
102318FD6B8338BB7E46F9DFB18F2EC4,F6AE,E03380EACFD7D97F48CC31D2F2E2DFF2,11/05/2016 20:09:56,11/05/2016 20:09:56,CN=Lorraine Whitcombe/OU=CHPSID/O=TACOM,,VMA-2016-000048,E03380EACFD7D97F48CC31D2F2E2DFF2,NPRC Query,,,Requested OMPF verification from NPRC. Escalated to lead CSR.,Requested OMPF verification from NPRC,,Yes,CN=Lorraine Whitcombe/OU=CHPSID/O=TACOM,11/05/2016 20:09:56,[TACOM];[CSR];[Admin];[ReadOnlyAudit];LocalDomainServers;CN=Renata Vasquez-Holm/OU=CHPSID/O=TACOM,CN=Lorraine Whitcombe/OU=CHPSID/O=TACOM;[Admin]
51F74CD0E65942419D5ED7BB9F46A830,F6B2,FCC3579762F594279068BA1AF8619204,03/14/2011 19:13:42,03/14/2011 19:13:42,CN=Ret Hamlin/OU=CHPSID/O=TACOM,,VMA-2011-000108,FCC3579762F594279068BA1AF8619204,Address Correction,,,Address updated per requester. Escalated to lead CSR.,Address updated per requester,,Yes,CN=Ret Hamlin/OU=CHPSID/O=TACOM,03/14/2011 19:13:42,[TACOM];[CSR];[Admin];[ReadOnlyAudit];LocalDomainServers;CN=Dwayne Petrakis/OU=CHPSID/O=TACOM,CN=Ret Hamlin/OU=CHPSID/O=TACOM;[Admin]
D2C34160A84F09535A1226B4611F3F91,F6B6,1324CAF38B8418B5AF6592C7822B984A,10/28/2016 00:13:09,10/28/2016 00:13:09,CN=Lorraine Whitcombe/OU=CHPSID/O=TACOM,,VMA-2016-000047,1324CAF38B8418B5AF6592C7822B984A,Backorder,,,Item backordered - requester notified. Requester satisfied.,Item backordered - requester notified,,,CN=Lorraine Whitcombe/OU=CHPSID/O=TACOM,10/28/2016 00:13:09,[TACOM];[CSR];[Admin];[ReadOnlyAudit];LocalDomainServers;CN=Lorraine Whitcombe/OU=CHPSID/O=TACOM,CN=Lorraine Whitcombe/OU=CHPSID/O=TACOM;[Admin]
2C3140D128D56F107EB8A4A3E9B12EAA,F6BA,8F1104D968B4060992864A7A46695B6F,10/23/2005 21:44:15,10/23/2005 21:44:15,CN=Dwayne Petrakis/OU=CHPSID/O=TACOM,,VMA-2005-000079,8F1104D968B4060992864A7A46695B6F,QC Rework,,,"QC failed - engraving misspelled, returned to shop. No further action.","QC failed - engraving misspelled, returned to shop",11/06/2005,Yes,CN=Dwayne Petrakis/OU=CHPSID/O=TACOM,10/23/2005 21:44:15,[TACOM];[CSR];[Admin];[ReadOnlyAudit];LocalDomainServers;CN=Ret Hamlin/OU=CHPSID/O=TACOM,CN=Dwayne Petrakis/OU=CHPSID/O=TACOM;[Admin]
F2D124E3EF79AE68E58670B9F2D4B646,F6BE,5C85C708D0B8F0EA83C8D44CDEB3E11B,06/29/2005 17:11:59,06/29/2005 17:11:59,CN=Marlene Okafor/OU=CHPSID/O=TACOM,,VMA-2005-000009,5C85C708D0B8F0EA83C8D44CDEB3E11B,Congressional Inquiry,,,Congressional inquiry received - response due 10 days. Requester satisfied.,Congressional inquiry received - response due 10 days,07/07/2005,Yes,CN=Marlene Okafor/OU=CHPSID/O=TACOM,06/29/2005 17:11:59,[TACOM];[CSR];[Admin];[ReadOnlyAudit];LocalDomainServers;CN=Ret Hamlin/OU=CHPSID/O=TACOM,CN=Marlene Okafor/OU=CHPSID/O=TACOM;[Admin]
7EABD1B079BF9A3353BDA62E4213D31D,F6C2,A252FFE7FE6EB1CAC9A9F0102FB60E12,08/01/2004 12:40:21,08/01/2004 12:40:21,CN=Dwayne Petrakis/OU=CHPSID/O=TACOM,,VMA-2004-000041,A252FFE7FE6EB1CAC9A9F0102FB60E12,HRC Query,,,Sent eligibility query to HRC Awards Branch. Requester satisfied.,Sent eligibility query to HRC Awards Branch,,Yes,CN=Dwayne Petrakis/OU=CHPSID/O=TACOM,08/01/2004 12:40:21,[TACOM];[CSR];[Admin];[ReadOnlyAudit];LocalDomainServers;CN=Lorraine Whitcombe/OU=CHPSID/O=TACOM,CN=Dwayne Petrakis/OU=CHPSID/O=TACOM;[Admin]
066178F2080C6AB2007F13A03702223E,F6C6,37B43D0148BBD9239E2F9B2EBDA4365A,12/02/2019 14:06:45,12/02/2019 14:06:45,CN=Renata Vasquez-Holm/OU=CHPSID/O=TACOM,,VMA-2019-000061,37B43D0148BBD9239E2F9B2EBDA4365A,General,,,General note. Follow-up required.,General note,,Yes,CN=Renata Vasquez-Holm/OU=CHPSID/O=TACOM,12/02/2019 14:06:45,[TACOM];[CSR];[Admin];[ReadOnlyAudit];LocalDomainServers;CN=Dwayne Petrakis/OU=CHPSID/O=TACOM,CN=Renata Vasquez-Holm/OU=CHPSID/O=TACOM;[Admin]
A8F37E2D88AED657340BC168A1A2961B,F6CA,5B029E1CDB3AAF327BE4C3CAAC59E869,01/28/2024 17:08:15,01/28/2024 17:08:15,CN=Dwayne Petrakis/OU=CHPSID/O=TACOM,,VMA-2024-000059,5B029E1CDB3AAF327BE4C3CAAC59E869,Backorder,,,Item backordered - requester notified. Requester satisfied.,Item backordered - requester notified,02/02/2024,Yes,CN=Dwayne Petrakis/OU=CHPSID/O=TACOM,01/28/2024 17:08:15,[TACOM];[CSR];[Admin];[ReadOnlyAudit];LocalDomainServers;CN=Marlene Okafor/OU=CHPSID/O=TACOM,CN=Dwayne Petrakis/OU=CHPSID/O=TACOM;[Admin]
3CBF8B8559D7EBB21FA069A3F24CA5C5,F6CE,ED3C665B623CC7C711DD2FB7108DBFC3,04/20/2026 17:11:45,04/20/2026 17:11:45,CN=Dwayne Petrakis/OU=CHPSID/O=TACOM,,VMA-2026-000402,ED3C665B623CC7C711DD2FB7108DBFC3,Address Correction,,,Address updated per requester. Requester satisfied.,Address updated per requester,,Yes,CN=Dwayne Petrakis/OU=CHPSID/O=TACOM,04/20/2026 17:11:45,[TACOM];[CSR];[Admin];[ReadOnlyAudit];LocalDomainServers;CN=Lorraine Whitcombe/OU=CHPSID/O=TACOM,CN=Dwayne Petrakis/OU=CHPSID/O=TACOM;[Admin]
7D003159C7D294D5A8B3C8CAE68D0A78,F6D2,9BEB67FDA94ADF54DEB283CB555B08BE,06/03/2026 12:16:24,06/03/2026 12:16:24,CN=Lorraine Whitcombe/OU=CHPSID/O=TACOM,,VMA-2026-000522,9BEB67FDA94ADF54DEB283CB555B08BE,QC Rework,,,"QC failed - engraving misspelled, returned to shop. Requester satisfied.","QC failed - engraving misspelled, returned to shop",,Yes,CN=Lorraine Whitcombe/OU=CHPSID/O=TACOM,06/03/2026 12:16:24,[TACOM];[CSR];[Admin];[ReadOnlyAudit];LocalDomainServers;CN=Dwayne Petrakis/OU=CHPSID/O=TACOM,CN=Lorraine Whitcombe/OU=CHPSID/O=TACOM;[Admin]
C6CEB0C3268B68E78DC4AB55C5368D3E,F6D6,A2220D229EB8EF8E46B0EC7CF47CDFCA,11/08/2015 16:21:06,11/08/2015 16:21:06,CN=Benedetta Kowalczyk/OU=CHPSID/O=TACOM,,VMA-2015-000095,A2220D229EB8EF8E46B0EC7CF47CDFCA,Congressional Inquiry,,,Congressional inquiry received - response due 10 days. Requester satisfied.,Congressional inquiry received - response due 10 days,11/11/2015,,CN=Benedetta Kowalczyk/OU=CHPSID/O=TACOM,11/08/2015 16:21:06,[TACOM];[CSR];[Admin];[ReadOnlyAudit];LocalDomainServers;CN=Renata Vasquez-Holm/OU=CHPSID/O=TACOM,CN=Benedetta Kowalczyk/OU=CHPSID/O=TACOM;[Admin]
BA790285ADEDC7F8441106B701AB5D7E,F6DA,CDABEF56AA18CC0BA8B5180C958EDF98,11/22/2024 20:09:03,11/22/2024 20:09:03,CN=Marlene Okafor/OU=CHPSID/O=TACOM,Correspondence_VMA-2024-000083.pdf,VMA-2024-000083,CDABEF56AA18CC0BA8B5180C958EDF98,HRC Query,,,Sent eligibility query to HRC Awards Branch. Escalated to lead CSR.,Sent eligibility query to HRC Awards Branch,,Yes,CN=Marlene Okafor/OU=CHPSID/O=TACOM,11/22/2024 20:09:03,[TACOM];[CSR];[Admin];[ReadOnlyAudit];LocalDomainServers;CN=Lorraine Whitcombe/OU=CHPSID/O=TACOM,CN=Marlene Okafor/OU=CHPSID/O=TACOM;[Admin]
6AFCF01A739FA33B9CA1A0A428CA92FA,F6DE,41DD13E047342B1E3CA1EB8AA09920C4,04/18/2015 13:39:02,04/18/2015 13:39:02,CN=Marlene Okafor/OU=CHPSID/O=TACOM,,VMA-2015-000075,41DD13E047342B1E3CA1EB8AA09920C4,Congressional Inquiry,,,Congressional inquiry received - response due 10 days. Requester satisfied.,Congressional inquiry received - response due 10 days,,Yes,CN=Marlene Okafor/OU=CHPSID/O=TACOM,04/18/2015 13:39:02,[TACOM];[CSR];[Admin];[ReadOnlyAudit];LocalDomainServers;CN=Benedetta Kowalczyk/OU=CHPSID/O=TACOM,CN=Marlene Okafor/OU=CHPSID/O=TACOM;[Admin]
6FEB05432728857B7A46647EE13039E9,F6E2,74CB412CD22E221A8E6EC9CE3E164B73,05/01/2012 12:39:26,05/01/2012 12:39:26,CN=Marlene Okafor/OU=CHPSID/O=TACOM,,VMA-2012-000015,74CB412CD22E221A8E6EC9CE3E164B73,Address Correction,,,Address updated per requester. See attached correspondence.,Address updated per requester,,,CN=Marlene Okafor/OU=CHPSID/O=TACOM,05/01/2012 12:39:26,[TACOM];[CSR];[Admin];[ReadOnlyAudit];LocalDomainServers;CN=Renata Vasquez-Holm/OU=CHPSID/O=TACOM,CN=Marlene Okafor/OU=CHPSID/O=TACOM;[Admin]
4F88CEF84A6A48346F866CC10A8F32C0,F6E6,77459BA4FD56F93FD94E59E250CB2F6A,05/19/2019 14:13:31,05/19/2019 14:13:31,CN=Marlene Okafor/OU=CHPSID/O=TACOM,,VMA-2019-000013,77459BA4FD56F93FD94E59E250CB2F6A,Congressional Inquiry,,,Congressional inquiry received - response due 10 days. No further action.,Congressional inquiry received - response due 10 days,,,CN=Marlene Okafor/OU=CHPSID/O=TACOM,05/19/2019 14:13:31,[TACOM];[CSR];[Admin];[ReadOnlyAudit];LocalDomainServers;CN=Renata Vasquez-Holm/OU=CHPSID/O=TACOM,CN=Marlene Okafor/OU=CHPSID/O=TACOM;[Admin]
08A497FB09BF71C59F555860B7D591CE,F6EA,8F915F93071C743E18361ADE71595EAB,08/16/2026 16:07:33,08/16/2026 16:07:33,CN=Ret Hamlin/OU=CHPSID/O=TACOM,,VMA-2026-000220,8F915F93071C743E18361ADE71595EAB,Phone Call - Inbound,Angela Maldonado-Vega,(215) 555-1290,Requester called for status. Escalated to lead CSR.,Requester called for status,,Yes,CN=Ret Hamlin/OU=CHPSID/O=TACOM,08/16/2026 16:07:33,[TACOM];[CSR];[Admin];[ReadOnlyAudit];LocalDomainServers;CN=Ret Hamlin/OU=CHPSID/O=TACOM,CN=Ret Hamlin/OU=CHPSID/O=TACOM;[Admin]
A938D9472BE79664E5F64BA48AE06D5E,F6EE,6896289DD7320C90DF631F45B166FF73,05/07/2005 15:20:26,05/07/2005 15:20:26,CN=Ret Hamlin/OU=CHPSID/O=TACOM,Correspondence_VMA-2005-000045.pdf,VMA-2005-000045,6896289DD7320C90DF631F45B166FF73,Phone Call - Outbound,Matthew Zabrowski,(540) 555-1547,Called requester to confirm address. Requester satisfied.,Called requester to confirm address,05/15/2005,,CN=Ret Hamlin/OU=CHPSID/O=TACOM,05/07/2005 15:20:26,[TACOM];[CSR];[Admin];[ReadOnlyAudit];LocalDomainServers;CN=Ret Hamlin/OU=CHPSID/O=TACOM,CN=Ret Hamlin/OU=CHPSID/O=TACOM;[Admin]
1123B29A2A06206F785C3852913E82AE,F6F2,9A4470A30726C23C77181D7A75B2239C,03/06/2007 23:05:45,03/06/2007 23:05:45,CN=Renata Vasquez-Holm/OU=CHPSID/O=TACOM,,VMA-2007-000083,9A4470A30726C23C77181D7A75B2239C,NOK Documentation,,,Death certificate / relationship proof received. Follow-up required.,Death certificate / relationship proof received,,,CN=Renata Vasquez-Holm/OU=CHPSID/O=TACOM,03/06/2007 23:05:45,[TACOM];[CSR];[Admin];[ReadOnlyAudit];LocalDomainServers;CN=Ret Hamlin/OU=CHPSID/O=TACOM,CN=Renata Vasquez-Holm/OU=CHPSID/O=TACOM;[Admin]
EF9AB5E11A698D703A06410C7C273E39,F6F6,40E15FC954E880D413A9E736205FD961,07/27/2026 12:12:53,07/27/2026 12:12:53,CN=Ret Hamlin/OU=CHPSID/O=TACOM,,VMA-2026-000127,40E15FC954E880D413A9E736205FD961,Phone Call - Inbound,Tyler Thornbury,(703) 555-1546,Requester called for status. No further action.,Requester called for status,,Yes,CN=Ret Hamlin/OU=CHPSID/O=TACOM,07/27/2026 12:12:53,[TACOM];[CSR];[Admin];[ReadOnlyAudit];LocalDomainServers;CN=Renata Vasquez-Holm/OU=CHPSID/O=TACOM,CN=Ret Hamlin/OU=CHPSID/O=TACOM;[Admin]
929AFF771F86B80053010B21D07F9460,F6FA,D13DA76F52C4C62F4C1B03E1651610FA,06/02/2018 19:07:18,06/02/2018 19:07:18,CN=Ret Hamlin/OU=CHPSID/O=TACOM,,VMA-2018-000075,D13DA76F52C4C62F4C1B03E1651610FA,Congressional Inquiry,,,Congressional inquiry received - response due 10 days. Escalated to lead CSR.,Congressional inquiry received - response due 10 days,06/13/2018,,CN=Ret Hamlin/OU=CHPSID/O=TACOM,06/02/2018 19:07:18,[TACOM];[CSR];[Admin];[ReadOnlyAudit];LocalDomainServers;CN=Dwayne Petrakis/OU=CHPSID/O=TACOM,CN=Ret Hamlin/OU=CHPSID/O=TACOM;[Admin]
F2B39BBD0C1D20DEF67724A0D05E190B,F6FE,DE1B2A12D13F07047BC411FE0C002D4F,03/07/2026 14:10:51,03/07/2026 14:10:51,CN=Marlene Okafor/OU=CHPSID/O=TACOM,Correspondence_VMA-2026-000439.pdf,VMA-2026-000439,DE1B2A12D13F07047BC411FE0C002D4F,Congressional Inquiry,,,Congressional inquiry received - response due 10 days. Requester satisfied.,Congressional inquiry received - response due 10 days,,Yes,CN=Marlene Okafor/OU=CHPSID/O=TACOM,03/07/2026 14:10:51,[TACOM];[CSR];[Admin];[ReadOnlyAudit];LocalDomainServers;CN=Benedetta Kowalczyk/OU=CHPSID/O=TACOM,CN=Marlene Okafor/OU=CHPSID/O=TACOM;[Admin]
8B6A5C4175E90B12F2B95B36C4C650EC,F702,94E3734B9A1B5CFAB3D41FF0F6BB1C06,06/24/2013 21:43:03,06/24/2013 21:43:03,CN=Marlene Okafor/OU=CHPSID/O=TACOM,,VMA-2013-000040,94E3734B9A1B5CFAB3D41FF0F6BB1C06,NOK Documentation,,,Death certificate / relationship proof received. See attached correspondence.,Death certificate / relationship proof received,,,CN=Marlene Okafor/OU=CHPSID/O=TACOM,06/24/2013 21:43:03,[TACOM];[CSR];[Admin];[ReadOnlyAudit];LocalDomainServers;CN=Dwayne Petrakis/OU=CHPSID/O=TACOM,CN=Marlene Okafor/OU=CHPSID/O=TACOM;[Admin]
CFE62B01B4CF30026EC49EDA5F5DCD98,F706,82DE7027C92147D7F873D57F23026CA0,11/09/2021 08:37:46,11/09/2021 08:37:46,CN=Lorraine Whitcombe/OU=CHPSID/O=TACOM,,VMA-2021-000111,82DE7027C92147D7F873D57F23026CA0,Backorder,,,Item backordered - requester notified. See attached correspondence.,Item backordered - requester notified,11/16/2021,,CN=Lorraine Whitcombe/OU=CHPSID/O=TACOM,11/09/2021 08:37:46,[TACOM];[CSR];[Admin];[ReadOnlyAudit];LocalDomainServers;CN=Renata Vasquez-Holm/OU=CHPSID/O=TACOM,CN=Lorraine Whitcombe/OU=CHPSID/O=TACOM;[Admin]
360B7273E85CF9D396D2857E87C8CEDE,F70A,9C75C6D4E52E6FF98417875409540367,01/27/2015 15:30:02,01/27/2015 15:30:02,CN=Lorraine Whitcombe/OU=CHPSID/O=TACOM,,VMA-2015-000053,9C75C6D4E52E6FF98417875409540367,NPRC Query,,,Requested OMPF verification from NPRC. See attached correspondence.,Requested OMPF verification from NPRC,,Yes,CN=Lorraine Whitcombe/OU=CHPSID/O=TACOM,01/27/2015 15:30:02,[TACOM];[CSR];[Admin];[ReadOnlyAudit];LocalDomainServers;CN=Lorraine Whitcombe/OU=CHPSID/O=TACOM,CN=Lorraine Whitcombe/OU=CHPSID/O=TACOM;[Admin]
071E4C5DEE2AB20A94C3649F5ABAF902,F70E,57EB003AD0DA2EE184FB45C474413B3C,03/30/2008 15:51:46,03/30/2008 15:51:46,CN=Renata Vasquez-Holm/OU=CHPSID/O=TACOM,,VMA-2008-000012,57EB003AD0DA2EE184FB45C474413B3C,QC Rework,,,"QC failed - engraving misspelled, returned to shop. No further action.","QC failed - engraving misspelled, returned to shop",04/05/2008,Yes,CN=Renata Vasquez-Holm/OU=CHPSID/O=TACOM,03/30/2008 15:51:46,[TACOM];[CSR];[Admin];[ReadOnlyAudit];LocalDomainServers;CN=Renata Vasquez-Holm/OU=CHPSID/O=TACOM,CN=Renata Vasquez-Holm/OU=CHPSID/O=TACOM;[Admin]
AD60A8259E9E5AC6774E905CB9CADFC9,F712,42E44360361FA32B8B6FADB5BFE50AEA,10/01/2025 10:43:56,10/01/2025 10:43:56,CN=Renata Vasquez-Holm/OU=CHPSID/O=TACOM,,VMA-2025-000089,42E44360361FA32B8B6FADB5BFE50AEA,Congressional Inquiry,,,Congressional inquiry received - response due 10 days. Requester satisfied.,Congressional inquiry received - response due 10 days,,Yes,CN=Renata Vasquez-Holm/OU=CHPSID/O=TACOM,10/01/2025 10:43:56,[TACOM];[CSR];[Admin];[ReadOnlyAudit];LocalDomainServers;CN=Marlene Okafor/OU=CHPSID/O=TACOM,CN=Renata Vasquez-Holm/OU=CHPSID/O=TACOM;[Admin]
3DECD75A880A0D460E9B4784E3EB698F,F716,CE53F39D34B853EF6291C8131A5D0AFD,01/21/2016 14:40:52,01/21/2016 14:40:52,CN=Marlene Okafor/OU=CHPSID/O=TACOM,,VMA-2016-000036,CE53F39D34B853EF6291C8131A5D0AFD,HRC Query,,,Sent eligibility query to HRC Awards Branch. Escalated to lead CSR.,Sent eligibility query to HRC Awards Branch,,,CN=Marlene Okafor/OU=CHPSID/O=TACOM,01/21/2016 14:40:52,[TACOM];[CSR];[Admin];[ReadOnlyAudit];LocalDomainServers;CN=Ret Hamlin/OU=CHPSID/O=TACOM,CN=Marlene Okafor/OU=CHPSID/O=TACOM;[Admin]
544554796E379629C8D7B683171FDF51,F71A,BAD3050961305B718B2308F4F4BD2477,05/03/2006 16:59:43,05/03/2006 16:59:43,CN=Benedetta Kowalczyk/OU=CHPSID/O=TACOM,,VMA-2006-000062,BAD3050961305B718B2308F4F4BD2477,HRC Query,,,Sent eligibility query to HRC Awards Branch. Follow-up required.,Sent eligibility query to HRC Awards Branch,05/10/2006,Yes,CN=Benedetta Kowalczyk/OU=CHPSID/O=TACOM,05/03/2006 16:59:43,[TACOM];[CSR];[Admin];[ReadOnlyAudit];LocalDomainServers;CN=Renata Vasquez-Holm/OU=CHPSID/O=TACOM,CN=Benedetta Kowalczyk/OU=CHPSID/O=TACOM;[Admin]
67D9D93E24D1C1CFC9976EBEF56EA4EE,F71E,01497E20E8A953266F8131CFB2D2ABD6,09/28/2011 16:28:11,09/28/2011 16:28:11,CN=Benedetta Kowalczyk/OU=CHPSID/O=TACOM,,VMA-2011-000085,01497E20E8A953266F8131CFB2D2ABD6,NOK Documentation,,,Death certificate / relationship proof received. Escalated to lead CSR.,Death certificate / relationship proof received,,Yes,CN=Benedetta Kowalczyk/OU=CHPSID/O=TACOM,09/28/2011 16:28:11,[TACOM];[CSR];[Admin];[ReadOnlyAudit];LocalDomainServers;CN=Marlene Okafor/OU=CHPSID/O=TACOM,CN=Benedetta Kowalczyk/OU=CHPSID/O=TACOM;[Admin]
F1C90CE642194E07C8F814C920EA2C33,F722,7374A2FE2E7F17917C890AE89CC5513C,11/18/2007 17:52:27,11/18/2007 17:52:27,CN=Dwayne Petrakis/OU=CHPSID/O=TACOM,,VMA-2007-000003,7374A2FE2E7F17917C890AE89CC5513C,Phone Call - Outbound,Nicole Drakeford,(267) 555-1224,Called requester to confirm address. Escalated to lead CSR.,Called requester to confirm address,,Yes,CN=Dwayne Petrakis/OU=CHPSID/O=TACOM,11/18/2007 17:52:27,[TACOM];[CSR];[Admin];[ReadOnlyAudit];LocalDomainServers;CN=Benedetta Kowalczyk/OU=CHPSID/O=TACOM,CN=Dwayne Petrakis/OU=CHPSID/O=TACOM;[Admin]
C320E9357B76CE7B446C581A59650690,F726,413F1C2067C40EEE136035F8982C7C59,07/17/2011 14:55:34,07/17/2011 14:55:34,CN=Renata Vasquez-Holm/OU=CHPSID/O=TACOM,,VMA-2011-000065,413F1C2067C40EEE136035F8982C7C59,Congressional Inquiry,,,Congressional inquiry received - response due 10 days. Follow-up required.,Congressional inquiry received - response due 10 days,,Yes,CN=Renata Vasquez-Holm/OU=CHPSID/O=TACOM,07/17/2011 14:55:34,[TACOM];[CSR];[Admin];[ReadOnlyAudit];LocalDomainServers;CN=Benedetta Kowalczyk/OU=CHPSID/O=TACOM,CN=Renata Vasquez-Holm/OU=CHPSID/O=TACOM;[Admin]
F41272E100070BA18D7011A869A4C695,F72A,0405A204C5E97C5EE9157E54ADB3317D,05/01/2024 23:17:38,05/01/2024 23:17:38,CN=Lorraine Whitcombe/OU=CHPSID/O=TACOM,,VMA-2024-000039,0405A204C5E97C5EE9157E54ADB3317D,QC Rework,,,"QC failed - engraving misspelled, returned to shop. Escalated to lead CSR.","QC failed - engraving misspelled, returned to shop",,Yes,CN=Lorraine Whitcombe/OU=CHPSID/O=TACOM,05/01/2024 23:17:38,[TACOM];[CSR];[Admin];[ReadOnlyAudit];LocalDomainServers;CN=Marlene Okafor/OU=CHPSID/O=TACOM,CN=Lorraine Whitcombe/OU=CHPSID/O=TACOM;[Admin]
0111B14806AD2FDE48992AFDD593319B,F72E,6F2D7192F0FA3CE5E92D348328F93774,03/11/2021 11:05:40,03/11/2021 11:05:40,CN=Marlene Okafor/OU=CHPSID/O=TACOM,,VMA-2021-000063,6F2D7192F0FA3CE5E92D348328F93774,Congressional Inquiry,,,Congressional inquiry received - response due 10 days. Requester satisfied.,Congressional inquiry received - response due 10 days,03/19/2021,Yes,CN=Marlene Okafor/OU=CHPSID/O=TACOM,03/11/2021 11:05:40,[TACOM];[CSR];[Admin];[ReadOnlyAudit];LocalDomainServers;CN=Marlene Okafor/OU=CHPSID/O=TACOM,CN=Marlene Okafor/OU=CHPSID/O=TACOM;[Admin]
AFE83EA4743624E2185A4C59A79006A8,F732,594B3085B976C1116171D15A727D5D60,10/30/2019 17:15:36,10/30/2019 17:15:36,CN=Renata Vasquez-Holm/OU=CHPSID/O=TACOM,,VMA-2019-000079,594B3085B976C1116171D15A727D5D60,General,,,General note. Requester satisfied.,General note,11/07/2019,,CN=Renata Vasquez-Holm/OU=CHPSID/O=TACOM,10/30/2019 17:15:36,[TACOM];[CSR];[Admin];[ReadOnlyAudit];LocalDomainServers;CN=Benedetta Kowalczyk/OU=CHPSID/O=TACOM,CN=Renata Vasquez-Holm/OU=CHPSID/O=TACOM;[Admin]
EA22C633D8A9EB13A16B7A179BAECBB3,F736,0E9F2BFFDEBE79ABECAE477202D64D7A,08/05/2026 15:42:03,08/05/2026 15:42:03,CN=Benedetta Kowalczyk/OU=CHPSID/O=TACOM,,VMA-2026-000576,0E9F2BFFDEBE79ABECAE477202D64D7A,HRC Query,,,Sent eligibility query to HRC Awards Branch. Escalated to lead CSR.,Sent eligibility query to HRC Awards Branch,08/11/2026,Yes,CN=Benedetta Kowalczyk/OU=CHPSID/O=TACOM,08/05/2026 15:42:03,[TACOM];[CSR];[Admin];[ReadOnlyAudit];LocalDomainServers;CN=Dwayne Petrakis/OU=CHPSID/O=TACOM,CN=Benedetta Kowalczyk/OU=CHPSID/O=TACOM;[Admin]
4849298E1DA5F38B01842821CD0D657C,F73A,6BD8CE817554ED73FF3B8C9B175423DA,07/27/2026 14:24:02,07/27/2026 14:24:02,CN=Dwayne Petrakis/OU=CHPSID/O=TACOM,,VMA-2026-000427,6BD8CE817554ED73FF3B8C9B175423DA,Phone Call - Inbound,Darnell Norquist,(717) 555-1204,Requester called for status. Follow-up required.,Requester called for status,,Yes,CN=Dwayne Petrakis/OU=CHPSID/O=TACOM,07/27/2026 14:24:02,[TACOM];[CSR];[Admin];[ReadOnlyAudit];LocalDomainServers;CN=Lorraine Whitcombe/OU=CHPSID/O=TACOM,CN=Dwayne Petrakis/OU=CHPSID/O=TACOM;[Admin]
CD4EB5615714763E16EAA0DEB17C3B85,F73E,24E22D6DBE92BDB5730F5A67D38DE095,10/13/2012 16:39:44,10/13/2012 16:39:44,CN=Renata Vasquez-Holm/OU=CHPSID/O=TACOM,,VMA-2012-000069,24E22D6DBE92BDB5730F5A67D38DE095,Backorder,,,Item backordered - requester notified. Escalated to lead CSR.,Item backordered - requester notified,,Yes,CN=Renata Vasquez-Holm/OU=CHPSID/O=TACOM,10/13/2012 16:39:44,[TACOM];[CSR];[Admin];[ReadOnlyAudit];LocalDomainServers;CN=Lorraine Whitcombe/OU=CHPSID/O=TACOM,CN=Renata Vasquez-Holm/OU=CHPSID/O=TACOM;[Admin]
8ADE7E19ABD84029638C55EF495D8D13,F742,E32A0E2D84161313BD50CBCD1A12BE80,02/28/2017 12:27:19,02/28/2017 12:27:19,CN=Benedetta Kowalczyk/OU=CHPSID/O=TACOM,,VMA-2017-000040,E32A0E2D84161313BD50CBCD1A12BE80,NPRC Query,,,Requested OMPF verification from NPRC. See attached correspondence.,Requested OMPF verification from NPRC,03/12/2017,Yes,CN=Benedetta Kowalczyk/OU=CHPSID/O=TACOM,02/28/2017 12:27:19,[TACOM];[CSR];[Admin];[ReadOnlyAudit];LocalDomainServers;CN=Benedetta Kowalczyk/OU=CHPSID/O=TACOM,CN=Benedetta Kowalczyk/OU=CHPSID/O=TACOM;[Admin]
B7929415F1CDE9D9ACA9521C5B8B8717,F746,350B9A07295A60E55DD51F16F534A78A,08/03/2013 19:19:25,08/03/2013 19:19:25,CN=Lorraine Whitcombe/OU=CHPSID/O=TACOM,,VMA-2013-000023,350B9A07295A60E55DD51F16F534A78A,Phone Call - Inbound,E. Jaramillo,(540) 555-1884,Requester called for status. Escalated to lead CSR.,Requester called for status,08/11/2013,Yes,CN=Lorraine Whitcombe/OU=CHPSID/O=TACOM,08/03/2013 19:19:25,[TACOM];[CSR];[Admin];[ReadOnlyAudit];LocalDomainServers;CN=Lorraine Whitcombe/OU=CHPSID/O=TACOM,CN=Lorraine Whitcombe/OU=CHPSID/O=TACOM;[Admin]
A15A883631B9ABC19C7B6D8351486B9B,F74A,7BD1E6508DFD6865A828C7F0C102F6BE,07/30/2026 18:58:31,07/30/2026 18:58:31,CN=Benedetta Kowalczyk/OU=CHPSID/O=TACOM,,VMA-2026-000422,7BD1E6508DFD6865A828C7F0C102F6BE,General,,,General note. Escalated to lead CSR.,General note,,Yes,CN=Benedetta Kowalczyk/OU=CHPSID/O=TACOM,07/30/2026 18:58:31,[TACOM];[CSR];[Admin];[ReadOnlyAudit];LocalDomainServers;CN=Marlene Okafor/OU=CHPSID/O=TACOM,CN=Benedetta Kowalczyk/OU=CHPSID/O=TACOM;[Admin]
CB4D13FB8403C29769F0ADAF212C49AA,F74E,326367488C6BE0D74DC08196863F3427,07/27/2022 13:06:42,07/27/2022 13:06:42,CN=Marlene Okafor/OU=CHPSID/O=TACOM,,VMA-2022-000084,326367488C6BE0D74DC08196863F3427,Phone Call - Inbound,Betty Izquierdo,(703) 555-1867,Requester called for status. No further action.,Requester called for status,,,CN=Marlene Okafor/OU=CHPSID/O=TACOM,07/27/2022 13:06:42,[TACOM];[CSR];[Admin];[ReadOnlyAudit];LocalDomainServers;CN=Ret Hamlin/OU=CHPSID/O=TACOM,CN=Marlene Okafor/OU=CHPSID/O=TACOM;[Admin]
304A32AAB86C5A0CB267B95DE56B33E4,F752,734BA890B5445142DD667746F3D82616,05/22/2022 20:44:42,05/22/2022 20:44:42,CN=Benedetta Kowalczyk/OU=CHPSID/O=TACOM,,VMA-2022-000064,734BA890B5445142DD667746F3D82616,HRC Query,,,Sent eligibility query to HRC Awards Branch. No further action.,Sent eligibility query to HRC Awards Branch,,Yes,CN=Benedetta Kowalczyk/OU=CHPSID/O=TACOM,05/22/2022 20:44:42,[TACOM];[CSR];[Admin];[ReadOnlyAudit];LocalDomainServers;CN=Marlene Okafor/OU=CHPSID/O=TACOM,CN=Benedetta Kowalczyk/OU=CHPSID/O=TACOM;[Admin]
CA962E5DE036E4FD55A2FF395A6F4EC6,F756,B1875070DC91F9A795AC1F2204897357,04/17/2026 08:05:58,04/17/2026 08:05:58,CN=Ret Hamlin/OU=CHPSID/O=TACOM,,VMA-2026-000626,B1875070DC91F9A795AC1F2204897357,General,,,General note. Escalated to lead CSR.,General note,04/21/2026,Yes,CN=Ret Hamlin/OU=CHPSID/O=TACOM,04/17/2026 08:05:58,[TACOM];[CSR];[Admin];[ReadOnlyAudit];LocalDomainServers;CN=Benedetta Kowalczyk/OU=CHPSID/O=TACOM,CN=Ret Hamlin/OU=CHPSID/O=TACOM;[Admin]
7B997CB190B4AC834F76AB240CF38B95,F75A,D9B03B54BC9E3272202C31FF1D059766,02/27/2020 13:54:59,02/27/2020 13:54:59,CN=Dwayne Petrakis/OU=CHPSID/O=TACOM,,VMA-2020-000015,D9B03B54BC9E3272202C31FF1D059766,Phone Call - Outbound,Heather Barrowclough,(302) 555-1686,Called requester to confirm address. See attached correspondence.,Called requester to confirm address,,,CN=Dwayne Petrakis/OU=CHPSID/O=TACOM,02/27/2020 13:54:59,[TACOM];[CSR];[Admin];[ReadOnlyAudit];LocalDomainServers;CN=Lorraine Whitcombe/OU=CHPSID/O=TACOM,CN=Dwayne Petrakis/OU=CHPSID/O=TACOM;[Admin]
3C5EF1E0561B2546910798B53FC24DD3,F75E,AD4C14B8758FCD71777DCAFDD26E3CCD,01/26/2024 15:16:56,01/26/2024 15:16:56,CN=Benedetta Kowalczyk/OU=CHPSID/O=TACOM,,VMA-2024-000001,AD4C14B8758FCD71777DCAFDD26E3CCD,Backorder,,,Item backordered - requester notified. Follow-up required.,Item backordered - requester notified,02/01/2024,,CN=Benedetta Kowalczyk/OU=CHPSID/O=TACOM,01/26/2024 15:16:56,[TACOM];[CSR];[Admin];[ReadOnlyAudit];LocalDomainServers;CN=Dwayne Petrakis/OU=CHPSID/O=TACOM,CN=Benedetta Kowalczyk/OU=CHPSID/O=TACOM;[Admin]
AE6337B3D62CBE7BD9C018C215125E61,F762,C654D2702C85CA409701F607C86F7032,12/27/2017 20:09:49,12/27/2017 20:09:49,CN=Benedetta Kowalczyk/OU=CHPSID/O=TACOM,,VMA-2017-000105,C654D2702C85CA409701F607C86F7032,Phone Call - Outbound,Nicole Lattimore,(410) 555-1529,Called requester to confirm address. Escalated to lead CSR.,Called requester to confirm address,,,CN=Benedetta Kowalczyk/OU=CHPSID/O=TACOM,12/27/2017 20:09:49,[TACOM];[CSR];[Admin];[ReadOnlyAudit];LocalDomainServers;CN=Dwayne Petrakis/OU=CHPSID/O=TACOM,CN=Benedetta Kowalczyk/OU=CHPSID/O=TACOM;[Admin]
027BC65AECE3BF7643E41574682E1CBF,F766,3EED9961544B3E4460A9A4374D0CC12E,05/24/2026 08:18:39,05/24/2026 08:18:39,CN=Benedetta Kowalczyk/OU=CHPSID/O=TACOM,,VMA-2026-000232,3EED9961544B3E4460A9A4374D0CC12E,Phone Call - Inbound,Carl Nethercott,(703) 555-1984,Requester called for status. Follow-up required.,Requester called for status,06/03/2026,Yes,CN=Benedetta Kowalczyk/OU=CHPSID/O=TACOM,05/24/2026 08:18:39,[TACOM];[CSR];[Admin];[ReadOnlyAudit];LocalDomainServers;CN=Benedetta Kowalczyk/OU=CHPSID/O=TACOM,CN=Benedetta Kowalczyk/OU=CHPSID/O=TACOM;[Admin]
B7BDE3355A792BD92577FDEE93BDF2A1,F76A,01D82D10D63D41509F11D2D79CC28492,04/27/2026 17:06:25,04/27/2026 17:06:25,CN=Lorraine Whitcombe/OU=CHPSID/O=TACOM,Correspondence_VMA-2026-000280.pdf,VMA-2026-000280,01D82D10D63D41509F11D2D79CC28492,Address Correction,,,Address updated per requester. Follow-up required.,Address updated per requester,,Yes,CN=Lorraine Whitcombe/OU=CHPSID/O=TACOM,04/27/2026 17:06:25,[TACOM];[CSR];[Admin];[ReadOnlyAudit];LocalDomainServers;CN=Benedetta Kowalczyk/OU=CHPSID/O=TACOM,CN=Lorraine Whitcombe/OU=CHPSID/O=TACOM;[Admin]
4470BF04689CBFEAD5BC01AF458DA87E,F76E,808AC0F8B2B532A427A02D10B3977CE7,04/25/2014 00:38:03,04/25/2014 00:38:03,CN=Ret Hamlin/OU=CHPSID/O=TACOM,,VMA-2014-000001,808AC0F8B2B532A427A02D10B3977CE7,Phone Call - Inbound,Arthur Vanterpool,(215) 555-1473,Requester called for status. No further action.,Requester called for status,,Yes,CN=Ret Hamlin/OU=CHPSID/O=TACOM,04/25/2014 00:38:03,[TACOM];[CSR];[Admin];[ReadOnlyAudit];LocalDomainServers;CN=Benedetta Kowalczyk/OU=CHPSID/O=TACOM,CN=Ret Hamlin/OU=CHPSID/O=TACOM;[Admin]
CAA71C83AADCEF6EF37DCCA542D15B51,F772,4310B5513A76812EAC776169951C383A,10/15/2025 22:14:08,10/15/2025 22:14:08,CN=Renata Vasquez-Holm/OU=CHPSID/O=TACOM,,VMA-2025-000117,4310B5513A76812EAC776169951C383A,NOK Documentation,,,Death certificate / relationship proof received. Requester satisfied.,Death certificate / relationship proof received,,,CN=Renata Vasquez-Holm/OU=CHPSID/O=TACOM,10/15/2025 22:14:08,[TACOM];[CSR];[Admin];[ReadOnlyAudit];LocalDomainServers;CN=Dwayne Petrakis/OU=CHPSID/O=TACOM,CN=Renata Vasquez-Holm/OU=CHPSID/O=TACOM;[Admin]
83EA458B74F7D6270458B122DF6CA1F4,F776,D8DCE400D0C1F3F8CCC731B48593A421,05/21/2026 22:33:15,05/21/2026 22:33:15,CN=Lorraine Whitcombe/OU=CHPSID/O=TACOM,,VMA-2026-000380,D8DCE400D0C1F3F8CCC731B48593A421,NPRC Query,,,Requested OMPF verification from NPRC. Follow-up required.,Requested OMPF verification from NPRC,,,CN=Lorraine Whitcombe/OU=CHPSID/O=TACOM,05/21/2026 22:33:15,[TACOM];[CSR];[Admin];[ReadOnlyAudit];LocalDomainServers;CN=Benedetta Kowalczyk/OU=CHPSID/O=TACOM,CN=Lorraine Whitcombe/OU=CHPSID/O=TACOM;[Admin]
6BC8FE9B31677EF93BBFB4C6EC8EF9A3,F77A,7E608965F275EBB7B44C112F1CB24173,04/12/2018 12:56:49,04/12/2018 12:56:49,CN=Ret Hamlin/OU=CHPSID/O=TACOM,,VMA-2018-000077,7E608965F275EBB7B44C112F1CB24173,Backorder,,,Item backordered - requester notified. See attached correspondence.,Item backordered - requester notified,04/22/2018,Yes,CN=Ret Hamlin/OU=CHPSID/O=TACOM,04/12/2018 12:56:49,[TACOM];[CSR];[Admin];[ReadOnlyAudit];LocalDomainServers;CN=Benedetta Kowalczyk/OU=CHPSID/O=TACOM,CN=Ret Hamlin/OU=CHPSID/O=TACOM;[Admin]
A1B3F1EAF6B433105858FD4C34445327,F77E,90AC35BFC259F8CB9B25051E19203AFE,03/06/2026 17:24:08,03/06/2026 17:24:08,CN=Ret Hamlin/OU=CHPSID/O=TACOM,,VMA-2026-000076,90AC35BFC259F8CB9B25051E19203AFE,HRC Query,,,Sent eligibility query to HRC Awards Branch. Escalated to lead CSR.,Sent eligibility query to HRC Awards Branch,03/11/2026,,CN=Ret Hamlin/OU=CHPSID/O=TACOM,03/06/2026 17:24:08,[TACOM];[CSR];[Admin];[ReadOnlyAudit];LocalDomainServers;CN=Marlene Okafor/OU=CHPSID/O=TACOM,CN=Ret Hamlin/OU=CHPSID/O=TACOM;[Admin]
529F5E8D5BB31FF7E7EF35F4CE141B6A,F782,88716094714F40FE2347B321C45874EA,06/13/2018 15:42:22,06/13/2018 15:42:22,CN=Renata Vasquez-Holm/OU=CHPSID/O=TACOM,,VMA-2018-000052,88716094714F40FE2347B321C45874EA,NOK Documentation,,,Death certificate / relationship proof received. See attached correspondence.,Death certificate / relationship proof received,,,CN=Renata Vasquez-Holm/OU=CHPSID/O=TACOM,06/13/2018 15:42:22,[TACOM];[CSR];[Admin];[ReadOnlyAudit];LocalDomainServers;CN=Ret Hamlin/OU=CHPSID/O=TACOM,CN=Renata Vasquez-Holm/OU=CHPSID/O=TACOM;[Admin]
B277104CC51BCDC9EFE702DF8B7DB01E,F786,10A4CA3CFD10BB25526B17545377DE18,03/17/2012 15:46:43,03/17/2012 15:46:43,CN=Marlene Okafor/OU=CHPSID/O=TACOM,,VMA-2012-000020,10A4CA3CFD10BB25526B17545377DE18,Backorder,,,Item backordered - requester notified. Follow-up required.,Item backordered - requester notified,03/27/2012,,CN=Marlene Okafor/OU=CHPSID/O=TACOM,03/17/2012 15:46:43,[TACOM];[CSR];[Admin];[ReadOnlyAudit];LocalDomainServers;CN=Dwayne Petrakis/OU=CHPSID/O=TACOM,CN=Marlene Okafor/OU=CHPSID/O=TACOM;[Admin]
3D3CC97F3B384B35F0B0F5DE263E6289,F78A,F203AA009E9C882792D14E6E2581A882,06/18/2026 17:56:25,06/18/2026 17:56:25,CN=Lorraine Whitcombe/OU=CHPSID/O=TACOM,,VMA-2026-000498,F203AA009E9C882792D14E6E2581A882,Phone Call - Outbound,Nicole Iverstone,(484) 555-1690,Called requester to confirm address. No further action.,Called requester to confirm address,06/24/2026,,CN=Lorraine Whitcombe/OU=CHPSID/O=TACOM,06/18/2026 17:56:25,[TACOM];[CSR];[Admin];[ReadOnlyAudit];LocalDomainServers;CN=Lorraine Whitcombe/OU=CHPSID/O=TACOM,CN=Lorraine Whitcombe/OU=CHPSID/O=TACOM;[Admin]
F731EA43E08C925399256D7F97DE70AD,F78E,20AD0693AD8CC420710C345671ABC1FA,09/04/2006 14:02:58,09/04/2006 14:02:58,CN=Marlene Okafor/OU=CHPSID/O=TACOM,,VMA-2006-000031,20AD0693AD8CC420710C345671ABC1FA,Phone Call - Outbound,Jennifer Reyes-Almonte,(484) 555-1312,Called requester to confirm address. No further action.,Called requester to confirm address,,,CN=Marlene Okafor/OU=CHPSID/O=TACOM,09/04/2006 14:02:58,[TACOM];[CSR];[Admin];[ReadOnlyAudit];LocalDomainServers;CN=Renata Vasquez-Holm/OU=CHPSID/O=TACOM,CN=Marlene Okafor/OU=CHPSID/O=TACOM;[Admin]
284751004185FA41DA01050A73D281BB,F792,C9E2EB731E233EC9E7ED741D5B78A4CF,04/11/2008 17:18:39,04/11/2008 17:18:39,CN=Renata Vasquez-Holm/OU=CHPSID/O=TACOM,,VMA-2008-000082,C9E2EB731E233EC9E7ED741D5B78A4CF,NOK Documentation,,,Death certificate / relationship proof received. Escalated to lead CSR.,Death certificate / relationship proof received,,,CN=Renata Vasquez-Holm/OU=CHPSID/O=TACOM,04/11/2008 17:18:39,[TACOM];[CSR];[Admin];[ReadOnlyAudit];LocalDomainServers;CN=Benedetta Kowalczyk/OU=CHPSID/O=TACOM,CN=Renata Vasquez-Holm/OU=CHPSID/O=TACOM;[Admin]
47BDF4A53A948C75D65133EB2897B79F,F796,FA620F3A58AB9C7EB68E35913B8A2E67,07/15/2013 18:18:15,07/15/2013 18:18:15,CN=Marlene Okafor/OU=CHPSID/O=TACOM,,VMA-2013-000002,FA620F3A58AB9C7EB68E35913B8A2E67,Congressional Inquiry,,,Congressional inquiry received - response due 10 days. See attached correspondence.,Congressional inquiry received - response due 10 days,07/18/2013,Yes,CN=Marlene Okafor/OU=CHPSID/O=TACOM,07/15/2013 18:18:15,[TACOM];[CSR];[Admin];[ReadOnlyAudit];LocalDomainServers;CN=Renata Vasquez-Holm/OU=CHPSID/O=TACOM,CN=Marlene Okafor/OU=CHPSID/O=TACOM;[Admin]
F0E348D15B117E360D65F9E0F37872DB,F79A,F203AA009E9C882792D14E6E2581A882,06/15/2026 19:56:25,06/15/2026 19:56:25,CN=Dwayne Petrakis/OU=CHPSID/O=TACOM,,VMA-2026-000498,F203AA009E9C882792D14E6E2581A882,Phone Call - Outbound,Nicole Iverstone,(410) 555-1373,Called requester to confirm address. Follow-up required.,Called requester to confirm address,,,CN=Dwayne Petrakis/OU=CHPSID/O=TACOM,06/15/2026 19:56:25,[TACOM];[CSR];[Admin];[ReadOnlyAudit];LocalDomainServers;CN=Lorraine Whitcombe/OU=CHPSID/O=TACOM,CN=Dwayne Petrakis/OU=CHPSID/O=TACOM;[Admin]
3AC3FAA26AB0FDAADE650DA595269609,F79E,5D97FC4B5014C75ADC63483F9B2EEBFF,08/13/2022 16:24:57,08/13/2022 16:24:57,CN=Renata Vasquez-Holm/OU=CHPSID/O=TACOM,,VMA-2022-000015,5D97FC4B5014C75ADC63483F9B2EEBFF,Backorder,,,Item backordered - requester notified. See attached correspondence.,Item backordered - requester notified,08/19/2022,Yes,CN=Renata Vasquez-Holm/OU=CHPSID/O=TACOM,08/13/2022 16:24:57,[TACOM];[CSR];[Admin];[ReadOnlyAudit];LocalDomainServers;CN=Lorraine Whitcombe/OU=CHPSID/O=TACOM,CN=Renata Vasquez-Holm/OU=CHPSID/O=TACOM;[Admin]
09EC386C227F14AC4824D1B20A340E6A,F7A2,23E9560B05D1B3447807FB5FE793E139,05/22/2026 10:54:34,05/22/2026 10:54:34,CN=Ret Hamlin/OU=CHPSID/O=TACOM,,VMA-2026-000508,23E9560B05D1B3447807FB5FE793E139,Phone Call - Outbound,William Fairweather,(410) 555-1114,Called requester to confirm address. See attached correspondence.,Called requester to confirm address,,,CN=Ret Hamlin/OU=CHPSID/O=TACOM,05/22/2026 10:54:34,[TACOM];[CSR];[Admin];[ReadOnlyAudit];LocalDomainServers;CN=Lorraine Whitcombe/OU=CHPSID/O=TACOM,CN=Ret Hamlin/OU=CHPSID/O=TACOM;[Admin]
C60DB244F6E964758BBFAED35518E55A,F7A6,7A7A7E5967AED638DE245DA5128F15C6,01/20/2014 18:15:00,01/20/2014 18:15:00,CN=Ret Hamlin/OU=CHPSID/O=TACOM,,VMA-2013-000001,7A7A7E5967AED638DE245DA5128F15C6,Phone Call - Inbound,Justin LINDQUARRY,(484) 555-1405,Requester called for status. Requester satisfied.,Requester called for status,,Yes,CN=Ret Hamlin/OU=CHPSID/O=TACOM,01/20/2014 18:15:00,[TACOM];[CSR];[Admin];[ReadOnlyAudit];LocalDomainServers;CN=Lorraine Whitcombe/OU=CHPSID/O=TACOM,CN=Ret Hamlin/OU=CHPSID/O=TACOM;[Admin]
F213360CDA3470D7FE9C3E8BF42C646E,F7AA,605601192479BEDBF4D09386AC3E981D,05/11/2024 17:28:35,05/11/2024 17:28:35,CN=Benedetta Kowalczyk/OU=CHPSID/O=TACOM,,VMA-2024-000024,605601192479BEDBF4D09386AC3E981D,QC Rework,,,"QC failed - engraving misspelled, returned to shop. No further action.","QC failed - engraving misspelled, returned to shop",,Yes,CN=Benedetta Kowalczyk/OU=CHPSID/O=TACOM,05/11/2024 17:28:35,[TACOM];[CSR];[Admin];[ReadOnlyAudit];LocalDomainServers;CN=Ret Hamlin/OU=CHPSID/O=TACOM,CN=Benedetta Kowalczyk/OU=CHPSID/O=TACOM;[Admin]
AFC5FAA4E1A94929B8B395E6A508327A,F7AE,1776BCCB206C690ABA50A0B15B067235,06/11/2020 18:48:24,06/11/2020 18:48:24,CN=Lorraine Whitcombe/OU=CHPSID/O=TACOM,,VMA-2020-000082,1776BCCB206C690ABA50A0B15B067235,NOK Documentation,,,Death certificate / relationship proof received. See attached correspondence.,Death certificate / relationship proof received,,,CN=Lorraine Whitcombe/OU=CHPSID/O=TACOM,06/11/2020 18:48:24,[TACOM];[CSR];[Admin];[ReadOnlyAudit];LocalDomainServers;CN=Dwayne Petrakis/OU=CHPSID/O=TACOM,CN=Lorraine Whitcombe/OU=CHPSID/O=TACOM;[Admin]
5FB7D4C2EAC378F18A40581EE7B08377,F7B2,4141F31E2BEBBE70E50B8462A5B9BCC4,08/21/2013 21:48:49,08/21/2013 21:48:49,CN=Renata Vasquez-Holm/OU=CHPSID/O=TACOM,,VMA-2013-000017,4141F31E2BEBBE70E50B8462A5B9BCC4,Congressional Inquiry,,,Congressional inquiry received - response due 10 days. Escalated to lead CSR.,Congressional inquiry received - response due 10 days,,Yes,CN=Renata Vasquez-Holm/OU=CHPSID/O=TACOM,08/21/2013 21:48:49,[TACOM];[CSR];[Admin];[ReadOnlyAudit];LocalDomainServers;CN=Lorraine Whitcombe/OU=CHPSID/O=TACOM,CN=Renata Vasquez-Holm/OU=CHPSID/O=TACOM;[Admin]
4E566B1E883FC41657D4FFB70082892D,F7B6,DD9A205C32E3E2526DE3864D1902260E,04/05/2019 12:57:35,04/05/2019 12:57:35,CN=Marlene Okafor/OU=CHPSID/O=TACOM,,VMA-2019-000064,DD9A205C32E3E2526DE3864D1902260E,HRC Query,,,Sent eligibility query to HRC Awards Branch. Requester satisfied.,Sent eligibility query to HRC Awards Branch,,Yes,CN=Marlene Okafor/OU=CHPSID/O=TACOM,04/05/2019 12:57:35,[TACOM];[CSR];[Admin];[ReadOnlyAudit];LocalDomainServers;CN=Marlene Okafor/OU=CHPSID/O=TACOM,CN=Marlene Okafor/OU=CHPSID/O=TACOM;[Admin]
CA115A5C99BD7A235F52D45E08EB9835,F7BA,1DFDC587B2254DFD5976F2082A959E61,02/21/2026 19:05:22,02/21/2026 19:05:22,CN=Marlene Okafor/OU=CHPSID/O=TACOM,,VMA-2026-000443,1DFDC587B2254DFD5976F2082A959E61,NPRC Query,,,Requested OMPF verification from NPRC. No further action.,Requested OMPF verification from NPRC,02/24/2026,,CN=Marlene Okafor/OU=CHPSID/O=TACOM,02/21/2026 19:05:22,[TACOM];[CSR];[Admin];[ReadOnlyAudit];LocalDomainServers;CN=Ret Hamlin/OU=CHPSID/O=TACOM,CN=Marlene Okafor/OU=CHPSID/O=TACOM;[Admin]
41170A1DFEF3FB524646D0A851D05E31,F7BE,A119CED203E49B30AA178678B6BCCB3B,10/03/2012 07:18:42,10/03/2012 07:18:42,CN=Ret Hamlin/OU=CHPSID/O=TACOM,,VMA-2012-000026,A119CED203E49B30AA178678B6BCCB3B,NOK Documentation,,,Death certificate / relationship proof received. No further action.,Death certificate / relationship proof received,,Yes,CN=Ret Hamlin/OU=CHPSID/O=TACOM,10/03/2012 07:18:42,[TACOM];[CSR];[Admin];[ReadOnlyAudit];LocalDomainServers;CN=Marlene Okafor/OU=CHPSID/O=TACOM,CN=Ret Hamlin/OU=CHPSID/O=TACOM;[Admin]
A5AF4FC743E0B7758595CA09A3C2AB83,F7C2,5874AAAEEE46AA2300E76BAD91330DCE,01/02/2020 19:32:21,01/02/2020 19:32:21,CN=Dwayne Petrakis/OU=CHPSID/O=TACOM,Correspondence_VMA-2019-000053.pdf,VMA-2019-000053,5874AAAEEE46AA2300E76BAD91330DCE,NOK Documentation,,,Death certificate / relationship proof received. No further action.,Death certificate / relationship proof received,,Yes,CN=Dwayne Petrakis/OU=CHPSID/O=TACOM,01/02/2020 19:32:21,[TACOM];[CSR];[Admin];[ReadOnlyAudit];LocalDomainServers;CN=Lorraine Whitcombe/OU=CHPSID/O=TACOM,CN=Dwayne Petrakis/OU=CHPSID/O=TACOM;[Admin]
82BCB6AD742052707C21F56FDECC0D1E,F7C6,66007A09C4990E366D4F448B2D5FAAA2,06/21/2026 15:27:25,06/21/2026 15:27:25,CN=Marlene Okafor/OU=CHPSID/O=TACOM,,VMA-2026-000616,66007A09C4990E366D4F448B2D5FAAA2,Address Correction,,,Address updated per requester. Escalated to lead CSR.,Address updated per requester,,Yes,CN=Marlene Okafor/OU=CHPSID/O=TACOM,06/21/2026 15:27:25,[TACOM];[CSR];[Admin];[ReadOnlyAudit];LocalDomainServers;CN=Renata Vasquez-Holm/OU=CHPSID/O=TACOM,CN=Marlene Okafor/OU=CHPSID/O=TACOM;[Admin]
948D14265DC7967B747F55888162614B,F7CA,0668A7D363D63F2B8C14A579B15E6D06,06/19/2026 20:35:56,06/19/2026 20:35:56,CN=Renata Vasquez-Holm/OU=CHPSID/O=TACOM,,VMA-2026-000543,0668A7D363D63F2B8C14A579B15E6D06,Congressional Inquiry,,,Congressional inquiry received - response due 10 days. No further action.,Congressional inquiry received - response due 10 days,06/30/2026,,CN=Renata Vasquez-Holm/OU=CHPSID/O=TACOM,06/19/2026 20:35:56,[TACOM];[CSR];[Admin];[ReadOnlyAudit];LocalDomainServers;CN=Ret Hamlin/OU=CHPSID/O=TACOM,CN=Renata Vasquez-Holm/OU=CHPSID/O=TACOM;[Admin]
2AA4EF663A3F22AEACFD4E5086D1B950,F7CE,B4238A990740D5DDB80EFC33A6DA06E9,10/03/2016 19:12:13,10/03/2016 19:12:13,CN=Dwayne Petrakis/OU=CHPSID/O=TACOM,Correspondence_VMA-2016-000032.pdf,VMA-2016-000032,B4238A990740D5DDB80EFC33A6DA06E9,NPRC Query,,,Requested OMPF verification from NPRC. Requester satisfied.,Requested OMPF verification from NPRC,,Yes,CN=Dwayne Petrakis/OU=CHPSID/O=TACOM,10/03/2016 19:12:13,[TACOM];[CSR];[Admin];[ReadOnlyAudit];LocalDomainServers;CN=Lorraine Whitcombe/OU=CHPSID/O=TACOM,CN=Dwayne Petrakis/OU=CHPSID/O=TACOM;[Admin]
07A682BDEB05012379EABDB4D76C99E9,F7D2,DF83CD5C7832065A380703B0F9F86180,05/15/2026 17:01:26,05/15/2026 17:01:26,CN=Benedetta Kowalczyk/OU=CHPSID/O=TACOM,,VMA-2026-000525,DF83CD5C7832065A380703B0F9F86180,General,,,General note. See attached correspondence.,General note,05/18/2026,Yes,CN=Benedetta Kowalczyk/OU=CHPSID/O=TACOM,05/15/2026 17:01:26,[TACOM];[CSR];[Admin];[ReadOnlyAudit];LocalDomainServers;CN=Lorraine Whitcombe/OU=CHPSID/O=TACOM,CN=Benedetta Kowalczyk/OU=CHPSID/O=TACOM;[Admin]
3AFAECEC53093C649E0E2AB5424BF54D,F7D6,2614883F496C4A3B839EB7F0602042A5,12/23/2021 17:22:24,12/23/2021 17:22:24,CN=Lorraine Whitcombe/OU=CHPSID/O=TACOM,Correspondence_VMA-2021-000040.pdf,VMA-2021-000040,2614883F496C4A3B839EB7F0602042A5,Phone Call - Outbound,Brandon Haverstock,(484) 555-1076,Called requester to confirm address. See attached correspondence.,Called requester to confirm address,,Yes,CN=Lorraine Whitcombe/OU=CHPSID/O=TACOM,12/23/2021 17:22:24,[TACOM];[CSR];[Admin];[ReadOnlyAudit];LocalDomainServers;CN=Lorraine Whitcombe/OU=CHPSID/O=TACOM,CN=Lorraine Whitcombe/OU=CHPSID/O=TACOM;[Admin]
3E0DC5071A729C6145520581CFDFE6BE,F7DA,BFD1FDC8BCE05A89A9ACC3BEB24E57E2,03/10/2015 21:43:08,03/10/2015 21:43:08,CN=Ret Hamlin/OU=CHPSID/O=TACOM,Correspondence_VMA-2015-000019.pdf,VMA-2015-000019,BFD1FDC8BCE05A89A9ACC3BEB24E57E2,QC Rework,,,"QC failed - engraving misspelled, returned to shop. Follow-up required.","QC failed - engraving misspelled, returned to shop",,,CN=Ret Hamlin/OU=CHPSID/O=TACOM,03/10/2015 21:43:08,[TACOM];[CSR];[Admin];[ReadOnlyAudit];LocalDomainServers;CN=Dwayne Petrakis/OU=CHPSID/O=TACOM,CN=Ret Hamlin/OU=CHPSID/O=TACOM;[Admin]
679A00FC30E52009903805302205A57B,F7DE,5177230011E53B12CDF9EB0086200D6A,07/23/2024 22:23:52,07/23/2024 22:23:52,CN=Marlene Okafor/OU=CHPSID/O=TACOM,Correspondence_VMA-2024-000008.pdf,VMA-2024-000008,5177230011E53B12CDF9EB0086200D6A,QC Rework,,,"QC failed - engraving misspelled, returned to shop. See attached correspondence.","QC failed - engraving misspelled, returned to shop",,,CN=Marlene Okafor/OU=CHPSID/O=TACOM,07/23/2024 22:23:52,[TACOM];[CSR];[Admin];[ReadOnlyAudit];LocalDomainServers;CN=Renata Vasquez-Holm/OU=CHPSID/O=TACOM,CN=Marlene Okafor/OU=CHPSID/O=TACOM;[Admin]
06ED49DA5110CD1B039F9CEC1CBC4380,F7E2,F95A42FC65DD92893143EED36E03AC61,07/24/2017 18:22:40,07/24/2017 18:22:40,CN=Ret Hamlin/OU=CHPSID/O=TACOM,,VMA-2017-000009,F95A42FC65DD92893143EED36E03AC61,Phone Call - Outbound,Lisa Washington-Pryce,(215) 555-1776,Called requester to confirm address. Requester satisfied.,Called requester to confirm address,,Yes,CN=Ret Hamlin/OU=CHPSID/O=TACOM,07/24/2017 18:22:40,[TACOM];[CSR];[Admin];[ReadOnlyAudit];LocalDomainServers;CN=Ret Hamlin/OU=CHPSID/O=TACOM,CN=Ret Hamlin/OU=CHPSID/O=TACOM;[Admin]
90BBA1C8B8E15AFC4B9B992CFCA5B837,F7E6,40481BE2BC37517D2132581CDE1E70D3,09/05/2008 21:41:56,09/05/2008 21:41:56,CN=Ret Hamlin/OU=CHPSID/O=TACOM,Correspondence_VMA-2008-000060.pdf,VMA-2008-000060,40481BE2BC37517D2132581CDE1E70D3,HRC Query,,,Sent eligibility query to HRC Awards Branch. No further action.,Sent eligibility query to HRC Awards Branch,,,CN=Ret Hamlin/OU=CHPSID/O=TACOM,09/05/2008 21:41:56,[TACOM];[CSR];[Admin];[ReadOnlyAudit];LocalDomainServers;CN=Ret Hamlin/OU=CHPSID/O=TACOM,CN=Ret Hamlin/OU=CHPSID/O=TACOM;[Admin]
0FBFBF61C2EBC6F3C70D04BDEFD5D086,F7EA,0501938E8B028DC3435039C36FA2C96D,10/22/2009 22:21:43,10/22/2009 22:21:43,CN=Ret Hamlin/OU=CHPSID/O=TACOM,,VMA-2009-000063,0501938E8B028DC3435039C36FA2C96D,Address Correction,,,Address updated per requester. Follow-up required.,Address updated per requester,,,CN=Ret Hamlin/OU=CHPSID/O=TACOM,10/22/2009 22:21:43,[TACOM];[CSR];[Admin];[ReadOnlyAudit];LocalDomainServers;CN=Lorraine Whitcombe/OU=CHPSID/O=TACOM,CN=Ret Hamlin/OU=CHPSID/O=TACOM;[Admin]
B75EC81127F3E72D0A9EBCCD3D78F2DF,F7EE,530660EC22E47EBA93A1AFE796944694,08/20/2026 07:52:17,08/20/2026 07:52:17,CN=Marlene Okafor/OU=CHPSID/O=TACOM,,VMA-2026-000417,530660EC22E47EBA93A1AFE796944694,Address Correction,,,Address updated per requester. No further action.,Address updated per requester,08/24/2026,Yes,CN=Marlene Okafor/OU=CHPSID/O=TACOM,08/20/2026 07:52:17,[TACOM];[CSR];[Admin];[ReadOnlyAudit];LocalDomainServers;CN=Dwayne Petrakis/OU=CHPSID/O=TACOM,CN=Marlene Okafor/OU=CHPSID/O=TACOM;[Admin]
06D575F60181B045D9FA6D794ECEB9F1,F7F2,ECF2D550AB4EA174B03E24865FBCB029,03/15/2013 09:58:46,03/15/2013 09:58:46,CN=Benedetta Kowalczyk/OU=CHPSID/O=TACOM,,VMA-2013-000039,ECF2D550AB4EA174B03E24865FBCB029,NPRC Query,,,Requested OMPF verification from NPRC. No further action.,Requested OMPF verification from NPRC,03/23/2013,Yes,CN=Benedetta Kowalczyk/OU=CHPSID/O=TACOM,03/15/2013 09:58:46,[TACOM];[CSR];[Admin];[ReadOnlyAudit];LocalDomainServers;CN=Lorraine Whitcombe/OU=CHPSID/O=TACOM,CN=Benedetta Kowalczyk/OU=CHPSID/O=TACOM;[Admin]
8C854C6BE820370EA287945E863570DB,F7F6,DCBB7F679261EDDB0B502E1144FC1340,04/06/2026 12:17:12,04/06/2026 12:17:12,CN=Renata Vasquez-Holm/OU=CHPSID/O=TACOM,,VMA-2026-000244,DCBB7F679261EDDB0B502E1144FC1340,General,,,General note. Escalated to lead CSR.,General note,,Yes,CN=Renata Vasquez-Holm/OU=CHPSID/O=TACOM,04/06/2026 12:17:12,[TACOM];[CSR];[Admin];[ReadOnlyAudit];LocalDomainServers;CN=Benedetta Kowalczyk/OU=CHPSID/O=TACOM,CN=Renata Vasquez-Holm/OU=CHPSID/O=TACOM;[Admin]
6208DD5696B61E97040151C4555543AC,F7FA,21681E832B6EA932EF8770DC12168D21,05/26/2006 19:15:20,05/26/2006 19:15:20,CN=Ret Hamlin/OU=CHPSID/O=TACOM,,VMA-2006-000047,21681E832B6EA932EF8770DC12168D21,Backorder,,,Item backordered - requester notified. No further action.,Item backordered - requester notified,,,CN=Ret Hamlin/OU=CHPSID/O=TACOM,05/26/2006 19:15:20,[TACOM];[CSR];[Admin];[ReadOnlyAudit];LocalDomainServers;CN=Renata Vasquez-Holm/OU=CHPSID/O=TACOM,CN=Ret Hamlin/OU=CHPSID/O=TACOM;[Admin]
263E819E87336FCCBE26056127B0999B,F7FE,E1229D1F6DB69EFE02666B114A0967B7,09/07/2022 21:10:05,09/07/2022 21:10:05,CN=Marlene Okafor/OU=CHPSID/O=TACOM,,VMA-2022-000033,E1229D1F6DB69EFE02666B114A0967B7,Phone Call - Inbound,Arthur Marrowbridge,(717) 555-1683,Requester called for status. No further action.,Requester called for status,,,CN=Marlene Okafor/OU=CHPSID/O=TACOM,09/07/2022 21:10:05,[TACOM];[CSR];[Admin];[ReadOnlyAudit];LocalDomainServers;CN=Lorraine Whitcombe/OU=CHPSID/O=TACOM,CN=Marlene Okafor/OU=CHPSID/O=TACOM;[Admin]
2425857877A59BCFA0AC330BF7363E45,F802,E9BB663C4535BFFB1EC037D5FA0A476A,04/05/2026 19:02:18,04/05/2026 19:02:18,CN=Renata Vasquez-Holm/OU=CHPSID/O=TACOM,,VMA-2026-000622,E9BB663C4535BFFB1EC037D5FA0A476A,NOK Documentation,,,Death certificate / relationship proof received. Requester satisfied.,Death certificate / relationship proof received,,Yes,CN=Renata Vasquez-Holm/OU=CHPSID/O=TACOM,04/05/2026 19:02:18,[TACOM];[CSR];[Admin];[ReadOnlyAudit];LocalDomainServers;CN=Lorraine Whitcombe/OU=CHPSID/O=TACOM,CN=Renata Vasquez-Holm/OU=CHPSID/O=TACOM;[Admin]
8D4321A0492B84B729A86FD64C1A858D,F806,D61DB681C93A2C1D6C91D24299A31AF7,03/13/2019 22:30:42,03/13/2019 22:30:42,CN=Marlene Okafor/OU=CHPSID/O=TACOM,,VMA-2019-000092,D61DB681C93A2C1D6C91D24299A31AF7,Congressional Inquiry,,,Congressional inquiry received - response due 10 days. No further action.,Congressional inquiry received - response due 10 days,,Yes,CN=Marlene Okafor/OU=CHPSID/O=TACOM,03/13/2019 22:30:42,[TACOM];[CSR];[Admin];[ReadOnlyAudit];LocalDomainServers;CN=Renata Vasquez-Holm/OU=CHPSID/O=TACOM,CN=Marlene Okafor/OU=CHPSID/O=TACOM;[Admin]
2D293E54CD7B11F59390885A6C44CA51,F80A,305FD3CB15D5A2F77763DB833CD8BAEC,05/28/2020 14:27:11,05/28/2020 14:27:11,CN=Ret Hamlin/OU=CHPSID/O=TACOM,,VMA-2020-000095,305FD3CB15D5A2F77763DB833CD8BAEC,Phone Call - Outbound,Ralph Vanterpool,(410) 555-1145,Called requester to confirm address. Follow-up required.,Called requester to confirm address,06/11/2020,Yes,CN=Ret Hamlin/OU=CHPSID/O=TACOM,05/28/2020 14:27:11,[TACOM];[CSR];[Admin];[ReadOnlyAudit];LocalDomainServers;CN=Lorraine Whitcombe/OU=CHPSID/O=TACOM,CN=Ret Hamlin/OU=CHPSID/O=TACOM;[Admin]
555DC7B4AD1CDC48C0E38D716E055ECB,F80E,0D83CD94980103612DAE42AA8DC1F8F7,01/20/2010 17:37:09,01/20/2010 17:37:09,CN=Dwayne Petrakis/OU=CHPSID/O=TACOM,,VMA-2009-000026,0D83CD94980103612DAE42AA8DC1F8F7,Phone Call - Inbound,Brian Barrowclough,(856) 555-1353,Requester called for status. See attached correspondence.,Requester called for status,,Yes,CN=Dwayne Petrakis/OU=CHPSID/O=TACOM,01/20/2010 17:37:09,[TACOM];[CSR];[Admin];[ReadOnlyAudit];LocalDomainServers;CN=Lorraine Whitcombe/OU=CHPSID/O=TACOM,CN=Dwayne Petrakis/OU=CHPSID/O=TACOM;[Admin]
523ADF3321DD3EE55F97C710EC7600B8,F812,1EA7E68A95DD298B21DDDE0CE43CC748,08/08/2006 09:35:56,08/08/2006 09:35:56,CN=Lorraine Whitcombe/OU=CHPSID/O=TACOM,,VMA-2006-000089,1EA7E68A95DD298B21DDDE0CE43CC748,HRC Query,,,Sent eligibility query to HRC Awards Branch. See attached correspondence.,Sent eligibility query to HRC Awards Branch,,Yes,CN=Lorraine Whitcombe/OU=CHPSID/O=TACOM,08/08/2006 09:35:56,[TACOM];[CSR];[Admin];[ReadOnlyAudit];LocalDomainServers;CN=Renata Vasquez-Holm/OU=CHPSID/O=TACOM,CN=Lorraine Whitcombe/OU=CHPSID/O=TACOM;[Admin]
9F83A43E95A2E996F8F0D9A961ACAA7D,F816,4A12C8F461E377B65787BE7BD26CA9B7,06/16/2006 16:05:12,06/16/2006 16:05:12,CN=Marlene Okafor/OU=CHPSID/O=TACOM,,VMA-2006-000085,4A12C8F461E377B65787BE7BD26CA9B7,Phone Call - Inbound,Andre Tarquinio,(484) 555-1025,Requester called for status. No further action.,Requester called for status,06/22/2006,,CN=Marlene Okafor/OU=CHPSID/O=TACOM,06/16/2006 16:05:12,[TACOM];[CSR];[Admin];[ReadOnlyAudit];LocalDomainServers;CN=Dwayne Petrakis/OU=CHPSID/O=TACOM,CN=Marlene Okafor/OU=CHPSID/O=TACOM;[Admin]
2C23BC61AC1AD3AAE552DD52E64AF018,F81A,C3F63D77851E5C796D527B10CFABF42D,03/21/2014 12:58:28,03/21/2014 12:58:28,CN=Marlene Okafor/OU=CHPSID/O=TACOM,,VMA-2014-000056,C3F63D77851E5C796D527B10CFABF42D,Phone Call - Inbound,Joshua Rathbourne,(215) 555-1381,Requester called for status. Requester satisfied.,Requester called for status,,Yes,CN=Marlene Okafor/OU=CHPSID/O=TACOM,03/21/2014 12:58:28,[TACOM];[CSR];[Admin];[ReadOnlyAudit];LocalDomainServers;CN=Ret Hamlin/OU=CHPSID/O=TACOM,CN=Marlene Okafor/OU=CHPSID/O=TACOM;[Admin]
9BD268F1BC2751E1B723C19673D2FEBE,F81E,2FD00E0B322C992697BB81FF99B1A08C,08/09/2026 16:53:25,08/09/2026 16:53:25,CN=Renata Vasquez-Holm/OU=CHPSID/O=TACOM,,VMA-2026-000635,2FD00E0B322C992697BB81FF99B1A08C,Address Correction,,,Address updated per requester. Requester satisfied.,Address updated per requester,08/13/2026,Yes,CN=Renata Vasquez-Holm/OU=CHPSID/O=TACOM,08/09/2026 16:53:25,[TACOM];[CSR];[Admin];[ReadOnlyAudit];LocalDomainServers;CN=Ret Hamlin/OU=CHPSID/O=TACOM,CN=Renata Vasquez-Holm/OU=CHPSID/O=TACOM;[Admin]
F11A56C7265E2B109DA4C461C724C40A,F822,9C17BD75C1959399B368D0274C3FB966,07/07/2019 15:26:43,07/07/2019 15:26:43,CN=Dwayne Petrakis/OU=CHPSID/O=TACOM,,VMA-2019-000040,9C17BD75C1959399B368D0274C3FB966,Address Correction,,,Address updated per requester. Requester satisfied.,Address updated per requester,07/11/2019,Yes,CN=Dwayne Petrakis/OU=CHPSID/O=TACOM,07/07/2019 15:26:43,[TACOM];[CSR];[Admin];[ReadOnlyAudit];LocalDomainServers;CN=Benedetta Kowalczyk/OU=CHPSID/O=TACOM,CN=Dwayne Petrakis/OU=CHPSID/O=TACOM;[Admin]
F9228295D6ACF1CF455DE9DD5D26AE4A,F826,3A20C2C19B3F6106583AFF232214ECC0,08/14/2015 20:46:55,08/14/2015 20:46:55,CN=Ret Hamlin/OU=CHPSID/O=TACOM,,VMA-2015-000088,3A20C2C19B3F6106583AFF232214ECC0,Backorder,,,Item backordered - requester notified. No further action.,Item backordered - requester notified,,Yes,CN=Ret Hamlin/OU=CHPSID/O=TACOM,08/14/2015 20:46:55,[TACOM];[CSR];[Admin];[ReadOnlyAudit];LocalDomainServers;CN=Marlene Okafor/OU=CHPSID/O=TACOM,CN=Ret Hamlin/OU=CHPSID/O=TACOM;[Admin]
6E680DD60350C09CA4B442F942CFFC20,F82A,1C6799F9450ADFDFC91B2688A78BCDD6,11/24/2006 17:35:29,11/24/2006 17:35:29,CN=Renata Vasquez-Holm/OU=CHPSID/O=TACOM,,VMA-2006-000076,1C6799F9450ADFDFC91B2688A78BCDD6,Congressional Inquiry,,,Congressional inquiry received - response due 10 days. Requester satisfied.,Congressional inquiry received - response due 10 days,,Yes,CN=Renata Vasquez-Holm/OU=CHPSID/O=TACOM,11/24/2006 17:35:29,[TACOM];[CSR];[Admin];[ReadOnlyAudit];LocalDomainServers;CN=Lorraine Whitcombe/OU=CHPSID/O=TACOM,CN=Renata Vasquez-Holm/OU=CHPSID/O=TACOM;[Admin]
5C322CB9B5B58E0D369419866150FD4D,F82E,62A5981B1D009AC1BAD6945033A3CF24,03/03/2026 20:53:02,03/03/2026 20:53:02,CN=Marlene Okafor/OU=CHPSID/O=TACOM,,VMA-2026-000463,62A5981B1D009AC1BAD6945033A3CF24,Congressional Inquiry,,,Congressional inquiry received - response due 10 days. Requester satisfied.,Congressional inquiry received - response due 10 days,,,CN=Marlene Okafor/OU=CHPSID/O=TACOM,03/03/2026 20:53:02,[TACOM];[CSR];[Admin];[ReadOnlyAudit];LocalDomainServers;CN=Lorraine Whitcombe/OU=CHPSID/O=TACOM,CN=Marlene Okafor/OU=CHPSID/O=TACOM;[Admin]
640CF61F56787A435362BEC27E1923BF,F832,5B6A159A46FF926E2496C6CAF1336728,09/07/2016 22:12:02,09/07/2016 22:12:02,CN=Lorraine Whitcombe/OU=CHPSID/O=TACOM,,VMA-2016-000025,5B6A159A46FF926E2496C6CAF1336728,Congressional Inquiry,,,Congressional inquiry received - response due 10 days. See attached correspondence.,Congressional inquiry received - response due 10 days,,Yes,CN=Lorraine Whitcombe/OU=CHPSID/O=TACOM,09/07/2016 22:12:02,[TACOM];[CSR];[Admin];[ReadOnlyAudit];LocalDomainServers;CN=Lorraine Whitcombe/OU=CHPSID/O=TACOM,CN=Lorraine Whitcombe/OU=CHPSID/O=TACOM;[Admin]
4A387F1370E0A465525822DC76945FD9,F836,EA6A3D46E39EA6344D3DE13CD3EC3486,12/08/2011 16:29:22,12/08/2011 16:29:22,CN=Dwayne Petrakis/OU=CHPSID/O=TACOM,,VMA-2011-000011,EA6A3D46E39EA6344D3DE13CD3EC3486,Phone Call - Inbound,Jamal Villanueva-Cox,(302) 555-1240,Requester called for status. See attached correspondence.,Requester called for status,,Yes,CN=Dwayne Petrakis/OU=CHPSID/O=TACOM,12/08/2011 16:29:22,[TACOM];[CSR];[Admin];[ReadOnlyAudit];LocalDomainServers;CN=Marlene Okafor/OU=CHPSID/O=TACOM,CN=Dwayne Petrakis/OU=CHPSID/O=TACOM;[Admin]
37B3E336A89FED26ACE3CB0E51E62657,F83A,CFF9C68A0CA87D08AF6D2E35CE0409FF,06/07/2024 19:56:52,06/07/2024 19:56:52,CN=Ret Hamlin/OU=CHPSID/O=TACOM,,VMA-2024-000112,CFF9C68A0CA87D08AF6D2E35CE0409FF,HRC Query,,,Sent eligibility query to HRC Awards Branch. No further action.,Sent eligibility query to HRC Awards Branch,,,CN=Ret Hamlin/OU=CHPSID/O=TACOM,06/07/2024 19:56:52,[TACOM];[CSR];[Admin];[ReadOnlyAudit];LocalDomainServers;CN=Renata Vasquez-Holm/OU=CHPSID/O=TACOM,CN=Ret Hamlin/OU=CHPSID/O=TACOM;[Admin]
FB50EF0372E8B45EF5223490817A0739,F83E,B247BF95A86A9B6267E19051B0FD2C0F,03/14/2014 13:38:44,03/14/2014 13:38:44,CN=Marlene Okafor/OU=CHPSID/O=TACOM,,VMA-2014-000011,B247BF95A86A9B6267E19051B0FD2C0F,Phone Call - Inbound,Andrew Yarrowdale,(703) 555-1439,Requester called for status. See attached correspondence.,Requester called for status,,,CN=Marlene Okafor/OU=CHPSID/O=TACOM,03/14/2014 13:38:44,[TACOM];[CSR];[Admin];[ReadOnlyAudit];LocalDomainServers;CN=Dwayne Petrakis/OU=CHPSID/O=TACOM,CN=Marlene Okafor/OU=CHPSID/O=TACOM;[Admin]
A83998CACA315E270C2ECC00DF5E37F6,F842,341033BE01F90C5BFAE906DCC6878A9D,06/10/2026 17:15:58,06/10/2026 17:15:58,CN=Marlene Okafor/OU=CHPSID/O=TACOM,,VMA-2026-000412,341033BE01F90C5BFAE906DCC6878A9D,Congressional Inquiry,,,Congressional inquiry received - response due 10 days. See attached correspondence.,Congressional inquiry received - response due 10 days,,Yes,CN=Marlene Okafor/OU=CHPSID/O=TACOM,06/10/2026 17:15:58,[TACOM];[CSR];[Admin];[ReadOnlyAudit];LocalDomainServers;CN=Lorraine Whitcombe/OU=CHPSID/O=TACOM,CN=Marlene Okafor/OU=CHPSID/O=TACOM;[Admin]
C9094893FC82DB169F9BB6ADA0D7F60A,F846,4741E49BC6541127CFA118BE417A240C,06/06/2014 14:29:18,06/06/2014 14:29:18,CN=Benedetta Kowalczyk/OU=CHPSID/O=TACOM,,VMA-2014-000059,4741E49BC6541127CFA118BE417A240C,Phone Call - Inbound,William Wexcombe,(610) 555-1844,Requester called for status. Follow-up required.,Requester called for status,,Yes,CN=Benedetta Kowalczyk/OU=CHPSID/O=TACOM,06/06/2014 14:29:18,[TACOM];[CSR];[Admin];[ReadOnlyAudit];LocalDomainServers;CN=Benedetta Kowalczyk/OU=CHPSID/O=TACOM,CN=Benedetta Kowalczyk/OU=CHPSID/O=TACOM;[Admin]
69A9CF683D749D2DAA93FCBA13098794,F84A,FFE55F2ED353F7FF06563BB851671473,08/16/2014 12:28:36,08/16/2014 12:28:36,CN=Marlene Okafor/OU=CHPSID/O=TACOM,,VMA-2014-000025,FFE55F2ED353F7FF06563BB851671473,Phone Call - Inbound,Nancy Templeton-Ash,(215) 555-1112,Requester called for status. Requester satisfied.,Requester called for status,08/25/2014,Yes,CN=Marlene Okafor/OU=CHPSID/O=TACOM,08/16/2014 12:28:36,[TACOM];[CSR];[Admin];[ReadOnlyAudit];LocalDomainServers;CN=Marlene Okafor/OU=CHPSID/O=TACOM,CN=Marlene Okafor/OU=CHPSID/O=TACOM;[Admin]
6774DBE021F0D6182CBC3E5F9E1750AF,F84E,DF28C3E5D166900FDC26E97A460D78A4,02/25/2011 18:38:00,02/25/2011 18:38:00,CN=Marlene Okafor/OU=CHPSID/O=TACOM,,VMA-2011-000010,DF28C3E5D166900FDC26E97A460D78A4,Phone Call - Inbound,Helen Quarterman,(410) 555-1768,Requester called for status. Requester satisfied.,Requester called for status,,Yes,CN=Marlene Okafor/OU=CHPSID/O=TACOM,02/25/2011 18:38:00,[TACOM];[CSR];[Admin];[ReadOnlyAudit];LocalDomainServers;CN=Lorraine Whitcombe/OU=CHPSID/O=TACOM,CN=Marlene Okafor/OU=CHPSID/O=TACOM;[Admin]
9CEE686BD02AC4599345F88F8AA25DE4,F852,C84459666322910DB7AE051507DC439A,08/16/2014 10:21:52,08/16/2014 10:21:52,CN=Lorraine Whitcombe/OU=CHPSID/O=TACOM,,VMA-2014-000039,C84459666322910DB7AE051507DC439A,HRC Query,,,Sent eligibility query to HRC Awards Branch. Escalated to lead CSR.,Sent eligibility query to HRC Awards Branch,,Yes,CN=Lorraine Whitcombe/OU=CHPSID/O=TACOM,08/16/2014 10:21:52,[TACOM];[CSR];[Admin];[ReadOnlyAudit];LocalDomainServers;CN=Renata Vasquez-Holm/OU=CHPSID/O=TACOM,CN=Lorraine Whitcombe/OU=CHPSID/O=TACOM;[Admin]
10D16A878A5311487B76FA9FE95D99DE,F856,E2785E08B6671D2ED785BD128E36A1B4,06/13/2026 09:58:39,06/13/2026 09:58:39,CN=Benedetta Kowalczyk/OU=CHPSID/O=TACOM,,VMA-2026-000229,E2785E08B6671D2ED785BD128E36A1B4,Phone Call - Inbound,Luis Ledesma-Ortiz,(540) 555-1166,Requester called for status. Requester satisfied.,Requester called for status,06/26/2026,Yes,CN=Benedetta Kowalczyk/OU=CHPSID/O=TACOM,06/13/2026 09:58:39,[TACOM];[CSR];[Admin];[ReadOnlyAudit];LocalDomainServers;CN=Benedetta Kowalczyk/OU=CHPSID/O=TACOM,CN=Benedetta Kowalczyk/OU=CHPSID/O=TACOM;[Admin]
E17B3DE81555996184859772A3EDB74B,F85A,5A5E40A2985CBAF009EFEC4E390BB380,07/31/2026 19:36:45,07/31/2026 19:36:45,CN=Marlene Okafor/OU=CHPSID/O=TACOM,Correspondence_VMA-2026-000260.pdf,VMA-2026-000260,5A5E40A2985CBAF009EFEC4E390BB380,Phone Call - Inbound,Donna Galbreath,(540) 555-1518,Requester called for status. Requester satisfied.,Requester called for status,08/11/2026,,CN=Marlene Okafor/OU=CHPSID/O=TACOM,07/31/2026 19:36:45,[TACOM];[CSR];[Admin];[ReadOnlyAudit];LocalDomainServers;CN=Ret Hamlin/OU=CHPSID/O=TACOM,CN=Marlene Okafor/OU=CHPSID/O=TACOM;[Admin]
AD544318F3C1D3A316BB952811118F29,F85E,B02B2C60E6305464465E879207069E72,08/01/2004 18:35:30,08/01/2004 18:35:30,CN=Dwayne Petrakis/OU=CHPSID/O=TACOM,,VMA-2004-000052,B02B2C60E6305464465E879207069E72,Phone Call - Inbound,Clarence Wexcombe,(610) 555-1807,Requester called for status. Escalated to lead CSR.,Requester called for status,,Yes,CN=Dwayne Petrakis/OU=CHPSID/O=TACOM,08/01/2004 18:35:30,[TACOM];[CSR];[Admin];[ReadOnlyAudit];LocalDomainServers;CN=Dwayne Petrakis/OU=CHPSID/O=TACOM,CN=Dwayne Petrakis/OU=CHPSID/O=TACOM;[Admin]
1F15E02092B4A89BB4BD6649C4E4CB40,F862,629B553593AFDA57E6A748F6829FC87E,01/25/2015 19:15:10,01/25/2015 19:15:10,CN=Lorraine Whitcombe/OU=CHPSID/O=TACOM,,VMA-2015-000052,629B553593AFDA57E6A748F6829FC87E,HRC Query,,,Sent eligibility query to HRC Awards Branch. Follow-up required.,Sent eligibility query to HRC Awards Branch,02/05/2015,Yes,CN=Lorraine Whitcombe/OU=CHPSID/O=TACOM,01/25/2015 19:15:10,[TACOM];[CSR];[Admin];[ReadOnlyAudit];LocalDomainServers;CN=Lorraine Whitcombe/OU=CHPSID/O=TACOM,CN=Lorraine Whitcombe/OU=CHPSID/O=TACOM;[Admin]
8E328A56807A0CB386C4800404E5326E,F866,EA3EA66029BC636003CB323BA6531895,05/11/2016 13:22:38,05/11/2016 13:22:38,CN=Lorraine Whitcombe/OU=CHPSID/O=TACOM,,VMA-2016-000020,EA3EA66029BC636003CB323BA6531895,General,,,General note. Follow-up required.,General note,,Yes,CN=Lorraine Whitcombe/OU=CHPSID/O=TACOM,05/11/2016 13:22:38,[TACOM];[CSR];[Admin];[ReadOnlyAudit];LocalDomainServers;CN=Marlene Okafor/OU=CHPSID/O=TACOM,CN=Lorraine Whitcombe/OU=CHPSID/O=TACOM;[Admin]
DB4CBE2C1DF64FDCEAC6ED6BE75D924D,F86A,FDFDC1C2A94D40CEFF4B4574B29D85CF,04/03/2017 17:29:37,04/03/2017 17:29:37,CN=Benedetta Kowalczyk/OU=CHPSID/O=TACOM,,VMA-2017-000064,FDFDC1C2A94D40CEFF4B4574B29D85CF,Backorder,,,Item backordered - requester notified. No further action.,Item backordered - requester notified,,Yes,CN=Benedetta Kowalczyk/OU=CHPSID/O=TACOM,04/03/2017 17:29:37,[TACOM];[CSR];[Admin];[ReadOnlyAudit];LocalDomainServers;CN=Renata Vasquez-Holm/OU=CHPSID/O=TACOM,CN=Benedetta Kowalczyk/OU=CHPSID/O=TACOM;[Admin]
946E490A8DDD1CB25FF86D0BB36E507B,F86E,B4928E510CBCFD8D065F4C84B23B9B77,04/13/2026 08:02:06,04/13/2026 08:02:06,CN=Marlene Okafor/OU=CHPSID/O=TACOM,,VMA-2026-000604,B4928E510CBCFD8D065F4C84B23B9B77,Congressional Inquiry,,,Congressional inquiry received - response due 10 days. Escalated to lead CSR.,Congressional inquiry received - response due 10 days,04/24/2026,Yes,CN=Marlene Okafor/OU=CHPSID/O=TACOM,04/13/2026 08:02:06,[TACOM];[CSR];[Admin];[ReadOnlyAudit];LocalDomainServers;CN=Renata Vasquez-Holm/OU=CHPSID/O=TACOM,CN=Marlene Okafor/OU=CHPSID/O=TACOM;[Admin]
07B17FC45D39FE2C9D2392BD0BA568E4,F872,E3F0423305240687E7E849B153045BB3,11/12/2012 15:57:29,11/12/2012 15:57:29,CN=Benedetta Kowalczyk/OU=CHPSID/O=TACOM,Correspondence_VMA-2012-000084.pdf,VMA-2012-000084,E3F0423305240687E7E849B153045BB3,Congressional Inquiry,,,Congressional inquiry received - response due 10 days. See attached correspondence.,Congressional inquiry received - response due 10 days,,,CN=Benedetta Kowalczyk/OU=CHPSID/O=TACOM,11/12/2012 15:57:29,[TACOM];[CSR];[Admin];[ReadOnlyAudit];LocalDomainServers;CN=Lorraine Whitcombe/OU=CHPSID/O=TACOM,CN=Benedetta Kowalczyk/OU=CHPSID/O=TACOM;[Admin]
399B9FA52E8C68162155F5C08B35002D,F876,B52E1281729C4FB52890B73ECF9B89AB,06/09/2004 15:19:11,06/09/2004 15:19:11,CN=Dwayne Petrakis/OU=CHPSID/O=TACOM,,VMA-2004-000037,B52E1281729C4FB52890B73ECF9B89AB,NPRC Query,,,Requested OMPF verification from NPRC. Follow-up required.,Requested OMPF verification from NPRC,,Yes,CN=Dwayne Petrakis/OU=CHPSID/O=TACOM,06/09/2004 15:19:11,[TACOM];[CSR];[Admin];[ReadOnlyAudit];LocalDomainServers;CN=Ret Hamlin/OU=CHPSID/O=TACOM,CN=Dwayne Petrakis/OU=CHPSID/O=TACOM;[Admin]
EDA8F02BE3465534DB00809506FB1CF0,F87A,DAD3CEDB223E309EB06E5DB0D058C15E,11/21/2016 07:02:23,11/21/2016 07:02:23,CN=Lorraine Whitcombe/OU=CHPSID/O=TACOM,,VMA-2016-000079,DAD3CEDB223E309EB06E5DB0D058C15E,Phone Call - Inbound,Carlos Escobedo-Ruiz,(410) 555-1782,Requester called for status. Escalated to lead CSR.,Requester called for status,,,CN=Lorraine Whitcombe/OU=CHPSID/O=TACOM,11/21/2016 07:02:23,[TACOM];[CSR];[Admin];[ReadOnlyAudit];LocalDomainServers;CN=Dwayne Petrakis/OU=CHPSID/O=TACOM,CN=Lorraine Whitcombe/OU=CHPSID/O=TACOM;[Admin]
C8CCA968764AC45A98ABF1884F717763,F87E,3D3CC149C20740DC95C6662707C11268,02/18/2013 18:20:04,02/18/2013 18:20:04,CN=Renata Vasquez-Holm/OU=CHPSID/O=TACOM,Correspondence_VMA-2013-000066.pdf,VMA-2013-000066,3D3CC149C20740DC95C6662707C11268,HRC Query,,,Sent eligibility query to HRC Awards Branch. Follow-up required.,Sent eligibility query to HRC Awards Branch,,Yes,CN=Renata Vasquez-Holm/OU=CHPSID/O=TACOM,02/18/2013 18:20:04,[TACOM];[CSR];[Admin];[ReadOnlyAudit];LocalDomainServers;CN=Benedetta Kowalczyk/OU=CHPSID/O=TACOM,CN=Renata Vasquez-Holm/OU=CHPSID/O=TACOM;[Admin]
21370C3C2A5D012D8347D51D24DB3C1C,F882,7463BC2673516A6DA1A3361FDA753D41,01/13/2011 10:04:35,01/13/2011 10:04:35,CN=Dwayne Petrakis/OU=CHPSID/O=TACOM,,VMA-2011-000009,7463BC2673516A6DA1A3361FDA753D41,HRC Query,,,Sent eligibility query to HRC Awards Branch. See attached correspondence.,Sent eligibility query to HRC Awards Branch,,,CN=Dwayne Petrakis/OU=CHPSID/O=TACOM,01/13/2011 10:04:35,[TACOM];[CSR];[Admin];[ReadOnlyAudit];LocalDomainServers;CN=Dwayne Petrakis/OU=CHPSID/O=TACOM,CN=Dwayne Petrakis/OU=CHPSID/O=TACOM;[Admin]
F7E951E5413E73A31F0682DC70E85299,F886,94C4807F17D525531DC5E6355A38427F,05/06/2016 16:31:55,05/06/2016 16:31:55,CN=Lorraine Whitcombe/OU=CHPSID/O=TACOM,,VMA-2016-000009,94C4807F17D525531DC5E6355A38427F,QC Rework,,,"QC failed - engraving misspelled, returned to shop. No further action.","QC failed - engraving misspelled, returned to shop",,Yes,CN=Lorraine Whitcombe/OU=CHPSID/O=TACOM,05/06/2016 16:31:55,[TACOM];[CSR];[Admin];[ReadOnlyAudit];LocalDomainServers;CN=Lorraine Whitcombe/OU=CHPSID/O=TACOM,CN=Lorraine Whitcombe/OU=CHPSID/O=TACOM;[Admin]
A23202F235BA85EBC200D09773D56EE4,F88A,A51E24D620FEB76839C31DE78FC2CFC7,01/20/2005 01:16:01,01/20/2005 01:16:01,CN=Marlene Okafor/OU=CHPSID/O=TACOM,,VMA-2004-000015,A51E24D620FEB76839C31DE78FC2CFC7,Phone Call - Inbound,Arthur Zellinger,(302) 555-1986,Requester called for status. See attached correspondence.,Requester called for status,,Yes,CN=Marlene Okafor/OU=CHPSID/O=TACOM,01/20/2005 01:16:01,[TACOM];[CSR];[Admin];[ReadOnlyAudit];LocalDomainServers;CN=Dwayne Petrakis/OU=CHPSID/O=TACOM,CN=Marlene Okafor/OU=CHPSID/O=TACOM;[Admin]
37A402237BFAC07D4B859FB4CD23AC9A,F88E,148EAD7902CCFAA5F3A63D4443F522E3,09/10/2006 14:51:33,09/10/2006 14:51:33,CN=Marlene Okafor/OU=CHPSID/O=TACOM,,VMA-2006-000013,148EAD7902CCFAA5F3A63D4443F522E3,HRC Query,,,Sent eligibility query to HRC Awards Branch. No further action.,Sent eligibility query to HRC Awards Branch,,Yes,CN=Marlene Okafor/OU=CHPSID/O=TACOM,09/10/2006 14:51:33,[TACOM];[CSR];[Admin];[ReadOnlyAudit];LocalDomainServers;CN=Renata Vasquez-Holm/OU=CHPSID/O=TACOM,CN=Marlene Okafor/OU=CHPSID/O=TACOM;[Admin]
EF3D64BAB97C32CF0C5EB5553218492A,F892,182CEFC7E014A87FC4643C1EF542C63A,10/08/2022 16:09:24,10/08/2022 16:09:24,CN=Ret Hamlin/OU=CHPSID/O=TACOM,,VMA-2022-000058,182CEFC7E014A87FC4643C1EF542C63A,General,,,General note. Escalated to lead CSR.,General note,10/14/2022,Yes,CN=Ret Hamlin/OU=CHPSID/O=TACOM,10/08/2022 16:09:24,[TACOM];[CSR];[Admin];[ReadOnlyAudit];LocalDomainServers;CN=Lorraine Whitcombe/OU=CHPSID/O=TACOM,CN=Ret Hamlin/OU=CHPSID/O=TACOM;[Admin]
5A0F9EE181C701AC63303A226922D9F3,F896,9C447E3817F15452D52A8C944D54E99E,06/30/2005 09:05:01,06/30/2005 09:05:01,CN=Dwayne Petrakis/OU=CHPSID/O=TACOM,,VMA-2005-000040,9C447E3817F15452D52A8C944D54E99E,NPRC Query,,,Requested OMPF verification from NPRC. Escalated to lead CSR.,Requested OMPF verification from NPRC,07/10/2005,Yes,CN=Dwayne Petrakis/OU=CHPSID/O=TACOM,06/30/2005 09:05:01,[TACOM];[CSR];[Admin];[ReadOnlyAudit];LocalDomainServers;CN=Benedetta Kowalczyk/OU=CHPSID/O=TACOM,CN=Dwayne Petrakis/OU=CHPSID/O=TACOM;[Admin]
1096C05D8FDCDECAEEB4056BD5BFEC4B,F89A,5EB6AC800A351CCF6D25FFBBC1547D70,09/21/2015 10:21:53,09/21/2015 10:21:53,CN=Renata Vasquez-Holm/OU=CHPSID/O=TACOM,,VMA-2015-000074,5EB6AC800A351CCF6D25FFBBC1547D70,QC Rework,,,"QC failed - engraving misspelled, returned to shop. Follow-up required.","QC failed - engraving misspelled, returned to shop",,Yes,CN=Renata Vasquez-Holm/OU=CHPSID/O=TACOM,09/21/2015 10:21:53,[TACOM];[CSR];[Admin];[ReadOnlyAudit];LocalDomainServers;CN=Ret Hamlin/OU=CHPSID/O=TACOM,CN=Renata Vasquez-Holm/OU=CHPSID/O=TACOM;[Admin]
51E1B8289A22665717230C3646957EE5,F89E,341C2A1ACF75780C4AF67F9218871FD1,12/18/2004 08:29:51,12/18/2004 08:29:51,CN=Ret Hamlin/OU=CHPSID/O=TACOM,,VMA-2004-000082,341C2A1ACF75780C4AF67F9218871FD1,HRC Query,,,Sent eligibility query to HRC Awards Branch. Follow-up required.,Sent eligibility query to HRC Awards Branch,,Yes,CN=Ret Hamlin/OU=CHPSID/O=TACOM,12/18/2004 08:29:51,[TACOM];[CSR];[Admin];[ReadOnlyAudit];LocalDomainServers;CN=Benedetta Kowalczyk/OU=CHPSID/O=TACOM,CN=Ret Hamlin/OU=CHPSID/O=TACOM;[Admin]
4E596A1A8C0316DACF65B11608ECAA11,F8A2,F0494C69AEFAB3B5193898D2460088A6,04/14/2015 18:00:16,04/14/2015 18:00:16,CN=Renata Vasquez-Holm/OU=CHPSID/O=TACOM,,VMA-2015-000042,F0494C69AEFAB3B5193898D2460088A6,QC Rework,,,"QC failed - engraving misspelled, returned to shop. Follow-up required.","QC failed - engraving misspelled, returned to shop",,Yes,CN=Renata Vasquez-Holm/OU=CHPSID/O=TACOM,04/14/2015 18:00:16,[TACOM];[CSR];[Admin];[ReadOnlyAudit];LocalDomainServers;CN=Marlene Okafor/OU=CHPSID/O=TACOM,CN=Renata Vasquez-Holm/OU=CHPSID/O=TACOM;[Admin]
ABF4CEA76BA1D0EC448001BE572ACC8F,F8A6,71920C7843E3DFFF8D33C826E80887BD,04/23/2024 15:02:28,04/23/2024 15:02:28,CN=Marlene Okafor/OU=CHPSID/O=TACOM,,VMA-2024-000076,71920C7843E3DFFF8D33C826E80887BD,Congressional Inquiry,,,Congressional inquiry received - response due 10 days. No further action.,Congressional inquiry received - response due 10 days,04/29/2024,,CN=Marlene Okafor/OU=CHPSID/O=TACOM,04/23/2024 15:02:28,[TACOM];[CSR];[Admin];[ReadOnlyAudit];LocalDomainServers;CN=Benedetta Kowalczyk/OU=CHPSID/O=TACOM,CN=Marlene Okafor/OU=CHPSID/O=TACOM;[Admin]
925A0CE2BDC2D44007CCF0055694CE05,F8AA,FF3296E43551B7CEAE73B49593D89278,07/08/2016 18:29:03,07/08/2016 18:29:03,CN=Benedetta Kowalczyk/OU=CHPSID/O=TACOM,Correspondence_VMA-2016-000013.pdf,VMA-2016-000013,FF3296E43551B7CEAE73B49593D89278,NOK Documentation,,,Death certificate / relationship proof received. Requester satisfied.,Death certificate / relationship proof received,,Yes,CN=Benedetta Kowalczyk/OU=CHPSID/O=TACOM,07/08/2016 18:29:03,[TACOM];[CSR];[Admin];[ReadOnlyAudit];LocalDomainServers;CN=Lorraine Whitcombe/OU=CHPSID/O=TACOM,CN=Benedetta Kowalczyk/OU=CHPSID/O=TACOM;[Admin]
00062DEC1D91BD602A27FBF519D4804C,F8AE,C0BFA219A0CEBD22EBE1E3C287E613F4,09/14/2004 13:34:40,09/14/2004 13:34:40,CN=Dwayne Petrakis/OU=CHPSID/O=TACOM,,VMA-2004-000083,C0BFA219A0CEBD22EBE1E3C287E613F4,Phone Call - Outbound,Andrew Haverstock,(540) 555-1726,Called requester to confirm address. Requester satisfied.,Called requester to confirm address,,Yes,CN=Dwayne Petrakis/OU=CHPSID/O=TACOM,09/14/2004 13:34:40,[TACOM];[CSR];[Admin];[ReadOnlyAudit];LocalDomainServers;CN=Lorraine Whitcombe/OU=CHPSID/O=TACOM,CN=Dwayne Petrakis/OU=CHPSID/O=TACOM;[Admin]
1BBB20C4F1550001A025243444195003,F8B2,64C5D4C82E1E7113A98C817F3A9E1809,04/02/2020 16:02:59,04/02/2020 16:02:59,CN=Renata Vasquez-Holm/OU=CHPSID/O=TACOM,,VMA-2020-000099,64C5D4C82E1E7113A98C817F3A9E1809,QC Rework,,,"QC failed - engraving misspelled, returned to shop. No further action.","QC failed - engraving misspelled, returned to shop",,,CN=Renata Vasquez-Holm/OU=CHPSID/O=TACOM,04/02/2020 16:02:59,[TACOM];[CSR];[Admin];[ReadOnlyAudit];LocalDomainServers;CN=Lorraine Whitcombe/OU=CHPSID/O=TACOM,CN=Renata Vasquez-Holm/OU=CHPSID/O=TACOM;[Admin]
DAA8F50D9CC447B2EBA0B2054E8B1B5D,F8B6,8E771EE8A04A1440E8534F8CE43E58BD,01/17/2025 19:43:30,01/17/2025 19:43:30,CN=Ret Hamlin/OU=CHPSID/O=TACOM,,VMA-2025-000098,8E771EE8A04A1440E8534F8CE43E58BD,General,,,General note. See attached correspondence.,General note,,,CN=Ret Hamlin/OU=CHPSID/O=TACOM,01/17/2025 19:43:30,[TACOM];[CSR];[Admin];[ReadOnlyAudit];LocalDomainServers;CN=Marlene Okafor/OU=CHPSID/O=TACOM,CN=Ret Hamlin/OU=CHPSID/O=TACOM;[Admin]
923EBE2B004839DCE2F7CB6F0482EB42,F8BA,09FA241405F32E0A8421D857F0676A7D,06/26/2005 07:51:38,06/26/2005 07:51:38,CN=Benedetta Kowalczyk/OU=CHPSID/O=TACOM,,VMA-2005-000069,09FA241405F32E0A8421D857F0676A7D,General,,,General note. See attached correspondence.,General note,,Yes,CN=Benedetta Kowalczyk/OU=CHPSID/O=TACOM,06/26/2005 07:51:38,[TACOM];[CSR];[Admin];[ReadOnlyAudit];LocalDomainServers;CN=Benedetta Kowalczyk/OU=CHPSID/O=TACOM,CN=Benedetta Kowalczyk/OU=CHPSID/O=TACOM;[Admin]
89B47494A6905847B53BB4274D8BE0A4,F8BE,317D6BA23EFC69CA2266DB09EE8CAAEE,08/28/2011 16:00:40,08/28/2011 16:00:40,CN=Ret Hamlin/OU=CHPSID/O=TACOM,,VMA-2011-000091,317D6BA23EFC69CA2266DB09EE8CAAEE,QC Rework,,,"QC failed - engraving misspelled, returned to shop. Escalated to lead CSR.","QC failed - engraving misspelled, returned to shop",09/01/2011,Yes,CN=Ret Hamlin/OU=CHPSID/O=TACOM,08/28/2011 16:00:40,[TACOM];[CSR];[Admin];[ReadOnlyAudit];LocalDomainServers;CN=Ret Hamlin/OU=CHPSID/O=TACOM,CN=Ret Hamlin/OU=CHPSID/O=TACOM;[Admin]
C1C9D09912E587DAA7CCCBF006E4409B,F8C2,4D973AFC5897891FE77FF318E04A7D7B,11/21/2022 13:09:20,11/21/2022 13:09:20,CN=Ret Hamlin/OU=CHPSID/O=TACOM,,VMA-2022-000070,4D973AFC5897891FE77FF318E04A7D7B,Phone Call - Inbound,Rafael Jarvinen-Roe,(717) 555-1895,Requester called for status. See attached correspondence.,Requester called for status,11/30/2022,Yes,CN=Ret Hamlin/OU=CHPSID/O=TACOM,11/21/2022 13:09:20,[TACOM];[CSR];[Admin];[ReadOnlyAudit];LocalDomainServers;CN=Dwayne Petrakis/OU=CHPSID/O=TACOM,CN=Ret Hamlin/OU=CHPSID/O=TACOM;[Admin]
F96BE30454D9DAB366E512BE05DCFB22,F8C6,55986849AD6402186F9C57ADC9309740,08/22/2026 14:57:19,08/22/2026 14:57:19,CN=Lorraine Whitcombe/OU=CHPSID/O=TACOM,,VMA-2026-000166,55986849AD6402186F9C57ADC9309740,General,,,General note. Follow-up required.,General note,,Yes,CN=Lorraine Whitcombe/OU=CHPSID/O=TACOM,08/22/2026 14:57:19,[TACOM];[CSR];[Admin];[ReadOnlyAudit];LocalDomainServers;CN=Benedetta Kowalczyk/OU=CHPSID/O=TACOM,CN=Lorraine Whitcombe/OU=CHPSID/O=TACOM;[Admin]
E92267F3EE21035490D385EDA04B1F91,F8CA,85DB313DCEFC1F2E797C0AA2D0DA6EF4,02/14/2005 21:30:08,02/14/2005 21:30:08,CN=Renata Vasquez-Holm/OU=CHPSID/O=TACOM,,VMA-2005-000005,85DB313DCEFC1F2E797C0AA2D0DA6EF4,Backorder,,,Item backordered - requester notified. Requester satisfied.,Item backordered - requester notified,,Yes,CN=Renata Vasquez-Holm/OU=CHPSID/O=TACOM,02/14/2005 21:30:08,[TACOM];[CSR];[Admin];[ReadOnlyAudit];LocalDomainServers;CN=Dwayne Petrakis/OU=CHPSID/O=TACOM,CN=Renata Vasquez-Holm/OU=CHPSID/O=TACOM;[Admin]
C10979AB5C9B8F389136F12424F2A325,F8CE,7C72AF70E1CD8A308026B08375A2ACF1,11/03/2013 11:34:02,11/03/2013 11:34:02,CN=Lorraine Whitcombe/OU=CHPSID/O=TACOM,,VMA-2013-000024,7C72AF70E1CD8A308026B08375A2ACF1,Congressional Inquiry,,,Congressional inquiry received - response due 10 days. Requester satisfied.,Congressional inquiry received - response due 10 days,11/10/2013,Yes,CN=Lorraine Whitcombe/OU=CHPSID/O=TACOM,11/03/2013 11:34:02,[TACOM];[CSR];[Admin];[ReadOnlyAudit];LocalDomainServers;CN=Dwayne Petrakis/OU=CHPSID/O=TACOM,CN=Lorraine Whitcombe/OU=CHPSID/O=TACOM;[Admin]
AD1A074CFE06DDA8D3A3CB10729113A8,F8D2,6F9D4439AF4CCAE528E519C186871F13,06/27/2007 07:06:47,06/27/2007 07:06:47,CN=Ret Hamlin/OU=CHPSID/O=TACOM,,VMA-2007-000031,6F9D4439AF4CCAE528E519C186871F13,Phone Call - Inbound,Tyler Thornbury,(856) 555-1499,Requester called for status. Escalated to lead CSR.,Requester called for status,,,CN=Ret Hamlin/OU=CHPSID/O=TACOM,06/27/2007 07:06:47,[TACOM];[CSR];[Admin];[ReadOnlyAudit];LocalDomainServers;CN=Marlene Okafor/OU=CHPSID/O=TACOM,CN=Ret Hamlin/OU=CHPSID/O=TACOM;[Admin]
83785B1E8EAE21904293F812C3BB43B8,F8D6,92263F9D4E445074D0AD209C5B050777,07/20/2026 21:30:32,07/20/2026 21:30:32,CN=Benedetta Kowalczyk/OU=CHPSID/O=TACOM,,VMA-2026-000285,92263F9D4E445074D0AD209C5B050777,NOK Documentation,,,Death certificate / relationship proof received. Escalated to lead CSR.,Death certificate / relationship proof received,07/24/2026,Yes,CN=Benedetta Kowalczyk/OU=CHPSID/O=TACOM,07/20/2026 21:30:32,[TACOM];[CSR];[Admin];[ReadOnlyAudit];LocalDomainServers;CN=Marlene Okafor/OU=CHPSID/O=TACOM,CN=Benedetta Kowalczyk/OU=CHPSID/O=TACOM;[Admin]
B6A761E76BCA9BC4380EB29DDA693E80,F8DA,D88404AE277A2C8CDF1E538126A41E5C,04/01/2022 18:17:38,04/01/2022 18:17:38,CN=Marlene Okafor/OU=CHPSID/O=TACOM,,VMA-2022-000037,D88404AE277A2C8CDF1E538126A41E5C,QC Rework,,,"QC failed - engraving misspelled, returned to shop. Requester satisfied.","QC failed - engraving misspelled, returned to shop",,Yes,CN=Marlene Okafor/OU=CHPSID/O=TACOM,04/01/2022 18:17:38,[TACOM];[CSR];[Admin];[ReadOnlyAudit];LocalDomainServers;CN=Ret Hamlin/OU=CHPSID/O=TACOM,CN=Marlene Okafor/OU=CHPSID/O=TACOM;[Admin]
DB871736595FDD95BCC1509D225FEB0B,F8DE,20EBF0BB296AF79A0464D55D33FB05B5,08/19/2024 20:57:47,08/19/2024 20:57:47,CN=Dwayne Petrakis/OU=CHPSID/O=TACOM,,VMA-2024-000099,20EBF0BB296AF79A0464D55D33FB05B5,Address Correction,,,Address updated per requester. Requester satisfied.,Address updated per requester,,Yes,CN=Dwayne Petrakis/OU=CHPSID/O=TACOM,08/19/2024 20:57:47,[TACOM];[CSR];[Admin];[ReadOnlyAudit];LocalDomainServers;CN=Renata Vasquez-Holm/OU=CHPSID/O=TACOM,CN=Dwayne Petrakis/OU=CHPSID/O=TACOM;[Admin]
5BF5D4732BE73682BF094DE15163ABB2,F8E2,78F7928B73A94D46CFD78BF32A7C9623,06/05/2005 15:17:35,06/05/2005 15:17:35,CN=Marlene Okafor/OU=CHPSID/O=TACOM,,VMA-2005-000025,78F7928B73A94D46CFD78BF32A7C9623,HRC Query,,,Sent eligibility query to HRC Awards Branch. See attached correspondence.,Sent eligibility query to HRC Awards Branch,,,CN=Marlene Okafor/OU=CHPSID/O=TACOM,06/05/2005 15:17:35,[TACOM];[CSR];[Admin];[ReadOnlyAudit];LocalDomainServers;CN=Marlene Okafor/OU=CHPSID/O=TACOM,CN=Marlene Okafor/OU=CHPSID/O=TACOM;[Admin]
1126888345AA83EA652F7EA686CC3602,F8E6,2B6FD19B371A646C6643B2D6B575DA20,01/31/2014 15:39:42,01/31/2014 15:39:42,CN=Dwayne Petrakis/OU=CHPSID/O=TACOM,,VMA-2014-000044,2B6FD19B371A646C6643B2D6B575DA20,Congressional Inquiry,,,Congressional inquiry received - response due 10 days. See attached correspondence.,Congressional inquiry received - response due 10 days,,,CN=Dwayne Petrakis/OU=CHPSID/O=TACOM,01/31/2014 15:39:42,[TACOM];[CSR];[Admin];[ReadOnlyAudit];LocalDomainServers;CN=Renata Vasquez-Holm/OU=CHPSID/O=TACOM,CN=Dwayne Petrakis/OU=CHPSID/O=TACOM;[Admin]
AF05964B0BFFB5A47C8E501B18C063A0,F8EA,D977B761A92CA72491A878B02F1F97BA,08/19/2026 14:43:55,08/19/2026 14:43:55,CN=Renata Vasquez-Holm/OU=CHPSID/O=TACOM,,VMA-2026-000487,D977B761A92CA72491A878B02F1F97BA,Phone Call - Outbound,Luis Lindquarry,(410) 555-1128,Called requester to confirm address. Follow-up required.,Called requester to confirm address,,Yes,CN=Renata Vasquez-Holm/OU=CHPSID/O=TACOM,08/19/2026 14:43:55,[TACOM];[CSR];[Admin];[ReadOnlyAudit];LocalDomainServers;CN=Dwayne Petrakis/OU=CHPSID/O=TACOM,CN=Renata Vasquez-Holm/OU=CHPSID/O=TACOM;[Admin]
0D9AEA0E6B2778197B6ED10E54199B63,F8EE,0D3075EC854AF8A75E84DD4A06CCC837,03/14/2026 16:59:15,03/14/2026 16:59:15,CN=Dwayne Petrakis/OU=CHPSID/O=TACOM,,VMA-2026-000339,0D3075EC854AF8A75E84DD4A06CCC837,Phone Call - Outbound,Donna Galbreath,(302) 555-1303,Called requester to confirm address. Follow-up required.,Called requester to confirm address,,Yes,CN=Dwayne Petrakis/OU=CHPSID/O=TACOM,03/14/2026 16:59:15,[TACOM];[CSR];[Admin];[ReadOnlyAudit];LocalDomainServers;CN=Ret Hamlin/OU=CHPSID/O=TACOM,CN=Dwayne Petrakis/OU=CHPSID/O=TACOM;[Admin]
D3FBE0B7F9E15054D8D55E9214EDB04A,F8F2,4141F31E2BEBBE70E50B8462A5B9BCC4,08/01/2013 01:48:49,08/01/2013 01:48:49,CN=Renata Vasquez-Holm/OU=CHPSID/O=TACOM,,VMA-2013-000017,4141F31E2BEBBE70E50B8462A5B9BCC4,Phone Call - Inbound,Jamal Prendergast,(856) 555-1174,Requester called for status. Escalated to lead CSR.,Requester called for status,,Yes,CN=Renata Vasquez-Holm/OU=CHPSID/O=TACOM,08/01/2013 01:48:49,[TACOM];[CSR];[Admin];[ReadOnlyAudit];LocalDomainServers;CN=Lorraine Whitcombe/OU=CHPSID/O=TACOM,CN=Renata Vasquez-Holm/OU=CHPSID/O=TACOM;[Admin]
1A3AB2E71D07014E1EB752B9CBD88C98,F8F6,1A1B93A47067941805C5926A0C3C609C,03/07/2021 20:40:33,03/07/2021 20:40:33,CN=Benedetta Kowalczyk/OU=CHPSID/O=TACOM,,VMA-2021-000028,1A1B93A47067941805C5926A0C3C609C,NPRC Query,,,Requested OMPF verification from NPRC. Follow-up required.,Requested OMPF verification from NPRC,,,CN=Benedetta Kowalczyk/OU=CHPSID/O=TACOM,03/07/2021 20:40:33,[TACOM];[CSR];[Admin];[ReadOnlyAudit];LocalDomainServers;CN=Dwayne Petrakis/OU=CHPSID/O=TACOM,CN=Benedetta Kowalczyk/OU=CHPSID/O=TACOM;[Admin]
5106EB8230869D6B9A05767686238CE2,F8FA,65ED7B166EA45E43922D212B9EE9FCA4,05/18/2026 13:41:56,05/18/2026 13:41:56,CN=Lorraine Whitcombe/OU=CHPSID/O=TACOM,,VMA-2026-000181,65ED7B166EA45E43922D212B9EE9FCA4,Backorder,,,Item backordered - requester notified. See attached correspondence.,Item backordered - requester notified,,,CN=Lorraine Whitcombe/OU=CHPSID/O=TACOM,05/18/2026 13:41:56,[TACOM];[CSR];[Admin];[ReadOnlyAudit];LocalDomainServers;CN=Dwayne Petrakis/OU=CHPSID/O=TACOM,CN=Lorraine Whitcombe/OU=CHPSID/O=TACOM;[Admin]
B91EDA8440F3DA7F5DE5EC49AD6ECB35,F8FE,6A2C629C0615BFEC85194D2D4EFABFCA,09/23/2022 12:02:24,09/23/2022 12:02:24,CN=Marlene Okafor/OU=CHPSID/O=TACOM,,VMA-2022-000087,6A2C629C0615BFEC85194D2D4EFABFCA,NPRC Query,,,Requested OMPF verification from NPRC. See attached correspondence.,Requested OMPF verification from NPRC,10/03/2022,Yes,CN=Marlene Okafor/OU=CHPSID/O=TACOM,09/23/2022 12:02:24,[TACOM];[CSR];[Admin];[ReadOnlyAudit];LocalDomainServers;CN=Lorraine Whitcombe/OU=CHPSID/O=TACOM,CN=Marlene Okafor/OU=CHPSID/O=TACOM;[Admin]
C6A5C08925167E67C2672824F0508650,F902,8A385BA2A76E430884A5CF759B7F24BE,04/30/2026 11:38:26,04/30/2026 11:38:26,CN=Marlene Okafor/OU=CHPSID/O=TACOM,,VMA-2026-000169,8A385BA2A76E430884A5CF759B7F24BE,QC Rework,,,"QC failed - engraving misspelled, returned to shop. Requester satisfied.","QC failed - engraving misspelled, returned to shop",05/12/2026,,CN=Marlene Okafor/OU=CHPSID/O=TACOM,04/30/2026 11:38:26,[TACOM];[CSR];[Admin];[ReadOnlyAudit];LocalDomainServers;CN=Benedetta Kowalczyk/OU=CHPSID/O=TACOM,CN=Marlene Okafor/OU=CHPSID/O=TACOM;[Admin]
B65E910AD717B15A6883EE57F6B0630A,F906,55A010C545BA4D0507F81289E8F0F962,04/23/2026 12:28:28,04/23/2026 12:28:28,CN=Ret Hamlin/OU=CHPSID/O=TACOM,,VMA-2026-000374,55A010C545BA4D0507F81289E8F0F962,Phone Call - Inbound,Steven Sallisaw,(484) 555-1340,Requester called for status. Escalated to lead CSR.,Requester called for status,05/07/2026,Yes,CN=Ret Hamlin/OU=CHPSID/O=TACOM,04/23/2026 12:28:28,[TACOM];[CSR];[Admin];[ReadOnlyAudit];LocalDomainServers;CN=Marlene Okafor/OU=CHPSID/O=TACOM,CN=Ret Hamlin/OU=CHPSID/O=TACOM;[Admin]
E46A265B6312EEFDFEAA361E286110D7,F90A,59CE3612B704A835DF96E94CB19FE973,04/30/2009 10:58:18,04/30/2009 10:58:18,CN=Dwayne Petrakis/OU=CHPSID/O=TACOM,,VMA-2009-000023,59CE3612B704A835DF96E94CB19FE973,Phone Call - Inbound,Heather Rathbourne,(215) 555-1151,Requester called for status. See attached correspondence.,Requester called for status,,Yes,CN=Dwayne Petrakis/OU=CHPSID/O=TACOM,04/30/2009 10:58:18,[TACOM];[CSR];[Admin];[ReadOnlyAudit];LocalDomainServers;CN=Ret Hamlin/OU=CHPSID/O=TACOM,CN=Dwayne Petrakis/OU=CHPSID/O=TACOM;[Admin]
CF6BA7B653736CE44CD88170B8A462E4,F90E,CA54AA75598A96EE36FB27BE97C30338,06/28/2025 21:45:35,06/28/2025 21:45:35,CN=Ret Hamlin/OU=CHPSID/O=TACOM,,VMA-2025-000083,CA54AA75598A96EE36FB27BE97C30338,HRC Query,,,Sent eligibility query to HRC Awards Branch. Requester satisfied.,Sent eligibility query to HRC Awards Branch,,Yes,CN=Ret Hamlin/OU=CHPSID/O=TACOM,06/28/2025 21:45:35,[TACOM];[CSR];[Admin];[ReadOnlyAudit];LocalDomainServers;CN=Dwayne Petrakis/OU=CHPSID/O=TACOM,CN=Ret Hamlin/OU=CHPSID/O=TACOM;[Admin]
38403857F55E29A8664517E80C1E9BB9,F912,CA41448C578737AD2801BCEFE95FE594,03/07/2005 16:48:59,03/07/2005 16:48:59,CN=Marlene Okafor/OU=CHPSID/O=TACOM,,VMA-2005-000051,CA41448C578737AD2801BCEFE95FE594,NOK Documentation,,,Death certificate / relationship proof received. Escalated to lead CSR.,Death certificate / relationship proof received,,Yes,CN=Marlene Okafor/OU=CHPSID/O=TACOM,03/07/2005 16:48:59,[TACOM];[CSR];[Admin];[ReadOnlyAudit];LocalDomainServers;CN=Marlene Okafor/OU=CHPSID/O=TACOM,CN=Marlene Okafor/OU=CHPSID/O=TACOM;[Admin]
071AFE2AFFAD0698025AB89B22C3EA46,F916,94E3734B9A1B5CFAB3D41FF0F6BB1C06,06/03/2013 21:43:03,06/03/2013 21:43:03,CN=Lorraine Whitcombe/OU=CHPSID/O=TACOM,,VMA-2013-000040,94E3734B9A1B5CFAB3D41FF0F6BB1C06,HRC Query,,,Sent eligibility query to HRC Awards Branch. Follow-up required.,Sent eligibility query to HRC Awards Branch,,,CN=Lorraine Whitcombe/OU=CHPSID/O=TACOM,06/03/2013 21:43:03,[TACOM];[CSR];[Admin];[ReadOnlyAudit];LocalDomainServers;CN=Dwayne Petrakis/OU=CHPSID/O=TACOM,CN=Lorraine Whitcombe/OU=CHPSID/O=TACOM;[Admin]
847E3BC89AC72B157780F8BE48E7F731,F91A,75EC1409F18DA934CCAC7D9EEE7FC271,07/06/2025 17:25:22,07/06/2025 17:25:22,CN=Lorraine Whitcombe/OU=CHPSID/O=TACOM,,VMA-2025-000042,75EC1409F18DA934CCAC7D9EEE7FC271,NPRC Query,,,Requested OMPF verification from NPRC. See attached correspondence.,Requested OMPF verification from NPRC,07/19/2025,Yes,CN=Lorraine Whitcombe/OU=CHPSID/O=TACOM,07/06/2025 17:25:22,[TACOM];[CSR];[Admin];[ReadOnlyAudit];LocalDomainServers;CN=Benedetta Kowalczyk/OU=CHPSID/O=TACOM,CN=Lorraine Whitcombe/OU=CHPSID/O=TACOM;[Admin]
7A4F075913B4D757CA3C8ED806AFABE4,F91E,CF1AE858D68597E59CB4E021211A6B2E,06/27/2023 16:43:11,06/27/2023 16:43:11,CN=Ret Hamlin/OU=CHPSID/O=TACOM,Correspondence_VMA-2023-000013.pdf,VMA-2023-000013,CF1AE858D68597E59CB4E021211A6B2E,Phone Call - Inbound,Jennifer Ormsbee,(410) 555-1240,Requester called for status. Follow-up required.,Requester called for status,,,CN=Ret Hamlin/OU=CHPSID/O=TACOM,06/27/2023 16:43:11,[TACOM];[CSR];[Admin];[ReadOnlyAudit];LocalDomainServers;CN=Benedetta Kowalczyk/OU=CHPSID/O=TACOM,CN=Ret Hamlin/OU=CHPSID/O=TACOM;[Admin]
2728F4EBE29A1C4CD0285715F90ACE43,F922,CD7A0A44406D0973777A102417F4E5F3,01/05/2026 09:03:35,01/05/2026 09:03:35,CN=Dwayne Petrakis/OU=CHPSID/O=TACOM,,VMA-2025-000075,CD7A0A44406D0973777A102417F4E5F3,Backorder,,,Item backordered - requester notified. Requester satisfied.,Item backordered - requester notified,01/12/2026,Yes,CN=Dwayne Petrakis/OU=CHPSID/O=TACOM,01/05/2026 09:03:35,[TACOM];[CSR];[Admin];[ReadOnlyAudit];LocalDomainServers;CN=Benedetta Kowalczyk/OU=CHPSID/O=TACOM,CN=Dwayne Petrakis/OU=CHPSID/O=TACOM;[Admin]
A8563547C0BAC938115C474233719753,F926,5E6CB839E040DBAC707D66D63DDBA1AC,12/03/2011 10:39:28,12/03/2011 10:39:28,CN=Dwayne Petrakis/OU=CHPSID/O=TACOM,,VMA-2011-000100,5E6CB839E040DBAC707D66D63DDBA1AC,General,,,General note. See attached correspondence.,General note,,Yes,CN=Dwayne Petrakis/OU=CHPSID/O=TACOM,12/03/2011 10:39:28,[TACOM];[CSR];[Admin];[ReadOnlyAudit];LocalDomainServers;CN=Ret Hamlin/OU=CHPSID/O=TACOM,CN=Dwayne Petrakis/OU=CHPSID/O=TACOM;[Admin]
E624E4B128EB05CCD90E3A044387F68B,F92A,42513F3D9D69E30C562BFDEB6149A74D,06/17/2017 18:03:09,06/17/2017 18:03:09,CN=Dwayne Petrakis/OU=CHPSID/O=TACOM,,VMA-2017-000039,42513F3D9D69E30C562BFDEB6149A74D,NPRC Query,,,Requested OMPF verification from NPRC. Requester satisfied.,Requested OMPF verification from NPRC,,Yes,CN=Dwayne Petrakis/OU=CHPSID/O=TACOM,06/17/2017 18:03:09,[TACOM];[CSR];[Admin];[ReadOnlyAudit];LocalDomainServers;CN=Lorraine Whitcombe/OU=CHPSID/O=TACOM,CN=Dwayne Petrakis/OU=CHPSID/O=TACOM;[Admin]
3031EACCD7B20D3ED992ACA26E6CC102,F92E,5287BCF6BBEE8EE4D88DCFF5E339119B,06/07/2026 15:08:17,06/07/2026 15:08:17,CN=Lorraine Whitcombe/OU=CHPSID/O=TACOM,,VMA-2026-000277,5287BCF6BBEE8EE4D88DCFF5E339119B,Congressional Inquiry,,,Congressional inquiry received - response due 10 days. See attached correspondence.,Congressional inquiry received - response due 10 days,,Yes,CN=Lorraine Whitcombe/OU=CHPSID/O=TACOM,06/07/2026 15:08:17,[TACOM];[CSR];[Admin];[ReadOnlyAudit];LocalDomainServers;CN=Renata Vasquez-Holm/OU=CHPSID/O=TACOM,CN=Lorraine Whitcombe/OU=CHPSID/O=TACOM;[Admin]
BF199C6B4C1AC84C5C976C1CD6551E69,F932,0ED8C3A60D76C2DF9992CE165DDCD756,08/28/2022 13:30:17,08/28/2022 13:30:17,CN=Marlene Okafor/OU=CHPSID/O=TACOM,,VMA-2022-000081,0ED8C3A60D76C2DF9992CE165DDCD756,HRC Query,,,Sent eligibility query to HRC Awards Branch. Escalated to lead CSR.,Sent eligibility query to HRC Awards Branch,,Yes,CN=Marlene Okafor/OU=CHPSID/O=TACOM,08/28/2022 13:30:17,[TACOM];[CSR];[Admin];[ReadOnlyAudit];LocalDomainServers;CN=Dwayne Petrakis/OU=CHPSID/O=TACOM,CN=Marlene Okafor/OU=CHPSID/O=TACOM;[Admin]
002B827AB69ACF4E8B2AB0E6CF633FEC,F936,93E455FACCB1FABCB17D02CEEAFFD147,01/20/2012 22:19:53,01/20/2012 22:19:53,CN=Ret Hamlin/OU=CHPSID/O=TACOM,,VMA-2012-000098,93E455FACCB1FABCB17D02CEEAFFD147,NOK Documentation,,,Death certificate / relationship proof received. See attached correspondence.,Death certificate / relationship proof received,,Yes,CN=Ret Hamlin/OU=CHPSID/O=TACOM,01/20/2012 22:19:53,[TACOM];[CSR];[Admin];[ReadOnlyAudit];LocalDomainServers;CN=Dwayne Petrakis/OU=CHPSID/O=TACOM,CN=Ret Hamlin/OU=CHPSID/O=TACOM;[Admin]
DA30A2E3104FCD85906167010228CBFB,F93A,FEDBD6C3611B9E54B85AE4725FFA4370,09/03/2017 16:44:17,09/03/2017 16:44:17,CN=Lorraine Whitcombe/OU=CHPSID/O=TACOM,,VMA-2017-000034,FEDBD6C3611B9E54B85AE4725FFA4370,Backorder,,,Item backordered - requester notified. Follow-up required.,Item backordered - requester notified,,,CN=Lorraine Whitcombe/OU=CHPSID/O=TACOM,09/03/2017 16:44:17,[TACOM];[CSR];[Admin];[ReadOnlyAudit];LocalDomainServers;CN=Benedetta Kowalczyk/OU=CHPSID/O=TACOM,CN=Lorraine Whitcombe/OU=CHPSID/O=TACOM;[Admin]
DFC8E33E187466EB9BC83242BE408F54,F93E,903D163E3AF50E3AB090188EA60A9D84,08/14/2020 17:47:34,08/14/2020 17:47:34,CN=Lorraine Whitcombe/OU=CHPSID/O=TACOM,,VMA-2020-000023,903D163E3AF50E3AB090188EA60A9D84,General,,,General note. Follow-up required.,General note,,Yes,CN=Lorraine Whitcombe/OU=CHPSID/O=TACOM,08/14/2020 17:47:34,[TACOM];[CSR];[Admin];[ReadOnlyAudit];LocalDomainServers;CN=Dwayne Petrakis/OU=CHPSID/O=TACOM,CN=Lorraine Whitcombe/OU=CHPSID/O=TACOM;[Admin]
355993DE99AD684A470DD602B7855685,F942,2263A9EDA375624071CFE3FF955D2430,08/28/2015 10:47:06,08/28/2015 10:47:06,CN=Dwayne Petrakis/OU=CHPSID/O=TACOM,Correspondence_VMA-2015-000046.pdf,VMA-2015-000046,2263A9EDA375624071CFE3FF955D2430,QC Rework,,,"QC failed - engraving misspelled, returned to shop. Follow-up required.","QC failed - engraving misspelled, returned to shop",09/04/2015,Yes,CN=Dwayne Petrakis/OU=CHPSID/O=TACOM,08/28/2015 10:47:06,[TACOM];[CSR];[Admin];[ReadOnlyAudit];LocalDomainServers;CN=Benedetta Kowalczyk/OU=CHPSID/O=TACOM,CN=Dwayne Petrakis/OU=CHPSID/O=TACOM;[Admin]
AFDCB6019017188897564449E8219A86,F946,6CF5ACF4623F3E46590197567C09DA09,08/31/2004 19:56:28,08/31/2004 19:56:28,CN=Lorraine Whitcombe/OU=CHPSID/O=TACOM,,VMA-2004-000038,6CF5ACF4623F3E46590197567C09DA09,General,,,General note. See attached correspondence.,General note,,Yes,CN=Lorraine Whitcombe/OU=CHPSID/O=TACOM,08/31/2004 19:56:28,[TACOM];[CSR];[Admin];[ReadOnlyAudit];LocalDomainServers;CN=Lorraine Whitcombe/OU=CHPSID/O=TACOM,CN=Lorraine Whitcombe/OU=CHPSID/O=TACOM;[Admin]
84FC24C5DAB62FDDAC96B8ACACA6B371,F94A,E309A53932EB0321207AC35FC13D0D95,01/07/2026 13:33:52,01/07/2026 13:33:52,CN=Benedetta Kowalczyk/OU=CHPSID/O=TACOM,,VMA-2026-000117,E309A53932EB0321207AC35FC13D0D95,General,,,General note. Follow-up required.,General note,,Yes,CN=Benedetta Kowalczyk/OU=CHPSID/O=TACOM,01/07/2026 13:33:52,[TACOM];[CSR];[Admin];[ReadOnlyAudit];LocalDomainServers;CN=Dwayne Petrakis/OU=CHPSID/O=TACOM,CN=Benedetta Kowalczyk/OU=CHPSID/O=TACOM;[Admin]
FF8BD77AA25FE567DC9E97118FD003A8,F94E,0788EDC1EF062BB687237135C01207E1,08/07/2026 11:40:20,08/07/2026 11:40:20,CN=Renata Vasquez-Holm/OU=CHPSID/O=TACOM,,VMA-2026-000636,0788EDC1EF062BB687237135C01207E1,NPRC Query,,,Requested OMPF verification from NPRC. No further action.,Requested OMPF verification from NPRC,08/10/2026,,CN=Renata Vasquez-Holm/OU=CHPSID/O=TACOM,08/07/2026 11:40:20,[TACOM];[CSR];[Admin];[ReadOnlyAudit];LocalDomainServers;CN=Marlene Okafor/OU=CHPSID/O=TACOM,CN=Renata Vasquez-Holm/OU=CHPSID/O=TACOM;[Admin]
4F2B557DB910D39514315E10F5368C19,F952,5EFB63811CA5B423CD0E560A69708CFE,04/22/2017 19:49:07,04/22/2017 19:49:07,CN=Marlene Okafor/OU=CHPSID/O=TACOM,,VMA-2017-000092,5EFB63811CA5B423CD0E560A69708CFE,Congressional Inquiry,,,Congressional inquiry received - response due 10 days. No further action.,Congressional inquiry received - response due 10 days,,Yes,CN=Marlene Okafor/OU=CHPSID/O=TACOM,04/22/2017 19:49:07,[TACOM];[CSR];[Admin];[ReadOnlyAudit];LocalDomainServers;CN=Benedetta Kowalczyk/OU=CHPSID/O=TACOM,CN=Marlene Okafor/OU=CHPSID/O=TACOM;[Admin]
2CDAEAF74C671EDD4C9DA99AF1E7CF56,F956,EF7AEE37FF06D34677C38A9120C60751,06/08/2026 17:11:48,06/08/2026 17:11:48,CN=Ret Hamlin/OU=CHPSID/O=TACOM,,VMA-2026-000594,EF7AEE37FF06D34677C38A9120C60751,Address Correction,,,Address updated per requester. Escalated to lead CSR.,Address updated per requester,06/14/2026,Yes,CN=Ret Hamlin/OU=CHPSID/O=TACOM,06/08/2026 17:11:48,[TACOM];[CSR];[Admin];[ReadOnlyAudit];LocalDomainServers;CN=Benedetta Kowalczyk/OU=CHPSID/O=TACOM,CN=Ret Hamlin/OU=CHPSID/O=TACOM;[Admin]
2FDE730355EC14E1F5D16E54A7A87729,F95A,F783E6273D224F951B91E07DA9D38727,11/26/2011 14:15:56,11/26/2011 14:15:56,CN=Lorraine Whitcombe/OU=CHPSID/O=TACOM,,VMA-2011-000023,F783E6273D224F951B91E07DA9D38727,Address Correction,,,Address updated per requester. See attached correspondence.,Address updated per requester,,Yes,CN=Lorraine Whitcombe/OU=CHPSID/O=TACOM,11/26/2011 14:15:56,[TACOM];[CSR];[Admin];[ReadOnlyAudit];LocalDomainServers;CN=Marlene Okafor/OU=CHPSID/O=TACOM,CN=Lorraine Whitcombe/OU=CHPSID/O=TACOM;[Admin]
A1DEBC82386EE917371556761FC23926,F95E,37D9498EC4CA7BB4856439F7FC2F3220,06/16/2026 19:18:24,06/16/2026 19:18:24,CN=Marlene Okafor/OU=CHPSID/O=TACOM,,VMA-2026-000104,37D9498EC4CA7BB4856439F7FC2F3220,Phone Call - Inbound,Earl Zimmerly,(540) 555-1464,Requester called for status. No further action.,Requester called for status,06/23/2026,,CN=Marlene Okafor/OU=CHPSID/O=TACOM,06/16/2026 19:18:24,[TACOM];[CSR];[Admin];[ReadOnlyAudit];LocalDomainServers;CN=Benedetta Kowalczyk/OU=CHPSID/O=TACOM,CN=Marlene Okafor/OU=CHPSID/O=TACOM;[Admin]
66E791BD901DD73DDC3F1C1735088426,F962,80A17C1DE315A133946AABEC1F569B4D,04/29/2026 18:53:45,04/29/2026 18:53:45,CN=Renata Vasquez-Holm/OU=CHPSID/O=TACOM,,VMA-2026-000583,80A17C1DE315A133946AABEC1F569B4D,NPRC Query,,,Requested OMPF verification from NPRC. No further action.,Requested OMPF verification from NPRC,,Yes,CN=Renata Vasquez-Holm/OU=CHPSID/O=TACOM,04/29/2026 18:53:45,[TACOM];[CSR];[Admin];[ReadOnlyAudit];LocalDomainServers;CN=Dwayne Petrakis/OU=CHPSID/O=TACOM,CN=Renata Vasquez-Holm/OU=CHPSID/O=TACOM;[Admin]
7E607DFE27311F62691CC57280FC9DFB,F966,8D715227E8B5A15EC4F605F2D9B34818,05/26/2007 13:37:33,05/26/2007 13:37:33,CN=Marlene Okafor/OU=CHPSID/O=TACOM,,VMA-2007-000069,8D715227E8B5A15EC4F605F2D9B34818,Phone Call - Inbound,Leonard Galbreath Jr.,(484) 555-1913,Requester called for status. Escalated to lead CSR.,Requester called for status,,Yes,CN=Marlene Okafor/OU=CHPSID/O=TACOM,05/26/2007 13:37:33,[TACOM];[CSR];[Admin];[ReadOnlyAudit];LocalDomainServers;CN=Lorraine Whitcombe/OU=CHPSID/O=TACOM,CN=Marlene Okafor/OU=CHPSID/O=TACOM;[Admin]
6941E7D212B7E0C371BECF2F21F8748F,F96A,BE8C8512A86160496D397363EFB9C01C,01/31/2023 17:54:38,01/31/2023 17:54:38,CN=Ret Hamlin/OU=CHPSID/O=TACOM,,VMA-2023-000073,BE8C8512A86160496D397363EFB9C01C,QC Rework,,,"QC failed - engraving misspelled, returned to shop. See attached correspondence.","QC failed - engraving misspelled, returned to shop",,Yes,CN=Ret Hamlin/OU=CHPSID/O=TACOM,01/31/2023 17:54:38,[TACOM];[CSR];[Admin];[ReadOnlyAudit];LocalDomainServers;CN=Ret Hamlin/OU=CHPSID/O=TACOM,CN=Ret Hamlin/OU=CHPSID/O=TACOM;[Admin]
C5F2D4EECBC3D6EFBDF71152DE9D9927,F96E,632A48FE2CDD1030D7E401011136CF68,05/19/2026 17:01:10,05/19/2026 17:01:10,CN=Renata Vasquez-Holm/OU=CHPSID/O=TACOM,,VMA-2026-000267,632A48FE2CDD1030D7E401011136CF68,Phone Call - Inbound,Heather Kellerhaus,(484) 555-1778,Requester called for status. See attached correspondence.,Requester called for status,05/24/2026,,CN=Renata Vasquez-Holm/OU=CHPSID/O=TACOM,05/19/2026 17:01:10,[TACOM];[CSR];[Admin];[ReadOnlyAudit];LocalDomainServers;CN=Ret Hamlin/OU=CHPSID/O=TACOM,CN=Renata Vasquez-Holm/OU=CHPSID/O=TACOM;[Admin]
613B2CD4DEE1ECD22FE5A2EB52903A93,F972,9EBBCA182D78B8304DBD0E1A2E8163CA,08/23/2017 18:18:23,08/23/2017 18:18:23,CN=Benedetta Kowalczyk/OU=CHPSID/O=TACOM,,VMA-2017-000004,9EBBCA182D78B8304DBD0E1A2E8163CA,Congressional Inquiry,,,Congressional inquiry received - response due 10 days. Requester satisfied.,Congressional inquiry received - response due 10 days,,Yes,CN=Benedetta Kowalczyk/OU=CHPSID/O=TACOM,08/23/2017 18:18:23,[TACOM];[CSR];[Admin];[ReadOnlyAudit];LocalDomainServers;CN=Ret Hamlin/OU=CHPSID/O=TACOM,CN=Benedetta Kowalczyk/OU=CHPSID/O=TACOM;[Admin]
C6A22D7BFD5CADBB4A2D52308B02F121,F976,0C03ED5F557C1C907FD9B419D2EF895A,03/06/2026 11:15:37,03/06/2026 11:15:37,CN=Benedetta Kowalczyk/OU=CHPSID/O=TACOM,Correspondence_VMA-2026-000091.pdf,VMA-2026-000091,0C03ED5F557C1C907FD9B419D2EF895A,Congressional Inquiry,,,Congressional inquiry received - response due 10 days. See attached correspondence.,Congressional inquiry received - response due 10 days,03/14/2026,,CN=Benedetta Kowalczyk/OU=CHPSID/O=TACOM,03/06/2026 11:15:37,[TACOM];[CSR];[Admin];[ReadOnlyAudit];LocalDomainServers;CN=Ret Hamlin/OU=CHPSID/O=TACOM,CN=Benedetta Kowalczyk/OU=CHPSID/O=TACOM;[Admin]
B84FED7C7C4B9FB3A970DCBE17C05A5A,F97A,5DB332717AB0079F8FF332673533D2AF,06/29/2013 15:12:52,06/29/2013 15:12:52,CN=Marlene Okafor/OU=CHPSID/O=TACOM,,VMA-2013-000073,5DB332717AB0079F8FF332673533D2AF,Congressional Inquiry,,,Congressional inquiry received - response due 10 days. Follow-up required.,Congressional inquiry received - response due 10 days,,Yes,CN=Marlene Okafor/OU=CHPSID/O=TACOM,06/29/2013 15:12:52,[TACOM];[CSR];[Admin];[ReadOnlyAudit];LocalDomainServers;CN=Ret Hamlin/OU=CHPSID/O=TACOM,CN=Marlene Okafor/OU=CHPSID/O=TACOM;[Admin]
2959CB5E243EDEEE37171F730447E660,F97E,0D79680C7D72F145867563F5A2340A5D,03/20/2015 15:16:52,03/20/2015 15:16:52,CN=Lorraine Whitcombe/OU=CHPSID/O=TACOM,,VMA-2015-000089,0D79680C7D72F145867563F5A2340A5D,HRC Query,,,Sent eligibility query to HRC Awards Branch. No further action.,Sent eligibility query to HRC Awards Branch,,Yes,CN=Lorraine Whitcombe/OU=CHPSID/O=TACOM,03/20/2015 15:16:52,[TACOM];[CSR];[Admin];[ReadOnlyAudit];LocalDomainServers;CN=Ret Hamlin/OU=CHPSID/O=TACOM,CN=Lorraine Whitcombe/OU=CHPSID/O=TACOM;[Admin]
F84872E2E7517307EC59BC7E3761178D,F982,EE3F6B3CC2B761B697502D79650E11D9,06/09/2017 16:55:15,06/09/2017 16:55:15,CN=Benedetta Kowalczyk/OU=CHPSID/O=TACOM,,VMA-2017-000043,EE3F6B3CC2B761B697502D79650E11D9,QC Rework,,,"QC failed - engraving misspelled, returned to shop. Escalated to lead CSR.","QC failed - engraving misspelled, returned to shop",,,CN=Benedetta Kowalczyk/OU=CHPSID/O=TACOM,06/09/2017 16:55:15,[TACOM];[CSR];[Admin];[ReadOnlyAudit];LocalDomainServers;CN=Benedetta Kowalczyk/OU=CHPSID/O=TACOM,CN=Benedetta Kowalczyk/OU=CHPSID/O=TACOM;[Admin]
4676E8828E95436FF7DA486765CD1E65,F986,11CBE5CEB826F9512DD573FBFC94E211,08/11/2024 10:47:30,08/11/2024 10:47:30,CN=Benedetta Kowalczyk/OU=CHPSID/O=TACOM,Correspondence_VMA-2024-000082.pdf,VMA-2024-000082,11CBE5CEB826F9512DD573FBFC94E211,Address Correction,,,Address updated per requester. Escalated to lead CSR.,Address updated per requester,08/17/2024,Yes,CN=Benedetta Kowalczyk/OU=CHPSID/O=TACOM,08/11/2024 10:47:30,[TACOM];[CSR];[Admin];[ReadOnlyAudit];LocalDomainServers;CN=Dwayne Petrakis/OU=CHPSID/O=TACOM,CN=Benedetta Kowalczyk/OU=CHPSID/O=TACOM;[Admin]
3FCDC7EA5EA0B1802649F4E045C61181,F98A,0140C9B37C3B7BDC1015E2C99F601181,01/12/2014 14:54:27,01/12/2014 14:54:27,CN=Dwayne Petrakis/OU=CHPSID/O=TACOM,Correspondence_VMA-2014-000072.pdf,VMA-2014-000072,0140C9B37C3B7BDC1015E2C99F601181,Address Correction,,,Address updated per requester. See attached correspondence.,Address updated per requester,,Yes,CN=Dwayne Petrakis/OU=CHPSID/O=TACOM,01/12/2014 14:54:27,[TACOM];[CSR];[Admin];[ReadOnlyAudit];LocalDomainServers;CN=Ret Hamlin/OU=CHPSID/O=TACOM,CN=Dwayne Petrakis/OU=CHPSID/O=TACOM;[Admin]
DB435EE3662DFE69D79E78E188D58B75,F98E,54C24AF5CFF1180429A8E3F27924FD46,06/29/2009 13:41:09,06/29/2009 13:41:09,CN=Dwayne Petrakis/OU=CHPSID/O=TACOM,,VMA-2009-000052,54C24AF5CFF1180429A8E3F27924FD46,Congressional Inquiry,,,Congressional inquiry received - response due 10 days. No further action.,Congressional inquiry received - response due 10 days,,Yes,CN=Dwayne Petrakis/OU=CHPSID/O=TACOM,06/29/2009 13:41:09,[TACOM];[CSR];[Admin];[ReadOnlyAudit];LocalDomainServers;CN=Lorraine Whitcombe/OU=CHPSID/O=TACOM,CN=Dwayne Petrakis/OU=CHPSID/O=TACOM;[Admin]
F3342BEC18D46BE4F1A8007B58637351,F992,F8B90B56F80C9F1CF28600FE9FFE909C,05/13/2014 17:23:59,05/13/2014 17:23:59,CN=Dwayne Petrakis/OU=CHPSID/O=TACOM,,VMA-2014-000107,F8B90B56F80C9F1CF28600FE9FFE909C,NOK Documentation,,,Death certificate / relationship proof received. No further action.,Death certificate / relationship proof received,05/16/2014,,CN=Dwayne Petrakis/OU=CHPSID/O=TACOM,05/13/2014 17:23:59,[TACOM];[CSR];[Admin];[ReadOnlyAudit];LocalDomainServers;CN=Marlene Okafor/OU=CHPSID/O=TACOM,CN=Dwayne Petrakis/OU=CHPSID/O=TACOM;[Admin]
7D3AD730FDEE019941BE92211D9BE4FB,F996,167B34E16A6431882ED5EB6D9058B395,01/10/2018 13:44:04,01/10/2018 13:44:04,CN=Lorraine Whitcombe/OU=CHPSID/O=TACOM,,VMA-2017-000106,167B34E16A6431882ED5EB6D9058B395,General,,,General note. Follow-up required.,General note,,Yes,CN=Lorraine Whitcombe/OU=CHPSID/O=TACOM,01/10/2018 13:44:04,[TACOM];[CSR];[Admin];[ReadOnlyAudit];LocalDomainServers;CN=Ret Hamlin/OU=CHPSID/O=TACOM,CN=Lorraine Whitcombe/OU=CHPSID/O=TACOM;[Admin]
D8339519DDA0BD92F393F016826933EC,F99A,554E0C9894A34DD2ADBB3040FA60434D,05/23/2026 19:10:12,05/23/2026 19:10:12,CN=Marlene Okafor/OU=CHPSID/O=TACOM,,VMA-2026-000397,554E0C9894A34DD2ADBB3040FA60434D,QC Rework,,,"QC failed - engraving misspelled, returned to shop. See attached correspondence.","QC failed - engraving misspelled, returned to shop",06/05/2026,Yes,CN=Marlene Okafor/OU=CHPSID/O=TACOM,05/23/2026 19:10:12,[TACOM];[CSR];[Admin];[ReadOnlyAudit];LocalDomainServers;CN=Dwayne Petrakis/OU=CHPSID/O=TACOM,CN=Marlene Okafor/OU=CHPSID/O=TACOM;[Admin]
09CB73D94ACC55455FDD8491CA0B4888,F99E,269FBB1C77E25C1ED4E882322830F6D7,11/03/2008 13:51:06,11/03/2008 13:51:06,CN=Ret Hamlin/OU=CHPSID/O=TACOM,,VMA-2008-000096,269FBB1C77E25C1ED4E882322830F6D7,General,,,General note. Follow-up required.,General note,,Yes,CN=Ret Hamlin/OU=CHPSID/O=TACOM,11/03/2008 13:51:06,[TACOM];[CSR];[Admin];[ReadOnlyAudit];LocalDomainServers;CN=Marlene Okafor/OU=CHPSID/O=TACOM,CN=Ret Hamlin/OU=CHPSID/O=TACOM;[Admin]
F4F94788417DD77A149B4D8CB2BB3026,F9A2,3F5FE6DF03D47FBCFF17108DF265CF7C,10/04/2004 17:46:43,10/04/2004 17:46:43,CN=Benedetta Kowalczyk/OU=CHPSID/O=TACOM,,VMA-2004-000080,3F5FE6DF03D47FBCFF17108DF265CF7C,Congressional Inquiry,,,Congressional inquiry received - response due 10 days. Escalated to lead CSR.,Congressional inquiry received - response due 10 days,,Yes,CN=Benedetta Kowalczyk/OU=CHPSID/O=TACOM,10/04/2004 17:46:43,[TACOM];[CSR];[Admin];[ReadOnlyAudit];LocalDomainServers;CN=Marlene Okafor/OU=CHPSID/O=TACOM,CN=Benedetta Kowalczyk/OU=CHPSID/O=TACOM;[Admin]
07F96A108A901A8D06D122D9B7F26207,F9A6,5482761E14DB236C78155B9763DF0378,08/01/2006 15:56:36,08/01/2006 15:56:36,CN=Benedetta Kowalczyk/OU=CHPSID/O=TACOM,,VMA-2006-000077,5482761E14DB236C78155B9763DF0378,HRC Query,,,Sent eligibility query to HRC Awards Branch. No further action.,Sent eligibility query to HRC Awards Branch,08/04/2006,,CN=Benedetta Kowalczyk/OU=CHPSID/O=TACOM,08/01/2006 15:56:36,[TACOM];[CSR];[Admin];[ReadOnlyAudit];LocalDomainServers;CN=Dwayne Petrakis/OU=CHPSID/O=TACOM,CN=Benedetta Kowalczyk/OU=CHPSID/O=TACOM;[Admin]
EE9D9EEAE3921E264105557F42E4069C,F9AA,F993317EDE7ED3CB5BCC5DE6E6DA7037,08/11/2010 15:58:44,08/11/2010 15:58:44,CN=Dwayne Petrakis/OU=CHPSID/O=TACOM,,VMA-2010-000079,F993317EDE7ED3CB5BCC5DE6E6DA7037,NPRC Query,,,Requested OMPF verification from NPRC. No further action.,Requested OMPF verification from NPRC,08/16/2010,Yes,CN=Dwayne Petrakis/OU=CHPSID/O=TACOM,08/11/2010 15:58:44,[TACOM];[CSR];[Admin];[ReadOnlyAudit];LocalDomainServers;CN=Marlene Okafor/OU=CHPSID/O=TACOM,CN=Dwayne Petrakis/OU=CHPSID/O=TACOM;[Admin]
6DE8EA1822EF13E44E2EF46311A97752,F9AE,DADBD7B51F2522DE767A7BC5D3E02640,08/02/2019 14:59:08,08/02/2019 14:59:08,CN=Marlene Okafor/OU=CHPSID/O=TACOM,,VMA-2019-000037,DADBD7B51F2522DE767A7BC5D3E02640,Congressional Inquiry,,,Congressional inquiry received - response due 10 days. Requester satisfied.,Congressional inquiry received - response due 10 days,08/11/2019,,CN=Marlene Okafor/OU=CHPSID/O=TACOM,08/02/2019 14:59:08,[TACOM];[CSR];[Admin];[ReadOnlyAudit];LocalDomainServers;CN=Renata Vasquez-Holm/OU=CHPSID/O=TACOM,CN=Marlene Okafor/OU=CHPSID/O=TACOM;[Admin]
560219651E78E3C4169524DDA2B42AEA,F9B2,13200ED6CB64A9DDE285D4FC02B61636,06/10/2025 22:11:59,06/10/2025 22:11:59,CN=Marlene Okafor/OU=CHPSID/O=TACOM,,VMA-2025-000145,13200ED6CB64A9DDE285D4FC02B61636,HRC Query,,,Sent eligibility query to HRC Awards Branch. Escalated to lead CSR.,Sent eligibility query to HRC Awards Branch,06/14/2025,,CN=Marlene Okafor/OU=CHPSID/O=TACOM,06/10/2025 22:11:59,[TACOM];[CSR];[Admin];[ReadOnlyAudit];LocalDomainServers;CN=Renata Vasquez-Holm/OU=CHPSID/O=TACOM,CN=Marlene Okafor/OU=CHPSID/O=TACOM;[Admin]
B9F528786DD5826F9B53AE49D8437449,F9B6,F02EEAFC16861853C0E34099D14BF7FF,10/09/2019 16:05:29,10/09/2019 16:05:29,CN=Benedetta Kowalczyk/OU=CHPSID/O=TACOM,,VMA-2019-000113,F02EEAFC16861853C0E34099D14BF7FF,NPRC Query,,,Requested OMPF verification from NPRC. Follow-up required.,Requested OMPF verification from NPRC,,Yes,CN=Benedetta Kowalczyk/OU=CHPSID/O=TACOM,10/09/2019 16:05:29,[TACOM];[CSR];[Admin];[ReadOnlyAudit];LocalDomainServers;CN=Benedetta Kowalczyk/OU=CHPSID/O=TACOM,CN=Benedetta Kowalczyk/OU=CHPSID/O=TACOM;[Admin]
D2925AE86020032BA096676F1EFF311D,F9BA,ABA78175F24081438574600F16998D1A,12/08/2015 13:27:21,12/08/2015 13:27:21,CN=Renata Vasquez-Holm/OU=CHPSID/O=TACOM,Correspondence_VMA-2015-000083.pdf,VMA-2015-000083,ABA78175F24081438574600F16998D1A,NOK Documentation,,,Death certificate / relationship proof received. Requester satisfied.,Death certificate / relationship proof received,,Yes,CN=Renata Vasquez-Holm/OU=CHPSID/O=TACOM,12/08/2015 13:27:21,[TACOM];[CSR];[Admin];[ReadOnlyAudit];LocalDomainServers;CN=Benedetta Kowalczyk/OU=CHPSID/O=TACOM,CN=Renata Vasquez-Holm/OU=CHPSID/O=TACOM;[Admin]
8237C7811CAA2DC8A4EC4B096812091C,F9BE,451F46754669F56F278E87D585E7C26B,05/09/2018 17:07:00,05/09/2018 17:07:00,CN=Marlene Okafor/OU=CHPSID/O=TACOM,,VMA-2018-000073,451F46754669F56F278E87D585E7C26B,HRC Query,,,Sent eligibility query to HRC Awards Branch. Follow-up required.,Sent eligibility query to HRC Awards Branch,05/22/2018,Yes,CN=Marlene Okafor/OU=CHPSID/O=TACOM,05/09/2018 17:07:00,[TACOM];[CSR];[Admin];[ReadOnlyAudit];LocalDomainServers;CN=Marlene Okafor/OU=CHPSID/O=TACOM,CN=Marlene Okafor/OU=CHPSID/O=TACOM;[Admin]
6DC2EAB3EC469D9EB26B8AE940C124A7,F9C2,4B3F49BAD722567DF0971AC8E929C48A,06/25/2026 14:11:46,06/25/2026 14:11:46,CN=Ret Hamlin/OU=CHPSID/O=TACOM,,VMA-2026-000376,4B3F49BAD722567DF0971AC8E929C48A,Address Correction,,,Address updated per requester. Follow-up required.,Address updated per requester,06/28/2026,Yes,CN=Ret Hamlin/OU=CHPSID/O=TACOM,06/25/2026 14:11:46,[TACOM];[CSR];[Admin];[ReadOnlyAudit];LocalDomainServers;CN=Benedetta Kowalczyk/OU=CHPSID/O=TACOM,CN=Ret Hamlin/OU=CHPSID/O=TACOM;[Admin]
58CEF73218175AF6BE27A9794E7DBB45,F9C6,5B1F74DBE945F652613DFFD6EA516036,08/31/2006 11:17:58,08/31/2006 11:17:58,CN=Benedetta Kowalczyk/OU=CHPSID/O=TACOM,,VMA-2006-000001,5B1F74DBE945F652613DFFD6EA516036,HRC Query,,,Sent eligibility query to HRC Awards Branch. See attached correspondence.,Sent eligibility query to HRC Awards Branch,,,CN=Benedetta Kowalczyk/OU=CHPSID/O=TACOM,08/31/2006 11:17:58,[TACOM];[CSR];[Admin];[ReadOnlyAudit];LocalDomainServers;CN=Benedetta Kowalczyk/OU=CHPSID/O=TACOM,CN=Benedetta Kowalczyk/OU=CHPSID/O=TACOM;[Admin]
436186891C7E9E8E05E3654BC908DB30,F9CA,459350A9592A7E599C7F593B67AEAA07,04/26/2012 12:11:52,04/26/2012 12:11:52,CN=Marlene Okafor/OU=CHPSID/O=TACOM,,VMA-2012-000078,459350A9592A7E599C7F593B67AEAA07,Backorder,,,Item backordered - requester notified. Follow-up required.,Item backordered - requester notified,05/06/2012,Yes,CN=Marlene Okafor/OU=CHPSID/O=TACOM,04/26/2012 12:11:52,[TACOM];[CSR];[Admin];[ReadOnlyAudit];LocalDomainServers;CN=Renata Vasquez-Holm/OU=CHPSID/O=TACOM,CN=Marlene Okafor/OU=CHPSID/O=TACOM;[Admin]
2E7C2FEF2AC319011281EFA9F97D201A,F9CE,5497D6AB97DCA44A6AC424C9833504D2,06/17/2012 21:16:52,06/17/2012 21:16:52,CN=Marlene Okafor/OU=CHPSID/O=TACOM,,VMA-2012-000106,5497D6AB97DCA44A6AC424C9833504D2,Congressional Inquiry,,,Congressional inquiry received - response due 10 days. See attached correspondence.,Congressional inquiry received - response due 10 days,06/22/2012,Yes,CN=Marlene Okafor/OU=CHPSID/O=TACOM,06/17/2012 21:16:52,[TACOM];[CSR];[Admin];[ReadOnlyAudit];LocalDomainServers;CN=Marlene Okafor/OU=CHPSID/O=TACOM,CN=Marlene Okafor/OU=CHPSID/O=TACOM;[Admin]
4CB2F924A6419E1D4123EE02A8000600,F9D2,10CA381968480362537EF64B4B10D78A,01/08/2011 14:57:31,01/08/2011 14:57:31,CN=Benedetta Kowalczyk/OU=CHPSID/O=TACOM,,VMA-2010-000039,10CA381968480362537EF64B4B10D78A,NOK Documentation,,,Death certificate / relationship proof received. Follow-up required.,Death certificate / relationship proof received,,,CN=Benedetta Kowalczyk/OU=CHPSID/O=TACOM,01/08/2011 14:57:31,[TACOM];[CSR];[Admin];[ReadOnlyAudit];LocalDomainServers;CN=Lorraine Whitcombe/OU=CHPSID/O=TACOM,CN=Benedetta Kowalczyk/OU=CHPSID/O=TACOM;[Admin]
1220133C08B3D0746538258A5825A4CD,F9D6,3CEDEB2290B88813FE3774735CB73FD2,12/17/2021 14:48:02,12/17/2021 14:48:02,CN=Benedetta Kowalczyk/OU=CHPSID/O=TACOM,,VMA-2021-000007,3CEDEB2290B88813FE3774735CB73FD2,QC Rework,,,"QC failed - engraving misspelled, returned to shop. No further action.","QC failed - engraving misspelled, returned to shop",,Yes,CN=Benedetta Kowalczyk/OU=CHPSID/O=TACOM,12/17/2021 14:48:02,[TACOM];[CSR];[Admin];[ReadOnlyAudit];LocalDomainServers;CN=Lorraine Whitcombe/OU=CHPSID/O=TACOM,CN=Benedetta Kowalczyk/OU=CHPSID/O=TACOM;[Admin]
9AA563067C330F2DB3A4E8F05A80ABA9,F9DA,F82AFD3929CBF0795BA1F3E1CCFD9199,12/11/2021 20:48:43,12/11/2021 20:48:43,CN=Lorraine Whitcombe/OU=CHPSID/O=TACOM,,VMA-2021-000055,F82AFD3929CBF0795BA1F3E1CCFD9199,General,,,General note. Escalated to lead CSR.,General note,,,CN=Lorraine Whitcombe/OU=CHPSID/O=TACOM,12/11/2021 20:48:43,[TACOM];[CSR];[Admin];[ReadOnlyAudit];LocalDomainServers;CN=Benedetta Kowalczyk/OU=CHPSID/O=TACOM,CN=Lorraine Whitcombe/OU=CHPSID/O=TACOM;[Admin]
40B75D99A8F714E145BCE176A9BA05F9,F9DE,3B419DD8165C660FA3C65106397A8663,11/04/2018 10:22:20,11/04/2018 10:22:20,CN=Ret Hamlin/OU=CHPSID/O=TACOM,,VMA-2018-000054,3B419DD8165C660FA3C65106397A8663,HRC Query,,,Sent eligibility query to HRC Awards Branch. See attached correspondence.,Sent eligibility query to HRC Awards Branch,11/17/2018,,CN=Ret Hamlin/OU=CHPSID/O=TACOM,11/04/2018 10:22:20,[TACOM];[CSR];[Admin];[ReadOnlyAudit];LocalDomainServers;CN=Marlene Okafor/OU=CHPSID/O=TACOM,CN=Ret Hamlin/OU=CHPSID/O=TACOM;[Admin]
6E93F9B056843138A925BA4B27F2776F,F9E2,44D3CC17607ADC4A9A7A264724EB5944,08/03/2010 17:53:40,08/03/2010 17:53:40,CN=Dwayne Petrakis/OU=CHPSID/O=TACOM,,VMA-2010-000040,44D3CC17607ADC4A9A7A264724EB5944,Phone Call - Inbound,Linda Ellingboe,(267) 555-1241,Requester called for status. No further action.,Requester called for status,08/13/2010,,CN=Dwayne Petrakis/OU=CHPSID/O=TACOM,08/03/2010 17:53:40,[TACOM];[CSR];[Admin];[ReadOnlyAudit];LocalDomainServers;CN=Renata Vasquez-Holm/OU=CHPSID/O=TACOM,CN=Dwayne Petrakis/OU=CHPSID/O=TACOM;[Admin]
55C3FB3BAE19DFFB998BD697015A30E4,F9E6,24F3D9B375217C6CBB84A5F0E005F223,12/31/2020 11:21:13,12/31/2020 11:21:13,CN=Renata Vasquez-Holm/OU=CHPSID/O=TACOM,,VMA-2020-000003,24F3D9B375217C6CBB84A5F0E005F223,Congressional Inquiry,,,Congressional inquiry received - response due 10 days. Escalated to lead CSR.,Congressional inquiry received - response due 10 days,,Yes,CN=Renata Vasquez-Holm/OU=CHPSID/O=TACOM,12/31/2020 11:21:13,[TACOM];[CSR];[Admin];[ReadOnlyAudit];LocalDomainServers;CN=Ret Hamlin/OU=CHPSID/O=TACOM,CN=Renata Vasquez-Holm/OU=CHPSID/O=TACOM;[Admin]
F7018287D062964F2FF2BEC3F58E474C,F9EA,629E4F13B71E7A7CDEEC165908142D54,02/16/2026 14:45:19,02/16/2026 14:45:19,CN=Ret Hamlin/OU=CHPSID/O=TACOM,,VMA-2026-000420,629E4F13B71E7A7CDEEC165908142D54,QC Rework,,,"QC failed - engraving misspelled, returned to shop. See attached correspondence.","QC failed - engraving misspelled, returned to shop",02/21/2026,Yes,CN=Ret Hamlin/OU=CHPSID/O=TACOM,02/16/2026 14:45:19,[TACOM];[CSR];[Admin];[ReadOnlyAudit];LocalDomainServers;CN=Ret Hamlin/OU=CHPSID/O=TACOM,CN=Ret Hamlin/OU=CHPSID/O=TACOM;[Admin]
282D4CC44A9DFA280018F3A1B4ECD11E,F9EE,79F0A052D7790EB4FC7C23EA20456B14,12/18/2005 21:14:03,12/18/2005 21:14:03,CN=Renata Vasquez-Holm/OU=CHPSID/O=TACOM,,VMA-2005-000057,79F0A052D7790EB4FC7C23EA20456B14,QC Rework,,,"QC failed - engraving misspelled, returned to shop. Follow-up required.","QC failed - engraving misspelled, returned to shop",,Yes,CN=Renata Vasquez-Holm/OU=CHPSID/O=TACOM,12/18/2005 21:14:03,[TACOM];[CSR];[Admin];[ReadOnlyAudit];LocalDomainServers;CN=Dwayne Petrakis/OU=CHPSID/O=TACOM,CN=Renata Vasquez-Holm/OU=CHPSID/O=TACOM;[Admin]
6EB46C8BA8D25830CD4406B537AFDA2B,F9F2,F7554BA3B1836FB437BCC5E89C4D040D,05/13/2009 00:43:44,05/13/2009 00:43:44,CN=Dwayne Petrakis/OU=CHPSID/O=TACOM,,VMA-2009-000041,F7554BA3B1836FB437BCC5E89C4D040D,Phone Call - Inbound,Rafael Yarrowdale,(610) 555-1239,Requester called for status. Escalated to lead CSR.,Requester called for status,05/26/2009,Yes,CN=Dwayne Petrakis/OU=CHPSID/O=TACOM,05/13/2009 00:43:44,[TACOM];[CSR];[Admin];[ReadOnlyAudit];LocalDomainServers;CN=Ret Hamlin/OU=CHPSID/O=TACOM,CN=Dwayne Petrakis/OU=CHPSID/O=TACOM;[Admin]
032149884E5DA91E21E9ECAD5FA01446,F9F6,2BFD6FE030E76F3D94FD4D23174A5C1F,03/21/2008 17:53:52,03/21/2008 17:53:52,CN=Lorraine Whitcombe/OU=CHPSID/O=TACOM,,VMA-2008-000067,2BFD6FE030E76F3D94FD4D23174A5C1F,Congressional Inquiry,,,Congressional inquiry received - response due 10 days. Follow-up required.,Congressional inquiry received - response due 10 days,,Yes,CN=Lorraine Whitcombe/OU=CHPSID/O=TACOM,03/21/2008 17:53:52,[TACOM];[CSR];[Admin];[ReadOnlyAudit];LocalDomainServers;CN=Marlene Okafor/OU=CHPSID/O=TACOM,CN=Lorraine Whitcombe/OU=CHPSID/O=TACOM;[Admin]
882B46DE2B42759CB5BBDE76D496DDB2,F9FA,FE25F10572F10AA575FD32F4C68A539F,01/02/2012 21:53:28,01/02/2012 21:53:28,CN=Benedetta Kowalczyk/OU=CHPSID/O=TACOM,,VMA-2011-000043,FE25F10572F10AA575FD32F4C68A539F,Phone Call - Inbound,Thomas Dellacroix,(410) 555-1624,Requester called for status. No further action.,Requester called for status,,Yes,CN=Benedetta Kowalczyk/OU=CHPSID/O=TACOM,01/02/2012 21:53:28,[TACOM];[CSR];[Admin];[ReadOnlyAudit];LocalDomainServers;CN=Ret Hamlin/OU=CHPSID/O=TACOM,CN=Benedetta Kowalczyk/OU=CHPSID/O=TACOM;[Admin]
82A852D9FC24B36CA7F5953B7E900A32,F9FE,A49EAFB94BFEEE815071838A170B6A67,06/23/2026 16:49:43,06/23/2026 16:49:43,CN=Benedetta Kowalczyk/OU=CHPSID/O=TACOM,,VMA-2026-000271,A49EAFB94BFEEE815071838A170B6A67,Backorder,,,Item backordered - requester notified. See attached correspondence.,Item backordered - requester notified,,,CN=Benedetta Kowalczyk/OU=CHPSID/O=TACOM,06/23/2026 16:49:43,[TACOM];[CSR];[Admin];[ReadOnlyAudit];LocalDomainServers;CN=Ret Hamlin/OU=CHPSID/O=TACOM,CN=Benedetta Kowalczyk/OU=CHPSID/O=TACOM;[Admin]
FB41380471D859B4D6262AB528337090,FA02,F7FD7313B5BC4A7ED3D4CD1E44421630,06/16/2026 15:18:08,06/16/2026 15:18:08,CN=Marlene Okafor/OU=CHPSID/O=TACOM,,VMA-2026-000134,F7FD7313B5BC4A7ED3D4CD1E44421630,HRC Query,,,Sent eligibility query to HRC Awards Branch. Follow-up required.,Sent eligibility query to HRC Awards Branch,06/19/2026,,CN=Marlene Okafor/OU=CHPSID/O=TACOM,06/16/2026 15:18:08,[TACOM];[CSR];[Admin];[ReadOnlyAudit];LocalDomainServers;CN=Lorraine Whitcombe/OU=CHPSID/O=TACOM,CN=Marlene Okafor/OU=CHPSID/O=TACOM;[Admin]
7C9B2A749966A242D99840F1A2C2D18F,FA06,1E7402E7D13765F8CA6DBC0E99517453,06/01/2026 10:14:57,06/01/2026 10:14:57,CN=Benedetta Kowalczyk/OU=CHPSID/O=TACOM,,VMA-2026-000329,1E7402E7D13765F8CA6DBC0E99517453,QC Rework,,,"QC failed - engraving misspelled, returned to shop. See attached correspondence.","QC failed - engraving misspelled, returned to shop",,Yes,CN=Benedetta Kowalczyk/OU=CHPSID/O=TACOM,06/01/2026 10:14:57,[TACOM];[CSR];[Admin];[ReadOnlyAudit];LocalDomainServers;CN=Dwayne Petrakis/OU=CHPSID/O=TACOM,CN=Benedetta Kowalczyk/OU=CHPSID/O=TACOM;[Admin]
D1B89A425148647FFAC27EA11F7AACCC,FA0A,5CA3CE655BC8F535071E87F752054A41,10/22/2011 20:01:57,10/22/2011 20:01:57,CN=Marlene Okafor/OU=CHPSID/O=TACOM,,VMA-2011-000001,5CA3CE655BC8F535071E87F752054A41,NOK Documentation,,,Death certificate / relationship proof received. No further action.,Death certificate / relationship proof received,,Yes,CN=Marlene Okafor/OU=CHPSID/O=TACOM,10/22/2011 20:01:57,[TACOM];[CSR];[Admin];[ReadOnlyAudit];LocalDomainServers;CN=Renata Vasquez-Holm/OU=CHPSID/O=TACOM,CN=Marlene Okafor/OU=CHPSID/O=TACOM;[Admin]
33AFDA27C75612F0B2BCD91CC2ED4A7D,FA0E,6EB8BA3BB9477BA7DB81DAB7870BA111,02/28/2017 20:21:36,02/28/2017 20:21:36,CN=Renata Vasquez-Holm/OU=CHPSID/O=TACOM,,VMA-2017-000055,6EB8BA3BB9477BA7DB81DAB7870BA111,NPRC Query,,,Requested OMPF verification from NPRC. See attached correspondence.,Requested OMPF verification from NPRC,,,CN=Renata Vasquez-Holm/OU=CHPSID/O=TACOM,02/28/2017 20:21:36,[TACOM];[CSR];[Admin];[ReadOnlyAudit];LocalDomainServers;CN=Lorraine Whitcombe/OU=CHPSID/O=TACOM,CN=Renata Vasquez-Holm/OU=CHPSID/O=TACOM;[Admin]
2EB7F631667A37F11AC7CC55EEFB6252,FA12,FB538BFDBB9101E2278A44AFC7B3818C,10/21/2008 23:42:47,10/21/2008 23:42:47,CN=Benedetta Kowalczyk/OU=CHPSID/O=TACOM,,VMA-2008-000007,FB538BFDBB9101E2278A44AFC7B3818C,HRC Query,,,Sent eligibility query to HRC Awards Branch. Escalated to lead CSR.,Sent eligibility query to HRC Awards Branch,,,CN=Benedetta Kowalczyk/OU=CHPSID/O=TACOM,10/21/2008 23:42:47,[TACOM];[CSR];[Admin];[ReadOnlyAudit];LocalDomainServers;CN=Renata Vasquez-Holm/OU=CHPSID/O=TACOM,CN=Benedetta Kowalczyk/OU=CHPSID/O=TACOM;[Admin]
3DC7EA6950575C9D46A39E3CB022188F,FA16,E64E62C1A915B9864D8EEFC65D15D124,01/30/2018 16:27:52,01/30/2018 16:27:52,CN=Dwayne Petrakis/OU=CHPSID/O=TACOM,,VMA-2018-000001,E64E62C1A915B9864D8EEFC65D15D124,NOK Documentation,,,Death certificate / relationship proof received. See attached correspondence.,Death certificate / relationship proof received,,,CN=Dwayne Petrakis/OU=CHPSID/O=TACOM,01/30/2018 16:27:52,[TACOM];[CSR];[Admin];[ReadOnlyAudit];LocalDomainServers;CN=Renata Vasquez-Holm/OU=CHPSID/O=TACOM,CN=Dwayne Petrakis/OU=CHPSID/O=TACOM;[Admin]
7F9F03BB1D0B262D6B227E787440D441,FA1A,57C0C5AB6A3A5F11440F9985976225B4,02/22/2005 17:37:53,02/22/2005 17:37:53,CN=Dwayne Petrakis/OU=CHPSID/O=TACOM,Correspondence_VMA-2005-000061.pdf,VMA-2005-000061,57C0C5AB6A3A5F11440F9985976225B4,Address Correction,,,Address updated per requester. Follow-up required.,Address updated per requester,03/04/2005,,CN=Dwayne Petrakis/OU=CHPSID/O=TACOM,02/22/2005 17:37:53,[TACOM];[CSR];[Admin];[ReadOnlyAudit];LocalDomainServers;CN=Lorraine Whitcombe/OU=CHPSID/O=TACOM,CN=Dwayne Petrakis/OU=CHPSID/O=TACOM;[Admin]
4638A43F443A97269F22B586DB648AE9,FA1E,0352D2BB887D28800B6D2D8B5FD5F671,07/14/2004 15:27:42,07/14/2004 15:27:42,CN=Renata Vasquez-Holm/OU=CHPSID/O=TACOM,,VMA-2004-000039,0352D2BB887D28800B6D2D8B5FD5F671,Address Correction,,,Address updated per requester. Escalated to lead CSR.,Address updated per requester,,,CN=Renata Vasquez-Holm/OU=CHPSID/O=TACOM,07/14/2004 15:27:42,[TACOM];[CSR];[Admin];[ReadOnlyAudit];LocalDomainServers;CN=Marlene Okafor/OU=CHPSID/O=TACOM,CN=Renata Vasquez-Holm/OU=CHPSID/O=TACOM;[Admin]
527481C88E2B82CA8E95196EF890F536,FA22,9A3FC4800FAF3779A770CC21E01A64C3,10/04/2007 20:28:33,10/04/2007 20:28:33,CN=Ret Hamlin/OU=CHPSID/O=TACOM,,VMA-2007-000030,9A3FC4800FAF3779A770CC21E01A64C3,Address Correction,,,Address updated per requester. No further action.,Address updated per requester,,,CN=Ret Hamlin/OU=CHPSID/O=TACOM,10/04/2007 20:28:33,[TACOM];[CSR];[Admin];[ReadOnlyAudit];LocalDomainServers;CN=Dwayne Petrakis/OU=CHPSID/O=TACOM,CN=Ret Hamlin/OU=CHPSID/O=TACOM;[Admin]
3C79C2D21BA801B6717FF4BFA0946F32,FA26,BEDB0B8C56EAB861240554B95B6293BB,05/07/2026 14:42:13,05/07/2026 14:42:13,CN=Marlene Okafor/OU=CHPSID/O=TACOM,,VMA-2026-000081,BEDB0B8C56EAB861240554B95B6293BB,Address Correction,,,Address updated per requester. Escalated to lead CSR.,Address updated per requester,,,CN=Marlene Okafor/OU=CHPSID/O=TACOM,05/07/2026 14:42:13,[TACOM];[CSR];[Admin];[ReadOnlyAudit];LocalDomainServers;CN=Dwayne Petrakis/OU=CHPSID/O=TACOM,CN=Marlene Okafor/OU=CHPSID/O=TACOM;[Admin]
59D353BB13283D93B13D55CE23BD1437,FA2A,D040B477C244EDB87252D2CD99BF95FB,11/16/2005 11:45:00,11/16/2005 11:45:00,CN=Lorraine Whitcombe/OU=CHPSID/O=TACOM,,VMA-2005-000053,D040B477C244EDB87252D2CD99BF95FB,NPRC Query,,,Requested OMPF verification from NPRC. Escalated to lead CSR.,Requested OMPF verification from NPRC,,Yes,CN=Lorraine Whitcombe/OU=CHPSID/O=TACOM,11/16/2005 11:45:00,[TACOM];[CSR];[Admin];[ReadOnlyAudit];LocalDomainServers;CN=Lorraine Whitcombe/OU=CHPSID/O=TACOM,CN=Lorraine Whitcombe/OU=CHPSID/O=TACOM;[Admin]
20DB500C5EF0F94BC0B68B00D18E65A9,FA2E,89ABDA6701D093D6F5FE2A63E610F3CF,11/29/2004 08:54:34,11/29/2004 08:54:34,CN=Renata Vasquez-Holm/OU=CHPSID/O=TACOM,,VMA-2004-000074,89ABDA6701D093D6F5FE2A63E610F3CF,Phone Call - Inbound,Jennifer Umberlake,(302) 555-1317,Requester called for status. No further action.,Requester called for status,,,CN=Renata Vasquez-Holm/OU=CHPSID/O=TACOM,11/29/2004 08:54:34,[TACOM];[CSR];[Admin];[ReadOnlyAudit];LocalDomainServers;CN=Marlene Okafor/OU=CHPSID/O=TACOM,CN=Renata Vasquez-Holm/OU=CHPSID/O=TACOM;[Admin]
FC211FBBC5E171409D048694DD21CABF,FA32,74557E09F08C620E6EC0DAC6CCFE359B,03/10/2026 15:12:21,03/10/2026 15:12:21,CN=Ret Hamlin/OU=CHPSID/O=TACOM,,VMA-2026-000572,74557E09F08C620E6EC0DAC6CCFE359B,Address Correction,,,Address updated per requester. Requester satisfied.,Address updated per requester,03/15/2026,,CN=Ret Hamlin/OU=CHPSID/O=TACOM,03/10/2026 15:12:21,[TACOM];[CSR];[Admin];[ReadOnlyAudit];LocalDomainServers;CN=Ret Hamlin/OU=CHPSID/O=TACOM,CN=Ret Hamlin/OU=CHPSID/O=TACOM;[Admin]
6E357C8B447177F67F32D7156D2A23BE,FA36,7B3B661A394A578D5258B25E039875D3,08/29/2025 13:10:05,08/29/2025 13:10:05,CN=Ret Hamlin/OU=CHPSID/O=TACOM,,VMA-2025-000107,7B3B661A394A578D5258B25E039875D3,QC Rework,,,"QC failed - engraving misspelled, returned to shop. Requester satisfied.","QC failed - engraving misspelled, returned to shop",,Yes,CN=Ret Hamlin/OU=CHPSID/O=TACOM,08/29/2025 13:10:05,[TACOM];[CSR];[Admin];[ReadOnlyAudit];LocalDomainServers;CN=Ret Hamlin/OU=CHPSID/O=TACOM,CN=Ret Hamlin/OU=CHPSID/O=TACOM;[Admin]
F7719E9816A535D5F237FF9441651011,FA3A,8F915F93071C743E18361ADE71595EAB,08/04/2026 17:07:33,08/04/2026 17:07:33,CN=Lorraine Whitcombe/OU=CHPSID/O=TACOM,,VMA-2026-000220,8F915F93071C743E18361ADE71595EAB,Phone Call - Outbound,Angela Maldonado-Vega,(410) 555-1047,Called requester to confirm address. No further action.,Called requester to confirm address,08/14/2026,Yes,CN=Lorraine Whitcombe/OU=CHPSID/O=TACOM,08/04/2026 17:07:33,[TACOM];[CSR];[Admin];[ReadOnlyAudit];LocalDomainServers;CN=Ret Hamlin/OU=CHPSID/O=TACOM,CN=Lorraine Whitcombe/OU=CHPSID/O=TACOM;[Admin]
703EDE2C8481CC9BC1C06CB02A053E1F,FA3E,4F92E591D3942FBB21F575D2FC0C0B01,03/09/2025 12:21:41,03/09/2025 12:21:41,CN=Ret Hamlin/OU=CHPSID/O=TACOM,,VMA-2025-000051,4F92E591D3942FBB21F575D2FC0C0B01,NOK Documentation,,,Death certificate / relationship proof received. No further action.,Death certificate / relationship proof received,,Yes,CN=Ret Hamlin/OU=CHPSID/O=TACOM,03/09/2025 12:21:41,[TACOM];[CSR];[Admin];[ReadOnlyAudit];LocalDomainServers;CN=Renata Vasquez-Holm/OU=CHPSID/O=TACOM,CN=Ret Hamlin/OU=CHPSID/O=TACOM;[Admin]
28FCA9B9F1CB910877FB66787BD9C5B6,FA42,6CFEB70684AAEF1078AB79753AE15270,06/08/2011 11:15:58,06/08/2011 11:15:58,CN=Dwayne Petrakis/OU=CHPSID/O=TACOM,,VMA-2011-000106,6CFEB70684AAEF1078AB79753AE15270,Address Correction,,,Address updated per requester. See attached correspondence.,Address updated per requester,,,CN=Dwayne Petrakis/OU=CHPSID/O=TACOM,06/08/2011 11:15:58,[TACOM];[CSR];[Admin];[ReadOnlyAudit];LocalDomainServers;CN=Renata Vasquez-Holm/OU=CHPSID/O=TACOM,CN=Dwayne Petrakis/OU=CHPSID/O=TACOM;[Admin]
E23DE1055E8D4928CD931B56D7D2B99A,FA46,126DA2877A2395E4BDC4BD26D9C6FDDF,07/09/2014 09:45:38,07/09/2014 09:45:38,CN=Renata Vasquez-Holm/OU=CHPSID/O=TACOM,,VMA-2014-000016,126DA2877A2395E4BDC4BD26D9C6FDDF,Phone Call - Inbound,Barbara Whitlock-Bay,(856) 555-1180,Requester called for status. Escalated to lead CSR.,Requester called for status,,Yes,CN=Renata Vasquez-Holm/OU=CHPSID/O=TACOM,07/09/2014 09:45:38,[TACOM];[CSR];[Admin];[ReadOnlyAudit];LocalDomainServers;CN=Lorraine Whitcombe/OU=CHPSID/O=TACOM,CN=Renata Vasquez-Holm/OU=CHPSID/O=TACOM;[Admin]
6F0207768DCB8DE55276F6CFA8C76567,FA4A,AE9A1BE9F77E74444A92F6A4EBBCC5A0,04/28/2019 18:06:45,04/28/2019 18:06:45,CN=Lorraine Whitcombe/OU=CHPSID/O=TACOM,,VMA-2019-000035,AE9A1BE9F77E74444A92F6A4EBBCC5A0,QC Rework,,,"QC failed - engraving misspelled, returned to shop. Requester satisfied.","QC failed - engraving misspelled, returned to shop",,Yes,CN=Lorraine Whitcombe/OU=CHPSID/O=TACOM,04/28/2019 18:06:45,[TACOM];[CSR];[Admin];[ReadOnlyAudit];LocalDomainServers;CN=Renata Vasquez-Holm/OU=CHPSID/O=TACOM,CN=Lorraine Whitcombe/OU=CHPSID/O=TACOM;[Admin]
1B004A99BCFC978D7D5F26A1A4D2153A,FA4E,2D5291CC3DDA3DBAE1ED0077644ECADE,04/06/2022 16:14:53,04/06/2022 16:14:53,CN=Renata Vasquez-Holm/OU=CHPSID/O=TACOM,Correspondence_VMA-2022-000059.pdf,VMA-2022-000059,2D5291CC3DDA3DBAE1ED0077644ECADE,Phone Call - Inbound,Mary Zapata-Kell,(540) 555-1622,Requester called for status. No further action.,Requester called for status,,Yes,CN=Renata Vasquez-Holm/OU=CHPSID/O=TACOM,04/06/2022 16:14:53,[TACOM];[CSR];[Admin];[ReadOnlyAudit];LocalDomainServers;CN=Lorraine Whitcombe/OU=CHPSID/O=TACOM,CN=Renata Vasquez-Holm/OU=CHPSID/O=TACOM;[Admin]
D6EC30A8693159F3D9C180DEC3F6603A,FA52,B1EA30DBA97A2EA6C03787E3C3C6A3C7,05/04/2026 15:46:20,05/04/2026 15:46:20,CN=Ret Hamlin/OU=CHPSID/O=TACOM,Correspondence_VMA-2026-000605.pdf,VMA-2026-000605,B1EA30DBA97A2EA6C03787E3C3C6A3C7,NOK Documentation,,,Death certificate / relationship proof received. Requester satisfied.,Death certificate / relationship proof received,05/17/2026,Yes,CN=Ret Hamlin/OU=CHPSID/O=TACOM,05/04/2026 15:46:20,[TACOM];[CSR];[Admin];[ReadOnlyAudit];LocalDomainServers;CN=Marlene Okafor/OU=CHPSID/O=TACOM,CN=Ret Hamlin/OU=CHPSID/O=TACOM;[Admin]
063B2A9E62D296495097B51E5A87D79D,FA56,12A8169E1C760A361386841EB752648C,06/01/2024 13:24:18,06/01/2024 13:24:18,CN=Dwayne Petrakis/OU=CHPSID/O=TACOM,,VMA-2024-000117,12A8169E1C760A361386841EB752648C,Phone Call - Inbound,Andrew Ledesma-Ortiz,(703) 555-1858,Requester called for status. No further action.,Requester called for status,,Yes,CN=Dwayne Petrakis/OU=CHPSID/O=TACOM,06/01/2024 13:24:18,[TACOM];[CSR];[Admin];[ReadOnlyAudit];LocalDomainServers;CN=Dwayne Petrakis/OU=CHPSID/O=TACOM,CN=Dwayne Petrakis/OU=CHPSID/O=TACOM;[Admin]
820E5C8A76869659A27EB48047BA0595,FA5A,B8B268D1474B5AEAB65746C0F322C978,10/14/2006 15:11:06,10/14/2006 15:11:06,CN=Marlene Okafor/OU=CHPSID/O=TACOM,,VMA-2006-000032,B8B268D1474B5AEAB65746C0F322C978,NOK Documentation,,,Death certificate / relationship proof received. See attached correspondence.,Death certificate / relationship proof received,,Yes,CN=Marlene Okafor/OU=CHPSID/O=TACOM,10/14/2006 15:11:06,[TACOM];[CSR];[Admin];[ReadOnlyAudit];LocalDomainServers;CN=Benedetta Kowalczyk/OU=CHPSID/O=TACOM,CN=Marlene Okafor/OU=CHPSID/O=TACOM;[Admin]
9ECCAC9A2258002AEF90EB908A837F1E,FA5E,E11E0D0A3E829EB156AE5B57A9439B6B,11/09/2025 13:25:50,11/09/2025 13:25:50,CN=Benedetta Kowalczyk/OU=CHPSID/O=TACOM,,VMA-2025-000111,E11E0D0A3E829EB156AE5B57A9439B6B,Phone Call - Inbound,Sarah Guajardo,(215) 555-1280,Requester called for status. Follow-up required.,Requester called for status,,,CN=Benedetta Kowalczyk/OU=CHPSID/O=TACOM,11/09/2025 13:25:50,[TACOM];[CSR];[Admin];[ReadOnlyAudit];LocalDomainServers;CN=Benedetta Kowalczyk/OU=CHPSID/O=TACOM,CN=Benedetta Kowalczyk/OU=CHPSID/O=TACOM;[Admin]
355AA55AF333C74E5C02EDF71FB7C724,FA62,396DB83272693302B0B36AF65CC9277A,04/19/2026 13:41:44,04/19/2026 13:41:44,CN=Lorraine Whitcombe/OU=CHPSID/O=TACOM,,VMA-2026-000001,396DB83272693302B0B36AF65CC9277A,General,,,General note. Follow-up required.,General note,,Yes,CN=Lorraine Whitcombe/OU=CHPSID/O=TACOM,04/19/2026 13:41:44,[TACOM];[CSR];[Admin];[ReadOnlyAudit];LocalDomainServers;CN=Renata Vasquez-Holm/OU=CHPSID/O=TACOM,CN=Lorraine Whitcombe/OU=CHPSID/O=TACOM;[Admin]
951AD1447E62B97CC6DCD075E6C2DAEE,FA66,7F0B8134E94829B52575CFC74FC2619D,01/05/2009 12:46:34,01/05/2009 12:46:34,CN=Dwayne Petrakis/OU=CHPSID/O=TACOM,Correspondence_VMA-2009-000049.pdf,VMA-2009-000049,7F0B8134E94829B52575CFC74FC2619D,HRC Query,,,Sent eligibility query to HRC Awards Branch. Follow-up required.,Sent eligibility query to HRC Awards Branch,,Yes,CN=Dwayne Petrakis/OU=CHPSID/O=TACOM,01/05/2009 12:46:34,[TACOM];[CSR];[Admin];[ReadOnlyAudit];LocalDomainServers;CN=Renata Vasquez-Holm/OU=CHPSID/O=TACOM,CN=Dwayne Petrakis/OU=CHPSID/O=TACOM;[Admin]
E96CB1C61819577F9442358E22BA73A9,FA6A,C66394445478110AF2215BD1F3973469,08/15/2018 21:21:55,08/15/2018 21:21:55,CN=Dwayne Petrakis/OU=CHPSID/O=TACOM,,VMA-2015-000004,C66394445478110AF2215BD1F3973469,NOK Documentation,,,Death certificate / relationship proof received. Follow-up required.,Death certificate / relationship proof received,,Yes,CN=Dwayne Petrakis/OU=CHPSID/O=TACOM,08/15/2018 21:21:55,[TACOM];[CSR];[Admin];[ReadOnlyAudit];LocalDomainServers;CN=Dwayne Petrakis/OU=CHPSID/O=TACOM,CN=Dwayne Petrakis/OU=CHPSID/O=TACOM;[Admin]
7F1E58E63C1CA35C4309A2D6F46EC119,FA6E,96E682C5A3756B756219DC2B8748D879,01/17/2007 14:30:11,01/17/2007 14:30:11,CN=Benedetta Kowalczyk/OU=CHPSID/O=TACOM,,VMA-2007-000063,96E682C5A3756B756219DC2B8748D879,Address Correction,,,Address updated per requester. See attached correspondence.,Address updated per requester,01/21/2007,Yes,CN=Benedetta Kowalczyk/OU=CHPSID/O=TACOM,01/17/2007 14:30:11,[TACOM];[CSR];[Admin];[ReadOnlyAudit];LocalDomainServers;CN=Benedetta Kowalczyk/OU=CHPSID/O=TACOM,CN=Benedetta Kowalczyk/OU=CHPSID/O=TACOM;[Admin]
8613174E16D42019D063FA08B3942E39,FA72,64DD958CA8D5C01F2248D17C3AB0516E,03/19/2022 14:36:30,03/19/2022 14:36:30,CN=Benedetta Kowalczyk/OU=CHPSID/O=TACOM,,VMA-2022-000026,64DD958CA8D5C01F2248D17C3AB0516E,Phone Call - Outbound,William Ingersby,(717) 555-1780,Called requester to confirm address. No further action.,Called requester to confirm address,,Yes,CN=Benedetta Kowalczyk/OU=CHPSID/O=TACOM,03/19/2022 14:36:30,[TACOM];[CSR];[Admin];[ReadOnlyAudit];LocalDomainServers;CN=Renata Vasquez-Holm/OU=CHPSID/O=TACOM,CN=Benedetta Kowalczyk/OU=CHPSID/O=TACOM;[Admin]
CC4A2C225A0B63A2E28D53A3D4C1D10A,FA76,87062115C6F98F8D7A5ABF40CB21E498,04/30/2026 22:21:15,04/30/2026 22:21:15,CN=Ret Hamlin/OU=CHPSID/O=TACOM,,VMA-2026-000317,87062115C6F98F8D7A5ABF40CB21E498,Phone Call - Outbound,E. Norquist,(610) 555-1466,Called requester to confirm address. Follow-up required.,Called requester to confirm address,05/04/2026,Yes,CN=Ret Hamlin/OU=CHPSID/O=TACOM,04/30/2026 22:21:15,[TACOM];[CSR];[Admin];[ReadOnlyAudit];LocalDomainServers;CN=Lorraine Whitcombe/OU=CHPSID/O=TACOM,CN=Ret Hamlin/OU=CHPSID/O=TACOM;[Admin]
5F8E8C5BF274B1D21BED06393A2068CF,FA7A,B22DA6748A13416B366EA81CE8F4646C,06/02/2026 08:18:15,06/02/2026 08:18:15,CN=Benedetta Kowalczyk/OU=CHPSID/O=TACOM,,VMA-2026-000535,B22DA6748A13416B366EA81CE8F4646C,Backorder,,,Item backordered - requester notified. No further action.,Item backordered - requester notified,,Yes,CN=Benedetta Kowalczyk/OU=CHPSID/O=TACOM,06/02/2026 08:18:15,[TACOM];[CSR];[Admin];[ReadOnlyAudit];LocalDomainServers;CN=Benedetta Kowalczyk/OU=CHPSID/O=TACOM,CN=Benedetta Kowalczyk/OU=CHPSID/O=TACOM;[Admin]
A6336682825314BFADEE2BBDB6925FCF,FA7E,3BE30B2D24417B2AD5D77DBA6C7636AB,08/09/2007 11:36:36,08/09/2007 11:36:36,CN=Dwayne Petrakis/OU=CHPSID/O=TACOM,,VMA-2007-000029,3BE30B2D24417B2AD5D77DBA6C7636AB,HRC Query,,,Sent eligibility query to HRC Awards Branch. Requester satisfied.,Sent eligibility query to HRC Awards Branch,,Yes,CN=Dwayne Petrakis/OU=CHPSID/O=TACOM,08/09/2007 11:36:36,[TACOM];[CSR];[Admin];[ReadOnlyAudit];LocalDomainServers;CN=Dwayne Petrakis/OU=CHPSID/O=TACOM,CN=Dwayne Petrakis/OU=CHPSID/O=TACOM;[Admin]
41C9B9154E510A83296970D4841CE8FB,FA82,EA6B0DBB0DEB48E64717A11E0CB56AC6,11/10/2021 15:48:57,11/10/2021 15:48:57,CN=Lorraine Whitcombe/OU=CHPSID/O=TACOM,,VMA-2021-000019,EA6B0DBB0DEB48E64717A11E0CB56AC6,Address Correction,,,Address updated per requester. Requester satisfied.,Address updated per requester,11/15/2021,Yes,CN=Lorraine Whitcombe/OU=CHPSID/O=TACOM,11/10/2021 15:48:57,[TACOM];[CSR];[Admin];[ReadOnlyAudit];LocalDomainServers;CN=Benedetta Kowalczyk/OU=CHPSID/O=TACOM,CN=Lorraine Whitcombe/OU=CHPSID/O=TACOM;[Admin]
3F8B20D3E660105FA47BA0F58335BBAF,FA86,EA6B0DBB0DEB48E64717A11E0CB56AC6,10/06/2021 13:48:57,10/06/2021 13:48:57,CN=Ret Hamlin/OU=CHPSID/O=TACOM,,VMA-2021-000019,EA6B0DBB0DEB48E64717A11E0CB56AC6,NOK Documentation,,,Death certificate / relationship proof received. Requester satisfied.,Death certificate / relationship proof received,,,CN=Ret Hamlin/OU=CHPSID/O=TACOM,10/06/2021 13:48:57,[TACOM];[CSR];[Admin];[ReadOnlyAudit];LocalDomainServers;CN=Benedetta Kowalczyk/OU=CHPSID/O=TACOM,CN=Ret Hamlin/OU=CHPSID/O=TACOM;[Admin]
E50BAED32C25FDCC2F75564D133C7829,FA8A,BD4E7D3BD4E574F9AEC0ECD83089AF17,09/27/2011 18:07:52,09/27/2011 18:07:52,CN=Dwayne Petrakis/OU=CHPSID/O=TACOM,,VMA-2011-000074,BD4E7D3BD4E574F9AEC0ECD83089AF17,Phone Call - Inbound,Sandra Quennevile,(610) 555-1258,Requester called for status. Escalated to lead CSR.,Requester called for status,,,CN=Dwayne Petrakis/OU=CHPSID/O=TACOM,09/27/2011 18:07:52,[TACOM];[CSR];[Admin];[ReadOnlyAudit];LocalDomainServers;CN=Benedetta Kowalczyk/OU=CHPSID/O=TACOM,CN=Dwayne Petrakis/OU=CHPSID/O=TACOM;[Admin]
75DFB71301336D695E1B86D4F90C9B16,FA8E,DE3E1D99F23645927E3111A0217DFBBC,05/22/2006 19:28:48,05/22/2006 19:28:48,CN=Dwayne Petrakis/OU=CHPSID/O=TACOM,,VMA-2006-000040,DE3E1D99F23645927E3111A0217DFBBC,QC Rework,,,"QC failed - engraving misspelled, returned to shop. Requester satisfied.","QC failed - engraving misspelled, returned to shop",05/25/2006,Yes,CN=Dwayne Petrakis/OU=CHPSID/O=TACOM,05/22/2006 19:28:48,[TACOM];[CSR];[Admin];[ReadOnlyAudit];LocalDomainServers;CN=Marlene Okafor/OU=CHPSID/O=TACOM,CN=Dwayne Petrakis/OU=CHPSID/O=TACOM;[Admin]
B0D98D14C719D6898C98AC4D9DB192B3,FA92,AB3A3E9E42902497FDA1EA87AEF85D0E,10/01/2025 11:22:04,10/01/2025 11:22:04,CN=Marlene Okafor/OU=CHPSID/O=TACOM,,VMA-2025-000003,AB3A3E9E42902497FDA1EA87AEF85D0E,HRC Query,,,Sent eligibility query to HRC Awards Branch. No further action.,Sent eligibility query to HRC Awards Branch,,,CN=Marlene Okafor/OU=CHPSID/O=TACOM,10/01/2025 11:22:04,[TACOM];[CSR];[Admin];[ReadOnlyAudit];LocalDomainServers;CN=Benedetta Kowalczyk/OU=CHPSID/O=TACOM,CN=Marlene Okafor/OU=CHPSID/O=TACOM;[Admin]
4C9403704D963EDC1EF37A649CFF3FA8,FA96,C89BA6F419F2CBA5CED36D0A24835F33,07/02/2005 20:05:50,07/02/2005 20:05:50,CN=Marlene Okafor/OU=CHPSID/O=TACOM,,VMA-2005-000014,C89BA6F419F2CBA5CED36D0A24835F33,Backorder,,,Item backordered - requester notified. Follow-up required.,Item backordered - requester notified,07/09/2005,Yes,CN=Marlene Okafor/OU=CHPSID/O=TACOM,07/02/2005 20:05:50,[TACOM];[CSR];[Admin];[ReadOnlyAudit];LocalDomainServers;CN=Benedetta Kowalczyk/OU=CHPSID/O=TACOM,CN=Marlene Okafor/OU=CHPSID/O=TACOM;[Admin]
03A4AFD7AFA8C87664E66FE2A8A4ECF1,FA9A,AD0447A33F16342470299DEB85F024ED,04/25/2023 18:40:25,04/25/2023 18:40:25,CN=Marlene Okafor/OU=CHPSID/O=TACOM,,VMA-2023-000044,AD0447A33F16342470299DEB85F024ED,QC Rework,,,"QC failed - engraving misspelled, returned to shop. Escalated to lead CSR.","QC failed - engraving misspelled, returned to shop",04/29/2023,Yes,CN=Marlene Okafor/OU=CHPSID/O=TACOM,04/25/2023 18:40:25,[TACOM];[CSR];[Admin];[ReadOnlyAudit];LocalDomainServers;CN=Benedetta Kowalczyk/OU=CHPSID/O=TACOM,CN=Marlene Okafor/OU=CHPSID/O=TACOM;[Admin]
A5942714212BF93DEB8F86FB12117D9B,FA9E,12E20ED11CC400D75A49DEECC7475C11,02/24/2026 17:34:42,02/24/2026 17:34:42,CN=Benedetta Kowalczyk/OU=CHPSID/O=TACOM,,VMA-2026-000054,12E20ED11CC400D75A49DEECC7475C11,Address Correction,,,Address updated per requester. No further action.,Address updated per requester,,Yes,CN=Benedetta Kowalczyk/OU=CHPSID/O=TACOM,02/24/2026 17:34:42,[TACOM];[CSR];[Admin];[ReadOnlyAudit];LocalDomainServers;CN=Ret Hamlin/OU=CHPSID/O=TACOM,CN=Benedetta Kowalczyk/OU=CHPSID/O=TACOM;[Admin]
12E74A0B32F9EAA4BDFB1FE38F944AEB,FAA2,82486AFEB01DBDDFC7DB2D83D737AA45,06/01/2021 12:20:47,06/01/2021 12:20:47,CN=Marlene Okafor/OU=CHPSID/O=TACOM,,VMA-2021-000057,82486AFEB01DBDDFC7DB2D83D737AA45,Backorder,,,Item backordered - requester notified. No further action.,Item backordered - requester notified,06/05/2021,Yes,CN=Marlene Okafor/OU=CHPSID/O=TACOM,06/01/2021 12:20:47,[TACOM];[CSR];[Admin];[ReadOnlyAudit];LocalDomainServers;CN=Marlene Okafor/OU=CHPSID/O=TACOM,CN=Marlene Okafor/OU=CHPSID/O=TACOM;[Admin]
15FBC0476E0CC00E5C8A0BCFDB0E5FFA,FAA6,FE18C96848855C389DCC4C7A4FB64C28,09/21/2018 17:22:13,09/21/2018 17:22:13,CN=Marlene Okafor/OU=CHPSID/O=TACOM,Correspondence_VMA-2018-000062.pdf,VMA-2018-000062,FE18C96848855C389DCC4C7A4FB64C28,General,,,General note. Follow-up required.,General note,,Yes,CN=Marlene Okafor/OU=CHPSID/O=TACOM,09/21/2018 17:22:13,[TACOM];[CSR];[Admin];[ReadOnlyAudit];LocalDomainServers;CN=Marlene Okafor/OU=CHPSID/O=TACOM,CN=Marlene Okafor/OU=CHPSID/O=TACOM;[Admin]
05D8A2875F16699840BB6AEECADDF70C,FAAA,AEC4AA4FCBB98BA10184A2970F5B3218,01/05/2018 14:51:37,01/05/2018 14:51:37,CN=Dwayne Petrakis/OU=CHPSID/O=TACOM,,VMA-2017-000021,AEC4AA4FCBB98BA10184A2970F5B3218,General,,,General note. Follow-up required.,General note,,,CN=Dwayne Petrakis/OU=CHPSID/O=TACOM,01/05/2018 14:51:37,[TACOM];[CSR];[Admin];[ReadOnlyAudit];LocalDomainServers;CN=Ret Hamlin/OU=CHPSID/O=TACOM,CN=Dwayne Petrakis/OU=CHPSID/O=TACOM;[Admin]
2BA3DD795416B080E63214F9248D1575,FAAE,F71F436BAC436C80A2AC051A5D59C459,10/30/2009 15:51:06,10/30/2009 15:51:06,CN=Renata Vasquez-Holm/OU=CHPSID/O=TACOM,,VMA-2009-000087,F71F436BAC436C80A2AC051A5D59C459,General,,,General note. Requester satisfied.,General note,11/13/2009,,CN=Renata Vasquez-Holm/OU=CHPSID/O=TACOM,10/30/2009 15:51:06,[TACOM];[CSR];[Admin];[ReadOnlyAudit];LocalDomainServers;CN=Lorraine Whitcombe/OU=CHPSID/O=TACOM,CN=Renata Vasquez-Holm/OU=CHPSID/O=TACOM;[Admin]
14C16174A3D0E7F7AC4D312BEA537454,FAB2,F1EF683289B85DCA4F3ADF3AEC5E2A1A,10/11/2009 19:31:12,10/11/2009 19:31:12,CN=Marlene Okafor/OU=CHPSID/O=TACOM,,VMA-2009-000032,F1EF683289B85DCA4F3ADF3AEC5E2A1A,QC Rework,,,"QC failed - engraving misspelled, returned to shop. Requester satisfied.","QC failed - engraving misspelled, returned to shop",,Yes,CN=Marlene Okafor/OU=CHPSID/O=TACOM,10/11/2009 19:31:12,[TACOM];[CSR];[Admin];[ReadOnlyAudit];LocalDomainServers;CN=Ret Hamlin/OU=CHPSID/O=TACOM,CN=Marlene Okafor/OU=CHPSID/O=TACOM;[Admin]
13B6A92E41C628A4D88E91304EE9EFE3,FAB6,8AC587585295D25A57CC8D332813705C,10/15/2010 21:53:16,10/15/2010 21:53:16,CN=Lorraine Whitcombe/OU=CHPSID/O=TACOM,Correspondence_VMA-2010-000043.pdf,VMA-2010-000043,8AC587585295D25A57CC8D332813705C,NPRC Query,,,Requested OMPF verification from NPRC. No further action.,Requested OMPF verification from NPRC,,,CN=Lorraine Whitcombe/OU=CHPSID/O=TACOM,10/15/2010 21:53:16,[TACOM];[CSR];[Admin];[ReadOnlyAudit];LocalDomainServers;CN=Marlene Okafor/OU=CHPSID/O=TACOM,CN=Lorraine Whitcombe/OU=CHPSID/O=TACOM;[Admin]
A7D9A7E3A22FB8FAB87CB4BE609A4C4E,FABA,5D0E233CFCAE65A35518CDC97E91F67F,12/21/2019 09:03:24,12/21/2019 09:03:24,CN=Ret Hamlin/OU=CHPSID/O=TACOM,,VMA-2019-000078,5D0E233CFCAE65A35518CDC97E91F67F,QC Rework,,,"QC failed - engraving misspelled, returned to shop. See attached correspondence.","QC failed - engraving misspelled, returned to shop",,Yes,CN=Ret Hamlin/OU=CHPSID/O=TACOM,12/21/2019 09:03:24,[TACOM];[CSR];[Admin];[ReadOnlyAudit];LocalDomainServers;CN=Renata Vasquez-Holm/OU=CHPSID/O=TACOM,CN=Ret Hamlin/OU=CHPSID/O=TACOM;[Admin]
F15008E79FAE52FF60D84937A62357B2,FABE,42D63DEDE752671ACC31613A3617D24C,09/21/2015 18:26:36,09/21/2015 18:26:36,CN=Marlene Okafor/OU=CHPSID/O=TACOM,,VMA-2015-000029,42D63DEDE752671ACC31613A3617D24C,NPRC Query,,,Requested OMPF verification from NPRC. Follow-up required.,Requested OMPF verification from NPRC,09/26/2015,Yes,CN=Marlene Okafor/OU=CHPSID/O=TACOM,09/21/2015 18:26:36,[TACOM];[CSR];[Admin];[ReadOnlyAudit];LocalDomainServers;CN=Marlene Okafor/OU=CHPSID/O=TACOM,CN=Marlene Okafor/OU=CHPSID/O=TACOM;[Admin]
80468AF9CCF619C7369C8B55B6105FF8,FAC2,B29162281A30517926963D46D4695D78,03/07/2019 12:15:34,03/07/2019 12:15:34,CN=Ret Hamlin/OU=CHPSID/O=TACOM,,VMA-2019-000062,B29162281A30517926963D46D4695D78,NOK Documentation,,,Death certificate / relationship proof received. See attached correspondence.,Death certificate / relationship proof received,03/15/2019,Yes,CN=Ret Hamlin/OU=CHPSID/O=TACOM,03/07/2019 12:15:34,[TACOM];[CSR];[Admin];[ReadOnlyAudit];LocalDomainServers;CN=Lorraine Whitcombe/OU=CHPSID/O=TACOM,CN=Ret Hamlin/OU=CHPSID/O=TACOM;[Admin]
C5068E75B36948B279E07C0C470F6CFC,FAC6,9BEB67FDA94ADF54DEB283CB555B08BE,06/02/2026 11:16:24,06/02/2026 11:16:24,CN=Marlene Okafor/OU=CHPSID/O=TACOM,,VMA-2026-000522,9BEB67FDA94ADF54DEB283CB555B08BE,Phone Call - Inbound,Andrew Everleigh,(302) 555-1602,Requester called for status. Follow-up required.,Requester called for status,06/08/2026,,CN=Marlene Okafor/OU=CHPSID/O=TACOM,06/02/2026 11:16:24,[TACOM];[CSR];[Admin];[ReadOnlyAudit];LocalDomainServers;CN=Dwayne Petrakis/OU=CHPSID/O=TACOM,CN=Marlene Okafor/OU=CHPSID/O=TACOM;[Admin]
DE5068EFBCF93EDB0AC10316E3393EA9,FACA,C8C765CA42ED8D8506FF8918889BF644,07/22/2026 20:31:23,07/22/2026 20:31:23,CN=Benedetta Kowalczyk/OU=CHPSID/O=TACOM,,VMA-2026-000302,C8C765CA42ED8D8506FF8918889BF644,Congressional Inquiry,,,Congressional inquiry received - response due 10 days. Requester satisfied.,Congressional inquiry received - response due 10 days,,,CN=Benedetta Kowalczyk/OU=CHPSID/O=TACOM,07/22/2026 20:31:23,[TACOM];[CSR];[Admin];[ReadOnlyAudit];LocalDomainServers;CN=Lorraine Whitcombe/OU=CHPSID/O=TACOM,CN=Benedetta Kowalczyk/OU=CHPSID/O=TACOM;[Admin]
6083BBA56CCC75C6A50886AEE89DF95B,FACE,6DC30492B3027F6AF45D20EA34F96C3B,06/11/2022 14:39:54,06/11/2022 14:39:54,CN=Dwayne Petrakis/OU=CHPSID/O=TACOM,,VMA-2022-000045,6DC30492B3027F6AF45D20EA34F96C3B,QC Rework,,,"QC failed - engraving misspelled, returned to shop. Follow-up required.","QC failed - engraving misspelled, returned to shop",,Yes,CN=Dwayne Petrakis/OU=CHPSID/O=TACOM,06/11/2022 14:39:54,[TACOM];[CSR];[Admin];[ReadOnlyAudit];LocalDomainServers;CN=Ret Hamlin/OU=CHPSID/O=TACOM,CN=Dwayne Petrakis/OU=CHPSID/O=TACOM;[Admin]
A0EB1BE29E65619B02C0F1D04AA79456,FAD2,B179DD768C9988199D17456D1168438B,02/01/2017 12:40:22,02/01/2017 12:40:22,CN=Benedetta Kowalczyk/OU=CHPSID/O=TACOM,,VMA-2017-000081,B179DD768C9988199D17456D1168438B,Phone Call - Outbound,Nicole Ullswater,(410) 555-1991,Called requester to confirm address. Requester satisfied.,Called requester to confirm address,02/08/2017,Yes,CN=Benedetta Kowalczyk/OU=CHPSID/O=TACOM,02/01/2017 12:40:22,[TACOM];[CSR];[Admin];[ReadOnlyAudit];LocalDomainServers;CN=Dwayne Petrakis/OU=CHPSID/O=TACOM,CN=Benedetta Kowalczyk/OU=CHPSID/O=TACOM;[Admin]
A7DAF1E5105A6A2A20E96F0B259D5AE9,FAD6,C91524583BDB64F299DF7491A6649BD6,05/19/2026 11:16:59,05/19/2026 11:16:59,CN=Lorraine Whitcombe/OU=CHPSID/O=TACOM,,VMA-2026-000509,C91524583BDB64F299DF7491A6649BD6,Address Correction,,,Address updated per requester. Requester satisfied.,Address updated per requester,,Yes,CN=Lorraine Whitcombe/OU=CHPSID/O=TACOM,05/19/2026 11:16:59,[TACOM];[CSR];[Admin];[ReadOnlyAudit];LocalDomainServers;CN=Ret Hamlin/OU=CHPSID/O=TACOM,CN=Lorraine Whitcombe/OU=CHPSID/O=TACOM;[Admin]
6610EB69A19AC157D3C9880601565D1D,FADA,F174F7B73D701A11E56BB137FEA013B1,10/08/2019 14:42:19,10/08/2019 14:42:19,CN=Benedetta Kowalczyk/OU=CHPSID/O=TACOM,,VMA-2019-000043,F174F7B73D701A11E56BB137FEA013B1,HRC Query,,,Sent eligibility query to HRC Awards Branch. Escalated to lead CSR.,Sent eligibility query to HRC Awards Branch,,Yes,CN=Benedetta Kowalczyk/OU=CHPSID/O=TACOM,10/08/2019 14:42:19,[TACOM];[CSR];[Admin];[ReadOnlyAudit];LocalDomainServers;CN=Ret Hamlin/OU=CHPSID/O=TACOM,CN=Benedetta Kowalczyk/OU=CHPSID/O=TACOM;[Admin]
003C0FC78FDBE0B86C45DE07552BFB48,FADE,E523919351BC557018D4A215C82FC599,03/17/2004 18:24:16,03/17/2004 18:24:16,CN=Renata Vasquez-Holm/OU=CHPSID/O=TACOM,,VMA-2004-000050,E523919351BC557018D4A215C82FC599,NOK Documentation,,,Death certificate / relationship proof received. See attached correspondence.,Death certificate / relationship proof received,,Yes,CN=Renata Vasquez-Holm/OU=CHPSID/O=TACOM,03/17/2004 18:24:16,[TACOM];[CSR];[Admin];[ReadOnlyAudit];LocalDomainServers;CN=Ret Hamlin/OU=CHPSID/O=TACOM,CN=Renata Vasquez-Holm/OU=CHPSID/O=TACOM;[Admin]
0B6FF43CDF425311A63FB6CADAE31F0C,FAE2,C9F6F89771D16CE09531779DF7D491EF,01/12/2008 14:28:59,01/12/2008 14:28:59,CN=Renata Vasquez-Holm/OU=CHPSID/O=TACOM,,VMA-2007-000081,C9F6F89771D16CE09531779DF7D491EF,Phone Call - Outbound,Sandra Stroudmoor,(717) 555-1471,Called requester to confirm address. Requester satisfied.,Called requester to confirm address,01/23/2008,Yes,CN=Renata Vasquez-Holm/OU=CHPSID/O=TACOM,01/12/2008 14:28:59,[TACOM];[CSR];[Admin];[ReadOnlyAudit];LocalDomainServers;CN=Benedetta Kowalczyk/OU=CHPSID/O=TACOM,CN=Renata Vasquez-Holm/OU=CHPSID/O=TACOM;[Admin]
F3D9266502CAE606E7D0046E1BCBB841,FAE6,DA66582DA71BEEC679CF2034CE30CB1A,04/16/2017 18:35:50,04/16/2017 18:35:50,CN=Benedetta Kowalczyk/OU=CHPSID/O=TACOM,,VMA-2017-000062,DA66582DA71BEEC679CF2034CE30CB1A,Congressional Inquiry,,,Congressional inquiry received - response due 10 days. No further action.,Congressional inquiry received - response due 10 days,04/25/2017,,CN=Benedetta Kowalczyk/OU=CHPSID/O=TACOM,04/16/2017 18:35:50,[TACOM];[CSR];[Admin];[ReadOnlyAudit];LocalDomainServers;CN=Renata Vasquez-Holm/OU=CHPSID/O=TACOM,CN=Benedetta Kowalczyk/OU=CHPSID/O=TACOM;[Admin]
77EC3147ACD8381F637AA8866B977F2A,FAEA,B571B9A2D547634FC7B3D2D558FD6072,06/24/2026 16:29:26,06/24/2026 16:29:26,CN=Benedetta Kowalczyk/OU=CHPSID/O=TACOM,,VMA-2026-000120,B571B9A2D547634FC7B3D2D558FD6072,NPRC Query,,,Requested OMPF verification from NPRC. Follow-up required.,Requested OMPF verification from NPRC,,Yes,CN=Benedetta Kowalczyk/OU=CHPSID/O=TACOM,06/24/2026 16:29:26,[TACOM];[CSR];[Admin];[ReadOnlyAudit];LocalDomainServers;CN=Marlene Okafor/OU=CHPSID/O=TACOM,CN=Benedetta Kowalczyk/OU=CHPSID/O=TACOM;[Admin]
26F47A21FCB26E4C503D4DFCFD7BAFD9,FAEE,F301813147768377325BB46CF995FE22,06/26/2004 16:58:57,06/26/2004 16:58:57,CN=Ret Hamlin/OU=CHPSID/O=TACOM,,VMA-2004-000014,F301813147768377325BB46CF995FE22,HRC Query,,,Sent eligibility query to HRC Awards Branch. See attached correspondence.,Sent eligibility query to HRC Awards Branch,,Yes,CN=Ret Hamlin/OU=CHPSID/O=TACOM,06/26/2004 16:58:57,[TACOM];[CSR];[Admin];[ReadOnlyAudit];LocalDomainServers;CN=Dwayne Petrakis/OU=CHPSID/O=TACOM,CN=Ret Hamlin/OU=CHPSID/O=TACOM;[Admin]
6D9667DCF3DE9484FA5B619862B28C48,FAF2,347FB9B6EAFB9E1988C5924F55631030,02/22/2016 20:18:29,02/22/2016 20:18:29,CN=Ret Hamlin/OU=CHPSID/O=TACOM,,VMA-2016-000038,347FB9B6EAFB9E1988C5924F55631030,Phone Call - Inbound,Virginia Vosburgh,(267) 555-1353,Requester called for status. No further action.,Requester called for status,,Yes,CN=Ret Hamlin/OU=CHPSID/O=TACOM,02/22/2016 20:18:29,[TACOM];[CSR];[Admin];[ReadOnlyAudit];LocalDomainServers;CN=Marlene Okafor/OU=CHPSID/O=TACOM,CN=Ret Hamlin/OU=CHPSID/O=TACOM;[Admin]
961A29CAD4D73A91E12B5EA65528BB4E,FAF6,8D5DEFAC80B4A94F4F9AA790EB3048E7,05/13/2018 18:04:13,05/13/2018 18:04:13,CN=Marlene Okafor/OU=CHPSID/O=TACOM,,VMA-2018-000028,8D5DEFAC80B4A94F4F9AA790EB3048E7,General,,,General note. Follow-up required.,General note,,Yes,CN=Marlene Okafor/OU=CHPSID/O=TACOM,05/13/2018 18:04:13,[TACOM];[CSR];[Admin];[ReadOnlyAudit];LocalDomainServers;CN=Benedetta Kowalczyk/OU=CHPSID/O=TACOM,CN=Marlene Okafor/OU=CHPSID/O=TACOM;[Admin]
C5FC2BE70A5F413348D3541C3FC5F4C8,FAFA,12A3722A1A7135D7BBF97D715FC0B612,06/16/2022 15:11:41,06/16/2022 15:11:41,CN=Lorraine Whitcombe/OU=CHPSID/O=TACOM,Correspondence_VMA-2022-000075.pdf,VMA-2022-000075,12A3722A1A7135D7BBF97D715FC0B612,HRC Query,,,Sent eligibility query to HRC Awards Branch. No further action.,Sent eligibility query to HRC Awards Branch,06/29/2022,Yes,CN=Lorraine Whitcombe/OU=CHPSID/O=TACOM,06/16/2022 15:11:41,[TACOM];[CSR];[Admin];[ReadOnlyAudit];LocalDomainServers;CN=Ret Hamlin/OU=CHPSID/O=TACOM,CN=Lorraine Whitcombe/OU=CHPSID/O=TACOM;[Admin]
F9D53C365CAE0ACCA0D722AB9A53C6B3,FAFE,F0E60A73735C87A3990C765BCD8BF604,06/11/2009 20:42:54,06/11/2009 20:42:54,CN=Marlene Okafor/OU=CHPSID/O=TACOM,Correspondence_VMA-2009-000070.pdf,VMA-2009-000070,F0E60A73735C87A3990C765BCD8BF604,NOK Documentation,,,Death certificate / relationship proof received. Follow-up required.,Death certificate / relationship proof received,,Yes,CN=Marlene Okafor/OU=CHPSID/O=TACOM,06/11/2009 20:42:54,[TACOM];[CSR];[Admin];[ReadOnlyAudit];LocalDomainServers;CN=Benedetta Kowalczyk/OU=CHPSID/O=TACOM,CN=Marlene Okafor/OU=CHPSID/O=TACOM;[Admin]
4DD7B1D6C3AAAAD6F50CB3EBF4C5779C,FB02,8B2E9B2F0F3927E829019ED086495EC2,09/07/2011 15:04:40,09/07/2011 15:04:40,CN=Benedetta Kowalczyk/OU=CHPSID/O=TACOM,,VMA-2011-000066,8B2E9B2F0F3927E829019ED086495EC2,Phone Call - Inbound,Susan Yarrowdale,(540) 555-1433,Requester called for status. See attached correspondence.,Requester called for status,09/11/2011,,CN=Benedetta Kowalczyk/OU=CHPSID/O=TACOM,09/07/2011 15:04:40,[TACOM];[CSR];[Admin];[ReadOnlyAudit];LocalDomainServers;CN=Lorraine Whitcombe/OU=CHPSID/O=TACOM,CN=Benedetta Kowalczyk/OU=CHPSID/O=TACOM;[Admin]
EBC17B355AE7A206243402CDB950D5E5,FB06,FF3ECB11A9B1DD66BFAD92F77EA8702A,07/28/2026 08:30:38,07/28/2026 08:30:38,CN=Dwayne Petrakis/OU=CHPSID/O=TACOM,,VMA-2026-000406,FF3ECB11A9B1DD66BFAD92F77EA8702A,Phone Call - Inbound,Sarah Yamaguchi-Orr,(215) 555-1295,Requester called for status. No further action.,Requester called for status,,Yes,CN=Dwayne Petrakis/OU=CHPSID/O=TACOM,07/28/2026 08:30:38,[TACOM];[CSR];[Admin];[ReadOnlyAudit];LocalDomainServers;CN=Dwayne Petrakis/OU=CHPSID/O=TACOM,CN=Dwayne Petrakis/OU=CHPSID/O=TACOM;[Admin]
459332DC75B788F7B530705BAA78E05E,FB0A,1E9F9349B11407100FE6DBB6AC18E8D4,06/02/2026 20:51:21,06/02/2026 20:51:21,CN=Lorraine Whitcombe/OU=CHPSID/O=TACOM,,VMA-2026-000248,1E9F9349B11407100FE6DBB6AC18E8D4,HRC Query,,,Sent eligibility query to HRC Awards Branch. Escalated to lead CSR.,Sent eligibility query to HRC Awards Branch,06/07/2026,,CN=Lorraine Whitcombe/OU=CHPSID/O=TACOM,06/02/2026 20:51:21,[TACOM];[CSR];[Admin];[ReadOnlyAudit];LocalDomainServers;CN=Marlene Okafor/OU=CHPSID/O=TACOM,CN=Lorraine Whitcombe/OU=CHPSID/O=TACOM;[Admin]
28CC599D942EF56652D836E7D7031120,FB0E,B46F7A667D46D7703A4569A5CDCBA6D0,07/05/2006 15:27:35,07/05/2006 15:27:35,CN=Ret Hamlin/OU=CHPSID/O=TACOM,Correspondence_VMA-2006-000007.pdf,VMA-2006-000007,B46F7A667D46D7703A4569A5CDCBA6D0,Congressional Inquiry,,,Congressional inquiry received - response due 10 days. No further action.,Congressional inquiry received - response due 10 days,,Yes,CN=Ret Hamlin/OU=CHPSID/O=TACOM,07/05/2006 15:27:35,[TACOM];[CSR];[Admin];[ReadOnlyAudit];LocalDomainServers;CN=Marlene Okafor/OU=CHPSID/O=TACOM,CN=Ret Hamlin/OU=CHPSID/O=TACOM;[Admin]
C96A02C7070988C73A8E02476527A503,FB12,CF287B98F150A8394148B05551F4A01B,09/27/2014 18:20:06,09/27/2014 18:20:06,CN=Benedetta Kowalczyk/OU=CHPSID/O=TACOM,,VMA-2014-000085,CF287B98F150A8394148B05551F4A01B,HRC Query,,,Sent eligibility query to HRC Awards Branch. Requester satisfied.,Sent eligibility query to HRC Awards Branch,,,CN=Benedetta Kowalczyk/OU=CHPSID/O=TACOM,09/27/2014 18:20:06,[TACOM];[CSR];[Admin];[ReadOnlyAudit];LocalDomainServers;CN=Dwayne Petrakis/OU=CHPSID/O=TACOM,CN=Benedetta Kowalczyk/OU=CHPSID/O=TACOM;[Admin]
460E9143E50E6202AFB0AE8E31365B44,FB16,30437298F05E119972D44B8FC9B6CF19,04/11/2026 14:38:22,04/11/2026 14:38:22,CN=Benedetta Kowalczyk/OU=CHPSID/O=TACOM,,VMA-2026-000279,30437298F05E119972D44B8FC9B6CF19,Backorder,,,Item backordered - requester notified. No further action.,Item backordered - requester notified,04/15/2026,Yes,CN=Benedetta Kowalczyk/OU=CHPSID/O=TACOM,04/11/2026 14:38:22,[TACOM];[CSR];[Admin];[ReadOnlyAudit];LocalDomainServers;CN=Lorraine Whitcombe/OU=CHPSID/O=TACOM,CN=Benedetta Kowalczyk/OU=CHPSID/O=TACOM;[Admin]
6606A55E399C7EC7A25756143B304C38,FB1A,C03E6C9491E79511FC2C0EDEC2A16B1C,04/27/2026 21:46:20,04/27/2026 21:46:20,CN=Ret Hamlin/OU=CHPSID/O=TACOM,,VMA-2026-000121,C03E6C9491E79511FC2C0EDEC2A16B1C,Congressional Inquiry,,,Congressional inquiry received - response due 10 days. Requester satisfied.,Congressional inquiry received - response due 10 days,05/10/2026,Yes,CN=Ret Hamlin/OU=CHPSID/O=TACOM,04/27/2026 21:46:20,[TACOM];[CSR];[Admin];[ReadOnlyAudit];LocalDomainServers;CN=Lorraine Whitcombe/OU=CHPSID/O=TACOM,CN=Ret Hamlin/OU=CHPSID/O=TACOM;[Admin]
D72D281F5A21D40E1BA823BEA97C4DBB,FB1E,F2CD932D808FC672D08478697208F098,10/06/2016 17:32:19,10/06/2016 17:32:19,CN=Dwayne Petrakis/OU=CHPSID/O=TACOM,,VMA-2016-000034,F2CD932D808FC672D08478697208F098,Address Correction,,,Address updated per requester. No further action.,Address updated per requester,,Yes,CN=Dwayne Petrakis/OU=CHPSID/O=TACOM,10/06/2016 17:32:19,[TACOM];[CSR];[Admin];[ReadOnlyAudit];LocalDomainServers;CN=Lorraine Whitcombe/OU=CHPSID/O=TACOM,CN=Dwayne Petrakis/OU=CHPSID/O=TACOM;[Admin]
890CAA08F9CC6772501D1867A0B41721,FB22,F7BF8A0D95B75725E2F7983AB74E7137,12/21/2021 16:15:50,12/21/2021 16:15:50,CN=Benedetta Kowalczyk/OU=CHPSID/O=TACOM,,VMA-2021-000043,F7BF8A0D95B75725E2F7983AB74E7137,Backorder,,,Item backordered - requester notified. No further action.,Item backordered - requester notified,,Yes,CN=Benedetta Kowalczyk/OU=CHPSID/O=TACOM,12/21/2021 16:15:50,[TACOM];[CSR];[Admin];[ReadOnlyAudit];LocalDomainServers;CN=Benedetta Kowalczyk/OU=CHPSID/O=TACOM,CN=Benedetta Kowalczyk/OU=CHPSID/O=TACOM;[Admin]
371B7145B810C23D7E2FEC33815C85B1,FB26,2E4EC5879751930D8A7D698300A89FC2,10/16/2025 09:26:02,10/16/2025 09:26:02,CN=Marlene Okafor/OU=CHPSID/O=TACOM,,VMA-2025-000128,2E4EC5879751930D8A7D698300A89FC2,Phone Call - Inbound,Timothy Prendergast,(410) 555-1301,Requester called for status. See attached correspondence.,Requester called for status,10/22/2025,,CN=Marlene Okafor/OU=CHPSID/O=TACOM,10/16/2025 09:26:02,[TACOM];[CSR];[Admin];[ReadOnlyAudit];LocalDomainServers;CN=Marlene Okafor/OU=CHPSID/O=TACOM,CN=Marlene Okafor/OU=CHPSID/O=TACOM;[Admin]
2F91DAB12F267CEA7EF6B43A098E9E09,FB2A,1F43E9C6F894235D3955F70D2ADCB8A2,06/20/2004 09:01:06,06/20/2004 09:01:06,CN=Marlene Okafor/OU=CHPSID/O=TACOM,,VMA-2004-000058,1F43E9C6F894235D3955F70D2ADCB8A2,NPRC Query,,,Requested OMPF verification from NPRC. See attached correspondence.,Requested OMPF verification from NPRC,,Yes,CN=Marlene Okafor/OU=CHPSID/O=TACOM,06/20/2004 09:01:06,[TACOM];[CSR];[Admin];[ReadOnlyAudit];LocalDomainServers;CN=Renata Vasquez-Holm/OU=CHPSID/O=TACOM,CN=Marlene Okafor/OU=CHPSID/O=TACOM;[Admin]
919A0237A8006EE2CA8A4B5C1D407A26,FB2E,B571B9A2D547634FC7B3D2D558FD6072,06/24/2026 17:29:26,06/24/2026 17:29:26,CN=Dwayne Petrakis/OU=CHPSID/O=TACOM,,VMA-2026-000120,B571B9A2D547634FC7B3D2D558FD6072,Phone Call - Inbound,Helen Rockwell-Sayre,(484) 555-1601,Requester called for status. Escalated to lead CSR.,Requester called for status,,Yes,CN=Dwayne Petrakis/OU=CHPSID/O=TACOM,06/24/2026 17:29:26,[TACOM];[CSR];[Admin];[ReadOnlyAudit];LocalDomainServers;CN=Marlene Okafor/OU=CHPSID/O=TACOM,CN=Dwayne Petrakis/OU=CHPSID/O=TACOM;[Admin]
B4A3AB6A3E262D2913F5C37201D98A40,FB32,CDABEF56AA18CC0BA8B5180C958EDF98,11/29/2024 19:09:03,11/29/2024 19:09:03,CN=Benedetta Kowalczyk/OU=CHPSID/O=TACOM,,VMA-2024-000083,CDABEF56AA18CC0BA8B5180C958EDF98,Address Correction,,,Address updated per requester. Escalated to lead CSR.,Address updated per requester,12/11/2024,Yes,CN=Benedetta Kowalczyk/OU=CHPSID/O=TACOM,11/29/2024 19:09:03,[TACOM];[CSR];[Admin];[ReadOnlyAudit];LocalDomainServers;CN=Lorraine Whitcombe/OU=CHPSID/O=TACOM,CN=Benedetta Kowalczyk/OU=CHPSID/O=TACOM;[Admin]
FD3B2D9C22C5C1C1893320A39DA3E265,FB36,7FEF1EC3885B29326FD5B714A27CEACB,05/31/2026 20:34:31,05/31/2026 20:34:31,CN=Lorraine Whitcombe/OU=CHPSID/O=TACOM,,VMA-2026-000092,7FEF1EC3885B29326FD5B714A27CEACB,HRC Query,,,Sent eligibility query to HRC Awards Branch. Requester satisfied.,Sent eligibility query to HRC Awards Branch,,Yes,CN=Lorraine Whitcombe/OU=CHPSID/O=TACOM,05/31/2026 20:34:31,[TACOM];[CSR];[Admin];[ReadOnlyAudit];LocalDomainServers;CN=Marlene Okafor/OU=CHPSID/O=TACOM,CN=Lorraine Whitcombe/OU=CHPSID/O=TACOM;[Admin]
AB1DCA5A703C20277DF27E0A89F19C67,FB3A,BE67A6CCE877F09496E9D4E87FEF68D4,05/02/2026 14:46:34,05/02/2026 14:46:34,CN=Renata Vasquez-Holm/OU=CHPSID/O=TACOM,,VMA-2026-000318,BE67A6CCE877F09496E9D4E87FEF68D4,Address Correction,,,Address updated per requester. See attached correspondence.,Address updated per requester,,,CN=Renata Vasquez-Holm/OU=CHPSID/O=TACOM,05/02/2026 14:46:34,[TACOM];[CSR];[Admin];[ReadOnlyAudit];LocalDomainServers;CN=Lorraine Whitcombe/OU=CHPSID/O=TACOM,CN=Renata Vasquez-Holm/OU=CHPSID/O=TACOM;[Admin]
9EAC4DA0746F89C54114F98DF9D26DB9,FB3E,D943D690BB6788AB928E2041F69C0CFF,07/27/2026 16:56:20,07/27/2026 16:56:20,CN=Dwayne Petrakis/OU=CHPSID/O=TACOM,,VMA-2026-000377,D943D690BB6788AB928E2041F69C0CFF,Phone Call - Inbound,Carl Villanueva-Cox,(540) 555-1402,Requester called for status. See attached correspondence.,Requester called for status,,,CN=Dwayne Petrakis/OU=CHPSID/O=TACOM,07/27/2026 16:56:20,[TACOM];[CSR];[Admin];[ReadOnlyAudit];LocalDomainServers;CN=Marlene Okafor/OU=CHPSID/O=TACOM,CN=Dwayne Petrakis/OU=CHPSID/O=TACOM;[Admin]
C3C2CEFB2B9C05170C144EA85C28365A,FB42,0AD5B2A9139EEF3272A6D0BF76F0EC30,03/07/2010 18:46:38,03/07/2010 18:46:38,CN=Dwayne Petrakis/OU=CHPSID/O=TACOM,,VMA-2010-000031,0AD5B2A9139EEF3272A6D0BF76F0EC30,Phone Call - Inbound,Jennifer Fortenbury,(410) 555-1829,Requester called for status. Escalated to lead CSR.,Requester called for status,,,CN=Dwayne Petrakis/OU=CHPSID/O=TACOM,03/07/2010 18:46:38,[TACOM];[CSR];[Admin];[ReadOnlyAudit];LocalDomainServers;CN=Marlene Okafor/OU=CHPSID/O=TACOM,CN=Dwayne Petrakis/OU=CHPSID/O=TACOM;[Admin]
F8BE408D4F25872CBF9B1BE1AA5CFDE1,FB46,A2F23671689CF8655F3DA00F819B6156,12/20/2015 11:14:48,12/20/2015 11:14:48,CN=Lorraine Whitcombe/OU=CHPSID/O=TACOM,,VMA-2015-000050,A2F23671689CF8655F3DA00F819B6156,Phone Call - Inbound,Mildred Vandermolen,(267) 555-1459,Requester called for status. Requester satisfied.,Requester called for status,12/25/2015,Yes,CN=Lorraine Whitcombe/OU=CHPSID/O=TACOM,12/20/2015 11:14:48,[TACOM];[CSR];[Admin];[ReadOnlyAudit];LocalDomainServers;CN=Marlene Okafor/OU=CHPSID/O=TACOM,CN=Lorraine Whitcombe/OU=CHPSID/O=TACOM;[Admin]
EDA7C0EFD81D378C92C5D70FF2A89B4E,FB4A,B8B26058BCFC9798484BB66C0D7A1178,03/23/2025 23:34:11,03/23/2025 23:34:11,CN=Renata Vasquez-Holm/OU=CHPSID/O=TACOM,,VMA-2025-000039,B8B26058BCFC9798484BB66C0D7A1178,Congressional Inquiry,,,Congressional inquiry received - response due 10 days. Follow-up required.,Congressional inquiry received - response due 10 days,,Yes,CN=Renata Vasquez-Holm/OU=CHPSID/O=TACOM,03/23/2025 23:34:11,[TACOM];[CSR];[Admin];[ReadOnlyAudit];LocalDomainServers;CN=Ret Hamlin/OU=CHPSID/O=TACOM,CN=Renata Vasquez-Holm/OU=CHPSID/O=TACOM;[Admin]
5A33CDEF1E09967F593374E5709EAC54,FB4E,23E48F82C6475EBC3E209CE0300E7CBC,02/16/2026 19:08:48,02/16/2026 19:08:48,CN=Lorraine Whitcombe/OU=CHPSID/O=TACOM,,VMA-2026-000045,23E48F82C6475EBC3E209CE0300E7CBC,NPRC Query,,,Requested OMPF verification from NPRC. Escalated to lead CSR.,Requested OMPF verification from NPRC,02/24/2026,Yes,CN=Lorraine Whitcombe/OU=CHPSID/O=TACOM,02/16/2026 19:08:48,[TACOM];[CSR];[Admin];[ReadOnlyAudit];LocalDomainServers;CN=Lorraine Whitcombe/OU=CHPSID/O=TACOM,CN=Lorraine Whitcombe/OU=CHPSID/O=TACOM;[Admin]
1CF3005339ED4551AC85CEF774DF1149,FB52,5BEFF915FD993205D7647B2989B7E166,09/17/2004 23:20:42,09/17/2004 23:20:42,CN=Lorraine Whitcombe/OU=CHPSID/O=TACOM,Correspondence_VMA-2004-000040.pdf,VMA-2004-000040,5BEFF915FD993205D7647B2989B7E166,QC Rework,,,"QC failed - engraving misspelled, returned to shop. Requester satisfied.","QC failed - engraving misspelled, returned to shop",,,CN=Lorraine Whitcombe/OU=CHPSID/O=TACOM,09/17/2004 23:20:42,[TACOM];[CSR];[Admin];[ReadOnlyAudit];LocalDomainServers;CN=Lorraine Whitcombe/OU=CHPSID/O=TACOM,CN=Lorraine Whitcombe/OU=CHPSID/O=TACOM;[Admin]
6B607BC700B6D0E50533418320173670,FB56,B247BF95A86A9B6267E19051B0FD2C0F,03/25/2014 14:38:44,03/25/2014 14:38:44,CN=Ret Hamlin/OU=CHPSID/O=TACOM,,VMA-2014-000011,B247BF95A86A9B6267E19051B0FD2C0F,Phone Call - Inbound,Andrew Yarrowdale,(484) 555-1619,Requester called for status. See attached correspondence.,Requester called for status,03/31/2014,,CN=Ret Hamlin/OU=CHPSID/O=TACOM,03/25/2014 14:38:44,[TACOM];[CSR];[Admin];[ReadOnlyAudit];LocalDomainServers;CN=Dwayne Petrakis/OU=CHPSID/O=TACOM,CN=Ret Hamlin/OU=CHPSID/O=TACOM;[Admin]
512E624E75E6B696ED37F3C6F8B02C63,FB5A,10668029D7583A8945C8FB7E999CD638,08/07/2026 09:49:37,08/07/2026 09:49:37,CN=Dwayne Petrakis/OU=CHPSID/O=TACOM,,VMA-2026-000287,10668029D7583A8945C8FB7E999CD638,Phone Call - Outbound,Leonard Ashcroft-Mayne,(302) 555-1210,Called requester to confirm address. See attached correspondence.,Called requester to confirm address,,,CN=Dwayne Petrakis/OU=CHPSID/O=TACOM,08/07/2026 09:49:37,[TACOM];[CSR];[Admin];[ReadOnlyAudit];LocalDomainServers;CN=Renata Vasquez-Holm/OU=CHPSID/O=TACOM,CN=Dwayne Petrakis/OU=CHPSID/O=TACOM;[Admin]
3665E8B70606A5097B82599B8B357E8D,FB5E,B6488F3D435F8943A68E3BDEF811CF8C,07/14/2019 23:11:38,07/14/2019 23:11:38,CN=Renata Vasquez-Holm/OU=CHPSID/O=TACOM,,VMA-2019-000048,B6488F3D435F8943A68E3BDEF811CF8C,General,,,General note. Follow-up required.,General note,,,CN=Renata Vasquez-Holm/OU=CHPSID/O=TACOM,07/14/2019 23:11:38,[TACOM];[CSR];[Admin];[ReadOnlyAudit];LocalDomainServers;CN=Renata Vasquez-Holm/OU=CHPSID/O=TACOM,CN=Renata Vasquez-Holm/OU=CHPSID/O=TACOM;[Admin]
EC31456F20E5BCC638FD8CF9D6C7AE75,FB62,2B38FDEDD0A6BEB6A9472BDB12EC4BF7,03/25/2026 13:18:42,03/25/2026 13:18:42,CN=Ret Hamlin/OU=CHPSID/O=TACOM,Correspondence_VMA-2026-000331.pdf,VMA-2026-000331,2B38FDEDD0A6BEB6A9472BDB12EC4BF7,HRC Query,,,Sent eligibility query to HRC Awards Branch. See attached correspondence.,Sent eligibility query to HRC Awards Branch,,Yes,CN=Ret Hamlin/OU=CHPSID/O=TACOM,03/25/2026 13:18:42,[TACOM];[CSR];[Admin];[ReadOnlyAudit];LocalDomainServers;CN=Benedetta Kowalczyk/OU=CHPSID/O=TACOM,CN=Ret Hamlin/OU=CHPSID/O=TACOM;[Admin]
545523D62DD7A4D809BC5F2FD25F9637,FB66,41306B8DBAA4C7B4A039C872D920819C,10/23/2022 13:53:17,10/23/2022 13:53:17,CN=Marlene Okafor/OU=CHPSID/O=TACOM,,VMA-2022-000044,41306B8DBAA4C7B4A039C872D920819C,Phone Call - Outbound,Jose Figueroa-Paz,(302) 555-1395,Called requester to confirm address. Requester satisfied.,Called requester to confirm address,,Yes,CN=Marlene Okafor/OU=CHPSID/O=TACOM,10/23/2022 13:53:17,[TACOM];[CSR];[Admin];[ReadOnlyAudit];LocalDomainServers;CN=Ret Hamlin/OU=CHPSID/O=TACOM,CN=Marlene Okafor/OU=CHPSID/O=TACOM;[Admin]
3ABC0882108B46E483F52269F2F59C6A,FB6A,16C46DCDE0EA7EDB883D758A7AF73C26,09/14/2025 17:54:25,09/14/2025 17:54:25,CN=Marlene Okafor/OU=CHPSID/O=TACOM,,VMA-2025-000115,16C46DCDE0EA7EDB883D758A7AF73C26,Congressional Inquiry,,,Congressional inquiry received - response due 10 days. Follow-up required.,Congressional inquiry received - response due 10 days,,Yes,CN=Marlene Okafor/OU=CHPSID/O=TACOM,09/14/2025 17:54:25,[TACOM];[CSR];[Admin];[ReadOnlyAudit];LocalDomainServers;CN=Lorraine Whitcombe/OU=CHPSID/O=TACOM,CN=Marlene Okafor/OU=CHPSID/O=TACOM;[Admin]
F10065F3924EB36D189B78A707344505,FB6E,B02B2C60E6305464465E879207069E72,07/18/2004 23:35:30,07/18/2004 23:35:30,CN=Dwayne Petrakis/OU=CHPSID/O=TACOM,,VMA-2004-000052,B02B2C60E6305464465E879207069E72,NOK Documentation,,,Death certificate / relationship proof received. See attached correspondence.,Death certificate / relationship proof received,,Yes,CN=Dwayne Petrakis/OU=CHPSID/O=TACOM,07/18/2004 23:35:30,[TACOM];[CSR];[Admin];[ReadOnlyAudit];LocalDomainServers;CN=Dwayne Petrakis/OU=CHPSID/O=TACOM,CN=Dwayne Petrakis/OU=CHPSID/O=TACOM;[Admin]
7E55DF2AA9D6C326EB8A0ED506EFFDA4,FB72,EA6B0DBB0DEB48E64717A11E0CB56AC6,11/01/2021 14:48:57,11/01/2021 14:48:57,CN=Ret Hamlin/OU=CHPSID/O=TACOM,Correspondence_VMA-2021-000019.pdf,VMA-2021-000019,EA6B0DBB0DEB48E64717A11E0CB56AC6,Phone Call - Inbound,Jessica Thornbury,(856) 555-1615,Requester called for status. Requester satisfied.,Requester called for status,11/04/2021,Yes,CN=Ret Hamlin/OU=CHPSID/O=TACOM,11/01/2021 14:48:57,[TACOM];[CSR];[Admin];[ReadOnlyAudit];LocalDomainServers;CN=Benedetta Kowalczyk/OU=CHPSID/O=TACOM,CN=Ret Hamlin/OU=CHPSID/O=TACOM;[Admin]
960FB3014D66372642DE338099DBB546,FB76,605601192479BEDBF4D09386AC3E981D,04/12/2024 18:28:35,04/12/2024 18:28:35,CN=Lorraine Whitcombe/OU=CHPSID/O=TACOM,,VMA-2024-000024,605601192479BEDBF4D09386AC3E981D,Phone Call - Inbound,Hector Jarvinen-Roe,(610) 555-1992,Requester called for status. Escalated to lead CSR.,Requester called for status,,Yes,CN=Lorraine Whitcombe/OU=CHPSID/O=TACOM,04/12/2024 18:28:35,[TACOM];[CSR];[Admin];[ReadOnlyAudit];LocalDomainServers;CN=Ret Hamlin/OU=CHPSID/O=TACOM,CN=Lorraine Whitcombe/OU=CHPSID/O=TACOM;[Admin]
13ECD06EDC19F89B082E12433F52B19D,FB7A,C03E6C9491E79511FC2C0EDEC2A16B1C,04/27/2026 23:46:20,04/27/2026 23:46:20,CN=Marlene Okafor/OU=CHPSID/O=TACOM,,VMA-2026-000121,C03E6C9491E79511FC2C0EDEC2A16B1C,NOK Documentation,,,Death certificate / relationship proof received. No further action.,Death certificate / relationship proof received,,Yes,CN=Marlene Okafor/OU=CHPSID/O=TACOM,04/27/2026 23:46:20,[TACOM];[CSR];[Admin];[ReadOnlyAudit];LocalDomainServers;CN=Lorraine Whitcombe/OU=CHPSID/O=TACOM,CN=Marlene Okafor/OU=CHPSID/O=TACOM;[Admin]
98F687823EA205DE2AEB59B89E558CE7,FB7E,7978AC3945BEF7E746D5EE14D492454C,03/14/2025 23:04:31,03/14/2025 23:04:31,CN=Renata Vasquez-Holm/OU=CHPSID/O=TACOM,,VMA-2025-000065,7978AC3945BEF7E746D5EE14D492454C,General,,,General note. Requester satisfied.,General note,,Yes,CN=Renata Vasquez-Holm/OU=CHPSID/O=TACOM,03/14/2025 23:04:31,[TACOM];[CSR];[Admin];[ReadOnlyAudit];LocalDomainServers;CN=Marlene Okafor/OU=CHPSID/O=TACOM,CN=Renata Vasquez-Holm/OU=CHPSID/O=TACOM;[Admin]
169666BC50587CCA277CEA50B0BD5030,FB82,18AED18F1135358BBBE889D6B8AA31FA,06/08/2026 14:19:41,06/08/2026 14:19:41,CN=Dwayne Petrakis/OU=CHPSID/O=TACOM,,VMA-2026-000624,18AED18F1135358BBBE889D6B8AA31FA,NOK Documentation,,,Death certificate / relationship proof received. Escalated to lead CSR.,Death certificate / relationship proof received,,Yes,CN=Dwayne Petrakis/OU=CHPSID/O=TACOM,06/08/2026 14:19:41,[TACOM];[CSR];[Admin];[ReadOnlyAudit];LocalDomainServers;CN=Dwayne Petrakis/OU=CHPSID/O=TACOM,CN=Dwayne Petrakis/OU=CHPSID/O=TACOM;[Admin]
FB0C78EC29C7DADCCF5A8E4225EB0F77,FB86,61224806BA161E1B6207A09320C8EDD3,03/23/2016 15:34:36,03/23/2016 15:34:36,CN=Lorraine Whitcombe/OU=CHPSID/O=TACOM,,VMA-2016-000063,61224806BA161E1B6207A09320C8EDD3,QC Rework,,,"QC failed - engraving misspelled, returned to shop. No further action.","QC failed - engraving misspelled, returned to shop",,Yes,CN=Lorraine Whitcombe/OU=CHPSID/O=TACOM,03/23/2016 15:34:36,[TACOM];[CSR];[Admin];[ReadOnlyAudit];LocalDomainServers;CN=Lorraine Whitcombe/OU=CHPSID/O=TACOM,CN=Lorraine Whitcombe/OU=CHPSID/O=TACOM;[Admin]
D4FB6DFAA305038DA81C3A31E6E754E1,FB8A,8F917EDEF7CE10F80E1DFC45103ECDDA,01/05/2007 21:54:03,01/05/2007 21:54:03,CN=Marlene Okafor/OU=CHPSID/O=TACOM,,VMA-2006-000105,8F917EDEF7CE10F80E1DFC45103ECDDA,Phone Call - Inbound,Angela Quennevile,(856) 555-1125,Requester called for status. Escalated to lead CSR.,Requester called for status,,Yes,CN=Marlene Okafor/OU=CHPSID/O=TACOM,01/05/2007 21:54:03,[TACOM];[CSR];[Admin];[ReadOnlyAudit];LocalDomainServers;CN=Benedetta Kowalczyk/OU=CHPSID/O=TACOM,CN=Marlene Okafor/OU=CHPSID/O=TACOM;[Admin]
73BCBFA0B5E382A4DB5AB21BA6FD22E8,FB8E,64621B07550517EA138CD897D7396E28,02/07/2005 20:17:13,02/07/2005 20:17:13,CN=Marlene Okafor/OU=CHPSID/O=TACOM,,VMA-2004-000047,64621B07550517EA138CD897D7396E28,Congressional Inquiry,,,Congressional inquiry received - response due 10 days. See attached correspondence.,Congressional inquiry received - response due 10 days,02/20/2005,Yes,CN=Marlene Okafor/OU=CHPSID/O=TACOM,02/07/2005 20:17:13,[TACOM];[CSR];[Admin];[ReadOnlyAudit];LocalDomainServers;CN=Renata Vasquez-Holm/OU=CHPSID/O=TACOM,CN=Marlene Okafor/OU=CHPSID/O=TACOM;[Admin]
787C14546B15EDB25E6656467A562A56,FB92,25415B5D7BF40583F0799335B215F1EC,09/18/2005 01:43:33,09/18/2005 01:43:33,CN=Benedetta Kowalczyk/OU=CHPSID/O=TACOM,,VMA-2005-000026,25415B5D7BF40583F0799335B215F1EC,Congressional Inquiry,,,Congressional inquiry received - response due 10 days. Follow-up required.,Congressional inquiry received - response due 10 days,09/29/2005,Yes,CN=Benedetta Kowalczyk/OU=CHPSID/O=TACOM,09/18/2005 01:43:33,[TACOM];[CSR];[Admin];[ReadOnlyAudit];LocalDomainServers;CN=Benedetta Kowalczyk/OU=CHPSID/O=TACOM,CN=Benedetta Kowalczyk/OU=CHPSID/O=TACOM;[Admin]
DBAFADBCCBC836244E80F24D42A58210,FB96,AB58F04EE2BB4CA64700DB6226940BFC,07/21/2026 20:05:38,07/21/2026 20:05:38,CN=Lorraine Whitcombe/OU=CHPSID/O=TACOM,,VMA-2026-000032,AB58F04EE2BB4CA64700DB6226940BFC,Phone Call - Outbound,Marcus Nakashima,(856) 555-1996,Called requester to confirm address. No further action.,Called requester to confirm address,08/02/2026,,CN=Lorraine Whitcombe/OU=CHPSID/O=TACOM,07/21/2026 20:05:38,[TACOM];[CSR];[Admin];[ReadOnlyAudit];LocalDomainServers;CN=Marlene Okafor/OU=CHPSID/O=TACOM,CN=Lorraine Whitcombe/OU=CHPSID/O=TACOM;[Admin]
76487AAA81E5EB06569CBB8B5C329E8F,FB9A,55B8511983759F8B2347CCDDA2D65D8B,07/01/2014 23:08:57,07/01/2014 23:08:57,CN=Benedetta Kowalczyk/OU=CHPSID/O=TACOM,,VMA-2014-000027,55B8511983759F8B2347CCDDA2D65D8B,QC Rework,,,"QC failed - engraving misspelled, returned to shop. Follow-up required.","QC failed - engraving misspelled, returned to shop",,Yes,CN=Benedetta Kowalczyk/OU=CHPSID/O=TACOM,07/01/2014 23:08:57,[TACOM];[CSR];[Admin];[ReadOnlyAudit];LocalDomainServers;CN=Lorraine Whitcombe/OU=CHPSID/O=TACOM,CN=Benedetta Kowalczyk/OU=CHPSID/O=TACOM;[Admin]
083F503A1C489F565F40DA7813D4C11F,FB9E,86782801FB41A5E4998EF669BD14F3BD,04/01/2022 23:53:32,04/01/2022 23:53:32,CN=Marlene Okafor/OU=CHPSID/O=TACOM,,VMA-2022-000057,86782801FB41A5E4998EF669BD14F3BD,QC Rework,,,"QC failed - engraving misspelled, returned to shop. Escalated to lead CSR.","QC failed - engraving misspelled, returned to shop",04/13/2022,Yes,CN=Marlene Okafor/OU=CHPSID/O=TACOM,04/01/2022 23:53:32,[TACOM];[CSR];[Admin];[ReadOnlyAudit];LocalDomainServers;CN=Ret Hamlin/OU=CHPSID/O=TACOM,CN=Marlene Okafor/OU=CHPSID/O=TACOM;[Admin]
45F9C8A4154BC8AFAA6B67B8D4D75C4A,FBA2,457D2BEC87AB78B736E448C1EB5B4EB4,02/01/2024 21:30:12,02/01/2024 21:30:12,CN=Lorraine Whitcombe/OU=CHPSID/O=TACOM,,VMA-2024-000111,457D2BEC87AB78B736E448C1EB5B4EB4,Phone Call - Outbound,Angela UNDERHILL-VOSS,(410) 555-1308,Called requester to confirm address. Requester satisfied.,Called requester to confirm address,,Yes,CN=Lorraine Whitcombe/OU=CHPSID/O=TACOM,02/01/2024 21:30:12,[TACOM];[CSR];[Admin];[ReadOnlyAudit];LocalDomainServers;CN=Benedetta Kowalczyk/OU=CHPSID/O=TACOM,CN=Lorraine Whitcombe/OU=CHPSID/O=TACOM;[Admin]
EC8BAE0D85AC47CEB92AD55D05397B08,FBA6,BA1103FAC20CEC77873C779803F9170E,03/22/2018 19:00:30,03/22/2018 19:00:30,CN=Benedetta Kowalczyk/OU=CHPSID/O=TACOM,,VMA-2018-000004,BA1103FAC20CEC77873C779803F9170E,NPRC Query,,,Requested OMPF verification from NPRC. Escalated to lead CSR.,Requested OMPF verification from NPRC,03/26/2018,,CN=Benedetta Kowalczyk/OU=CHPSID/O=TACOM,03/22/2018 19:00:30,[TACOM];[CSR];[Admin];[ReadOnlyAudit];LocalDomainServers;CN=Lorraine Whitcombe/OU=CHPSID/O=TACOM,CN=Benedetta Kowalczyk/OU=CHPSID/O=TACOM;[Admin]
014C61FAC51B29AAA8D0F42597C87491,FBAA,80DC21035A6787F577895315E47A6522,08/28/2020 17:23:22,08/28/2020 17:23:22,CN=Marlene Okafor/OU=CHPSID/O=TACOM,Correspondence_VMA-2020-000030.pdf,VMA-2020-000030,80DC21035A6787F577895315E47A6522,NOK Documentation,,,Death certificate / relationship proof received. No further action.,Death certificate / relationship proof received,,,CN=Marlene Okafor/OU=CHPSID/O=TACOM,08/28/2020 17:23:22,[TACOM];[CSR];[Admin];[ReadOnlyAudit];LocalDomainServers;CN=Ret Hamlin/OU=CHPSID/O=TACOM,CN=Marlene Okafor/OU=CHPSID/O=TACOM;[Admin]
3105E0936DEAC417CAC87412BE7B9355,FBAE,D7F850D13C40391A548CC71E3C62A4CB,03/09/2026 18:34:58,03/09/2026 18:34:58,CN=Renata Vasquez-Holm/OU=CHPSID/O=TACOM,,VMA-2026-000292,D7F850D13C40391A548CC71E3C62A4CB,Phone Call - Outbound,Luis Kirkbride,(540) 555-1040,Called requester to confirm address. Follow-up required.,Called requester to confirm address,,Yes,CN=Renata Vasquez-Holm/OU=CHPSID/O=TACOM,03/09/2026 18:34:58,[TACOM];[CSR];[Admin];[ReadOnlyAudit];LocalDomainServers;CN=Renata Vasquez-Holm/OU=CHPSID/O=TACOM,CN=Renata Vasquez-Holm/OU=CHPSID/O=TACOM;[Admin]
6607589BD7F2150895D495131E4ECAA3,FBB2,6FBEC8FE992CD62D7AE3CAC9430AC15D,04/28/2020 17:39:22,04/28/2020 17:39:22,CN=Benedetta Kowalczyk/OU=CHPSID/O=TACOM,Correspondence_VMA-2020-000018.pdf,VMA-2020-000018,6FBEC8FE992CD62D7AE3CAC9430AC15D,Backorder,,,Item backordered - requester notified. No further action.,Item backordered - requester notified,05/10/2020,Yes,CN=Benedetta Kowalczyk/OU=CHPSID/O=TACOM,04/28/2020 17:39:22,[TACOM];[CSR];[Admin];[ReadOnlyAudit];LocalDomainServers;CN=Renata Vasquez-Holm/OU=CHPSID/O=TACOM,CN=Benedetta Kowalczyk/OU=CHPSID/O=TACOM;[Admin]
BB6D527024937FE92CB003B74363CD3D,FBB6,5DCBBB3EA2A56A5E6A2CC1D1A22F991D,01/04/2020 11:31:04,01/04/2020 11:31:04,CN=Benedetta Kowalczyk/OU=CHPSID/O=TACOM,,VMA-2019-000030,5DCBBB3EA2A56A5E6A2CC1D1A22F991D,Phone Call - Inbound,Kevin Cartlewood,(540) 555-1428,Requester called for status. Follow-up required.,Requester called for status,,Yes,CN=Benedetta Kowalczyk/OU=CHPSID/O=TACOM,01/04/2020 11:31:04,[TACOM];[CSR];[Admin];[ReadOnlyAudit];LocalDomainServers;CN=Renata Vasquez-Holm/OU=CHPSID/O=TACOM,CN=Benedetta Kowalczyk/OU=CHPSID/O=TACOM;[Admin]
5520720A1A31E4D58A2E1C89C9725244,FBBA,B7ADFDBCCA7834C13D1BF2F21CDEB3E6,07/27/2026 10:12:35,07/27/2026 10:12:35,CN=Dwayne Petrakis/OU=CHPSID/O=TACOM,Correspondence_VMA-2026-000011.pdf,VMA-2026-000011,B7ADFDBCCA7834C13D1BF2F21CDEB3E6,NOK Documentation,,,Death certificate / relationship proof received. Escalated to lead CSR.,Death certificate / relationship proof received,,Yes,CN=Dwayne Petrakis/OU=CHPSID/O=TACOM,07/27/2026 10:12:35,[TACOM];[CSR];[Admin];[ReadOnlyAudit];LocalDomainServers;CN=Benedetta Kowalczyk/OU=CHPSID/O=TACOM,CN=Dwayne Petrakis/OU=CHPSID/O=TACOM;[Admin]
0A5256E5CA9D1D632474B018F48C0F61,FBBE,DC569D31315E02CD0A79F7A1EC659C31,03/09/2005 19:22:11,03/09/2005 19:22:11,CN=Marlene Okafor/OU=CHPSID/O=TACOM,,VMA-2005-000083,DC569D31315E02CD0A79F7A1EC659C31,Phone Call - Outbound,Sandra Ledesma-Ortiz,(410) 555-1598,Called requester to confirm address. Follow-up required.,Called requester to confirm address,,Yes,CN=Marlene Okafor/OU=CHPSID/O=TACOM,03/09/2005 19:22:11,[TACOM];[CSR];[Admin];[ReadOnlyAudit];LocalDomainServers;CN=Lorraine Whitcombe/OU=CHPSID/O=TACOM,CN=Marlene Okafor/OU=CHPSID/O=TACOM;[Admin]
7F75F78354F5D4901DBE0CD4359C0787,FBC2,FDF0EC1F74088A161EBF3B5FD5DE7107,10/19/2008 11:17:37,10/19/2008 11:17:37,CN=Ret Hamlin/OU=CHPSID/O=TACOM,Correspondence_VMA-2008-000010.pdf,VMA-2008-000010,FDF0EC1F74088A161EBF3B5FD5DE7107,Phone Call - Outbound,Norman Ostrowski-Lane,(610) 555-1991,Called requester to confirm address. Follow-up required.,Called requester to confirm address,,Yes,CN=Ret Hamlin/OU=CHPSID/O=TACOM,10/19/2008 11:17:37,[TACOM];[CSR];[Admin];[ReadOnlyAudit];LocalDomainServers;CN=Dwayne Petrakis/OU=CHPSID/O=TACOM,CN=Ret Hamlin/OU=CHPSID/O=TACOM;[Admin]
9336B61F287ADE248C6D503CEB85765E,FBC6,176036B3BDDDF9D2D059CDD52C49B61A,03/16/2008 01:53:01,03/16/2008 01:53:01,CN=Ret Hamlin/OU=CHPSID/O=TACOM,,VMA-2008-000022,176036B3BDDDF9D2D059CDD52C49B61A,QC Rework,,,"QC failed - engraving misspelled, returned to shop. Escalated to lead CSR.","QC failed - engraving misspelled, returned to shop",,Yes,CN=Ret Hamlin/OU=CHPSID/O=TACOM,03/16/2008 01:53:01,[TACOM];[CSR];[Admin];[ReadOnlyAudit];LocalDomainServers;CN=Marlene Okafor/OU=CHPSID/O=TACOM,CN=Ret Hamlin/OU=CHPSID/O=TACOM;[Admin]
A8E9FE5C08012D85107900C821EB8975,FBCA,13049238B5EDD37F635929BDD5162971,02/25/2025 10:07:33,02/25/2025 10:07:33,CN=Dwayne Petrakis/OU=CHPSID/O=TACOM,,VMA-2025-000062,13049238B5EDD37F635929BDD5162971,Phone Call - Inbound,Ryan Nethercott,(610) 555-1119,Requester called for status. No further action.,Requester called for status,03/05/2025,Yes,CN=Dwayne Petrakis/OU=CHPSID/O=TACOM,02/25/2025 10:07:33,[TACOM];[CSR];[Admin];[ReadOnlyAudit];LocalDomainServers;CN=Dwayne Petrakis/OU=CHPSID/O=TACOM,CN=Dwayne Petrakis/OU=CHPSID/O=TACOM;[Admin]
232B07914EB40385CF3E26287833D0B0,FBCE,33646EBA6F9F12F4914BC25C66B597EE,04/24/2008 11:19:50,04/24/2008 11:19:50,CN=Marlene Okafor/OU=CHPSID/O=TACOM,,VMA-2008-000048,33646EBA6F9F12F4914BC25C66B597EE,General,,,General note. See attached correspondence.,General note,,,CN=Marlene Okafor/OU=CHPSID/O=TACOM,04/24/2008 11:19:50,[TACOM];[CSR];[Admin];[ReadOnlyAudit];LocalDomainServers;CN=Lorraine Whitcombe/OU=CHPSID/O=TACOM,CN=Marlene Okafor/OU=CHPSID/O=TACOM;[Admin]
FF2AA1E8E94E77611FB0ED35D7AA8A75,FBD2,97FCFEC41F3BE64DFD6BE7B2BC818D02,06/23/2026 14:19:35,06/23/2026 14:19:35,CN=Lorraine Whitcombe/OU=CHPSID/O=TACOM,Correspondence_VMA-2026-000015.pdf,VMA-2026-000015,97FCFEC41F3BE64DFD6BE7B2BC818D02,NOK Documentation,,,Death certificate / relationship proof received. Escalated to lead CSR.,Death certificate / relationship proof received,,Yes,CN=Lorraine Whitcombe/OU=CHPSID/O=TACOM,06/23/2026 14:19:35,[TACOM];[CSR];[Admin];[ReadOnlyAudit];LocalDomainServers;CN=Lorraine Whitcombe/OU=CHPSID/O=TACOM,CN=Lorraine Whitcombe/OU=CHPSID/O=TACOM;[Admin]
86ED36F6237D6D78B1EB4AF9EA75124C,FBD6,316BA8442E80C5AB90E73F17FAF45B0D,01/13/2024 19:16:56,01/13/2024 19:16:56,CN=Benedetta Kowalczyk/OU=CHPSID/O=TACOM,,VMA-2023-000001,316BA8442E80C5AB90E73F17FAF45B0D,Backorder,,,Item backordered - requester notified. Requester satisfied.,Item backordered - requester notified,01/22/2024,,CN=Benedetta Kowalczyk/OU=CHPSID/O=TACOM,01/13/2024 19:16:56,[TACOM];[CSR];[Admin];[ReadOnlyAudit];LocalDomainServers;CN=Renata Vasquez-Holm/OU=CHPSID/O=TACOM,CN=Benedetta Kowalczyk/OU=CHPSID/O=TACOM;[Admin]
F08FEAA3D4CD61807FF70CDC405165C5,FBDA,F7BF8A0D95B75725E2F7983AB74E7137,12/18/2021 15:15:50,12/18/2021 15:15:50,CN=Marlene Okafor/OU=CHPSID/O=TACOM,,VMA-2021-000043,F7BF8A0D95B75725E2F7983AB74E7137,Phone Call - Inbound,Carol Ellsworthy,(540) 555-1182,Requester called for status. No further action.,Requester called for status,,Yes,CN=Marlene Okafor/OU=CHPSID/O=TACOM,12/18/2021 15:15:50,[TACOM];[CSR];[Admin];[ReadOnlyAudit];LocalDomainServers;CN=Benedetta Kowalczyk/OU=CHPSID/O=TACOM,CN=Marlene Okafor/OU=CHPSID/O=TACOM;[Admin]
3BA1B5B9371AF7BCA5265A370E06B387,FBDE,F45C0AF8FAC9D2F4F801D93C92CC971E,12/30/2016 16:04:54,12/30/2016 16:04:54,CN=Marlene Okafor/OU=CHPSID/O=TACOM,,VMA-2016-000060,F45C0AF8FAC9D2F4F801D93C92CC971E,NOK Documentation,,,Death certificate / relationship proof received. Follow-up required.,Death certificate / relationship proof received,,Yes,CN=Marlene Okafor/OU=CHPSID/O=TACOM,12/30/2016 16:04:54,[TACOM];[CSR];[Admin];[ReadOnlyAudit];LocalDomainServers;CN=Renata Vasquez-Holm/OU=CHPSID/O=TACOM,CN=Marlene Okafor/OU=CHPSID/O=TACOM;[Admin]
49B53811DC5D7EC079D25CB04105158A,FBE2,57EABC1AE5D48BB7875CB6E996B70BAA,02/23/2022 16:25:14,02/23/2022 16:25:14,CN=Benedetta Kowalczyk/OU=CHPSID/O=TACOM,,VMA-2022-000031,57EABC1AE5D48BB7875CB6E996B70BAA,NPRC Query,,,Requested OMPF verification from NPRC. Escalated to lead CSR.,Requested OMPF verification from NPRC,,Yes,CN=Benedetta Kowalczyk/OU=CHPSID/O=TACOM,02/23/2022 16:25:14,[TACOM];[CSR];[Admin];[ReadOnlyAudit];LocalDomainServers;CN=Ret Hamlin/OU=CHPSID/O=TACOM,CN=Benedetta Kowalczyk/OU=CHPSID/O=TACOM;[Admin]
9DACBDF54712E018C080C5AA95AEEB3F,FBE6,A0F7F54464FD3330729E6F3C643B18EE,09/09/2018 17:12:35,09/09/2018 17:12:35,CN=Benedetta Kowalczyk/OU=CHPSID/O=TACOM,Correspondence_VMA-2018-000047.pdf,VMA-2018-000047,A0F7F54464FD3330729E6F3C643B18EE,Address Correction,,,Address updated per requester. Requester satisfied.,Address updated per requester,,,CN=Benedetta Kowalczyk/OU=CHPSID/O=TACOM,09/09/2018 17:12:35,[TACOM];[CSR];[Admin];[ReadOnlyAudit];LocalDomainServers;CN=Marlene Okafor/OU=CHPSID/O=TACOM,CN=Benedetta Kowalczyk/OU=CHPSID/O=TACOM;[Admin]
F7C1F3C72B3C094DF583AB6CA4DED741,FBEA,BFA88112FA870DC1D8719891988A5538,11/28/2017 18:53:26,11/28/2017 18:53:26,CN=Renata Vasquez-Holm/OU=CHPSID/O=TACOM,Correspondence_VMA-2017-000089.pdf,VMA-2017-000089,BFA88112FA870DC1D8719891988A5538,Phone Call - Inbound,Dorothy Palomares,(703) 555-1879,Requester called for status. See attached correspondence.,Requester called for status,,,CN=Renata Vasquez-Holm/OU=CHPSID/O=TACOM,11/28/2017 18:53:26,[TACOM];[CSR];[Admin];[ReadOnlyAudit];LocalDomainServers;CN=Ret Hamlin/OU=CHPSID/O=TACOM,CN=Renata Vasquez-Holm/OU=CHPSID/O=TACOM;[Admin]
7178E7EEFA1A2490AE0AE684E082DD87,FBEE,A49EAFB94BFEEE815071838A170B6A67,06/26/2026 17:49:43,06/26/2026 17:49:43,CN=Marlene Okafor/OU=CHPSID/O=TACOM,,VMA-2026-000271,A49EAFB94BFEEE815071838A170B6A67,Congressional Inquiry,,,Congressional inquiry received - response due 10 days. See attached correspondence.,Congressional inquiry received - response due 10 days,,Yes,CN=Marlene Okafor/OU=CHPSID/O=TACOM,06/26/2026 17:49:43,[TACOM];[CSR];[Admin];[ReadOnlyAudit];LocalDomainServers;CN=Ret Hamlin/OU=CHPSID/O=TACOM,CN=Marlene Okafor/OU=CHPSID/O=TACOM;[Admin]
6D1521E227FAE6D677C2F596E519688A,FBF2,9FA981DAFE9CDD8B7B56510A181E9836,09/16/2019 09:54:44,09/16/2019 09:54:44,CN=Renata Vasquez-Holm/OU=CHPSID/O=TACOM,,VMA-2019-000069,9FA981DAFE9CDD8B7B56510A181E9836,General,,,General note. No further action.,General note,,Yes,CN=Renata Vasquez-Holm/OU=CHPSID/O=TACOM,09/16/2019 09:54:44,[TACOM];[CSR];[Admin];[ReadOnlyAudit];LocalDomainServers;CN=Lorraine Whitcombe/OU=CHPSID/O=TACOM,CN=Renata Vasquez-Holm/OU=CHPSID/O=TACOM;[Admin]
3F5D293A3703F18B4B955E24EBEBB87E,FBF6,BEF004BDE805E8657DF30C4992F5F927,03/05/2026 16:17:53,03/05/2026 16:17:53,CN=Marlene Okafor/OU=CHPSID/O=TACOM,Correspondence_VMA-2026-000574.pdf,VMA-2026-000574,BEF004BDE805E8657DF30C4992F5F927,Phone Call - Inbound,Anthony Zellinger,(267) 555-1074,Requester called for status. No further action.,Requester called for status,,,CN=Marlene Okafor/OU=CHPSID/O=TACOM,03/05/2026 16:17:53,[TACOM];[CSR];[Admin];[ReadOnlyAudit];LocalDomainServers;CN=Ret Hamlin/OU=CHPSID/O=TACOM,CN=Marlene Okafor/OU=CHPSID/O=TACOM;[Admin]
D7887E6B22F5B03E093DEE26B91C9E67,FBFA,2BD81D660B8FB1D8A83851C225FD5CA9,08/06/2012 14:05:25,08/06/2012 14:05:25,CN=Lorraine Whitcombe/OU=CHPSID/O=TACOM,,VMA-2012-000043,2BD81D660B8FB1D8A83851C225FD5CA9,NPRC Query,,,Requested OMPF verification from NPRC. Escalated to lead CSR.,Requested OMPF verification from NPRC,,Yes,CN=Lorraine Whitcombe/OU=CHPSID/O=TACOM,08/06/2012 14:05:25,[TACOM];[CSR];[Admin];[ReadOnlyAudit];LocalDomainServers;CN=Ret Hamlin/OU=CHPSID/O=TACOM,CN=Lorraine Whitcombe/OU=CHPSID/O=TACOM;[Admin]
60389B2326E3BC40E560A2CD2B50A6D4,FBFE,0C03ED5F557C1C907FD9B419D2EF895A,03/11/2026 13:15:37,03/11/2026 13:15:37,CN=Renata Vasquez-Holm/OU=CHPSID/O=TACOM,,VMA-2026-000091,0C03ED5F557C1C907FD9B419D2EF895A,NOK Documentation,,,Death certificate / relationship proof received. See attached correspondence.,Death certificate / relationship proof received,,Yes,CN=Renata Vasquez-Holm/OU=CHPSID/O=TACOM,03/11/2026 13:15:37,[TACOM];[CSR];[Admin];[ReadOnlyAudit];LocalDomainServers;CN=Ret Hamlin/OU=CHPSID/O=TACOM,CN=Renata Vasquez-Holm/OU=CHPSID/O=TACOM;[Admin]
2AC91887451B111315191F1993295058,FC02,EA163346200B24253C9DAD55D344AD2B,01/11/2025 17:35:20,01/11/2025 17:35:20,CN=Renata Vasquez-Holm/OU=CHPSID/O=TACOM,,VMA-2024-000026,EA163346200B24253C9DAD55D344AD2B,NPRC Query,,,Requested OMPF verification from NPRC. Escalated to lead CSR.,Requested OMPF verification from NPRC,,,CN=Renata Vasquez-Holm/OU=CHPSID/O=TACOM,01/11/2025 17:35:20,[TACOM];[CSR];[Admin];[ReadOnlyAudit];LocalDomainServers;CN=Benedetta Kowalczyk/OU=CHPSID/O=TACOM,CN=Renata Vasquez-Holm/OU=CHPSID/O=TACOM;[Admin]
C5F24A70051178824EC5B4813A6C19A6,FC06,363D205110EB6E3977716104AAF5FBAF,12/20/2010 23:14:48,12/20/2010 23:14:48,CN=Ret Hamlin/OU=CHPSID/O=TACOM,,VMA-2010-000067,363D205110EB6E3977716104AAF5FBAF,Phone Call - Inbound,Jose Quimbley,(703) 555-1642,Requester called for status. Escalated to lead CSR.,Requester called for status,01/03/2011,Yes,CN=Ret Hamlin/OU=CHPSID/O=TACOM,12/20/2010 23:14:48,[TACOM];[CSR];[Admin];[ReadOnlyAudit];LocalDomainServers;CN=Lorraine Whitcombe/OU=CHPSID/O=TACOM,CN=Ret Hamlin/OU=CHPSID/O=TACOM;[Admin]
D100DE47D18B3B47B43196AC7AB4B8D6,FC0A,879776C171992DEC0431186A420F8549,06/03/2025 09:09:25,06/03/2025 09:09:25,CN=Lorraine Whitcombe/OU=CHPSID/O=TACOM,Correspondence_VMA-2025-000032.pdf,VMA-2025-000032,879776C171992DEC0431186A420F8549,Phone Call - Inbound,Kevin Drakeford,(215) 555-1246,Requester called for status. See attached correspondence.,Requester called for status,06/11/2025,Yes,CN=Lorraine Whitcombe/OU=CHPSID/O=TACOM,06/03/2025 09:09:25,[TACOM];[CSR];[Admin];[ReadOnlyAudit];LocalDomainServers;CN=Lorraine Whitcombe/OU=CHPSID/O=TACOM,CN=Lorraine Whitcombe/OU=CHPSID/O=TACOM;[Admin]
5660220712584F7B2EB840546797EBD2,FC0E,8DE67F4C179877AA3648C0440AB9E251,09/08/2006 15:14:01,09/08/2006 15:14:01,CN=Dwayne Petrakis/OU=CHPSID/O=TACOM,,VMA-2006-000018,8DE67F4C179877AA3648C0440AB9E251,Phone Call - Inbound,Sarah Gastrelle,(610) 555-1803,Requester called for status. No further action.,Requester called for status,09/16/2006,,CN=Dwayne Petrakis/OU=CHPSID/O=TACOM,09/08/2006 15:14:01,[TACOM];[CSR];[Admin];[ReadOnlyAudit];LocalDomainServers;CN=Lorraine Whitcombe/OU=CHPSID/O=TACOM,CN=Dwayne Petrakis/OU=CHPSID/O=TACOM;[Admin]
ECD9B716CA69DDDCADBE2B5CB886F760,FC12,ECD9849441C051EFB8C80B71CBE88DDD,02/20/2026 15:32:14,02/20/2026 15:32:14,CN=Lorraine Whitcombe/OU=CHPSID/O=TACOM,Correspondence_VMA-2026-000211.pdf,VMA-2026-000211,ECD9849441C051EFB8C80B71CBE88DDD,Phone Call - Inbound,Andre Ullswater,(610) 555-1534,Requester called for status. No further action.,Requester called for status,,Yes,CN=Lorraine Whitcombe/OU=CHPSID/O=TACOM,02/20/2026 15:32:14,[TACOM];[CSR];[Admin];[ReadOnlyAudit];LocalDomainServers;CN=Benedetta Kowalczyk/OU=CHPSID/O=TACOM,CN=Lorraine Whitcombe/OU=CHPSID/O=TACOM;[Admin]
EDA6A2688D20B771EF70B4BE755738D0,FC16,2D5291CC3DDA3DBAE1ED0077644ECADE,04/11/2022 13:14:53,04/11/2022 13:14:53,CN=Benedetta Kowalczyk/OU=CHPSID/O=TACOM,,VMA-2022-000059,2D5291CC3DDA3DBAE1ED0077644ECADE,HRC Query,,,Sent eligibility query to HRC Awards Branch. Escalated to lead CSR.,Sent eligibility query to HRC Awards Branch,,,CN=Benedetta Kowalczyk/OU=CHPSID/O=TACOM,04/11/2022 13:14:53,[TACOM];[CSR];[Admin];[ReadOnlyAudit];LocalDomainServers;CN=Lorraine Whitcombe/OU=CHPSID/O=TACOM,CN=Benedetta Kowalczyk/OU=CHPSID/O=TACOM;[Admin]
5A518BF0DE930BA412EF519712854A4C,FC1A,16961E7838F2C5C028ED191A213E6379,12/07/2010 20:14:24,12/07/2010 20:14:24,CN=Marlene Okafor/OU=CHPSID/O=TACOM,,VMA-2010-000032,16961E7838F2C5C028ED191A213E6379,General,,,General note. Escalated to lead CSR.,General note,,Yes,CN=Marlene Okafor/OU=CHPSID/O=TACOM,12/07/2010 20:14:24,[TACOM];[CSR];[Admin];[ReadOnlyAudit];LocalDomainServers;CN=Dwayne Petrakis/OU=CHPSID/O=TACOM,CN=Marlene Okafor/OU=CHPSID/O=TACOM;[Admin]
139E778F7EE1B27045EBF5BD0173BEC6,FC1E,69F09A1EAB7DB9FF18E5E5F4C02C78E2,10/05/2022 19:59:06,10/05/2022 19:59:06,CN=Ret Hamlin/OU=CHPSID/O=TACOM,,VMA-2022-000078,69F09A1EAB7DB9FF18E5E5F4C02C78E2,Congressional Inquiry,,,Congressional inquiry received - response due 10 days. Escalated to lead CSR.,Congressional inquiry received - response due 10 days,,,CN=Ret Hamlin/OU=CHPSID/O=TACOM,10/05/2022 19:59:06,[TACOM];[CSR];[Admin];[ReadOnlyAudit];LocalDomainServers;CN=Benedetta Kowalczyk/OU=CHPSID/O=TACOM,CN=Ret Hamlin/OU=CHPSID/O=TACOM;[Admin]
0D3AD9A518BA9D3C0733E38B59A567E9,FC22,29E9C67EB1C388F685E07DB9703D1943,07/08/2012 15:03:24,07/08/2012 15:03:24,CN=Dwayne Petrakis/OU=CHPSID/O=TACOM,,VMA-2012-000016,29E9C67EB1C388F685E07DB9703D1943,NOK Documentation,,,Death certificate / relationship proof received. Escalated to lead CSR.,Death certificate / relationship proof received,07/17/2012,Yes,CN=Dwayne Petrakis/OU=CHPSID/O=TACOM,07/08/2012 15:03:24,[TACOM];[CSR];[Admin];[ReadOnlyAudit];LocalDomainServers;CN=Benedetta Kowalczyk/OU=CHPSID/O=TACOM,CN=Dwayne Petrakis/OU=CHPSID/O=TACOM;[Admin]
A2AA7C18F2E6F92DDF21A0C599DE8F5B,FC26,E80DD181D81D1DC8EC2C8DED11053CDE,05/19/2026 18:03:17,05/19/2026 18:03:17,CN=Lorraine Whitcombe/OU=CHPSID/O=TACOM,,VMA-2026-000150,E80DD181D81D1DC8EC2C8DED11053CDE,Phone Call - Outbound,Linda Vandermolen,(302) 555-1451,Called requester to confirm address. Follow-up required.,Called requester to confirm address,05/29/2026,Yes,CN=Lorraine Whitcombe/OU=CHPSID/O=TACOM,05/19/2026 18:03:17,[TACOM];[CSR];[Admin];[ReadOnlyAudit];LocalDomainServers;CN=Ret Hamlin/OU=CHPSID/O=TACOM,CN=Lorraine Whitcombe/OU=CHPSID/O=TACOM;[Admin]
4C9B447CB36E485D97C91527642A3B67,FC2A,36A1A14F804B19E9416C1FBD3DE07E8E,03/27/2011 17:56:45,03/27/2011 17:56:45,CN=Dwayne Petrakis/OU=CHPSID/O=TACOM,,VMA-2011-000112,36A1A14F804B19E9416C1FBD3DE07E8E,Phone Call - Inbound,Hector Haverstock,(717) 555-1147,Requester called for status. See attached correspondence.,Requester called for status,,Yes,CN=Dwayne Petrakis/OU=CHPSID/O=TACOM,03/27/2011 17:56:45,[TACOM];[CSR];[Admin];[ReadOnlyAudit];LocalDomainServers;CN=Dwayne Petrakis/OU=CHPSID/O=TACOM,CN=Dwayne Petrakis/OU=CHPSID/O=TACOM;[Admin]
70B6F9131FF19D6A1F9280E05EFE2792,FC2E,664B900BA97F45CD51126B571F3F5FFB,04/23/2019 12:02:13,04/23/2019 12:02:13,CN=Renata Vasquez-Holm/OU=CHPSID/O=TACOM,,VMA-2019-000055,664B900BA97F45CD51126B571F3F5FFB,HRC Query,,,Sent eligibility query to HRC Awards Branch. Escalated to lead CSR.,Sent eligibility query to HRC Awards Branch,,,CN=Renata Vasquez-Holm/OU=CHPSID/O=TACOM,04/23/2019 12:02:13,[TACOM];[CSR];[Admin];[ReadOnlyAudit];LocalDomainServers;CN=Ret Hamlin/OU=CHPSID/O=TACOM,CN=Renata Vasquez-Holm/OU=CHPSID/O=TACOM;[Admin]
86D879B860D3456E7762C6357B248820,FC32,61A5FB5D97AA5043BC5C502B414DE840,01/04/2013 17:43:04,01/04/2013 17:43:04,CN=Benedetta Kowalczyk/OU=CHPSID/O=TACOM,,VMA-2012-000068,61A5FB5D97AA5043BC5C502B414DE840,HRC Query,,,Sent eligibility query to HRC Awards Branch. Follow-up required.,Sent eligibility query to HRC Awards Branch,,Yes,CN=Benedetta Kowalczyk/OU=CHPSID/O=TACOM,01/04/2013 17:43:04,[TACOM];[CSR];[Admin];[ReadOnlyAudit];LocalDomainServers;CN=Ret Hamlin/OU=CHPSID/O=TACOM,CN=Benedetta Kowalczyk/OU=CHPSID/O=TACOM;[Admin]
1D59373323CBAECCBBE83EB7B8042E8C,FC36,BA9A86E025FA6D650FFB95D5ED7BCDC9,06/24/2024 11:09:35,06/24/2024 11:09:35,CN=Dwayne Petrakis/OU=CHPSID/O=TACOM,,VMA-2024-000107,BA9A86E025FA6D650FFB95D5ED7BCDC9,Phone Call - Outbound,Walter Vanterpool,(410) 555-1106,Called requester to confirm address. Escalated to lead CSR.,Called requester to confirm address,,Yes,CN=Dwayne Petrakis/OU=CHPSID/O=TACOM,06/24/2024 11:09:35,[TACOM];[CSR];[Admin];[ReadOnlyAudit];LocalDomainServers;CN=Benedetta Kowalczyk/OU=CHPSID/O=TACOM,CN=Dwayne Petrakis/OU=CHPSID/O=TACOM;[Admin]
EF03526BA251CD08A9D7A511F6FBE422,FC3A,5E7FE1AEC235F72B8B9F65F9C042EAC5,12/18/2020 21:33:39,12/18/2020 21:33:39,CN=Ret Hamlin/OU=CHPSID/O=TACOM,,VMA-2020-000048,5E7FE1AEC235F72B8B9F65F9C042EAC5,Phone Call - Inbound,Jose Umberlake,(484) 555-1988,Requester called for status. See attached correspondence.,Requester called for status,12/30/2020,,CN=Ret Hamlin/OU=CHPSID/O=TACOM,12/18/2020 21:33:39,[TACOM];[CSR];[Admin];[ReadOnlyAudit];LocalDomainServers;CN=Ret Hamlin/OU=CHPSID/O=TACOM,CN=Ret Hamlin/OU=CHPSID/O=TACOM;[Admin]
11A4FBA78A891F6BB97774F11974294E,FC3E,6110CE2776B3121E8B21DB2A9EDC2047,09/11/2023 23:20:39,09/11/2023 23:20:39,CN=Ret Hamlin/OU=CHPSID/O=TACOM,,VMA-2023-000071,6110CE2776B3121E8B21DB2A9EDC2047,Phone Call - Outbound,Brian E Hinojosa-Mata,(410) 555-1688,Called requester to confirm address. See attached correspondence.,Called requester to confirm address,09/18/2023,Yes,CN=Ret Hamlin/OU=CHPSID/O=TACOM,09/11/2023 23:20:39,[TACOM];[CSR];[Admin];[ReadOnlyAudit];LocalDomainServers;CN=Lorraine Whitcombe/OU=CHPSID/O=TACOM,CN=Ret Hamlin/OU=CHPSID/O=TACOM;[Admin]
9B65A0ABC7BFA82BE2EB1847CAEB52B3,FC42,921A154014EF8E5ADA1988DFE07AE40C,08/07/2026 14:00:24,08/07/2026 14:00:24,CN=Renata Vasquez-Holm/OU=CHPSID/O=TACOM,,VMA-2026-000140,921A154014EF8E5ADA1988DFE07AE40C,NPRC Query,,,Requested OMPF verification from NPRC. Follow-up required.,Requested OMPF verification from NPRC,,Yes,CN=Renata Vasquez-Holm/OU=CHPSID/O=TACOM,08/07/2026 14:00:24,[TACOM];[CSR];[Admin];[ReadOnlyAudit];LocalDomainServers;CN=Dwayne Petrakis/OU=CHPSID/O=TACOM,CN=Renata Vasquez-Holm/OU=CHPSID/O=TACOM;[Admin]
A4838F7796775B6290FAB0D1DF4772FF,FC46,FE25F10572F10AA575FD32F4C68A539F,01/03/2012 01:53:28,01/03/2012 01:53:28,CN=Lorraine Whitcombe/OU=CHPSID/O=TACOM,,VMA-2011-000043,FE25F10572F10AA575FD32F4C68A539F,NPRC Query,,,Requested OMPF verification from NPRC. No further action.,Requested OMPF verification from NPRC,01/08/2012,Yes,CN=Lorraine Whitcombe/OU=CHPSID/O=TACOM,01/03/2012 01:53:28,[TACOM];[CSR];[Admin];[ReadOnlyAudit];LocalDomainServers;CN=Ret Hamlin/OU=CHPSID/O=TACOM,CN=Lorraine Whitcombe/OU=CHPSID/O=TACOM;[Admin]
804F8FC3185989540BDF0B08F7A54817,FC4A,7055C24F981A214863CCC3CB7187240E,08/10/2026 15:41:35,08/10/2026 15:41:35,CN=Renata Vasquez-Holm/OU=CHPSID/O=TACOM,,VMA-2026-000175,7055C24F981A214863CCC3CB7187240E,NPRC Query,,,Requested OMPF verification from NPRC. Follow-up required.,Requested OMPF verification from NPRC,08/20/2026,Yes,CN=Renata Vasquez-Holm/OU=CHPSID/O=TACOM,08/10/2026 15:41:35,[TACOM];[CSR];[Admin];[ReadOnlyAudit];LocalDomainServers;CN=Benedetta Kowalczyk/OU=CHPSID/O=TACOM,CN=Renata Vasquez-Holm/OU=CHPSID/O=TACOM;[Admin]
1AE833B8F3D6A7B255BE2FCC88F7B3B3,FC4E,8F65CDE052768083D994F0C057E8D3D2,03/01/2015 16:22:24,03/01/2015 16:22:24,CN=Lorraine Whitcombe/OU=CHPSID/O=TACOM,,VMA-2015-000070,8F65CDE052768083D994F0C057E8D3D2,NOK Documentation,,,Death certificate / relationship proof received. Requester satisfied.,Death certificate / relationship proof received,03/15/2015,Yes,CN=Lorraine Whitcombe/OU=CHPSID/O=TACOM,03/01/2015 16:22:24,[TACOM];[CSR];[Admin];[ReadOnlyAudit];LocalDomainServers;CN=Lorraine Whitcombe/OU=CHPSID/O=TACOM,CN=Lorraine Whitcombe/OU=CHPSID/O=TACOM;[Admin]
52B1D22CEF55E132E6714B245D899DB1,FC52,971D4C05D5CFE5D7147EBE490827709A,01/21/2025 13:17:19,01/21/2025 13:17:19,CN=Dwayne Petrakis/OU=CHPSID/O=TACOM,,VMA-2024-000091,971D4C05D5CFE5D7147EBE490827709A,Phone Call - Outbound,Jose Benavidez-Cruz,(410) 555-1461,Called requester to confirm address. No further action.,Called requester to confirm address,01/26/2025,Yes,CN=Dwayne Petrakis/OU=CHPSID/O=TACOM,01/21/2025 13:17:19,[TACOM];[CSR];[Admin];[ReadOnlyAudit];LocalDomainServers;CN=Marlene Okafor/OU=CHPSID/O=TACOM,CN=Dwayne Petrakis/OU=CHPSID/O=TACOM;[Admin]
FCBD392E76F944F91A006CEA7689DEE1,FC56,5333BCD15D7288E24603DE115F06BDFD,09/07/2012 14:54:21,09/07/2012 14:54:21,CN=Dwayne Petrakis/OU=CHPSID/O=TACOM,,VMA-2012-000049,5333BCD15D7288E24603DE115F06BDFD,Phone Call - Inbound,Mildred Umberlake,(267) 555-1379,Requester called for status. Follow-up required.,Requester called for status,,,CN=Dwayne Petrakis/OU=CHPSID/O=TACOM,09/07/2012 14:54:21,[TACOM];[CSR];[Admin];[ReadOnlyAudit];LocalDomainServers;CN=Marlene Okafor/OU=CHPSID/O=TACOM,CN=Dwayne Petrakis/OU=CHPSID/O=TACOM;[Admin]
33A2B9507FB21C77AD30DF7D4E104970,FC5A,6479B353DFFD86D7120C36A9F6578F90,12/28/2025 22:01:41,12/28/2025 22:01:41,CN=Renata Vasquez-Holm/OU=CHPSID/O=TACOM,,VMA-2025-000010,6479B353DFFD86D7120C36A9F6578F90,Phone Call - Outbound,Andrew Ellsworthy,(856) 555-1543,Called requester to confirm address. Requester satisfied.,Called requester to confirm address,,,CN=Renata Vasquez-Holm/OU=CHPSID/O=TACOM,12/28/2025 22:01:41,[TACOM];[CSR];[Admin];[ReadOnlyAudit];LocalDomainServers;CN=Benedetta Kowalczyk/OU=CHPSID/O=TACOM,CN=Renata Vasquez-Holm/OU=CHPSID/O=TACOM;[Admin]
5D8CDCD0F8342E544054F959C0405961,FC5E,3A21DEA727C77CDBBEC51E92C67A5F02,07/14/2026 17:36:22,07/14/2026 17:36:22,CN=Ret Hamlin/OU=CHPSID/O=TACOM,,VMA-2026-000027,3A21DEA727C77CDBBEC51E92C67A5F02,NOK Documentation,,,Death certificate / relationship proof received. Requester satisfied.,Death certificate / relationship proof received,07/27/2026,Yes,CN=Ret Hamlin/OU=CHPSID/O=TACOM,07/14/2026 17:36:22,[TACOM];[CSR];[Admin];[ReadOnlyAudit];LocalDomainServers;CN=Lorraine Whitcombe/OU=CHPSID/O=TACOM,CN=Ret Hamlin/OU=CHPSID/O=TACOM;[Admin]
1730EE1132970A672365C9706198CA36,FC62,995E1072C7C3F5F97EAAEDC73B156450,02/02/2026 12:38:39,02/02/2026 12:38:39,CN=Dwayne Petrakis/OU=CHPSID/O=TACOM,,VMA-2026-000189,995E1072C7C3F5F97EAAEDC73B156450,Phone Call - Outbound,Rafael Wickersham,(302) 555-1749,Called requester to confirm address. No further action.,Called requester to confirm address,02/09/2026,Yes,CN=Dwayne Petrakis/OU=CHPSID/O=TACOM,02/02/2026 12:38:39,[TACOM];[CSR];[Admin];[ReadOnlyAudit];LocalDomainServers;CN=Marlene Okafor/OU=CHPSID/O=TACOM,CN=Dwayne Petrakis/OU=CHPSID/O=TACOM;[Admin]
FC48BC48CD97D8F8D60F1BBBC6FADB45,FC66,6D2B1DC4E4E42920B801FEEFD96F1B73,05/07/2026 12:42:08,05/07/2026 12:42:08,CN=Renata Vasquez-Holm/OU=CHPSID/O=TACOM,,VMA-2026-000315,6D2B1DC4E4E42920B801FEEFD96F1B73,NPRC Query,,,Requested OMPF verification from NPRC. Requester satisfied.,Requested OMPF verification from NPRC,,,CN=Renata Vasquez-Holm/OU=CHPSID/O=TACOM,05/07/2026 12:42:08,[TACOM];[CSR];[Admin];[ReadOnlyAudit];LocalDomainServers;CN=Marlene Okafor/OU=CHPSID/O=TACOM,CN=Renata Vasquez-Holm/OU=CHPSID/O=TACOM;[Admin]
BB070BCE750E6945EBD9AE85ACD1A2B7,FC6A,107BD3A079014252CE6734FDC3CCFC28,09/16/2015 12:55:01,09/16/2015 12:55:01,CN=Benedetta Kowalczyk/OU=CHPSID/O=TACOM,,VMA-2015-000064,107BD3A079014252CE6734FDC3CCFC28,Address Correction,,,Address updated per requester. No further action.,Address updated per requester,09/26/2015,Yes,CN=Benedetta Kowalczyk/OU=CHPSID/O=TACOM,09/16/2015 12:55:01,[TACOM];[CSR];[Admin];[ReadOnlyAudit];LocalDomainServers;CN=Dwayne Petrakis/OU=CHPSID/O=TACOM,CN=Benedetta Kowalczyk/OU=CHPSID/O=TACOM;[Admin]
A830CA1BFFB580D8BF5650DBB450D176,FC6E,C6A3EDFEBDC31F1CBFBC3FD322F1F946,04/03/2010 13:24:08,04/03/2010 13:24:08,CN=Renata Vasquez-Holm/OU=CHPSID/O=TACOM,,VMA-2010-000034,C6A3EDFEBDC31F1CBFBC3FD322F1F946,QC Rework,,,"QC failed - engraving misspelled, returned to shop. No further action.","QC failed - engraving misspelled, returned to shop",,Yes,CN=Renata Vasquez-Holm/OU=CHPSID/O=TACOM,04/03/2010 13:24:08,[TACOM];[CSR];[Admin];[ReadOnlyAudit];LocalDomainServers;CN=Renata Vasquez-Holm/OU=CHPSID/O=TACOM,CN=Renata Vasquez-Holm/OU=CHPSID/O=TACOM;[Admin]
AEDF8D4741E00D44B49971B7EE1DD135,FC72,4783248058A2B05D479BD61CAFE405A0,01/14/2018 09:33:22,01/14/2018 09:33:22,CN=Lorraine Whitcombe/OU=CHPSID/O=TACOM,,VMA-2017-000051,4783248058A2B05D479BD61CAFE405A0,Address Correction,,,Address updated per requester. Escalated to lead CSR.,Address updated per requester,01/27/2018,Yes,CN=Lorraine Whitcombe/OU=CHPSID/O=TACOM,01/14/2018 09:33:22,[TACOM];[CSR];[Admin];[ReadOnlyAudit];LocalDomainServers;CN=Ret Hamlin/OU=CHPSID/O=TACOM,CN=Lorraine Whitcombe/OU=CHPSID/O=TACOM;[Admin]
1273F45054095034F0D057FE307BB0E5,FC76,E6226FE9DB69E53CCF8709F65B6BAB22,05/17/2017 13:29:33,05/17/2017 13:29:33,CN=Ret Hamlin/OU=CHPSID/O=TACOM,,VMA-2017-000057,E6226FE9DB69E53CCF8709F65B6BAB22,HRC Query,,,Sent eligibility query to HRC Awards Branch. Follow-up required.,Sent eligibility query to HRC Awards Branch,,Yes,CN=Ret Hamlin/OU=CHPSID/O=TACOM,05/17/2017 13:29:33,[TACOM];[CSR];[Admin];[ReadOnlyAudit];LocalDomainServers;CN=Dwayne Petrakis/OU=CHPSID/O=TACOM,CN=Ret Hamlin/OU=CHPSID/O=TACOM;[Admin]
930ED905906FC2CA5A9E8A900CA12A2F,FC7A,ED42E2C2FD19EBA0B8B509F5FF118A69,09/10/2014 11:40:39,09/10/2014 11:40:39,CN=Ret Hamlin/OU=CHPSID/O=TACOM,,VMA-2014-000069,ED42E2C2FD19EBA0B8B509F5FF118A69,Phone Call - Outbound,Donna Washington-Pryce,(856) 555-1616,Called requester to confirm address. See attached correspondence.,Called requester to confirm address,09/14/2014,Yes,CN=Ret Hamlin/OU=CHPSID/O=TACOM,09/10/2014 11:40:39,[TACOM];[CSR];[Admin];[ReadOnlyAudit];LocalDomainServers;CN=Benedetta Kowalczyk/OU=CHPSID/O=TACOM,CN=Ret Hamlin/OU=CHPSID/O=TACOM;[Admin]
AD3A540A148F442F416D7F397796B33B,FC7E,CF287B98F150A8394148B05551F4A01B,09/20/2014 17:20:06,09/20/2014 17:20:06,CN=Ret Hamlin/OU=CHPSID/O=TACOM,,VMA-2014-000085,CF287B98F150A8394148B05551F4A01B,Phone Call - Inbound,Andrew Ledesma-Ortiz,(703) 555-1720,Requester called for status. See attached correspondence.,Requester called for status,10/02/2014,Yes,CN=Ret Hamlin/OU=CHPSID/O=TACOM,09/20/2014 17:20:06,[TACOM];[CSR];[Admin];[ReadOnlyAudit];LocalDomainServers;CN=Dwayne Petrakis/OU=CHPSID/O=TACOM,CN=Ret Hamlin/OU=CHPSID/O=TACOM;[Admin]
0ED1E44155647A75C09D16EB0E2465E5,FC82,9845BCF33F6996871A0F8C295389467F,10/02/2018 22:25:57,10/02/2018 22:25:57,CN=Lorraine Whitcombe/OU=CHPSID/O=TACOM,,VMA-2018-000013,9845BCF33F6996871A0F8C295389467F,Backorder,,,Item backordered - requester notified. See attached correspondence.,Item backordered - requester notified,10/08/2018,Yes,CN=Lorraine Whitcombe/OU=CHPSID/O=TACOM,10/02/2018 22:25:57,[TACOM];[CSR];[Admin];[ReadOnlyAudit];LocalDomainServers;CN=Renata Vasquez-Holm/OU=CHPSID/O=TACOM,CN=Lorraine Whitcombe/OU=CHPSID/O=TACOM;[Admin]
6541D0BD48A5339678E62C10491A192E,FC86,11840E9864983CA03083B9C1F6035EAB,01/21/2008 14:47:40,01/21/2008 14:47:40,CN=Benedetta Kowalczyk/OU=CHPSID/O=TACOM,,VMA-2008-000059,11840E9864983CA03083B9C1F6035EAB,Congressional Inquiry,,,Congressional inquiry received - response due 10 days. Follow-up required.,Congressional inquiry received - response due 10 days,,Yes,CN=Benedetta Kowalczyk/OU=CHPSID/O=TACOM,01/21/2008 14:47:40,[TACOM];[CSR];[Admin];[ReadOnlyAudit];LocalDomainServers;CN=Lorraine Whitcombe/OU=CHPSID/O=TACOM,CN=Benedetta Kowalczyk/OU=CHPSID/O=TACOM;[Admin]
8024D8D4C2ECF558C859D2B00B8CADF8,FC8A,C8B699FA48ADF9A3DB37D66544C54AEA,06/05/2004 12:23:13,06/05/2004 12:23:13,CN=Lorraine Whitcombe/OU=CHPSID/O=TACOM,,VMA-2004-000088,C8B699FA48ADF9A3DB37D66544C54AEA,QC Rework,,,"QC failed - engraving misspelled, returned to shop. Escalated to lead CSR.","QC failed - engraving misspelled, returned to shop",,Yes,CN=Lorraine Whitcombe/OU=CHPSID/O=TACOM,06/05/2004 12:23:13,[TACOM];[CSR];[Admin];[ReadOnlyAudit];LocalDomainServers;CN=Dwayne Petrakis/OU=CHPSID/O=TACOM,CN=Lorraine Whitcombe/OU=CHPSID/O=TACOM;[Admin]
211F4EB10B4B220286D0FEEE71F9F6D7,FC8E,3567D9D0EB2B808AE56686CDD066AD9B,05/24/2005 13:04:41,05/24/2005 13:04:41,CN=Benedetta Kowalczyk/OU=CHPSID/O=TACOM,,VMA-2005-000012,3567D9D0EB2B808AE56686CDD066AD9B,Backorder,,,Item backordered - requester notified. Escalated to lead CSR.,Item backordered - requester notified,,Yes,CN=Benedetta Kowalczyk/OU=CHPSID/O=TACOM,05/24/2005 13:04:41,[TACOM];[CSR];[Admin];[ReadOnlyAudit];LocalDomainServers;CN=Benedetta Kowalczyk/OU=CHPSID/O=TACOM,CN=Benedetta Kowalczyk/OU=CHPSID/O=TACOM;[Admin]
D9BD07252B824CAFA62D14F523EAD524,FC92,B7503E582EF76656306786DA86940DC8,10/08/2016 19:22:56,10/08/2016 19:22:56,CN=Benedetta Kowalczyk/OU=CHPSID/O=TACOM,Correspondence_VMA-2016-000005.pdf,VMA-2016-000005,B7503E582EF76656306786DA86940DC8,General,,,General note. See attached correspondence.,General note,,Yes,CN=Benedetta Kowalczyk/OU=CHPSID/O=TACOM,10/08/2016 19:22:56,[TACOM];[CSR];[Admin];[ReadOnlyAudit];LocalDomainServers;CN=Ret Hamlin/OU=CHPSID/O=TACOM,CN=Benedetta Kowalczyk/OU=CHPSID/O=TACOM;[Admin]
E36F4E5AD2382360016CC43FF15E044D,FC96,FB64B417F33539C1E051DB07B6598C19,02/19/2026 21:19:50,02/19/2026 21:19:50,CN=Ret Hamlin/OU=CHPSID/O=TACOM,Correspondence_VMA-2026-000270.pdf,VMA-2026-000270,FB64B417F33539C1E051DB07B6598C19,Phone Call - Inbound,Mildred Figueroa-Paz,(215) 555-1986,Requester called for status. Requester satisfied.,Requester called for status,,Yes,CN=Ret Hamlin/OU=CHPSID/O=TACOM,02/19/2026 21:19:50,[TACOM];[CSR];[Admin];[ReadOnlyAudit];LocalDomainServers;CN=Renata Vasquez-Holm/OU=CHPSID/O=TACOM,CN=Ret Hamlin/OU=CHPSID/O=TACOM;[Admin]
C572E685D46C56CEAA5B215ECF19B1FD,FC9A,A878740D5E44E5B5EB98E2F49398A19E,08/23/2026 18:49:55,08/23/2026 18:49:55,CN=Ret Hamlin/OU=CHPSID/O=TACOM,,VMA-2026-000346,A878740D5E44E5B5EB98E2F49398A19E,QC Rework,,,"QC failed - engraving misspelled, returned to shop. Requester satisfied.","QC failed - engraving misspelled, returned to shop",,Yes,CN=Ret Hamlin/OU=CHPSID/O=TACOM,08/23/2026 18:49:55,[TACOM];[CSR];[Admin];[ReadOnlyAudit];LocalDomainServers;CN=Renata Vasquez-Holm/OU=CHPSID/O=TACOM,CN=Ret Hamlin/OU=CHPSID/O=TACOM;[Admin]
F027058FEA97F78DDB712E548971F4D5,FC9E,C6AD20F7282F2B0AFA2E56DE199295D1,05/04/2023 11:17:27,05/04/2023 11:17:27,CN=Renata Vasquez-Holm/OU=CHPSID/O=TACOM,,VMA-2023-000085,C6AD20F7282F2B0AFA2E56DE199295D1,Congressional Inquiry,,,Congressional inquiry received - response due 10 days. Escalated to lead CSR.,Congressional inquiry received - response due 10 days,05/13/2023,Yes,CN=Renata Vasquez-Holm/OU=CHPSID/O=TACOM,05/04/2023 11:17:27,[TACOM];[CSR];[Admin];[ReadOnlyAudit];LocalDomainServers;CN=Dwayne Petrakis/OU=CHPSID/O=TACOM,CN=Renata Vasquez-Holm/OU=CHPSID/O=TACOM;[Admin]
1BCE783371498EEE5D8086E676EAA264,FCA2,7B9F53CA81E616F40CFBFFCAA3E541F0,03/14/2014 12:46:13,03/14/2014 12:46:13,CN=Marlene Okafor/OU=CHPSID/O=TACOM,,VMA-2014-000010,7B9F53CA81E616F40CFBFFCAA3E541F0,Phone Call - Inbound,Walter Reyes-Almonte,(302) 555-1546,Requester called for status. Follow-up required.,Requester called for status,,,CN=Marlene Okafor/OU=CHPSID/O=TACOM,03/14/2014 12:46:13,[TACOM];[CSR];[Admin];[ReadOnlyAudit];LocalDomainServers;CN=Dwayne Petrakis/OU=CHPSID/O=TACOM,CN=Marlene Okafor/OU=CHPSID/O=TACOM;[Admin]
B90CD10C8228F74140B68E862919A0CC,FCA6,20AD0693AD8CC420710C345671ABC1FA,10/05/2006 10:02:58,10/05/2006 10:02:58,CN=Marlene Okafor/OU=CHPSID/O=TACOM,,VMA-2006-000031,20AD0693AD8CC420710C345671ABC1FA,NPRC Query,,,Requested OMPF verification from NPRC. Follow-up required.,Requested OMPF verification from NPRC,,Yes,CN=Marlene Okafor/OU=CHPSID/O=TACOM,10/05/2006 10:02:58,[TACOM];[CSR];[Admin];[ReadOnlyAudit];LocalDomainServers;CN=Renata Vasquez-Holm/OU=CHPSID/O=TACOM,CN=Marlene Okafor/OU=CHPSID/O=TACOM;[Admin]
B30303D41C84782E5AC2EA24EC35B716,FCAA,1126B21ED26731AD6F5C0E147770B192,11/20/2005 16:36:23,11/20/2005 16:36:23,CN=Marlene Okafor/OU=CHPSID/O=TACOM,,VMA-2005-000084,1126B21ED26731AD6F5C0E147770B192,General,,,General note. No further action.,General note,12/03/2005,Yes,CN=Marlene Okafor/OU=CHPSID/O=TACOM,11/20/2005 16:36:23,[TACOM];[CSR];[Admin];[ReadOnlyAudit];LocalDomainServers;CN=Renata Vasquez-Holm/OU=CHPSID/O=TACOM,CN=Marlene Okafor/OU=CHPSID/O=TACOM;[Admin]
E26EBDC4FA462FE834986C7F7A2E88E0,FCAE,D88404AE277A2C8CDF1E538126A41E5C,03/17/2022 14:17:38,03/17/2022 14:17:38,CN=Benedetta Kowalczyk/OU=CHPSID/O=TACOM,,VMA-2022-000037,D88404AE277A2C8CDF1E538126A41E5C,Phone Call - Inbound,Luis Sallisaw,(302) 555-1352,Requester called for status. Follow-up required.,Requester called for status,,Yes,CN=Benedetta Kowalczyk/OU=CHPSID/O=TACOM,03/17/2022 14:17:38,[TACOM];[CSR];[Admin];[ReadOnlyAudit];LocalDomainServers;CN=Ret Hamlin/OU=CHPSID/O=TACOM,CN=Benedetta Kowalczyk/OU=CHPSID/O=TACOM;[Admin]
5E53984CF36DEB529E54AFB6FBCDE616,FCB2,BA992DD03EF71F792DDBB2EA9DB58C0A,09/25/2014 13:47:06,09/25/2014 13:47:06,CN=Renata Vasquez-Holm/OU=CHPSID/O=TACOM,,VMA-2014-000084,BA992DD03EF71F792DDBB2EA9DB58C0A,Phone Call - Inbound,Heather Lockridge,(215) 555-1851,Requester called for status. Follow-up required.,Requester called for status,,,CN=Renata Vasquez-Holm/OU=CHPSID/O=TACOM,09/25/2014 13:47:06,[TACOM];[CSR];[Admin];[ReadOnlyAudit];LocalDomainServers;CN=Ret Hamlin/OU=CHPSID/O=TACOM,CN=Renata Vasquez-Holm/OU=CHPSID/O=TACOM;[Admin]
1423C78CDFC8E675CFEB3F2A521D69B1,FCB6,4141F31E2BEBBE70E50B8462A5B9BCC4,08/02/2013 20:48:49,08/02/2013 20:48:49,CN=Lorraine Whitcombe/OU=CHPSID/O=TACOM,,VMA-2013-000017,4141F31E2BEBBE70E50B8462A5B9BCC4,NPRC Query,,,Requested OMPF verification from NPRC. See attached correspondence.,Requested OMPF verification from NPRC,,Yes,CN=Lorraine Whitcombe/OU=CHPSID/O=TACOM,08/02/2013 20:48:49,[TACOM];[CSR];[Admin];[ReadOnlyAudit];LocalDomainServers;CN=Lorraine Whitcombe/OU=CHPSID/O=TACOM,CN=Lorraine Whitcombe/OU=CHPSID/O=TACOM;[Admin]
2437F5D6369E7309030F3CDA4453138A,FCBA,CA022402EB405C43693B2899963E247C,04/20/2026 13:44:03,04/20/2026 13:44:03,CN=Renata Vasquez-Holm/OU=CHPSID/O=TACOM,,VMA-2026-000062,CA022402EB405C43693B2899963E247C,NOK Documentation,,,Death certificate / relationship proof received. No further action.,Death certificate / relationship proof received,,,CN=Renata Vasquez-Holm/OU=CHPSID/O=TACOM,04/20/2026 13:44:03,[TACOM];[CSR];[Admin];[ReadOnlyAudit];LocalDomainServers;CN=Benedetta Kowalczyk/OU=CHPSID/O=TACOM,CN=Renata Vasquez-Holm/OU=CHPSID/O=TACOM;[Admin]
44197D3CB43EB1372E69931266BB42FD,FCBE,79ED5F0E9B36A7DA5B0407EAD28EFF70,12/14/2013 18:31:37,12/14/2013 18:31:37,CN=Renata Vasquez-Holm/OU=CHPSID/O=TACOM,,VMA-2013-000059,79ED5F0E9B36A7DA5B0407EAD28EFF70,NOK Documentation,,,Death certificate / relationship proof received. No further action.,Death certificate / relationship proof received,,Yes,CN=Renata Vasquez-Holm/OU=CHPSID/O=TACOM,12/14/2013 18:31:37,[TACOM];[CSR];[Admin];[ReadOnlyAudit];LocalDomainServers;CN=Marlene Okafor/OU=CHPSID/O=TACOM,CN=Renata Vasquez-Holm/OU=CHPSID/O=TACOM;[Admin]
6C3FFB0C1EAE096CA0C59021C7144870,FCC2,B615D1F21590A0E4FD0CF1E03BC2B595,01/16/2011 17:17:30,01/16/2011 17:17:30,CN=Dwayne Petrakis/OU=CHPSID/O=TACOM,Correspondence_VMA-2010-000026.pdf,VMA-2010-000026,B615D1F21590A0E4FD0CF1E03BC2B595,Address Correction,,,Address updated per requester. See attached correspondence.,Address updated per requester,01/23/2011,Yes,CN=Dwayne Petrakis/OU=CHPSID/O=TACOM,01/16/2011 17:17:30,[TACOM];[CSR];[Admin];[ReadOnlyAudit];LocalDomainServers;CN=Lorraine Whitcombe/OU=CHPSID/O=TACOM,CN=Dwayne Petrakis/OU=CHPSID/O=TACOM;[Admin]
A89059ED4D6FDCD5D09C743348008D9E,FCC6,D36B66BD285839FF1166FD6C7963685F,05/04/2026 18:17:38,05/04/2026 18:17:38,CN=Marlene Okafor/OU=CHPSID/O=TACOM,,VMA-2026-000612,D36B66BD285839FF1166FD6C7963685F,Phone Call - Inbound,Heather Rathbourne,(302) 555-1078,Requester called for status. Follow-up required.,Requester called for status,,,CN=Marlene Okafor/OU=CHPSID/O=TACOM,05/04/2026 18:17:38,[TACOM];[CSR];[Admin];[ReadOnlyAudit];LocalDomainServers;CN=Marlene Okafor/OU=CHPSID/O=TACOM,CN=Marlene Okafor/OU=CHPSID/O=TACOM;[Admin]
2D545FF7CCB32C600E5F6A7C39985AE0,FCCA,046C4E267AA4C92A754F2D239D660965,04/16/2006 15:31:59,04/16/2006 15:31:59,CN=Ret Hamlin/OU=CHPSID/O=TACOM,,VMA-2006-000109,046C4E267AA4C92A754F2D239D660965,NOK Documentation,,,Death certificate / relationship proof received. Escalated to lead CSR.,Death certificate / relationship proof received,,Yes,CN=Ret Hamlin/OU=CHPSID/O=TACOM,04/16/2006 15:31:59,[TACOM];[CSR];[Admin];[ReadOnlyAudit];LocalDomainServers;CN=Lorraine Whitcombe/OU=CHPSID/O=TACOM,CN=Ret Hamlin/OU=CHPSID/O=TACOM;[Admin]
C894A475BB50951D2676A8EBF033AF84,FCCE,41CE1180D92B865B8456DAAA2DC37CA1,08/14/2026 12:29:51,08/14/2026 12:29:51,CN=Ret Hamlin/OU=CHPSID/O=TACOM,,VMA-2026-000085,41CE1180D92B865B8456DAAA2DC37CA1,Address Correction,,,Address updated per requester. Escalated to lead CSR.,Address updated per requester,08/20/2026,Yes,CN=Ret Hamlin/OU=CHPSID/O=TACOM,08/14/2026 12:29:51,[TACOM];[CSR];[Admin];[ReadOnlyAudit];LocalDomainServers;CN=Benedetta Kowalczyk/OU=CHPSID/O=TACOM,CN=Ret Hamlin/OU=CHPSID/O=TACOM;[Admin]
62BB7C5BA2A44E5775B4336834728263,FCD2,6DC30492B3027F6AF45D20EA34F96C3B,06/29/2022 14:39:54,06/29/2022 14:39:54,CN=Lorraine Whitcombe/OU=CHPSID/O=TACOM,,VMA-2022-000045,6DC30492B3027F6AF45D20EA34F96C3B,Backorder,,,Item backordered - requester notified. See attached correspondence.,Item backordered - requester notified,,Yes,CN=Lorraine Whitcombe/OU=CHPSID/O=TACOM,06/29/2022 14:39:54,[TACOM];[CSR];[Admin];[ReadOnlyAudit];LocalDomainServers;CN=Ret Hamlin/OU=CHPSID/O=TACOM,CN=Lorraine Whitcombe/OU=CHPSID/O=TACOM;[Admin]
E8729FA370970D86F456076DE99D6BBA,FCD6,AC0337F69D783353275B111734137501,04/27/2026 10:07:43,04/27/2026 10:07:43,CN=Marlene Okafor/OU=CHPSID/O=TACOM,,VMA-2026-000173,AC0337F69D783353275B111734137501,Backorder,,,Item backordered - requester notified. Escalated to lead CSR.,Item backordered - requester notified,05/03/2026,Yes,CN=Marlene Okafor/OU=CHPSID/O=TACOM,04/27/2026 10:07:43,[TACOM];[CSR];[Admin];[ReadOnlyAudit];LocalDomainServers;CN=Marlene Okafor/OU=CHPSID/O=TACOM,CN=Marlene Okafor/OU=CHPSID/O=TACOM;[Admin]
B840EBDAD074AAC2D67D2E6A1AC9D8DA,FCDA,CD7A0A44406D0973777A102417F4E5F3,12/21/2025 13:03:35,12/21/2025 13:03:35,CN=Dwayne Petrakis/OU=CHPSID/O=TACOM,,VMA-2025-000075,CD7A0A44406D0973777A102417F4E5F3,Phone Call - Inbound,Ernesto Figueroa-Paz,(302) 555-1910,Requester called for status. Escalated to lead CSR.,Requester called for status,,Yes,CN=Dwayne Petrakis/OU=CHPSID/O=TACOM,12/21/2025 13:03:35,[TACOM];[CSR];[Admin];[ReadOnlyAudit];LocalDomainServers;CN=Benedetta Kowalczyk/OU=CHPSID/O=TACOM,CN=Dwayne Petrakis/OU=CHPSID/O=TACOM;[Admin]
8DC9E9B015198AEC17EC5DF15CCF3774,FCDE,62742E5520151F58113A69A6239677CD,06/06/2026 16:16:42,06/06/2026 16:16:42,CN=Ret Hamlin/OU=CHPSID/O=TACOM,,VMA-2026-000468,62742E5520151F58113A69A6239677CD,Phone Call - Inbound,Jennifer Mackelvane,(410) 555-1457,Requester called for status. Escalated to lead CSR.,Requester called for status,,Yes,CN=Ret Hamlin/OU=CHPSID/O=TACOM,06/06/2026 16:16:42,[TACOM];[CSR];[Admin];[ReadOnlyAudit];LocalDomainServers;CN=Lorraine Whitcombe/OU=CHPSID/O=TACOM,CN=Ret Hamlin/OU=CHPSID/O=TACOM;[Admin]
8ED9A6BD4A069C00C9168A05C78A2BD2,FCE2,78B16EE12AF3137E7BF45E34FD7F0938,06/19/2026 20:14:33,06/19/2026 20:14:33,CN=Benedetta Kowalczyk/OU=CHPSID/O=TACOM,Correspondence_VMA-2026-000396.pdf,VMA-2026-000396,78B16EE12AF3137E7BF45E34FD7F0938,Phone Call - Outbound,Mary Vandermolen,(302) 555-1370,Called requester to confirm address. Escalated to lead CSR.,Called requester to confirm address,06/28/2026,Yes,CN=Benedetta Kowalczyk/OU=CHPSID/O=TACOM,06/19/2026 20:14:33,[TACOM];[CSR];[Admin];[ReadOnlyAudit];LocalDomainServers;CN=Benedetta Kowalczyk/OU=CHPSID/O=TACOM,CN=Benedetta Kowalczyk/OU=CHPSID/O=TACOM;[Admin]
E036DA00D2033DB17EC5A574BED4FCD1,FCE6,10A201AB183CE6C42BCD40F78F1CF054,09/23/2009 13:15:00,09/23/2009 13:15:00,CN=Benedetta Kowalczyk/OU=CHPSID/O=TACOM,,VMA-2009-000034,10A201AB183CE6C42BCD40F78F1CF054,NPRC Query,,,Requested OMPF verification from NPRC. See attached correspondence.,Requested OMPF verification from NPRC,10/04/2009,Yes,CN=Benedetta Kowalczyk/OU=CHPSID/O=TACOM,09/23/2009 13:15:00,[TACOM];[CSR];[Admin];[ReadOnlyAudit];LocalDomainServers;CN=Marlene Okafor/OU=CHPSID/O=TACOM,CN=Benedetta Kowalczyk/OU=CHPSID/O=TACOM;[Admin]
84E08286E53992DA5BCF70AA1202C481,FCEA,E5C8A4D9C9E617431E0A977492FBB574,03/14/2014 15:56:14,03/14/2014 15:56:14,CN=Ret Hamlin/OU=CHPSID/O=TACOM,,VMA-2014-000029,E5C8A4D9C9E617431E0A977492FBB574,General,,,General note. Follow-up required.,General note,,Yes,CN=Ret Hamlin/OU=CHPSID/O=TACOM,03/14/2014 15:56:14,[TACOM];[CSR];[Admin];[ReadOnlyAudit];LocalDomainServers;CN=Marlene Okafor/OU=CHPSID/O=TACOM,CN=Ret Hamlin/OU=CHPSID/O=TACOM;[Admin]
F0059185CF2DED021BDA6F1FF684DC6F,FCEE,ED7C41D657B0D44A55781A2682D78851,02/15/2009 22:15:20,02/15/2009 22:15:20,CN=Renata Vasquez-Holm/OU=CHPSID/O=TACOM,,VMA-2009-000005,ED7C41D657B0D44A55781A2682D78851,HRC Query,,,Sent eligibility query to HRC Awards Branch. No further action.,Sent eligibility query to HRC Awards Branch,,,CN=Renata Vasquez-Holm/OU=CHPSID/O=TACOM,02/15/2009 22:15:20,[TACOM];[CSR];[Admin];[ReadOnlyAudit];LocalDomainServers;CN=Ret Hamlin/OU=CHPSID/O=TACOM,CN=Renata Vasquez-Holm/OU=CHPSID/O=TACOM;[Admin]
D8F245ED433A9EEADD25343CD484E269,FCF2,3FC4946176870CB87467450757A9C8D3,09/03/2011 19:28:22,09/03/2011 19:28:22,CN=Lorraine Whitcombe/OU=CHPSID/O=TACOM,Correspondence_VMA-2011-000097.pdf,VMA-2011-000097,3FC4946176870CB87467450757A9C8D3,Phone Call - Inbound,Mildred Jaramillo,(856) 555-1615,Requester called for status. Follow-up required.,Requester called for status,09/06/2011,,CN=Lorraine Whitcombe/OU=CHPSID/O=TACOM,09/03/2011 19:28:22,[TACOM];[CSR];[Admin];[ReadOnlyAudit];LocalDomainServers;CN=Lorraine Whitcombe/OU=CHPSID/O=TACOM,CN=Lorraine Whitcombe/OU=CHPSID/O=TACOM;[Admin]
5D2CEEE21DECF2969188B6BC8182A662,FCF6,C62F5B491EF35C077598BB37F344F13F,12/06/2011 20:27:55,12/06/2011 20:27:55,CN=Dwayne Petrakis/OU=CHPSID/O=TACOM,,VMA-2011-000089,C62F5B491EF35C077598BB37F344F13F,NPRC Query,,,Requested OMPF verification from NPRC. No further action.,Requested OMPF verification from NPRC,,,CN=Dwayne Petrakis/OU=CHPSID/O=TACOM,12/06/2011 20:27:55,[TACOM];[CSR];[Admin];[ReadOnlyAudit];LocalDomainServers;CN=Renata Vasquez-Holm/OU=CHPSID/O=TACOM,CN=Dwayne Petrakis/OU=CHPSID/O=TACOM;[Admin]
D5F55487E26F114F24EB669998349548,FCFA,B9DB3A437BB0481CF4E91BB7C77417D6,06/13/2026 19:23:27,06/13/2026 19:23:27,CN=Lorraine Whitcombe/OU=CHPSID/O=TACOM,,VMA-2026-000016,B9DB3A437BB0481CF4E91BB7C77417D6,Backorder,,,Item backordered - requester notified. No further action.,Item backordered - requester notified,06/19/2026,,CN=Lorraine Whitcombe/OU=CHPSID/O=TACOM,06/13/2026 19:23:27,[TACOM];[CSR];[Admin];[ReadOnlyAudit];LocalDomainServers;CN=Benedetta Kowalczyk/OU=CHPSID/O=TACOM,CN=Lorraine Whitcombe/OU=CHPSID/O=TACOM;[Admin]
7F25594407EB7941030450B4264B13E1,FCFE,8C5562BBE6787579669436561C8DEABA,11/01/2014 20:28:43,11/01/2014 20:28:43,CN=Renata Vasquez-Holm/OU=CHPSID/O=TACOM,,VMA-2014-000047,8C5562BBE6787579669436561C8DEABA,Phone Call - Outbound,Brandon Hargreave,(215) 555-1892,Called requester to confirm address. See attached correspondence.,Called requester to confirm address,,Yes,CN=Renata Vasquez-Holm/OU=CHPSID/O=TACOM,11/01/2014 20:28:43,[TACOM];[CSR];[Admin];[ReadOnlyAudit];LocalDomainServers;CN=Ret Hamlin/OU=CHPSID/O=TACOM,CN=Renata Vasquez-Holm/OU=CHPSID/O=TACOM;[Admin]
7BFA441DEE8FF0A1A8D4B86B3450B96E,FD02,E7012ED508E697ED7A0E588AC9B31199,02/16/2017 21:54:02,02/16/2017 21:54:02,CN=Dwayne Petrakis/OU=CHPSID/O=TACOM,,VMA-2017-000018,E7012ED508E697ED7A0E588AC9B31199,General,,,General note. Requester satisfied.,General note,,,CN=Dwayne Petrakis/OU=CHPSID/O=TACOM,02/16/2017 21:54:02,[TACOM];[CSR];[Admin];[ReadOnlyAudit];LocalDomainServers;CN=Ret Hamlin/OU=CHPSID/O=TACOM,CN=Dwayne Petrakis/OU=CHPSID/O=TACOM;[Admin]
F12B57225473861BEC5123B13922B1F4,FD06,2361566D484D2D32B0FCCA85DC9D96AF,04/12/2019 15:23:21,04/12/2019 15:23:21,CN=Lorraine Whitcombe/OU=CHPSID/O=TACOM,,VMA-2019-000014,2361566D484D2D32B0FCCA85DC9D96AF,NPRC Query,,,Requested OMPF verification from NPRC. No further action.,Requested OMPF verification from NPRC,,Yes,CN=Lorraine Whitcombe/OU=CHPSID/O=TACOM,04/12/2019 15:23:21,[TACOM];[CSR];[Admin];[ReadOnlyAudit];LocalDomainServers;CN=Benedetta Kowalczyk/OU=CHPSID/O=TACOM,CN=Lorraine Whitcombe/OU=CHPSID/O=TACOM;[Admin]
ADCFE56756F69A1BFF30D2162A9F12AC,FD0A,BEDB0B8C56EAB861240554B95B6293BB,04/30/2026 19:42:13,04/30/2026 19:42:13,CN=Dwayne Petrakis/OU=CHPSID/O=TACOM,,VMA-2026-000081,BEDB0B8C56EAB861240554B95B6293BB,NOK Documentation,,,Death certificate / relationship proof received. Escalated to lead CSR.,Death certificate / relationship proof received,05/06/2026,,CN=Dwayne Petrakis/OU=CHPSID/O=TACOM,04/30/2026 19:42:13,[TACOM];[CSR];[Admin];[ReadOnlyAudit];LocalDomainServers;CN=Dwayne Petrakis/OU=CHPSID/O=TACOM,CN=Dwayne Petrakis/OU=CHPSID/O=TACOM;[Admin]
992E6AC62DC5884DFBFEC55FFCE0A4FC,FD0E,F02EEAFC16861853C0E34099D14BF7FF,10/20/2019 18:05:29,10/20/2019 18:05:29,CN=Benedetta Kowalczyk/OU=CHPSID/O=TACOM,Correspondence_VMA-2019-000113.pdf,VMA-2019-000113,F02EEAFC16861853C0E34099D14BF7FF,Address Correction,,,Address updated per requester. Escalated to lead CSR.,Address updated per requester,10/23/2019,,CN=Benedetta Kowalczyk/OU=CHPSID/O=TACOM,10/20/2019 18:05:29,[TACOM];[CSR];[Admin];[ReadOnlyAudit];LocalDomainServers;CN=Benedetta Kowalczyk/OU=CHPSID/O=TACOM,CN=Benedetta Kowalczyk/OU=CHPSID/O=TACOM;[Admin]
BA1DB771474CE3682C53683BAC562345,FD12,610D54ADABB9330D9FD64D60B13AD812,06/27/2015 00:51:31,06/27/2015 00:51:31,CN=Dwayne Petrakis/OU=CHPSID/O=TACOM,,VMA-2015-000006,610D54ADABB9330D9FD64D60B13AD812,General,,,General note. No further action.,General note,,Yes,CN=Dwayne Petrakis/OU=CHPSID/O=TACOM,06/27/2015 00:51:31,[TACOM];[CSR];[Admin];[ReadOnlyAudit];LocalDomainServers;CN=Ret Hamlin/OU=CHPSID/O=TACOM,CN=Dwayne Petrakis/OU=CHPSID/O=TACOM;[Admin]
03E90201EA35C529F962F5DC78F1D4D7,FD16,0FA5C209BE67D55B236F589D1C7FA850,07/19/2014 16:32:27,07/19/2014 16:32:27,CN=Ret Hamlin/OU=CHPSID/O=TACOM,,VMA-2014-000086,0FA5C209BE67D55B236F589D1C7FA850,Congressional Inquiry,,,Congressional inquiry received - response due 10 days. No further action.,Congressional inquiry received - response due 10 days,,Yes,CN=Ret Hamlin/OU=CHPSID/O=TACOM,07/19/2014 16:32:27,[TACOM];[CSR];[Admin];[ReadOnlyAudit];LocalDomainServers;CN=Renata Vasquez-Holm/OU=CHPSID/O=TACOM,CN=Ret Hamlin/OU=CHPSID/O=TACOM;[Admin]
0B6EE9DBC899B161135539E2FB462937,FD1A,CF44C0F4044F46594B3283F9D11FC235,02/09/2026 19:09:48,02/09/2026 19:09:48,CN=Ret Hamlin/OU=CHPSID/O=TACOM,,VMA-2026-000170,CF44C0F4044F46594B3283F9D11FC235,QC Rework,,,"QC failed - engraving misspelled, returned to shop. Requester satisfied.","QC failed - engraving misspelled, returned to shop",,Yes,CN=Ret Hamlin/OU=CHPSID/O=TACOM,02/09/2026 19:09:48,[TACOM];[CSR];[Admin];[ReadOnlyAudit];LocalDomainServers;CN=Renata Vasquez-Holm/OU=CHPSID/O=TACOM,CN=Ret Hamlin/OU=CHPSID/O=TACOM;[Admin]
ABD045E798B6D8651D838DE7CB242352,FD1E,8558536FD5C82F4F2F66D3B5AB15A0C3,08/19/2025 17:21:02,08/19/2025 17:21:02,CN=Marlene Okafor/OU=CHPSID/O=TACOM,,VMA-2025-000101,8558536FD5C82F4F2F66D3B5AB15A0C3,Phone Call - Outbound,Linda Zellinger,(267) 555-1434,Called requester to confirm address. Requester satisfied.,Called requester to confirm address,,Yes,CN=Marlene Okafor/OU=CHPSID/O=TACOM,08/19/2025 17:21:02,[TACOM];[CSR];[Admin];[ReadOnlyAudit];LocalDomainServers;CN=Ret Hamlin/OU=CHPSID/O=TACOM,CN=Marlene Okafor/OU=CHPSID/O=TACOM;[Admin]
B38E4A45BD5DAFBECECF5DCEF49C9512,FD22,98BD5954972B59F5553D8C06372D4539,03/10/2010 20:02:47,03/10/2010 20:02:47,CN=Renata Vasquez-Holm/OU=CHPSID/O=TACOM,,VMA-2010-000030,98BD5954972B59F5553D8C06372D4539,Congressional Inquiry,,,Congressional inquiry received - response due 10 days. Requester satisfied.,Congressional inquiry received - response due 10 days,,Yes,CN=Renata Vasquez-Holm/OU=CHPSID/O=TACOM,03/10/2010 20:02:47,[TACOM];[CSR];[Admin];[ReadOnlyAudit];LocalDomainServers;CN=Benedetta Kowalczyk/OU=CHPSID/O=TACOM,CN=Renata Vasquez-Holm/OU=CHPSID/O=TACOM;[Admin]
65A222C4ED8B8916F699523852991F97,FD26,325350A9CC658D2FC7C7C874DBA59C0B,10/29/2018 18:56:19,10/29/2018 18:56:19,CN=Marlene Okafor/OU=CHPSID/O=TACOM,Correspondence_VMA-2018-000058.pdf,VMA-2018-000058,325350A9CC658D2FC7C7C874DBA59C0B,Phone Call - Inbound,Anthony Ingersby,(267) 555-1881,Requester called for status. Follow-up required.,Requester called for status,,Yes,CN=Marlene Okafor/OU=CHPSID/O=TACOM,10/29/2018 18:56:19,[TACOM];[CSR];[Admin];[ReadOnlyAudit];LocalDomainServers;CN=Dwayne Petrakis/OU=CHPSID/O=TACOM,CN=Marlene Okafor/OU=CHPSID/O=TACOM;[Admin]
CE327DE1129011A2C2F48FBEF905CAB8,FD2A,CA41448C578737AD2801BCEFE95FE594,03/22/2005 17:48:59,03/22/2005 17:48:59,CN=Dwayne Petrakis/OU=CHPSID/O=TACOM,,VMA-2005-000051,CA41448C578737AD2801BCEFE95FE594,Phone Call - Inbound,Heather T Whitlock-Bay,(856) 555-1742,Requester called for status. Follow-up required.,Requester called for status,03/26/2005,Yes,CN=Dwayne Petrakis/OU=CHPSID/O=TACOM,03/22/2005 17:48:59,[TACOM];[CSR];[Admin];[ReadOnlyAudit];LocalDomainServers;CN=Marlene Okafor/OU=CHPSID/O=TACOM,CN=Dwayne Petrakis/OU=CHPSID/O=TACOM;[Admin]
3AF7B3AEAD4F23E97A25A8320B09A5D8,FD2E,1F2E7852063125DA4C8716EF07CF0C54,01/27/2011 11:49:06,01/27/2011 11:49:06,CN=Marlene Okafor/OU=CHPSID/O=TACOM,,VMA-2011-000054,1F2E7852063125DA4C8716EF07CF0C54,Backorder,,,Item backordered - requester notified. Escalated to lead CSR.,Item backordered - requester notified,,Yes,CN=Marlene Okafor/OU=CHPSID/O=TACOM,01/27/2011 11:49:06,[TACOM];[CSR];[Admin];[ReadOnlyAudit];LocalDomainServers;CN=Lorraine Whitcombe/OU=CHPSID/O=TACOM,CN=Marlene Okafor/OU=CHPSID/O=TACOM;[Admin]
C381E16E3BD769CBF2E0F8C519AC9C8B,FD32,549228197277DAA367AE8BD51545C149,02/26/2026 14:35:10,02/26/2026 14:35:10,CN=Lorraine Whitcombe/OU=CHPSID/O=TACOM,,VMA-2026-000040,549228197277DAA367AE8BD51545C149,Phone Call - Inbound,Kevin Cartlewood,(410) 555-1161,Requester called for status. Follow-up required.,Requester called for status,03/10/2026,Yes,CN=Lorraine Whitcombe/OU=CHPSID/O=TACOM,02/26/2026 14:35:10,[TACOM];[CSR];[Admin];[ReadOnlyAudit];LocalDomainServers;CN=Benedetta Kowalczyk/OU=CHPSID/O=TACOM,CN=Lorraine Whitcombe/OU=CHPSID/O=TACOM;[Admin]
8D446A8AC810CEBFF515290298EF534D,FD36,3FC68518429BA1FA4BDA205D5DC3C5DD,05/20/2020 23:08:32,05/20/2020 23:08:32,CN=Renata Vasquez-Holm/OU=CHPSID/O=TACOM,,VMA-2020-000022,3FC68518429BA1FA4BDA205D5DC3C5DD,Phone Call - Inbound,Walter Ellsworthy,(267) 555-1420,Requester called for status. See attached correspondence.,Requester called for status,,,CN=Renata Vasquez-Holm/OU=CHPSID/O=TACOM,05/20/2020 23:08:32,[TACOM];[CSR];[Admin];[ReadOnlyAudit];LocalDomainServers;CN=Ret Hamlin/OU=CHPSID/O=TACOM,CN=Renata Vasquez-Holm/OU=CHPSID/O=TACOM;[Admin]
D51A2627161D490860226D5B33DC9E36,FD3A,6F495EAFF931AAC454B27047D6BBCA77,08/21/2026 16:21:03,08/21/2026 16:21:03,CN=Benedetta Kowalczyk/OU=CHPSID/O=TACOM,,VMA-2026-000424,6F495EAFF931AAC454B27047D6BBCA77,HRC Query,,,Sent eligibility query to HRC Awards Branch. Requester satisfied.,Sent eligibility query to HRC Awards Branch,08/25/2026,,CN=Benedetta Kowalczyk/OU=CHPSID/O=TACOM,08/21/2026 16:21:03,[TACOM];[CSR];[Admin];[ReadOnlyAudit];LocalDomainServers;CN=Lorraine Whitcombe/OU=CHPSID/O=TACOM,CN=Benedetta Kowalczyk/OU=CHPSID/O=TACOM;[Admin]
9194ECF8618C390C520E3C3998A778B3,FD3E,CB1C04C0346D88170C75B3B919C956A1,06/19/2006 09:55:46,06/19/2006 09:55:46,CN=Marlene Okafor/OU=CHPSID/O=TACOM,Correspondence_VMA-2006-000092.pdf,VMA-2006-000092,CB1C04C0346D88170C75B3B919C956A1,HRC Query,,,Sent eligibility query to HRC Awards Branch. Requester satisfied.,Sent eligibility query to HRC Awards Branch,,,CN=Marlene Okafor/OU=CHPSID/O=TACOM,06/19/2006 09:55:46,[TACOM];[CSR];[Admin];[ReadOnlyAudit];LocalDomainServers;CN=Ret Hamlin/OU=CHPSID/O=TACOM,CN=Marlene Okafor/OU=CHPSID/O=TACOM;[Admin]
61785F83F973EA2CE5C5FECEA5A9BA22,FD42,3C74F2879F9B382B675B8AD9C775A9C6,07/19/2026 13:02:59,07/19/2026 13:02:59,CN=Ret Hamlin/OU=CHPSID/O=TACOM,,VMA-2026-000619,3C74F2879F9B382B675B8AD9C775A9C6,Phone Call - Inbound,Eugene Wickersham,(410) 555-1672,Requester called for status. No further action.,Requester called for status,07/22/2026,Yes,CN=Ret Hamlin/OU=CHPSID/O=TACOM,07/19/2026 13:02:59,[TACOM];[CSR];[Admin];[ReadOnlyAudit];LocalDomainServers;CN=Lorraine Whitcombe/OU=CHPSID/O=TACOM,CN=Ret Hamlin/OU=CHPSID/O=TACOM;[Admin]
CE26C677E667D0471D5D7AD90198E593,FD46,BDE20A9864BF098BEED9539CFCAD19C6,08/13/2022 16:19:11,08/13/2022 16:19:11,CN=Lorraine Whitcombe/OU=CHPSID/O=TACOM,,VMA-2022-000018,BDE20A9864BF098BEED9539CFCAD19C6,Phone Call - Inbound,Jamal Vandermolen,(302) 555-1530,Requester called for status. Follow-up required.,Requester called for status,08/23/2022,,CN=Lorraine Whitcombe/OU=CHPSID/O=TACOM,08/13/2022 16:19:11,[TACOM];[CSR];[Admin];[ReadOnlyAudit];LocalDomainServers;CN=Marlene Okafor/OU=CHPSID/O=TACOM,CN=Lorraine Whitcombe/OU=CHPSID/O=TACOM;[Admin]
F069DFAC7F2A48F47776F8D95A2F1163,FD4A,7F9F7F6175E4E1A256CC113F25E2263C,12/23/2022 00:07:38,12/23/2022 00:07:38,CN=Dwayne Petrakis/OU=CHPSID/O=TACOM,,VMA-2022-000082,7F9F7F6175E4E1A256CC113F25E2263C,Address Correction,,,Address updated per requester. No further action.,Address updated per requester,,,CN=Dwayne Petrakis/OU=CHPSID/O=TACOM,12/23/2022 00:07:38,[TACOM];[CSR];[Admin];[ReadOnlyAudit];LocalDomainServers;CN=Ret Hamlin/OU=CHPSID/O=TACOM,CN=Dwayne Petrakis/OU=CHPSID/O=TACOM;[Admin]
3A5B27DD6BA23C7AD16886C2E4B55131,FD4E,F916AD9DEC826A2AB28FA1D52EE59B62,02/03/2023 00:24:06,02/03/2023 00:24:06,CN=Benedetta Kowalczyk/OU=CHPSID/O=TACOM,,VMA-2023-000054,F916AD9DEC826A2AB28FA1D52EE59B62,Address Correction,,,Address updated per requester. No further action.,Address updated per requester,,Yes,CN=Benedetta Kowalczyk/OU=CHPSID/O=TACOM,02/03/2023 00:24:06,[TACOM];[CSR];[Admin];[ReadOnlyAudit];LocalDomainServers;CN=Benedetta Kowalczyk/OU=CHPSID/O=TACOM,CN=Benedetta Kowalczyk/OU=CHPSID/O=TACOM;[Admin]
50B613CC24F1FA339A22B97FE38188FD,FD52,7DE9AF060B118ED56B6730ABEA99378A,07/18/2024 23:20:40,07/18/2024 23:20:40,CN=Marlene Okafor/OU=CHPSID/O=TACOM,,VMA-2024-000018,7DE9AF060B118ED56B6730ABEA99378A,Phone Call - Inbound,Andre Barrowclough,(215) 555-1633,Requester called for status. Escalated to lead CSR.,Requester called for status,,Yes,CN=Marlene Okafor/OU=CHPSID/O=TACOM,07/18/2024 23:20:40,[TACOM];[CSR];[Admin];[ReadOnlyAudit];LocalDomainServers;CN=Renata Vasquez-Holm/OU=CHPSID/O=TACOM,CN=Marlene Okafor/OU=CHPSID/O=TACOM;[Admin]
AE03EA12E94015F18E3989C54AF7C307,FD56,EEF01500A9A687B4F1DFCBB7143166C7,06/02/2026 22:41:32,06/02/2026 22:41:32,CN=Ret Hamlin/OU=CHPSID/O=TACOM,,VMA-2026-000273,EEF01500A9A687B4F1DFCBB7143166C7,Address Correction,,,Address updated per requester. Requester satisfied.,Address updated per requester,,Yes,CN=Ret Hamlin/OU=CHPSID/O=TACOM,06/02/2026 22:41:32,[TACOM];[CSR];[Admin];[ReadOnlyAudit];LocalDomainServers;CN=Ret Hamlin/OU=CHPSID/O=TACOM,CN=Ret Hamlin/OU=CHPSID/O=TACOM;[Admin]
57448483421FF3D220E0167C6986BF0A,FD5A,98D584F950E9D1A926F1B607146C8D37,02/14/2016 09:34:23,02/14/2016 09:34:23,CN=Renata Vasquez-Holm/OU=CHPSID/O=TACOM,,VMA-2016-000007,98D584F950E9D1A926F1B607146C8D37,Phone Call - Inbound,Michael Gastrelle,(215) 555-1705,Requester called for status. No further action.,Requester called for status,02/25/2016,,CN=Renata Vasquez-Holm/OU=CHPSID/O=TACOM,02/14/2016 09:34:23,[TACOM];[CSR];[Admin];[ReadOnlyAudit];LocalDomainServers;CN=Dwayne Petrakis/OU=CHPSID/O=TACOM,CN=Renata Vasquez-Holm/OU=CHPSID/O=TACOM;[Admin]
999BDD57D465470E8A19487E0F48158A,FD5E,B5A2238CE0C42F8070C9008BD064CC81,08/24/2026 15:10:01,08/24/2026 15:10:01,CN=Marlene Okafor/OU=CHPSID/O=TACOM,,VMA-2026-000219,B5A2238CE0C42F8070C9008BD064CC81,NOK Documentation,,,Death certificate / relationship proof received. Requester satisfied.,Death certificate / relationship proof received,08/30/2026,Yes,CN=Marlene Okafor/OU=CHPSID/O=TACOM,08/24/2026 15:10:01,[TACOM];[CSR];[Admin];[ReadOnlyAudit];LocalDomainServers;CN=Benedetta Kowalczyk/OU=CHPSID/O=TACOM,CN=Marlene Okafor/OU=CHPSID/O=TACOM;[Admin]
DE2523054B644B94E3238C970758BA46,FD62,8B9CD253848F1C340916797587E80AED,05/28/2012 15:34:48,05/28/2012 15:34:48,CN=Marlene Okafor/OU=CHPSID/O=TACOM,Correspondence_VMA-2012-000076.pdf,VMA-2012-000076,8B9CD253848F1C340916797587E80AED,QC Rework,,,"QC failed - engraving misspelled, returned to shop. See attached correspondence.","QC failed - engraving misspelled, returned to shop",06/04/2012,Yes,CN=Marlene Okafor/OU=CHPSID/O=TACOM,05/28/2012 15:34:48,[TACOM];[CSR];[Admin];[ReadOnlyAudit];LocalDomainServers;CN=Marlene Okafor/OU=CHPSID/O=TACOM,CN=Marlene Okafor/OU=CHPSID/O=TACOM;[Admin]
47009C439046666850F93C563ED6E962,FD66,D7A286112172CE4AE45DEA6697ECA209,01/14/2018 17:25:01,01/14/2018 17:25:01,CN=Benedetta Kowalczyk/OU=CHPSID/O=TACOM,,VMA-2018-000002,D7A286112172CE4AE45DEA6697ECA209,Address Correction,,,Address updated per requester. Requester satisfied.,Address updated per requester,,Yes,CN=Benedetta Kowalczyk/OU=CHPSID/O=TACOM,01/14/2018 17:25:01,[TACOM];[CSR];[Admin];[ReadOnlyAudit];LocalDomainServers;CN=Renata Vasquez-Holm/OU=CHPSID/O=TACOM,CN=Benedetta Kowalczyk/OU=CHPSID/O=TACOM;[Admin]
B083E8D9814AEEF9B2E64544A4616EDC,FD6A,DFA8FE7A4DC37EF903D3C1C111437F3F,02/08/2012 13:08:27,02/08/2012 13:08:27,CN=Marlene Okafor/OU=CHPSID/O=TACOM,,VMA-2012-000057,DFA8FE7A4DC37EF903D3C1C111437F3F,NPRC Query,,,Requested OMPF verification from NPRC. Follow-up required.,Requested OMPF verification from NPRC,,Yes,CN=Marlene Okafor/OU=CHPSID/O=TACOM,02/08/2012 13:08:27,[TACOM];[CSR];[Admin];[ReadOnlyAudit];LocalDomainServers;CN=Dwayne Petrakis/OU=CHPSID/O=TACOM,CN=Marlene Okafor/OU=CHPSID/O=TACOM;[Admin]
7A7F0E26A9436098F644F7A9D03E6B2E,FD6E,A0D3A2A1CB6C0CB1B2AAB1A71FF16FBE,11/14/2017 22:00:47,11/14/2017 22:00:47,CN=Benedetta Kowalczyk/OU=CHPSID/O=TACOM,,VMA-2017-000041,A0D3A2A1CB6C0CB1B2AAB1A71FF16FBE,NPRC Query,,,Requested OMPF verification from NPRC. Requester satisfied.,Requested OMPF verification from NPRC,11/25/2017,,CN=Benedetta Kowalczyk/OU=CHPSID/O=TACOM,11/14/2017 22:00:47,[TACOM];[CSR];[Admin];[ReadOnlyAudit];LocalDomainServers;CN=Lorraine Whitcombe/OU=CHPSID/O=TACOM,CN=Benedetta Kowalczyk/OU=CHPSID/O=TACOM;[Admin]
B292540629C0979C21925ECD874C35CD,FD72,5E60F188477AA5A2A1BB7F0FC48BC87B,01/27/2025 21:28:05,01/27/2025 21:28:05,CN=Renata Vasquez-Holm/OU=CHPSID/O=TACOM,,VMA-2024-000037,5E60F188477AA5A2A1BB7F0FC48BC87B,NPRC Query,,,Requested OMPF verification from NPRC. Escalated to lead CSR.,Requested OMPF verification from NPRC,,Yes,CN=Renata Vasquez-Holm/OU=CHPSID/O=TACOM,01/27/2025 21:28:05,[TACOM];[CSR];[Admin];[ReadOnlyAudit];LocalDomainServers;CN=Lorraine Whitcombe/OU=CHPSID/O=TACOM,CN=Renata Vasquez-Holm/OU=CHPSID/O=TACOM;[Admin]
1785790CFF92DD5A6065E7A0DA9372F9,FD76,DCF13E4EDEF1AC9750C1C0868CCAA01F,11/20/2010 20:41:04,11/20/2010 20:41:04,CN=Dwayne Petrakis/OU=CHPSID/O=TACOM,,VMA-2010-000070,DCF13E4EDEF1AC9750C1C0868CCAA01F,HRC Query,,,Sent eligibility query to HRC Awards Branch. Escalated to lead CSR.,Sent eligibility query to HRC Awards Branch,,,CN=Dwayne Petrakis/OU=CHPSID/O=TACOM,11/20/2010 20:41:04,[TACOM];[CSR];[Admin];[ReadOnlyAudit];LocalDomainServers;CN=Benedetta Kowalczyk/OU=CHPSID/O=TACOM,CN=Dwayne Petrakis/OU=CHPSID/O=TACOM;[Admin]
64667C07643FD25A56224B0190BD88A3,FD7A,51116AA2BD671088706B11365A03894A,10/24/2023 13:17:31,10/24/2023 13:17:31,CN=Renata Vasquez-Holm/OU=CHPSID/O=TACOM,,VMA-2023-000061,51116AA2BD671088706B11365A03894A,QC Rework,,,"QC failed - engraving misspelled, returned to shop. No further action.","QC failed - engraving misspelled, returned to shop",,Yes,CN=Renata Vasquez-Holm/OU=CHPSID/O=TACOM,10/24/2023 13:17:31,[TACOM];[CSR];[Admin];[ReadOnlyAudit];LocalDomainServers;CN=Marlene Okafor/OU=CHPSID/O=TACOM,CN=Renata Vasquez-Holm/OU=CHPSID/O=TACOM;[Admin]
8597D6E4EAB1102FFBF053CCA2A7C0EA,FD7E,413F1C2067C40EEE136035F8982C7C59,07/05/2011 20:55:34,07/05/2011 20:55:34,CN=Benedetta Kowalczyk/OU=CHPSID/O=TACOM,,VMA-2011-000065,413F1C2067C40EEE136035F8982C7C59,NOK Documentation,,,Death certificate / relationship proof received. See attached correspondence.,Death certificate / relationship proof received,07/11/2011,Yes,CN=Benedetta Kowalczyk/OU=CHPSID/O=TACOM,07/05/2011 20:55:34,[TACOM];[CSR];[Admin];[ReadOnlyAudit];LocalDomainServers;CN=Benedetta Kowalczyk/OU=CHPSID/O=TACOM,CN=Benedetta Kowalczyk/OU=CHPSID/O=TACOM;[Admin]
A0DBA841636EBA3070C9D96FE1BBBC27,FD82,4D618F83CCBF0D66F057D82A0414ED0D,02/07/2016 17:59:58,02/07/2016 17:59:58,CN=Marlene Okafor/OU=CHPSID/O=TACOM,,VMA-2016-000042,4D618F83CCBF0D66F057D82A0414ED0D,NOK Documentation,,,Death certificate / relationship proof received. Escalated to lead CSR.,Death certificate / relationship proof received,,Yes,CN=Marlene Okafor/OU=CHPSID/O=TACOM,02/07/2016 17:59:58,[TACOM];[CSR];[Admin];[ReadOnlyAudit];LocalDomainServers;CN=Lorraine Whitcombe/OU=CHPSID/O=TACOM,CN=Marlene Okafor/OU=CHPSID/O=TACOM;[Admin]
A7DBBC95237ABBACAA6EDE7B1351EF46,FD86,36124331B21732AE052F52D0CF279C4C,10/27/2021 16:23:59,10/27/2021 16:23:59,CN=Benedetta Kowalczyk/OU=CHPSID/O=TACOM,,VMA-2021-000005,36124331B21732AE052F52D0CF279C4C,Backorder,,,Item backordered - requester notified. No further action.,Item backordered - requester notified,,Yes,CN=Benedetta Kowalczyk/OU=CHPSID/O=TACOM,10/27/2021 16:23:59,[TACOM];[CSR];[Admin];[ReadOnlyAudit];LocalDomainServers;CN=Lorraine Whitcombe/OU=CHPSID/O=TACOM,CN=Benedetta Kowalczyk/OU=CHPSID/O=TACOM;[Admin]
7B68ABC56A4FCA8BD3F55CD1736BF858,FD8A,FB0063D792D6C7EFD3994763CCF1C10A,01/24/2026 15:49:44,01/24/2026 15:49:44,CN=Dwayne Petrakis/OU=CHPSID/O=TACOM,,VMA-2026-000082,FB0063D792D6C7EFD3994763CCF1C10A,NPRC Query,,,Requested OMPF verification from NPRC. Requester satisfied.,Requested OMPF verification from NPRC,02/04/2026,,CN=Dwayne Petrakis/OU=CHPSID/O=TACOM,01/24/2026 15:49:44,[TACOM];[CSR];[Admin];[ReadOnlyAudit];LocalDomainServers;CN=Lorraine Whitcombe/OU=CHPSID/O=TACOM,CN=Dwayne Petrakis/OU=CHPSID/O=TACOM;[Admin]
DF255D5830F0EBA9A7FD2DC0416DDD3D,FD8E,4BCCF21F03F3793D9A33F55B08BE35A2,07/15/2008 17:34:45,07/15/2008 17:34:45,CN=Lorraine Whitcombe/OU=CHPSID/O=TACOM,,VMA-2008-000039,4BCCF21F03F3793D9A33F55B08BE35A2,NPRC Query,,,Requested OMPF verification from NPRC. Follow-up required.,Requested OMPF verification from NPRC,,Yes,CN=Lorraine Whitcombe/OU=CHPSID/O=TACOM,07/15/2008 17:34:45,[TACOM];[CSR];[Admin];[ReadOnlyAudit];LocalDomainServers;CN=Ret Hamlin/OU=CHPSID/O=TACOM,CN=Lorraine Whitcombe/OU=CHPSID/O=TACOM;[Admin]
9D7CD308B0DC301ACF7FE9D4EFC18328,FD92,1776BCCB206C690ABA50A0B15B067235,05/23/2020 13:48:24,05/23/2020 13:48:24,CN=Lorraine Whitcombe/OU=CHPSID/O=TACOM,,VMA-2020-000082,1776BCCB206C690ABA50A0B15B067235,Address Correction,,,Address updated per requester. Requester satisfied.,Address updated per requester,05/29/2020,,CN=Lorraine Whitcombe/OU=CHPSID/O=TACOM,05/23/2020 13:48:24,[TACOM];[CSR];[Admin];[ReadOnlyAudit];LocalDomainServers;CN=Dwayne Petrakis/OU=CHPSID/O=TACOM,CN=Lorraine Whitcombe/OU=CHPSID/O=TACOM;[Admin]
5B92B93B7FB3815E3718A3F17003E7FB,FD96,B4928E510CBCFD8D065F4C84B23B9B77,04/08/2026 08:02:06,04/08/2026 08:02:06,CN=Ret Hamlin/OU=CHPSID/O=TACOM,,VMA-2026-000604,B4928E510CBCFD8D065F4C84B23B9B77,Backorder,,,Item backordered - requester notified. Follow-up required.,Item backordered - requester notified,04/16/2026,,CN=Ret Hamlin/OU=CHPSID/O=TACOM,04/08/2026 08:02:06,[TACOM];[CSR];[Admin];[ReadOnlyAudit];LocalDomainServers;CN=Renata Vasquez-Holm/OU=CHPSID/O=TACOM,CN=Ret Hamlin/OU=CHPSID/O=TACOM;[Admin]
CCDA346953EC526E634055FB6AC4CFC2,FD9A,D5CAF8AB93C1A9E92E089A7CBC590FBF,11/30/2025 21:59:38,11/30/2025 21:59:38,CN=Ret Hamlin/OU=CHPSID/O=TACOM,,VMA-2025-000072,D5CAF8AB93C1A9E92E089A7CBC590FBF,HRC Query,,,Sent eligibility query to HRC Awards Branch. Requester satisfied.,Sent eligibility query to HRC Awards Branch,,Yes,CN=Ret Hamlin/OU=CHPSID/O=TACOM,11/30/2025 21:59:38,[TACOM];[CSR];[Admin];[ReadOnlyAudit];LocalDomainServers;CN=Dwayne Petrakis/OU=CHPSID/O=TACOM,CN=Ret Hamlin/OU=CHPSID/O=TACOM;[Admin]
94B9F8AB6D39852C8E0AA172185E67AC,FD9E,83EF65DC26508016E9E604EB4F807BD2,05/25/2011 12:21:02,05/25/2011 12:21:02,CN=Benedetta Kowalczyk/OU=CHPSID/O=TACOM,,VMA-2011-000081,83EF65DC26508016E9E604EB4F807BD2,Backorder,,,Item backordered - requester notified. Follow-up required.,Item backordered - requester notified,,Yes,CN=Benedetta Kowalczyk/OU=CHPSID/O=TACOM,05/25/2011 12:21:02,[TACOM];[CSR];[Admin];[ReadOnlyAudit];LocalDomainServers;CN=Ret Hamlin/OU=CHPSID/O=TACOM,CN=Benedetta Kowalczyk/OU=CHPSID/O=TACOM;[Admin]
AD14FC38839086106BD8734CB3F4825A,FDA2,39983AAE4DF08E131E9B52B12ED6E74F,08/07/2006 13:03:16,08/07/2006 13:03:16,CN=Benedetta Kowalczyk/OU=CHPSID/O=TACOM,,VMA-2006-000065,39983AAE4DF08E131E9B52B12ED6E74F,Phone Call - Outbound,Jamal Vandermolen,(484) 555-1743,Called requester to confirm address. See attached correspondence.,Called requester to confirm address,,,CN=Benedetta Kowalczyk/OU=CHPSID/O=TACOM,08/07/2006 13:03:16,[TACOM];[CSR];[Admin];[ReadOnlyAudit];LocalDomainServers;CN=Dwayne Petrakis/OU=CHPSID/O=TACOM,CN=Benedetta Kowalczyk/OU=CHPSID/O=TACOM;[Admin]
D730D88FD813921DE776ABB5133CAE6C,FDA6,0E45323983D8A10D07F59FF511EA3994,10/04/2004 07:41:58,10/04/2004 07:41:58,CN=Dwayne Petrakis/OU=CHPSID/O=TACOM,,VMA-2004-000076,0E45323983D8A10D07F59FF511EA3994,QC Rework,,,"QC failed - engraving misspelled, returned to shop. Escalated to lead CSR.","QC failed - engraving misspelled, returned to shop",,Yes,CN=Dwayne Petrakis/OU=CHPSID/O=TACOM,10/04/2004 07:41:58,[TACOM];[CSR];[Admin];[ReadOnlyAudit];LocalDomainServers;CN=Renata Vasquez-Holm/OU=CHPSID/O=TACOM,CN=Dwayne Petrakis/OU=CHPSID/O=TACOM;[Admin]
FC0CD6EDFB6B2450791B84835F327FCC,FDAA,1570DAF37EB8035289908315B6C756CD,07/31/2026 08:46:12,07/31/2026 08:46:12,CN=Dwayne Petrakis/OU=CHPSID/O=TACOM,,VMA-2026-000251,1570DAF37EB8035289908315B6C756CD,HRC Query,,,Sent eligibility query to HRC Awards Branch. No further action.,Sent eligibility query to HRC Awards Branch,,Yes,CN=Dwayne Petrakis/OU=CHPSID/O=TACOM,07/31/2026 08:46:12,[TACOM];[CSR];[Admin];[ReadOnlyAudit];LocalDomainServers;CN=Marlene Okafor/OU=CHPSID/O=TACOM,CN=Dwayne Petrakis/OU=CHPSID/O=TACOM;[Admin]
B5A21E2945B0EBEE0C2D222820CEC4FF,FDAE,2B38FDEDD0A6BEB6A9472BDB12EC4BF7,03/09/2026 11:18:42,03/09/2026 11:18:42,CN=Renata Vasquez-Holm/OU=CHPSID/O=TACOM,,VMA-2026-000331,2B38FDEDD0A6BEB6A9472BDB12EC4BF7,Backorder,,,Item backordered - requester notified. Escalated to lead CSR.,Item backordered - requester notified,,,CN=Renata Vasquez-Holm/OU=CHPSID/O=TACOM,03/09/2026 11:18:42,[TACOM];[CSR];[Admin];[ReadOnlyAudit];LocalDomainServers;CN=Benedetta Kowalczyk/OU=CHPSID/O=TACOM,CN=Renata Vasquez-Holm/OU=CHPSID/O=TACOM;[Admin]
343324A79A5032666D467EFA57EDA71C,FDB2,B7873EAF4657FA8646DA3F0723E8753E,09/20/2008 15:40:21,09/20/2008 15:40:21,CN=Ret Hamlin/OU=CHPSID/O=TACOM,Correspondence_VMA-2008-000017.pdf,VMA-2008-000017,B7873EAF4657FA8646DA3F0723E8753E,Phone Call - Outbound,Darnell Urquhart,(610) 555-1031,Called requester to confirm address. No further action.,Called requester to confirm address,,,CN=Ret Hamlin/OU=CHPSID/O=TACOM,09/20/2008 15:40:21,[TACOM];[CSR];[Admin];[ReadOnlyAudit];LocalDomainServers;CN=Marlene Okafor/OU=CHPSID/O=TACOM,CN=Ret Hamlin/OU=CHPSID/O=TACOM;[Admin]
76306C6497946F61D12C6FD4A491A23D,FDB6,9320182F900A9B95837C9A1F8AA44F1D,08/04/2023 17:57:01,08/04/2023 17:57:01,CN=Lorraine Whitcombe/OU=CHPSID/O=TACOM,,VMA-2023-000042,9320182F900A9B95837C9A1F8AA44F1D,Congressional Inquiry,,,Congressional inquiry received - response due 10 days. Requester satisfied.,Congressional inquiry received - response due 10 days,,Yes,CN=Lorraine Whitcombe/OU=CHPSID/O=TACOM,08/04/2023 17:57:01,[TACOM];[CSR];[Admin];[ReadOnlyAudit];LocalDomainServers;CN=Dwayne Petrakis/OU=CHPSID/O=TACOM,CN=Lorraine Whitcombe/OU=CHPSID/O=TACOM;[Admin]
E3DBD68FA7385173E3BE0A0C78790AAC,FDBA,4D6965E7755E4A9A65D221C1A9326C16,09/01/2020 16:12:38,09/01/2020 16:12:38,CN=Marlene Okafor/OU=CHPSID/O=TACOM,,VMA-2020-000043,4D6965E7755E4A9A65D221C1A9326C16,QC Rework,,,"QC failed - engraving misspelled, returned to shop. Follow-up required.","QC failed - engraving misspelled, returned to shop",09/07/2020,Yes,CN=Marlene Okafor/OU=CHPSID/O=TACOM,09/01/2020 16:12:38,[TACOM];[CSR];[Admin];[ReadOnlyAudit];LocalDomainServers;CN=Ret Hamlin/OU=CHPSID/O=TACOM,CN=Marlene Okafor/OU=CHPSID/O=TACOM;[Admin]
BB9B3328075FF91F1F36322E622319BB,FDBE,DBF95BC94E27B8151D6DDED738920742,05/24/2026 14:58:50,05/24/2026 14:58:50,CN=Dwayne Petrakis/OU=CHPSID/O=TACOM,,VMA-2026-000247,DBF95BC94E27B8151D6DDED738920742,NOK Documentation,,,Death certificate / relationship proof received. Escalated to lead CSR.,Death certificate / relationship proof received,,Yes,CN=Dwayne Petrakis/OU=CHPSID/O=TACOM,05/24/2026 14:58:50,[TACOM];[CSR];[Admin];[ReadOnlyAudit];LocalDomainServers;CN=Lorraine Whitcombe/OU=CHPSID/O=TACOM,CN=Dwayne Petrakis/OU=CHPSID/O=TACOM;[Admin]
F054AC48C8E7A0B1D6A3745698E7BA4B,FDC2,BE87B82BFE3991A17A182C054A4911CE,02/09/2016 16:44:38,02/09/2016 16:44:38,CN=Dwayne Petrakis/OU=CHPSID/O=TACOM,,VMA-2016-000040,BE87B82BFE3991A17A182C054A4911CE,HRC Query,,,Sent eligibility query to HRC Awards Branch. See attached correspondence.,Sent eligibility query to HRC Awards Branch,02/13/2016,,CN=Dwayne Petrakis/OU=CHPSID/O=TACOM,02/09/2016 16:44:38,[TACOM];[CSR];[Admin];[ReadOnlyAudit];LocalDomainServers;CN=Dwayne Petrakis/OU=CHPSID/O=TACOM,CN=Dwayne Petrakis/OU=CHPSID/O=TACOM;[Admin]
C782A9422B8BED56882567490CD1C370,FDC6,974001B595A0A5B06EC803EC1BA4C587,06/09/2008 14:05:34,06/09/2008 14:05:34,CN=Dwayne Petrakis/OU=CHPSID/O=TACOM,,VMA-2008-000043,974001B595A0A5B06EC803EC1BA4C587,NOK Documentation,,,Death certificate / relationship proof received. No further action.,Death certificate / relationship proof received,,,CN=Dwayne Petrakis/OU=CHPSID/O=TACOM,06/09/2008 14:05:34,[TACOM];[CSR];[Admin];[ReadOnlyAudit];LocalDomainServers;CN=Renata Vasquez-Holm/OU=CHPSID/O=TACOM,CN=Dwayne Petrakis/OU=CHPSID/O=TACOM;[Admin]
DA782E2D32EFEDF2F55C0E83A2C15C5D,FDCA,AFEF27F093C211EC6F0FEFD52EF004AA,10/16/2010 17:36:35,10/16/2010 17:36:35,CN=Lorraine Whitcombe/OU=CHPSID/O=TACOM,,VMA-2010-000047,AFEF27F093C211EC6F0FEFD52EF004AA,QC Rework,,,"QC failed - engraving misspelled, returned to shop. No further action.","QC failed - engraving misspelled, returned to shop",,Yes,CN=Lorraine Whitcombe/OU=CHPSID/O=TACOM,10/16/2010 17:36:35,[TACOM];[CSR];[Admin];[ReadOnlyAudit];LocalDomainServers;CN=Dwayne Petrakis/OU=CHPSID/O=TACOM,CN=Lorraine Whitcombe/OU=CHPSID/O=TACOM;[Admin]
944D93B0BAA9C28DCCDD8BB1A980913B,FDCE,BDA8C5AA5A009689DE6FDD05B58A6699,08/05/2009 12:32:00,08/05/2009 12:32:00,CN=Dwayne Petrakis/OU=CHPSID/O=TACOM,,VMA-2009-000107,BDA8C5AA5A009689DE6FDD05B58A6699,Address Correction,,,Address updated per requester. No further action.,Address updated per requester,,Yes,CN=Dwayne Petrakis/OU=CHPSID/O=TACOM,08/05/2009 12:32:00,[TACOM];[CSR];[Admin];[ReadOnlyAudit];LocalDomainServers;CN=Renata Vasquez-Holm/OU=CHPSID/O=TACOM,CN=Dwayne Petrakis/OU=CHPSID/O=TACOM;[Admin]
9436FDF9BB5F4B185C10D62E4AD24849,FDD2,9C75C6D4E52E6FF98417875409540367,02/03/2015 14:30:02,02/03/2015 14:30:02,CN=Marlene Okafor/OU=CHPSID/O=TACOM,,VMA-2015-000053,9C75C6D4E52E6FF98417875409540367,Phone Call - Inbound,Michael Isherwood,(267) 555-1677,Requester called for status. See attached correspondence.,Requester called for status,02/11/2015,Yes,CN=Marlene Okafor/OU=CHPSID/O=TACOM,02/03/2015 14:30:02,[TACOM];[CSR];[Admin];[ReadOnlyAudit];LocalDomainServers;CN=Lorraine Whitcombe/OU=CHPSID/O=TACOM,CN=Marlene Okafor/OU=CHPSID/O=TACOM;[Admin]
AC144EB205CCDE299779F07EC192508A,FDD6,1A95020FBDF96476CD18C55EF8064D0D,12/29/2016 12:15:24,12/29/2016 12:15:24,CN=Ret Hamlin/OU=CHPSID/O=TACOM,,VMA-2016-000061,1A95020FBDF96476CD18C55EF8064D0D,NOK Documentation,,,Death certificate / relationship proof received. Requester satisfied.,Death certificate / relationship proof received,,Yes,CN=Ret Hamlin/OU=CHPSID/O=TACOM,12/29/2016 12:15:24,[TACOM];[CSR];[Admin];[ReadOnlyAudit];LocalDomainServers;CN=Renata Vasquez-Holm/OU=CHPSID/O=TACOM,CN=Ret Hamlin/OU=CHPSID/O=TACOM;[Admin]
91D352DA31593DFBB00B2880AD0AC993,FDDA,63CECFDE0BAE567B58861138E9E43FCA,03/04/2017 20:14:19,03/04/2017 20:14:19,CN=Renata Vasquez-Holm/OU=CHPSID/O=TACOM,,VMA-2017-000017,63CECFDE0BAE567B58861138E9E43FCA,General,,,General note. See attached correspondence.,General note,,Yes,CN=Renata Vasquez-Holm/OU=CHPSID/O=TACOM,03/04/2017 20:14:19,[TACOM];[CSR];[Admin];[ReadOnlyAudit];LocalDomainServers;CN=Marlene Okafor/OU=CHPSID/O=TACOM,CN=Renata Vasquez-Holm/OU=CHPSID/O=TACOM;[Admin]
F75CF3A9255FDF2184AB9E8DABA0D1FE,FDDE,EE5783B29A8EF980B27ABFD5586FF21F,02/26/2010 16:52:14,02/26/2010 16:52:14,CN=Renata Vasquez-Holm/OU=CHPSID/O=TACOM,,VMA-2010-000014,EE5783B29A8EF980B27ABFD5586FF21F,Phone Call - Inbound,Susan Sallisaw,(267) 555-1865,Requester called for status. Follow-up required.,Requester called for status,,Yes,CN=Renata Vasquez-Holm/OU=CHPSID/O=TACOM,02/26/2010 16:52:14,[TACOM];[CSR];[Admin];[ReadOnlyAudit];LocalDomainServers;CN=Dwayne Petrakis/OU=CHPSID/O=TACOM,CN=Renata Vasquez-Holm/OU=CHPSID/O=TACOM;[Admin]
1C10836C93FFBFE7113EA1FE04D5A911,FDE2,91991B355052A42411FBFCB23B392FC6,12/18/2009 16:19:15,12/18/2009 16:19:15,CN=Benedetta Kowalczyk/OU=CHPSID/O=TACOM,Correspondence_VMA-2009-000010.pdf,VMA-2009-000010,91991B355052A42411FBFCB23B392FC6,Phone Call - Inbound,Harold Dellacroix,(484) 555-1066,Requester called for status. Requester satisfied.,Requester called for status,,Yes,CN=Benedetta Kowalczyk/OU=CHPSID/O=TACOM,12/18/2009 16:19:15,[TACOM];[CSR];[Admin];[ReadOnlyAudit];LocalDomainServers;CN=Ret Hamlin/OU=CHPSID/O=TACOM,CN=Benedetta Kowalczyk/OU=CHPSID/O=TACOM;[Admin]
F4228E3F4DA5F7C067929E215F578A0D,FDE6,2A74DB15EB9BE6200603986471646EAA,04/14/2026 11:48:06,04/14/2026 11:48:06,CN=Lorraine Whitcombe/OU=CHPSID/O=TACOM,,VMA-2026-000047,2A74DB15EB9BE6200603986471646EAA,General,,,General note. Requester satisfied.,General note,,Yes,CN=Lorraine Whitcombe/OU=CHPSID/O=TACOM,04/14/2026 11:48:06,[TACOM];[CSR];[Admin];[ReadOnlyAudit];LocalDomainServers;CN=Benedetta Kowalczyk/OU=CHPSID/O=TACOM,CN=Lorraine Whitcombe/OU=CHPSID/O=TACOM;[Admin]
246B033E6FD9E0BE0B2CEE3A240AF988,FDEA,1F8B258C74CDFF347BC5EC4471713552,08/23/2005 14:39:38,08/23/2005 14:39:38,CN=Lorraine Whitcombe/OU=CHPSID/O=TACOM,,VMA-2005-000080,1F8B258C74CDFF347BC5EC4471713552,Phone Call - Outbound,Raymond Kellerhaus,(610) 555-1853,Called requester to confirm address. Follow-up required.,Called requester to confirm address,,Yes,CN=Lorraine Whitcombe/OU=CHPSID/O=TACOM,08/23/2005 14:39:38,[TACOM];[CSR];[Admin];[ReadOnlyAudit];LocalDomainServers;CN=Dwayne Petrakis/OU=CHPSID/O=TACOM,CN=Lorraine Whitcombe/OU=CHPSID/O=TACOM;[Admin]
DB77E8B4DE65EC8951378BC2AF3F586E,FDEE,123AD04BA22303035B69EF7CD0225E42,01/02/2026 19:20:13,01/02/2026 19:20:13,CN=Benedetta Kowalczyk/OU=CHPSID/O=TACOM,,VMA-2025-000033,123AD04BA22303035B69EF7CD0225E42,HRC Query,,,Sent eligibility query to HRC Awards Branch. Escalated to lead CSR.,Sent eligibility query to HRC Awards Branch,,,CN=Benedetta Kowalczyk/OU=CHPSID/O=TACOM,01/02/2026 19:20:13,[TACOM];[CSR];[Admin];[ReadOnlyAudit];LocalDomainServers;CN=Marlene Okafor/OU=CHPSID/O=TACOM,CN=Benedetta Kowalczyk/OU=CHPSID/O=TACOM;[Admin]
F2AC67BC37219E5D4074D482D1FEAD08,FDF2,999F8F3E3E20D1A4D9A58799416A5E3D,02/19/2024 15:06:29,02/19/2024 15:06:29,CN=Dwayne Petrakis/OU=CHPSID/O=TACOM,Correspondence_VMA-2024-000020.pdf,VMA-2024-000020,999F8F3E3E20D1A4D9A58799416A5E3D,Phone Call - Inbound,Ernesto Ellingboe,(610) 555-1623,Requester called for status. Requester satisfied.,Requester called for status,,Yes,CN=Dwayne Petrakis/OU=CHPSID/O=TACOM,02/19/2024 15:06:29,[TACOM];[CSR];[Admin];[ReadOnlyAudit];LocalDomainServers;CN=Lorraine Whitcombe/OU=CHPSID/O=TACOM,CN=Dwayne Petrakis/OU=CHPSID/O=TACOM;[Admin]
E8E240183E32AFB07D671D5F9A6A06CA,FDF6,57978BC27679E6E9C43EB9E901CC471F,04/21/2021 17:08:03,04/21/2021 17:08:03,CN=Dwayne Petrakis/OU=CHPSID/O=TACOM,,VMA-2021-000037,57978BC27679E6E9C43EB9E901CC471F,Address Correction,,,Address updated per requester. Escalated to lead CSR.,Address updated per requester,05/04/2021,Yes,CN=Dwayne Petrakis/OU=CHPSID/O=TACOM,04/21/2021 17:08:03,[TACOM];[CSR];[Admin];[ReadOnlyAudit];LocalDomainServers;CN=Lorraine Whitcombe/OU=CHPSID/O=TACOM,CN=Dwayne Petrakis/OU=CHPSID/O=TACOM;[Admin]
8F4B6570A93BACB2A0B74AD784310C18,FDFA,D4606DD7D0504EFD360437CA0BF87549,12/14/2021 07:18:04,12/14/2021 07:18:04,CN=Marlene Okafor/OU=CHPSID/O=TACOM,,VMA-2021-000022,D4606DD7D0504EFD360437CA0BF87549,NPRC Query,,,Requested OMPF verification from NPRC. See attached correspondence.,Requested OMPF verification from NPRC,12/25/2021,Yes,CN=Marlene Okafor/OU=CHPSID/O=TACOM,12/14/2021 07:18:04,[TACOM];[CSR];[Admin];[ReadOnlyAudit];LocalDomainServers;CN=Benedetta Kowalczyk/OU=CHPSID/O=TACOM,CN=Marlene Okafor/OU=CHPSID/O=TACOM;[Admin]
273A9C0BC721D94E9FAB2D1E5A9E105A,FDFE,E82492942098C848AF7CBD7AD147D19A,09/10/2018 14:17:47,09/10/2018 14:17:47,CN=Renata Vasquez-Holm/OU=CHPSID/O=TACOM,,VMA-2018-000103,E82492942098C848AF7CBD7AD147D19A,QC Rework,,,"QC failed - engraving misspelled, returned to shop. No further action.","QC failed - engraving misspelled, returned to shop",09/13/2018,Yes,CN=Renata Vasquez-Holm/OU=CHPSID/O=TACOM,09/10/2018 14:17:47,[TACOM];[CSR];[Admin];[ReadOnlyAudit];LocalDomainServers;CN=Lorraine Whitcombe/OU=CHPSID/O=TACOM,CN=Renata Vasquez-Holm/OU=CHPSID/O=TACOM;[Admin]
1A15A9D7EC60EAAFDB9A486D5905013A,FE02,E9621D9B5CFEEC74086A1D12345B5ACB,03/24/2008 10:08:50,03/24/2008 10:08:50,CN=Dwayne Petrakis/OU=CHPSID/O=TACOM,,VMA-2008-000074,E9621D9B5CFEEC74086A1D12345B5ACB,QC Rework,,,"QC failed - engraving misspelled, returned to shop. No further action.","QC failed - engraving misspelled, returned to shop",,,CN=Dwayne Petrakis/OU=CHPSID/O=TACOM,03/24/2008 10:08:50,[TACOM];[CSR];[Admin];[ReadOnlyAudit];LocalDomainServers;CN=Dwayne Petrakis/OU=CHPSID/O=TACOM,CN=Dwayne Petrakis/OU=CHPSID/O=TACOM;[Admin]
785C99F662A2AC24B5371D21CFBC0B19,FE06,FEDBD6C3611B9E54B85AE4725FFA4370,09/27/2017 20:44:17,09/27/2017 20:44:17,CN=Ret Hamlin/OU=CHPSID/O=TACOM,,VMA-2017-000034,FEDBD6C3611B9E54B85AE4725FFA4370,Phone Call - Outbound,Andre Coldwater,(540) 555-1504,Called requester to confirm address. Requester satisfied.,Called requester to confirm address,,,CN=Ret Hamlin/OU=CHPSID/O=TACOM,09/27/2017 20:44:17,[TACOM];[CSR];[Admin];[ReadOnlyAudit];LocalDomainServers;CN=Benedetta Kowalczyk/OU=CHPSID/O=TACOM,CN=Ret Hamlin/OU=CHPSID/O=TACOM;[Admin]
847C2EDC2E0669E5FB34FC00C86081CF,FE0A,19729C346AFACAA13C2E03753C74FCB2,03/08/2014 16:32:58,03/08/2014 16:32:58,CN=Benedetta Kowalczyk/OU=CHPSID/O=TACOM,,VMA-2014-000012,19729C346AFACAA13C2E03753C74FCB2,Congressional Inquiry,,,Congressional inquiry received - response due 10 days. Follow-up required.,Congressional inquiry received - response due 10 days,,Yes,CN=Benedetta Kowalczyk/OU=CHPSID/O=TACOM,03/08/2014 16:32:58,[TACOM];[CSR];[Admin];[ReadOnlyAudit];LocalDomainServers;CN=Ret Hamlin/OU=CHPSID/O=TACOM,CN=Benedetta Kowalczyk/OU=CHPSID/O=TACOM;[Admin]
5A117AA782ADD50162F5FE0EA1DE64AC,FE0E,5341C32752E538E743425792708EAF50,07/03/2006 07:21:42,07/03/2006 07:21:42,CN=Ret Hamlin/OU=CHPSID/O=TACOM,,VMA-2006-000008,5341C32752E538E743425792708EAF50,HRC Query,,,Sent eligibility query to HRC Awards Branch. No further action.,Sent eligibility query to HRC Awards Branch,07/09/2006,Yes,CN=Ret Hamlin/OU=CHPSID/O=TACOM,07/03/2006 07:21:42,[TACOM];[CSR];[Admin];[ReadOnlyAudit];LocalDomainServers;CN=Benedetta Kowalczyk/OU=CHPSID/O=TACOM,CN=Ret Hamlin/OU=CHPSID/O=TACOM;[Admin]
E7D4F41D931018FC8AA6396DE84D0902,FE12,C7CCF84A85C1EEE4D4CD90F8168D2674,03/04/2024 18:41:59,03/04/2024 18:41:59,CN=Lorraine Whitcombe/OU=CHPSID/O=TACOM,,VMA-2024-000110,C7CCF84A85C1EEE4D4CD90F8168D2674,Phone Call - Inbound,Walter Ingersby,(410) 555-1414,Requester called for status. Escalated to lead CSR.,Requester called for status,03/09/2024,Yes,CN=Lorraine Whitcombe/OU=CHPSID/O=TACOM,03/04/2024 18:41:59,[TACOM];[CSR];[Admin];[ReadOnlyAudit];LocalDomainServers;CN=Renata Vasquez-Holm/OU=CHPSID/O=TACOM,CN=Lorraine Whitcombe/OU=CHPSID/O=TACOM;[Admin]
1340DFAF3080BF6294CDA8BEFA9CCB24,FE16,24A9CD14179AC45464F9A673EAC45ADE,01/27/2008 15:29:30,01/27/2008 15:29:30,CN=Benedetta Kowalczyk/OU=CHPSID/O=TACOM,,VMA-2008-000041,24A9CD14179AC45464F9A673EAC45ADE,HRC Query,,,Sent eligibility query to HRC Awards Branch. Follow-up required.,Sent eligibility query to HRC Awards Branch,,Yes,CN=Benedetta Kowalczyk/OU=CHPSID/O=TACOM,01/27/2008 15:29:30,[TACOM];[CSR];[Admin];[ReadOnlyAudit];LocalDomainServers;CN=Lorraine Whitcombe/OU=CHPSID/O=TACOM,CN=Benedetta Kowalczyk/OU=CHPSID/O=TACOM;[Admin]
5CFBD821082420FDE928830F1E95F588,FE1A,20EBF0BB296AF79A0464D55D33FB05B5,08/24/2024 18:57:47,08/24/2024 18:57:47,CN=Ret Hamlin/OU=CHPSID/O=TACOM,,VMA-2024-000099,20EBF0BB296AF79A0464D55D33FB05B5,Backorder,,,Item backordered - requester notified. Escalated to lead CSR.,Item backordered - requester notified,,,CN=Ret Hamlin/OU=CHPSID/O=TACOM,08/24/2024 18:57:47,[TACOM];[CSR];[Admin];[ReadOnlyAudit];LocalDomainServers;CN=Renata Vasquez-Holm/OU=CHPSID/O=TACOM,CN=Ret Hamlin/OU=CHPSID/O=TACOM;[Admin]
3E2359C9C576A73E49A68056E53173AF,FE1E,30ADDA502CFC402283F80D67253D1F38,11/26/2022 20:19:47,11/26/2022 20:19:47,CN=Ret Hamlin/OU=CHPSID/O=TACOM,,VMA-2022-000001,30ADDA502CFC402283F80D67253D1F38,HRC Query,,,Sent eligibility query to HRC Awards Branch. Escalated to lead CSR.,Sent eligibility query to HRC Awards Branch,,Yes,CN=Ret Hamlin/OU=CHPSID/O=TACOM,11/26/2022 20:19:47,[TACOM];[CSR];[Admin];[ReadOnlyAudit];LocalDomainServers;CN=Benedetta Kowalczyk/OU=CHPSID/O=TACOM,CN=Ret Hamlin/OU=CHPSID/O=TACOM;[Admin]
DC51F234741EBBA8944F729165256414,FE22,DE48C89D53C10DFB9C96A1B92E3906EE,03/19/2019 13:39:27,03/19/2019 13:39:27,CN=Dwayne Petrakis/OU=CHPSID/O=TACOM,,VMA-2019-000025,DE48C89D53C10DFB9C96A1B92E3906EE,HRC Query,,,Sent eligibility query to HRC Awards Branch. No further action.,Sent eligibility query to HRC Awards Branch,,Yes,CN=Dwayne Petrakis/OU=CHPSID/O=TACOM,03/19/2019 13:39:27,[TACOM];[CSR];[Admin];[ReadOnlyAudit];LocalDomainServers;CN=Benedetta Kowalczyk/OU=CHPSID/O=TACOM,CN=Dwayne Petrakis/OU=CHPSID/O=TACOM;[Admin]
18EB0861601B4889CC273151FCDE6364,FE26,EB906C0937A415C6CF9772372F800CE4,07/13/2026 14:58:45,07/13/2026 14:58:45,CN=Dwayne Petrakis/OU=CHPSID/O=TACOM,,VMA-2026-000172,EB906C0937A415C6CF9772372F800CE4,NPRC Query,,,Requested OMPF verification from NPRC. See attached correspondence.,Requested OMPF verification from NPRC,,Yes,CN=Dwayne Petrakis/OU=CHPSID/O=TACOM,07/13/2026 14:58:45,[TACOM];[CSR];[Admin];[ReadOnlyAudit];LocalDomainServers;CN=Marlene Okafor/OU=CHPSID/O=TACOM,CN=Dwayne Petrakis/OU=CHPSID/O=TACOM;[Admin]
222282E224F59D1D1E33B8C4C36895BB,FE2A,FB856A09423224430CD0528479D49FCB,09/07/2014 12:01:08,09/07/2014 12:01:08,CN=Dwayne Petrakis/OU=CHPSID/O=TACOM,,VMA-2014-000018,FB856A09423224430CD0528479D49FCB,Phone Call - Inbound,Sandra Wickersham,(856) 555-1402,Requester called for status. Escalated to lead CSR.,Requester called for status,,Yes,CN=Dwayne Petrakis/OU=CHPSID/O=TACOM,09/07/2014 12:01:08,[TACOM];[CSR];[Admin];[ReadOnlyAudit];LocalDomainServers;CN=Renata Vasquez-Holm/OU=CHPSID/O=TACOM,CN=Dwayne Petrakis/OU=CHPSID/O=TACOM;[Admin]
009ABA9F21400068AAB1EB46B6311C25,FE2E,1449BC6CE2D5CAE57AE896834F274746,12/16/2006 19:32:13,12/16/2006 19:32:13,CN=Dwayne Petrakis/OU=CHPSID/O=TACOM,,VMA-2006-000004,1449BC6CE2D5CAE57AE896834F274746,QC Rework,,,"QC failed - engraving misspelled, returned to shop. See attached correspondence.","QC failed - engraving misspelled, returned to shop",,Yes,CN=Dwayne Petrakis/OU=CHPSID/O=TACOM,12/16/2006 19:32:13,[TACOM];[CSR];[Admin];[ReadOnlyAudit];LocalDomainServers;CN=Ret Hamlin/OU=CHPSID/O=TACOM,CN=Dwayne Petrakis/OU=CHPSID/O=TACOM;[Admin]
DAFC234AFEFD9624B6D5567B9961CBF0,FE32,7DAD52191F6ADF8F672F33D2CFF9D615,04/23/2026 01:56:45,04/23/2026 01:56:45,CN=Dwayne Petrakis/OU=CHPSID/O=TACOM,,VMA-2026-000030,7DAD52191F6ADF8F672F33D2CFF9D615,Phone Call - Outbound,Frances Yeardley,(215) 555-1669,Called requester to confirm address. See attached correspondence.,Called requester to confirm address,,Yes,CN=Dwayne Petrakis/OU=CHPSID/O=TACOM,04/23/2026 01:56:45,[TACOM];[CSR];[Admin];[ReadOnlyAudit];LocalDomainServers;CN=Marlene Okafor/OU=CHPSID/O=TACOM,CN=Dwayne Petrakis/OU=CHPSID/O=TACOM;[Admin]
DB3886D491D16F564167DCECCFEAA4FA,FE36,882FFED6CB9547008B79B972CA419266,11/29/2011 13:49:56,11/29/2011 13:49:56,CN=Lorraine Whitcombe/OU=CHPSID/O=TACOM,,VMA-2011-000035,882FFED6CB9547008B79B972CA419266,NPRC Query,,,Requested OMPF verification from NPRC. Escalated to lead CSR.,Requested OMPF verification from NPRC,,Yes,CN=Lorraine Whitcombe/OU=CHPSID/O=TACOM,11/29/2011 13:49:56,[TACOM];[CSR];[Admin];[ReadOnlyAudit];LocalDomainServers;CN=Renata Vasquez-Holm/OU=CHPSID/O=TACOM,CN=Lorraine Whitcombe/OU=CHPSID/O=TACOM;[Admin]
9F1ABF7DD4DE83A1B3DE02EC6B8D12AB,FE3A,00D000D8AC3F57AA71825427EF9C5DE0,03/29/2018 09:47:08,03/29/2018 09:47:08,CN=Renata Vasquez-Holm/OU=CHPSID/O=TACOM,,VMA-2018-000003,00D000D8AC3F57AA71825427EF9C5DE0,Phone Call - Inbound,Stephanie Galbreath,(215) 555-1192,Requester called for status. No further action.,Requester called for status,,Yes,CN=Renata Vasquez-Holm/OU=CHPSID/O=TACOM,03/29/2018 09:47:08,[TACOM];[CSR];[Admin];[ReadOnlyAudit];LocalDomainServers;CN=Renata Vasquez-Holm/OU=CHPSID/O=TACOM,CN=Renata Vasquez-Holm/OU=CHPSID/O=TACOM;[Admin]
ACEE395EC2675C76D7095DC49F72E421,FE3E,A68D330E632C3F547161DB2A59263BDD,02/16/2010 16:04:00,02/16/2010 16:04:00,CN=Renata Vasquez-Holm/OU=CHPSID/O=TACOM,,VMA-2010-000061,A68D330E632C3F547161DB2A59263BDD,Address Correction,,,Address updated per requester. Follow-up required.,Address updated per requester,,Yes,CN=Renata Vasquez-Holm/OU=CHPSID/O=TACOM,02/16/2010 16:04:00,[TACOM];[CSR];[Admin];[ReadOnlyAudit];LocalDomainServers;CN=Marlene Okafor/OU=CHPSID/O=TACOM,CN=Renata Vasquez-Holm/OU=CHPSID/O=TACOM;[Admin]
C96B8CF6AE96243C440E7B6B034DE026,FE42,8A3841BD58940B4B2DA9913C03EF9941,02/28/2016 12:39:52,02/28/2016 12:39:52,CN=Marlene Okafor/OU=CHPSID/O=TACOM,,VMA-2016-000062,8A3841BD58940B4B2DA9913C03EF9941,Phone Call - Inbound,Tyler Ledesma-Ortiz Jr.,(267) 555-1043,Requester called for status. No further action.,Requester called for status,,,CN=Marlene Okafor/OU=CHPSID/O=TACOM,02/28/2016 12:39:52,[TACOM];[CSR];[Admin];[ReadOnlyAudit];LocalDomainServers;CN=Dwayne Petrakis/OU=CHPSID/O=TACOM,CN=Marlene Okafor/OU=CHPSID/O=TACOM;[Admin]
CD4FB95E874EEA6014E5C7DBD7227CBE,FE46,EABC45D34838BCE744D2F6F12F5A477D,07/20/2008 18:54:45,07/20/2008 18:54:45,CN=Dwayne Petrakis/OU=CHPSID/O=TACOM,,VMA-2008-000057,EABC45D34838BCE744D2F6F12F5A477D,General,,,General note. See attached correspondence.,General note,,Yes,CN=Dwayne Petrakis/OU=CHPSID/O=TACOM,07/20/2008 18:54:45,[TACOM];[CSR];[Admin];[ReadOnlyAudit];LocalDomainServers;CN=Ret Hamlin/OU=CHPSID/O=TACOM,CN=Dwayne Petrakis/OU=CHPSID/O=TACOM;[Admin]
38DADAAAEEFF07BF5EB42875846A022A,FE4A,5FAE81C01056A2697391703769A8B91C,04/10/2005 01:47:45,04/10/2005 01:47:45,CN=Renata Vasquez-Holm/OU=CHPSID/O=TACOM,,VMA-2005-000067,5FAE81C01056A2697391703769A8B91C,General,,,General note. See attached correspondence.,General note,,,CN=Renata Vasquez-Holm/OU=CHPSID/O=TACOM,04/10/2005 01:47:45,[TACOM];[CSR];[Admin];[ReadOnlyAudit];LocalDomainServers;CN=Lorraine Whitcombe/OU=CHPSID/O=TACOM,CN=Renata Vasquez-Holm/OU=CHPSID/O=TACOM;[Admin]
B60FEB31CB3C7E2DFDCFB4F658345B63,FE4E,CD434B6C79FF9DD06F584D2C10711451,01/26/2009 14:28:58,01/26/2009 14:28:58,CN=Benedetta Kowalczyk/OU=CHPSID/O=TACOM,,VMA-2009-000093,CD434B6C79FF9DD06F584D2C10711451,Backorder,,,Item backordered - requester notified. Follow-up required.,Item backordered - requester notified,,Yes,CN=Benedetta Kowalczyk/OU=CHPSID/O=TACOM,01/26/2009 14:28:58,[TACOM];[CSR];[Admin];[ReadOnlyAudit];LocalDomainServers;CN=Dwayne Petrakis/OU=CHPSID/O=TACOM,CN=Benedetta Kowalczyk/OU=CHPSID/O=TACOM;[Admin]
B5FC22B00950CD521D7AAE8E83BC77C8,FE52,C5484DC1D102AA311E7A13CE2973B5C1,02/14/2013 10:52:00,02/14/2013 10:52:00,CN=Benedetta Kowalczyk/OU=CHPSID/O=TACOM,,VMA-2013-000093,C5484DC1D102AA311E7A13CE2973B5C1,NOK Documentation,,,Death certificate / relationship proof received. Escalated to lead CSR.,Death certificate / relationship proof received,,,CN=Benedetta Kowalczyk/OU=CHPSID/O=TACOM,02/14/2013 10:52:00,[TACOM];[CSR];[Admin];[ReadOnlyAudit];LocalDomainServers;CN=Benedetta Kowalczyk/OU=CHPSID/O=TACOM,CN=Benedetta Kowalczyk/OU=CHPSID/O=TACOM;[Admin]
AEC604A2EF01FA8DE4CD97A62A198439,FE56,0D3949B08DFCAAF63F27E7A49ADC8A53,03/23/2011 20:57:54,03/23/2011 20:57:54,CN=Lorraine Whitcombe/OU=CHPSID/O=TACOM,,VMA-2011-000060,0D3949B08DFCAAF63F27E7A49ADC8A53,Backorder,,,Item backordered - requester notified. No further action.,Item backordered - requester notified,,Yes,CN=Lorraine Whitcombe/OU=CHPSID/O=TACOM,03/23/2011 20:57:54,[TACOM];[CSR];[Admin];[ReadOnlyAudit];LocalDomainServers;CN=Benedetta Kowalczyk/OU=CHPSID/O=TACOM,CN=Lorraine Whitcombe/OU=CHPSID/O=TACOM;[Admin]
86F3281B12CE7068EE23B1548977FB93,FE5A,6DD19FFEE997443480BD0B57D3381BCB,10/28/2007 23:54:34,10/28/2007 23:54:34,CN=Ret Hamlin/OU=CHPSID/O=TACOM,,VMA-2007-000060,6DD19FFEE997443480BD0B57D3381BCB,NOK Documentation,,,Death certificate / relationship proof received. No further action.,Death certificate / relationship proof received,11/08/2007,Yes,CN=Ret Hamlin/OU=CHPSID/O=TACOM,10/28/2007 23:54:34,[TACOM];[CSR];[Admin];[ReadOnlyAudit];LocalDomainServers;CN=Benedetta Kowalczyk/OU=CHPSID/O=TACOM,CN=Ret Hamlin/OU=CHPSID/O=TACOM;[Admin]
673D6590CF618998C457B64C8EB85605,FE5E,21681E832B6EA932EF8770DC12168D21,06/25/2006 17:15:20,06/25/2006 17:15:20,CN=Marlene Okafor/OU=CHPSID/O=TACOM,,VMA-2006-000047,21681E832B6EA932EF8770DC12168D21,QC Rework,,,"QC failed - engraving misspelled, returned to shop. Requester satisfied.","QC failed - engraving misspelled, returned to shop",,Yes,CN=Marlene Okafor/OU=CHPSID/O=TACOM,06/25/2006 17:15:20,[TACOM];[CSR];[Admin];[ReadOnlyAudit];LocalDomainServers;CN=Renata Vasquez-Holm/OU=CHPSID/O=TACOM,CN=Marlene Okafor/OU=CHPSID/O=TACOM;[Admin]
E1D9342D0E5B5ACC0B30F0B1E446697E,FE62,6F41F8E55C3E0676CB03AC8E33C550E8,05/16/2007 23:37:36,05/16/2007 23:37:36,CN=Dwayne Petrakis/OU=CHPSID/O=TACOM,,VMA-2007-000039,6F41F8E55C3E0676CB03AC8E33C550E8,General,,,General note. Follow-up required.,General note,,Yes,CN=Dwayne Petrakis/OU=CHPSID/O=TACOM,05/16/2007 23:37:36,[TACOM];[CSR];[Admin];[ReadOnlyAudit];LocalDomainServers;CN=Lorraine Whitcombe/OU=CHPSID/O=TACOM,CN=Dwayne Petrakis/OU=CHPSID/O=TACOM;[Admin]
A676E06C4F414E60399EE5448D7C8A09,FE66,4F92E591D3942FBB21F575D2FC0C0B01,02/04/2025 09:21:41,02/04/2025 09:21:41,CN=Ret Hamlin/OU=CHPSID/O=TACOM,Correspondence_VMA-2025-000051.pdf,VMA-2025-000051,4F92E591D3942FBB21F575D2FC0C0B01,Backorder,,,Item backordered - requester notified. See attached correspondence.,Item backordered - requester notified,,,CN=Ret Hamlin/OU=CHPSID/O=TACOM,02/04/2025 09:21:41,[TACOM];[CSR];[Admin];[ReadOnlyAudit];LocalDomainServers;CN=Renata Vasquez-Holm/OU=CHPSID/O=TACOM,CN=Ret Hamlin/OU=CHPSID/O=TACOM;[Admin]
EDB76ACC7757E2EBA0752683847AF4D2,FE6A,FD542AB51139991B715E1F2055FC415A,08/14/2009 14:35:15,08/14/2009 14:35:15,CN=Dwayne Petrakis/OU=CHPSID/O=TACOM,,VMA-2009-000039,FD542AB51139991B715E1F2055FC415A,HRC Query,,,Sent eligibility query to HRC Awards Branch. Escalated to lead CSR.,Sent eligibility query to HRC Awards Branch,08/19/2009,Yes,CN=Dwayne Petrakis/OU=CHPSID/O=TACOM,08/14/2009 14:35:15,[TACOM];[CSR];[Admin];[ReadOnlyAudit];LocalDomainServers;CN=Marlene Okafor/OU=CHPSID/O=TACOM,CN=Dwayne Petrakis/OU=CHPSID/O=TACOM;[Admin]
DD31AC64C0F57809C0BDBA216771AD8B,FE6E,45E62F18D839B55B4AEC6ADDD95ED887,10/22/2014 17:12:42,10/22/2014 17:12:42,CN=Benedetta Kowalczyk/OU=CHPSID/O=TACOM,Correspondence_VMA-2014-000061.pdf,VMA-2014-000061,45E62F18D839B55B4AEC6ADDD95ED887,NOK Documentation,,,Death certificate / relationship proof received. Follow-up required.,Death certificate / relationship proof received,10/31/2014,Yes,CN=Benedetta Kowalczyk/OU=CHPSID/O=TACOM,10/22/2014 17:12:42,[TACOM];[CSR];[Admin];[ReadOnlyAudit];LocalDomainServers;CN=Dwayne Petrakis/OU=CHPSID/O=TACOM,CN=Benedetta Kowalczyk/OU=CHPSID/O=TACOM;[Admin]
426878CECDFE3039513348CAB3B22B3C,FE72,77B166349845687861B10484D97228A2,06/02/2026 21:56:38,06/02/2026 21:56:38,CN=Renata Vasquez-Holm/OU=CHPSID/O=TACOM,,VMA-2026-000257,77B166349845687861B10484D97228A2,Phone Call - Outbound,Sandra Jr Lindquarry,(302) 555-1575,Called requester to confirm address. See attached correspondence.,Called requester to confirm address,,Yes,CN=Renata Vasquez-Holm/OU=CHPSID/O=TACOM,06/02/2026 21:56:38,[TACOM];[CSR];[Admin];[ReadOnlyAudit];LocalDomainServers;CN=Renata Vasquez-Holm/OU=CHPSID/O=TACOM,CN=Renata Vasquez-Holm/OU=CHPSID/O=TACOM;[Admin]
79B679A25D618B0B081C2F5D0C687FE6,FE76,AE38D50CD71A4217AB85B40022FC8F89,08/08/2026 16:26:49,08/08/2026 16:26:49,CN=Dwayne Petrakis/OU=CHPSID/O=TACOM,,VMA-2026-000408,AE38D50CD71A4217AB85B40022FC8F89,Phone Call - Inbound,David Underhill-Voss,(540) 555-1488,Requester called for status. Follow-up required.,Requester called for status,,Yes,CN=Dwayne Petrakis/OU=CHPSID/O=TACOM,08/08/2026 16:26:49,[TACOM];[CSR];[Admin];[ReadOnlyAudit];LocalDomainServers;CN=Renata Vasquez-Holm/OU=CHPSID/O=TACOM,CN=Dwayne Petrakis/OU=CHPSID/O=TACOM;[Admin]
E91E0F7B496A2DE13620335AB05FB044,FE7A,E82492942098C848AF7CBD7AD147D19A,09/16/2018 12:17:47,09/16/2018 12:17:47,CN=Benedetta Kowalczyk/OU=CHPSID/O=TACOM,,VMA-2018-000103,E82492942098C848AF7CBD7AD147D19A,Address Correction,,,Address updated per requester. Escalated to lead CSR.,Address updated per requester,,Yes,CN=Benedetta Kowalczyk/OU=CHPSID/O=TACOM,09/16/2018 12:17:47,[TACOM];[CSR];[Admin];[ReadOnlyAudit];LocalDomainServers;CN=Lorraine Whitcombe/OU=CHPSID/O=TACOM,CN=Benedetta Kowalczyk/OU=CHPSID/O=TACOM;[Admin]
7524F3939185CAA72C9BBEF589AAAB0E,FE7E,CA022402EB405C43693B2899963E247C,04/18/2026 12:44:03,04/18/2026 12:44:03,CN=Dwayne Petrakis/OU=CHPSID/O=TACOM,,VMA-2026-000062,CA022402EB405C43693B2899963E247C,QC Rework,,,"QC failed - engraving misspelled, returned to shop. See attached correspondence.","QC failed - engraving misspelled, returned to shop",,,CN=Dwayne Petrakis/OU=CHPSID/O=TACOM,04/18/2026 12:44:03,[TACOM];[CSR];[Admin];[ReadOnlyAudit];LocalDomainServers;CN=Benedetta Kowalczyk/OU=CHPSID/O=TACOM,CN=Dwayne Petrakis/OU=CHPSID/O=TACOM;[Admin]
7129B52185B7DDD32D98553A8900C1CD,FE82,0AD5B2A9139EEF3272A6D0BF76F0EC30,03/29/2010 19:46:38,03/29/2010 19:46:38,CN=Ret Hamlin/OU=CHPSID/O=TACOM,,VMA-2010-000031,0AD5B2A9139EEF3272A6D0BF76F0EC30,NOK Documentation,,,Death certificate / relationship proof received. Requester satisfied.,Death certificate / relationship proof received,,Yes,CN=Ret Hamlin/OU=CHPSID/O=TACOM,03/29/2010 19:46:38,[TACOM];[CSR];[Admin];[ReadOnlyAudit];LocalDomainServers;CN=Marlene Okafor/OU=CHPSID/O=TACOM,CN=Ret Hamlin/OU=CHPSID/O=TACOM;[Admin]
EBA19AD775D214327B9BA3D7DB420F79,FE86,A100DC8102F43EFE2C2115F827C78222,08/08/2026 13:46:29,08/08/2026 13:46:29,CN=Marlene Okafor/OU=CHPSID/O=TACOM,,VMA-2026-000550,A100DC8102F43EFE2C2115F827C78222,QC Rework,,,"QC failed - engraving misspelled, returned to shop. Escalated to lead CSR.","QC failed - engraving misspelled, returned to shop",08/16/2026,,CN=Marlene Okafor/OU=CHPSID/O=TACOM,08/08/2026 13:46:29,[TACOM];[CSR];[Admin];[ReadOnlyAudit];LocalDomainServers;CN=Dwayne Petrakis/OU=CHPSID/O=TACOM,CN=Marlene Okafor/OU=CHPSID/O=TACOM;[Admin]
53EEEAB145858735734836C988FF7169,FE8A,4B29230A612DEB5D6F968582A2919AF8,07/15/2009 14:35:56,07/15/2009 14:35:56,CN=Benedetta Kowalczyk/OU=CHPSID/O=TACOM,,VMA-2009-000044,4B29230A612DEB5D6F968582A2919AF8,NOK Documentation,,,Death certificate / relationship proof received. Escalated to lead CSR.,Death certificate / relationship proof received,07/22/2009,Yes,CN=Benedetta Kowalczyk/OU=CHPSID/O=TACOM,07/15/2009 14:35:56,[TACOM];[CSR];[Admin];[ReadOnlyAudit];LocalDomainServers;CN=Marlene Okafor/OU=CHPSID/O=TACOM,CN=Benedetta Kowalczyk/OU=CHPSID/O=TACOM;[Admin]
DD2CCA365AC68E45C3CBB6724BD3E3FE,FE8E,50A61421FBEF886C30A8B3DF93FF83BB,10/01/2025 00:41:05,10/01/2025 00:41:05,CN=Lorraine Whitcombe/OU=CHPSID/O=TACOM,,VMA-2025-000094,50A61421FBEF886C30A8B3DF93FF83BB,Phone Call - Inbound,Justin Quimbley,(215) 555-1877,Requester called for status. Follow-up required.,Requester called for status,,Yes,CN=Lorraine Whitcombe/OU=CHPSID/O=TACOM,10/01/2025 00:41:05,[TACOM];[CSR];[Admin];[ReadOnlyAudit];LocalDomainServers;CN=Dwayne Petrakis/OU=CHPSID/O=TACOM,CN=Lorraine Whitcombe/OU=CHPSID/O=TACOM;[Admin]
19F15323F4C91982474C1C96DABE22DA,FE92,11CBE5CEB826F9512DD573FBFC94E211,08/14/2024 09:47:30,08/14/2024 09:47:30,CN=Lorraine Whitcombe/OU=CHPSID/O=TACOM,,VMA-2024-000082,11CBE5CEB826F9512DD573FBFC94E211,Phone Call - Inbound,Carol Coldwater,(540) 555-1145,Requester called for status. Follow-up required.,Requester called for status,,Yes,CN=Lorraine Whitcombe/OU=CHPSID/O=TACOM,08/14/2024 09:47:30,[TACOM];[CSR];[Admin];[ReadOnlyAudit];LocalDomainServers;CN=Dwayne Petrakis/OU=CHPSID/O=TACOM,CN=Lorraine Whitcombe/OU=CHPSID/O=TACOM;[Admin]
49A9B65332AB53C4EFFFFE0E5A93BDF1,FE96,07BCAE13BFB1A5CD87D505CD6FCB9414,04/05/2010 12:06:53,04/05/2010 12:06:53,CN=Ret Hamlin/OU=CHPSID/O=TACOM,,VMA-2010-000018,07BCAE13BFB1A5CD87D505CD6FCB9414,General,,,General note. No further action.,General note,04/16/2010,,CN=Ret Hamlin/OU=CHPSID/O=TACOM,04/05/2010 12:06:53,[TACOM];[CSR];[Admin];[ReadOnlyAudit];LocalDomainServers;CN=Renata Vasquez-Holm/OU=CHPSID/O=TACOM,CN=Ret Hamlin/OU=CHPSID/O=TACOM;[Admin]
523DFF7759D78C0E10435A585C82A6FC,FE9A,1D8325BCC7051DA0F049ED4D42632C88,07/24/2016 15:35:54,07/24/2016 15:35:54,CN=Renata Vasquez-Holm/OU=CHPSID/O=TACOM,Correspondence_VMA-2016-000035.pdf,VMA-2016-000035,1D8325BCC7051DA0F049ED4D42632C88,Address Correction,,,Address updated per requester. See attached correspondence.,Address updated per requester,,Yes,CN=Renata Vasquez-Holm/OU=CHPSID/O=TACOM,07/24/2016 15:35:54,[TACOM];[CSR];[Admin];[ReadOnlyAudit];LocalDomainServers;CN=Lorraine Whitcombe/OU=CHPSID/O=TACOM,CN=Renata Vasquez-Holm/OU=CHPSID/O=TACOM;[Admin]
042582415E615D5014AA4E9A5CE2226C,FE9E,AA01F8C830D25E9F7D3C67601C31E6BB,08/06/2021 09:49:28,08/06/2021 09:49:28,CN=Ret Hamlin/OU=CHPSID/O=TACOM,,VMA-2021-000113,AA01F8C830D25E9F7D3C67601C31E6BB,Phone Call - Inbound,Amanda Nakashima,(703) 555-1160,Requester called for status. No further action.,Requester called for status,,Yes,CN=Ret Hamlin/OU=CHPSID/O=TACOM,08/06/2021 09:49:28,[TACOM];[CSR];[Admin];[ReadOnlyAudit];LocalDomainServers;CN=Marlene Okafor/OU=CHPSID/O=TACOM,CN=Ret Hamlin/OU=CHPSID/O=TACOM;[Admin]
23522B1563AD1EF9BEA5130F57A0EDBC,FEA2,3F8D9545996B63BAC3F93C61E9804B6D,09/14/2019 16:00:53,09/14/2019 16:00:53,CN=Dwayne Petrakis/OU=CHPSID/O=TACOM,,VMA-2019-000109,3F8D9545996B63BAC3F93C61E9804B6D,Phone Call - Inbound,Justin Urquhart,(215) 555-1257,Requester called for status. No further action.,Requester called for status,,,CN=Dwayne Petrakis/OU=CHPSID/O=TACOM,09/14/2019 16:00:53,[TACOM];[CSR];[Admin];[ReadOnlyAudit];LocalDomainServers;CN=Marlene Okafor/OU=CHPSID/O=TACOM,CN=Dwayne Petrakis/OU=CHPSID/O=TACOM;[Admin]
C84B3820E139FB090F3C5A61EFC30ABB,FEA6,E0F3B05333FDD3ADCD102993667CCE8B,11/13/2011 21:25:52,11/13/2011 21:25:52,CN=Lorraine Whitcombe/OU=CHPSID/O=TACOM,,VMA-2011-000045,E0F3B05333FDD3ADCD102993667CCE8B,Phone Call - Inbound,Joshua Zellinger,(484) 555-1182,Requester called for status. Requester satisfied.,Requester called for status,,Yes,CN=Lorraine Whitcombe/OU=CHPSID/O=TACOM,11/13/2011 21:25:52,[TACOM];[CSR];[Admin];[ReadOnlyAudit];LocalDomainServers;CN=Renata Vasquez-Holm/OU=CHPSID/O=TACOM,CN=Lorraine Whitcombe/OU=CHPSID/O=TACOM;[Admin]
526A78BF0A3AE644BF3B25A6A02B0A0F,FEAA,0E45323983D8A10D07F59FF511EA3994,11/08/2004 07:41:58,11/08/2004 07:41:58,CN=Renata Vasquez-Holm/OU=CHPSID/O=TACOM,,VMA-2004-000076,0E45323983D8A10D07F59FF511EA3994,HRC Query,,,Sent eligibility query to HRC Awards Branch. Escalated to lead CSR.,Sent eligibility query to HRC Awards Branch,,Yes,CN=Renata Vasquez-Holm/OU=CHPSID/O=TACOM,11/08/2004 07:41:58,[TACOM];[CSR];[Admin];[ReadOnlyAudit];LocalDomainServers;CN=Renata Vasquez-Holm/OU=CHPSID/O=TACOM,CN=Renata Vasquez-Holm/OU=CHPSID/O=TACOM;[Admin]
1450EC381CB01F12289955FEEF1ED642,FEAE,35E2DA25190BBCF913526464274749AD,03/31/2023 13:23:17,03/31/2023 13:23:17,CN=Marlene Okafor/OU=CHPSID/O=TACOM,,VMA-2023-000032,35E2DA25190BBCF913526464274749AD,NPRC Query,,,Requested OMPF verification from NPRC. See attached correspondence.,Requested OMPF verification from NPRC,,,CN=Marlene Okafor/OU=CHPSID/O=TACOM,03/31/2023 13:23:17,[TACOM];[CSR];[Admin];[ReadOnlyAudit];LocalDomainServers;CN=Benedetta Kowalczyk/OU=CHPSID/O=TACOM,CN=Marlene Okafor/OU=CHPSID/O=TACOM;[Admin]
ED51C5C9F230B835CCF777A120B649FB,FEB2,CDAA51AC524B877231D58F8035AE59E9,02/27/2014 12:25:32,02/27/2014 12:25:32,CN=Dwayne Petrakis/OU=CHPSID/O=TACOM,,VMA-2014-000101,CDAA51AC524B877231D58F8035AE59E9,Backorder,,,Item backordered - requester notified. No further action.,Item backordered - requester notified,03/09/2014,Yes,CN=Dwayne Petrakis/OU=CHPSID/O=TACOM,02/27/2014 12:25:32,[TACOM];[CSR];[Admin];[ReadOnlyAudit];LocalDomainServers;CN=Benedetta Kowalczyk/OU=CHPSID/O=TACOM,CN=Dwayne Petrakis/OU=CHPSID/O=TACOM;[Admin]
0CD81280C27E6CE114920ABB5403557D,FEB6,BDCC805681AF30E5C65D30F9C6F9BE10,06/03/2024 18:40:26,06/03/2024 18:40:26,CN=Marlene Okafor/OU=CHPSID/O=TACOM,,VMA-2024-000086,BDCC805681AF30E5C65D30F9C6F9BE10,NPRC Query,,,Requested OMPF verification from NPRC. See attached correspondence.,Requested OMPF verification from NPRC,,,CN=Marlene Okafor/OU=CHPSID/O=TACOM,06/03/2024 18:40:26,[TACOM];[CSR];[Admin];[ReadOnlyAudit];LocalDomainServers;CN=Benedetta Kowalczyk/OU=CHPSID/O=TACOM,CN=Marlene Okafor/OU=CHPSID/O=TACOM;[Admin]
9A6205A13B2F7F0012E7AD609CD17FEA,FEBA,ABA78175F24081438574600F16998D1A,12/07/2015 15:27:21,12/07/2015 15:27:21,CN=Lorraine Whitcombe/OU=CHPSID/O=TACOM,,VMA-2015-000083,ABA78175F24081438574600F16998D1A,Backorder,,,Item backordered - requester notified. Follow-up required.,Item backordered - requester notified,,,CN=Lorraine Whitcombe/OU=CHPSID/O=TACOM,12/07/2015 15:27:21,[TACOM];[CSR];[Admin];[ReadOnlyAudit];LocalDomainServers;CN=Benedetta Kowalczyk/OU=CHPSID/O=TACOM,CN=Lorraine Whitcombe/OU=CHPSID/O=TACOM;[Admin]
601BD6166A4F60BF2B606642480307B5,FEBE,CA45C89D0B7898AA26EEB0840FF913B8,08/09/2022 11:56:07,08/09/2022 11:56:07,CN=Benedetta Kowalczyk/OU=CHPSID/O=TACOM,,VMA-2022-000054,CA45C89D0B7898AA26EEB0840FF913B8,NPRC Query,,,Requested OMPF verification from NPRC. Escalated to lead CSR.,Requested OMPF verification from NPRC,,,CN=Benedetta Kowalczyk/OU=CHPSID/O=TACOM,08/09/2022 11:56:07,[TACOM];[CSR];[Admin];[ReadOnlyAudit];LocalDomainServers;CN=Dwayne Petrakis/OU=CHPSID/O=TACOM,CN=Benedetta Kowalczyk/OU=CHPSID/O=TACOM;[Admin]
292E32F54F1D9F4DAC1F1A8C6863CE62,FEC2,765F45980DF64A82A5876FF7A0375AFF,03/16/2026 21:22:30,03/16/2026 21:22:30,CN=Benedetta Kowalczyk/OU=CHPSID/O=TACOM,Correspondence_VMA-2026-000330.pdf,VMA-2026-000330,765F45980DF64A82A5876FF7A0375AFF,Backorder,,,Item backordered - requester notified. See attached correspondence.,Item backordered - requester notified,,,CN=Benedetta Kowalczyk/OU=CHPSID/O=TACOM,03/16/2026 21:22:30,[TACOM];[CSR];[Admin];[ReadOnlyAudit];LocalDomainServers;CN=Renata Vasquez-Holm/OU=CHPSID/O=TACOM,CN=Benedetta Kowalczyk/OU=CHPSID/O=TACOM;[Admin]
F907BC9DCFAB18AF66939D77DE98B8F4,FEC6,1171F151AAB65A166228F8B5134D13A8,07/28/2026 13:37:39,07/28/2026 13:37:39,CN=Ret Hamlin/OU=CHPSID/O=TACOM,,VMA-2026-000488,1171F151AAB65A166228F8B5134D13A8,Backorder,,,Item backordered - requester notified. Escalated to lead CSR.,Item backordered - requester notified,08/07/2026,,CN=Ret Hamlin/OU=CHPSID/O=TACOM,07/28/2026 13:37:39,[TACOM];[CSR];[Admin];[ReadOnlyAudit];LocalDomainServers;CN=Renata Vasquez-Holm/OU=CHPSID/O=TACOM,CN=Ret Hamlin/OU=CHPSID/O=TACOM;[Admin]
5FABB5C657C50D093C974244D379BFBE,FECA,26943762F07DBD3C2F1666FBD74BAB03,10/20/2009 13:59:40,10/20/2009 13:59:40,CN=Marlene Okafor/OU=CHPSID/O=TACOM,,VMA-2009-000013,26943762F07DBD3C2F1666FBD74BAB03,Congressional Inquiry,,,Congressional inquiry received - response due 10 days. See attached correspondence.,Congressional inquiry received - response due 10 days,10/27/2009,Yes,CN=Marlene Okafor/OU=CHPSID/O=TACOM,10/20/2009 13:59:40,[TACOM];[CSR];[Admin];[ReadOnlyAudit];LocalDomainServers;CN=Lorraine Whitcombe/OU=CHPSID/O=TACOM,CN=Marlene Okafor/OU=CHPSID/O=TACOM;[Admin]
A0505C123DB0983EE28515962CFCCDF0,FECE,B72DDF518725C815FC4C4DD33E99F47A,08/18/2009 17:47:14,08/18/2009 17:47:14,CN=Lorraine Whitcombe/OU=CHPSID/O=TACOM,Correspondence_VMA-2009-000104.pdf,VMA-2009-000104,B72DDF518725C815FC4C4DD33E99F47A,Address Correction,,,Address updated per requester. See attached correspondence.,Address updated per requester,,Yes,CN=Lorraine Whitcombe/OU=CHPSID/O=TACOM,08/18/2009 17:47:14,[TACOM];[CSR];[Admin];[ReadOnlyAudit];LocalDomainServers;CN=Lorraine Whitcombe/OU=CHPSID/O=TACOM,CN=Lorraine Whitcombe/OU=CHPSID/O=TACOM;[Admin]
2410C00A0A7876A80526D6BA750483F2,FED2,66007A09C4990E366D4F448B2D5FAAA2,07/14/2026 12:27:25,07/14/2026 12:27:25,CN=Dwayne Petrakis/OU=CHPSID/O=TACOM,,VMA-2026-000616,66007A09C4990E366D4F448B2D5FAAA2,Phone Call - Inbound,Evelyn Lockridge,(703) 555-1029,Requester called for status. Follow-up required.,Requester called for status,,Yes,CN=Dwayne Petrakis/OU=CHPSID/O=TACOM,07/14/2026 12:27:25,[TACOM];[CSR];[Admin];[ReadOnlyAudit];LocalDomainServers;CN=Renata Vasquez-Holm/OU=CHPSID/O=TACOM,CN=Dwayne Petrakis/OU=CHPSID/O=TACOM;[Admin]
BF512E4F53F44B493B398041C82E91C1,FED6,BC96E36B5175D78ECC0020B5B7E7D7BC,08/06/2020 14:46:16,08/06/2020 14:46:16,CN=Marlene Okafor/OU=CHPSID/O=TACOM,,VMA-2020-000031,BC96E36B5175D78ECC0020B5B7E7D7BC,Phone Call - Outbound,William Jankowitz,(610) 555-1031,Called requester to confirm address. No further action.,Called requester to confirm address,,Yes,CN=Marlene Okafor/OU=CHPSID/O=TACOM,08/06/2020 14:46:16,[TACOM];[CSR];[Admin];[ReadOnlyAudit];LocalDomainServers;CN=Dwayne Petrakis/OU=CHPSID/O=TACOM,CN=Marlene Okafor/OU=CHPSID/O=TACOM;[Admin]
ED6A3D06CBFD5D2E0EE51044F6DF1982,FEDA,FD0079A8485482F9C4F8F875E28263B8,06/20/2004 22:42:03,06/20/2004 22:42:03,CN=Renata Vasquez-Holm/OU=CHPSID/O=TACOM,,VMA-2004-000005,FD0079A8485482F9C4F8F875E28263B8,Phone Call - Inbound,Angela Wexcombe,(610) 555-1852,Requester called for status. No further action.,Requester called for status,,,CN=Renata Vasquez-Holm/OU=CHPSID/O=TACOM,06/20/2004 22:42:03,[TACOM];[CSR];[Admin];[ReadOnlyAudit];LocalDomainServers;CN=Lorraine Whitcombe/OU=CHPSID/O=TACOM,CN=Renata Vasquez-Holm/OU=CHPSID/O=TACOM;[Admin]
792316BA61F016C060B1044497E8562E,FEDE,B5AFCDF7E55D4189D9CE499455017677,06/24/2026 12:05:13,06/24/2026 12:05:13,CN=Renata Vasquez-Holm/OU=CHPSID/O=TACOM,,VMA-2026-000059,B5AFCDF7E55D4189D9CE499455017677,General,,,General note. See attached correspondence.,General note,,Yes,CN=Renata Vasquez-Holm/OU=CHPSID/O=TACOM,06/24/2026 12:05:13,[TACOM];[CSR];[Admin];[ReadOnlyAudit];LocalDomainServers;CN=Benedetta Kowalczyk/OU=CHPSID/O=TACOM,CN=Renata Vasquez-Holm/OU=CHPSID/O=TACOM;[Admin]
1CD1DEC957192A9DED05FD8E06167E9D,FEE2,DF83CD5C7832065A380703B0F9F86180,05/15/2026 20:01:26,05/15/2026 20:01:26,CN=Dwayne Petrakis/OU=CHPSID/O=TACOM,,VMA-2026-000525,DF83CD5C7832065A380703B0F9F86180,QC Rework,,,"QC failed - engraving misspelled, returned to shop. Follow-up required.","QC failed - engraving misspelled, returned to shop",,Yes,CN=Dwayne Petrakis/OU=CHPSID/O=TACOM,05/15/2026 20:01:26,[TACOM];[CSR];[Admin];[ReadOnlyAudit];LocalDomainServers;CN=Lorraine Whitcombe/OU=CHPSID/O=TACOM,CN=Dwayne Petrakis/OU=CHPSID/O=TACOM;[Admin]
765B75C4E5B9B4408AB28BA080BAC1D6,FEE6,FD0079A8485482F9C4F8F875E28263B8,05/25/2004 20:42:03,05/25/2004 20:42:03,CN=Benedetta Kowalczyk/OU=CHPSID/O=TACOM,,VMA-2004-000005,FD0079A8485482F9C4F8F875E28263B8,Congressional Inquiry,,,Congressional inquiry received - response due 10 days. Requester satisfied.,Congressional inquiry received - response due 10 days,05/31/2004,,CN=Benedetta Kowalczyk/OU=CHPSID/O=TACOM,05/25/2004 20:42:03,[TACOM];[CSR];[Admin];[ReadOnlyAudit];LocalDomainServers;CN=Lorraine Whitcombe/OU=CHPSID/O=TACOM,CN=Benedetta Kowalczyk/OU=CHPSID/O=TACOM;[Admin]
ED7CE1A2C33209933822B20458C6E3D6,FEEA,868B404B71B415412D3ACCA6B42D3726,01/01/2014 20:07:41,01/01/2014 20:07:41,CN=Renata Vasquez-Holm/OU=CHPSID/O=TACOM,,VMA-2014-000021,868B404B71B415412D3ACCA6B42D3726,Phone Call - Inbound,Donald Jessup-Kane,(484) 555-1343,Requester called for status. Escalated to lead CSR.,Requester called for status,,Yes,CN=Renata Vasquez-Holm/OU=CHPSID/O=TACOM,01/01/2014 20:07:41,[TACOM];[CSR];[Admin];[ReadOnlyAudit];LocalDomainServers;CN=Lorraine Whitcombe/OU=CHPSID/O=TACOM,CN=Renata Vasquez-Holm/OU=CHPSID/O=TACOM;[Admin]
D5680080ABE1168088AFBC7A014D5456,FEEE,B84AA8E29E5DE079625BD46CAD45BE73,06/23/2025 08:54:26,06/23/2025 08:54:26,CN=Marlene Okafor/OU=CHPSID/O=TACOM,,VMA-2025-000157,B84AA8E29E5DE079625BD46CAD45BE73,HRC Query,,,Sent eligibility query to HRC Awards Branch. Follow-up required.,Sent eligibility query to HRC Awards Branch,07/07/2025,Yes,CN=Marlene Okafor/OU=CHPSID/O=TACOM,06/23/2025 08:54:26,[TACOM];[CSR];[Admin];[ReadOnlyAudit];LocalDomainServers;CN=Dwayne Petrakis/OU=CHPSID/O=TACOM,CN=Marlene Okafor/OU=CHPSID/O=TACOM;[Admin]
9A6A6444320C750B5485B45CE7E2FBE0,FEF2,09A8BC9AB0FDA1CBE5BC7D1DADEA6C4A,05/24/2015 12:27:13,05/24/2015 12:27:13,CN=Benedetta Kowalczyk/OU=CHPSID/O=TACOM,,VMA-2015-000017,09A8BC9AB0FDA1CBE5BC7D1DADEA6C4A,HRC Query,,,Sent eligibility query to HRC Awards Branch. Escalated to lead CSR.,Sent eligibility query to HRC Awards Branch,,,CN=Benedetta Kowalczyk/OU=CHPSID/O=TACOM,05/24/2015 12:27:13,[TACOM];[CSR];[Admin];[ReadOnlyAudit];LocalDomainServers;CN=Dwayne Petrakis/OU=CHPSID/O=TACOM,CN=Benedetta Kowalczyk/OU=CHPSID/O=TACOM;[Admin]
7802D73592E494A9E0CE18643ACF9C43,FEF6,61A5FB5D97AA5043BC5C502B414DE840,01/10/2013 13:43:04,01/10/2013 13:43:04,CN=Ret Hamlin/OU=CHPSID/O=TACOM,,VMA-2012-000068,61A5FB5D97AA5043BC5C502B414DE840,General,,,General note. Requester satisfied.,General note,,Yes,CN=Ret Hamlin/OU=CHPSID/O=TACOM,01/10/2013 13:43:04,[TACOM];[CSR];[Admin];[ReadOnlyAudit];LocalDomainServers;CN=Ret Hamlin/OU=CHPSID/O=TACOM,CN=Ret Hamlin/OU=CHPSID/O=TACOM;[Admin]
807DEE25D0D7F686F47AB79972BAC327,FEFA,E383124C94F1511F36FB550EF36A482F,06/24/2022 21:36:57,06/24/2022 21:36:57,CN=Ret Hamlin/OU=CHPSID/O=TACOM,,VMA-2022-000077,E383124C94F1511F36FB550EF36A482F,Congressional Inquiry,,,Congressional inquiry received - response due 10 days. Requester satisfied.,Congressional inquiry received - response due 10 days,,,CN=Ret Hamlin/OU=CHPSID/O=TACOM,06/24/2022 21:36:57,[TACOM];[CSR];[Admin];[ReadOnlyAudit];LocalDomainServers;CN=Ret Hamlin/OU=CHPSID/O=TACOM,CN=Ret Hamlin/OU=CHPSID/O=TACOM;[Admin]
3D55D56844E4E225A0E2A690EC7C194E,FEFE,FEB1B6BA3A5DB19DDBD60E71C9DE45B4,06/23/2025 14:16:34,06/23/2025 14:16:34,CN=Dwayne Petrakis/OU=CHPSID/O=TACOM,,VMA-2025-000105,FEB1B6BA3A5DB19DDBD60E71C9DE45B4,Phone Call - Inbound,Earl Fortenbury,(856) 555-1646,Requester called for status. Requester satisfied.,Requester called for status,,,CN=Dwayne Petrakis/OU=CHPSID/O=TACOM,06/23/2025 14:16:34,[TACOM];[CSR];[Admin];[ReadOnlyAudit];LocalDomainServers;CN=Dwayne Petrakis/OU=CHPSID/O=TACOM,CN=Dwayne Petrakis/OU=CHPSID/O=TACOM;[Admin]
E824F6D4F3449E8BEA76E3E006213310,FF02,E95F2A5E736D6AD05BAD2C3651F2485D,06/13/2014 14:34:02,06/13/2014 14:34:02,CN=Benedetta Kowalczyk/OU=CHPSID/O=TACOM,Correspondence_VMA-2014-000051.pdf,VMA-2014-000051,E95F2A5E736D6AD05BAD2C3651F2485D,NOK Documentation,,,Death certificate / relationship proof received. Requester satisfied.,Death certificate / relationship proof received,,Yes,CN=Benedetta Kowalczyk/OU=CHPSID/O=TACOM,06/13/2014 14:34:02,[TACOM];[CSR];[Admin];[ReadOnlyAudit];LocalDomainServers;CN=Marlene Okafor/OU=CHPSID/O=TACOM,CN=Benedetta Kowalczyk/OU=CHPSID/O=TACOM;[Admin]
F705FDF1D133E9543C4CE66F119F85BA,FF06,274E253260D9A4A9EAFEFFACCD35F6E7,07/14/2026 15:05:13,07/14/2026 15:05:13,CN=Lorraine Whitcombe/OU=CHPSID/O=TACOM,,VMA-2026-000391,274E253260D9A4A9EAFEFFACCD35F6E7,Phone Call - Inbound,N. Dunmore-Vey,(540) 555-1441,Requester called for status. See attached correspondence.,Requester called for status,,,CN=Lorraine Whitcombe/OU=CHPSID/O=TACOM,07/14/2026 15:05:13,[TACOM];[CSR];[Admin];[ReadOnlyAudit];LocalDomainServers;CN=Renata Vasquez-Holm/OU=CHPSID/O=TACOM,CN=Lorraine Whitcombe/OU=CHPSID/O=TACOM;[Admin]
30CB72760AEFFA764413C9E12FC75E1A,FF0A,B51E296085F49D07117A61C9E01FC1E4,05/20/2023 08:10:38,05/20/2023 08:10:38,CN=Lorraine Whitcombe/OU=CHPSID/O=TACOM,,VMA-2023-000005,B51E296085F49D07117A61C9E01FC1E4,Address Correction,,,Address updated per requester. Escalated to lead CSR.,Address updated per requester,,,CN=Lorraine Whitcombe/OU=CHPSID/O=TACOM,05/20/2023 08:10:38,[TACOM];[CSR];[Admin];[ReadOnlyAudit];LocalDomainServers;CN=Dwayne Petrakis/OU=CHPSID/O=TACOM,CN=Lorraine Whitcombe/OU=CHPSID/O=TACOM;[Admin]
C6DE93786049B7386239EBC50FEA6B1D,FF0E,61603DD3AEEDC7C6E1FEE62D932D712F,06/11/2014 18:27:00,06/11/2014 18:27:00,CN=Benedetta Kowalczyk/OU=CHPSID/O=TACOM,,VMA-2014-000104,61603DD3AEEDC7C6E1FEE62D932D712F,Address Correction,,,Address updated per requester. Follow-up required.,Address updated per requester,,Yes,CN=Benedetta Kowalczyk/OU=CHPSID/O=TACOM,06/11/2014 18:27:00,[TACOM];[CSR];[Admin];[ReadOnlyAudit];LocalDomainServers;CN=Renata Vasquez-Holm/OU=CHPSID/O=TACOM,CN=Benedetta Kowalczyk/OU=CHPSID/O=TACOM;[Admin]
A42547EFA79D908059B7516410A58E04,FF12,BCDD18BF67752BE9C45BD70301E6EBDB,12/15/2024 17:31:15,12/15/2024 17:31:15,CN=Dwayne Petrakis/OU=CHPSID/O=TACOM,,VMA-2024-000015,BCDD18BF67752BE9C45BD70301E6EBDB,Phone Call - Inbound,Sandra Fennimark,(703) 555-1873,Requester called for status. Requester satisfied.,Requester called for status,,Yes,CN=Dwayne Petrakis/OU=CHPSID/O=TACOM,12/15/2024 17:31:15,[TACOM];[CSR];[Admin];[ReadOnlyAudit];LocalDomainServers;CN=Ret Hamlin/OU=CHPSID/O=TACOM,CN=Dwayne Petrakis/OU=CHPSID/O=TACOM;[Admin]
ED22B3985ABAEADFD0574136D934CC97,FF16,8E771EE8A04A1440E8534F8CE43E58BD,03/01/2025 15:43:30,03/01/2025 15:43:30,CN=Lorraine Whitcombe/OU=CHPSID/O=TACOM,,VMA-2025-000098,8E771EE8A04A1440E8534F8CE43E58BD,Phone Call - Inbound,Nicole Norquist,(302) 555-1440,Requester called for status. Escalated to lead CSR.,Requester called for status,03/13/2025,,CN=Lorraine Whitcombe/OU=CHPSID/O=TACOM,03/01/2025 15:43:30,[TACOM];[CSR];[Admin];[ReadOnlyAudit];LocalDomainServers;CN=Marlene Okafor/OU=CHPSID/O=TACOM,CN=Lorraine Whitcombe/OU=CHPSID/O=TACOM;[Admin]
A547EE8ED687572719858887086FF798,FF1A,3AAE92E4F1FE333FA7AB0E0CD9537F70,04/15/2019 13:33:57,04/15/2019 13:33:57,CN=Benedetta Kowalczyk/OU=CHPSID/O=TACOM,Correspondence_VMA-2019-000041.pdf,VMA-2019-000041,3AAE92E4F1FE333FA7AB0E0CD9537F70,NPRC Query,,,Requested OMPF verification from NPRC. No further action.,Requested OMPF verification from NPRC,,Yes,CN=Benedetta Kowalczyk/OU=CHPSID/O=TACOM,04/15/2019 13:33:57,[TACOM];[CSR];[Admin];[ReadOnlyAudit];LocalDomainServers;CN=Marlene Okafor/OU=CHPSID/O=TACOM,CN=Benedetta Kowalczyk/OU=CHPSID/O=TACOM;[Admin]
9B2F54BBFD193D2B7AEC1B7429BDF1CF,FF1E,DF83CD5C7832065A380703B0F9F86180,05/16/2026 21:01:26,05/16/2026 21:01:26,CN=Renata Vasquez-Holm/OU=CHPSID/O=TACOM,,VMA-2026-000525,DF83CD5C7832065A380703B0F9F86180,HRC Query,,,Sent eligibility query to HRC Awards Branch. Requester satisfied.,Sent eligibility query to HRC Awards Branch,,,CN=Renata Vasquez-Holm/OU=CHPSID/O=TACOM,05/16/2026 21:01:26,[TACOM];[CSR];[Admin];[ReadOnlyAudit];LocalDomainServers;CN=Lorraine Whitcombe/OU=CHPSID/O=TACOM,CN=Renata Vasquez-Holm/OU=CHPSID/O=TACOM;[Admin]
0BA3EC1F9AEB57996F0CA6EBEF9ED5B0,FF22,C299A35783431A5126395A86AA1259A4,04/18/2026 07:16:18,04/18/2026 07:16:18,CN=Ret Hamlin/OU=CHPSID/O=TACOM,,VMA-2026-000597,C299A35783431A5126395A86AA1259A4,General,,,General note. Follow-up required.,General note,04/30/2026,Yes,CN=Ret Hamlin/OU=CHPSID/O=TACOM,04/18/2026 07:16:18,[TACOM];[CSR];[Admin];[ReadOnlyAudit];LocalDomainServers;CN=Marlene Okafor/OU=CHPSID/O=TACOM,CN=Ret Hamlin/OU=CHPSID/O=TACOM;[Admin]
F2B29D200B1C183CC0228FFBFD97A67B,FF26,937AA74E899269ABC4FE78D0F8F1D0F1,10/11/2016 19:45:22,10/11/2016 19:45:22,CN=Marlene Okafor/OU=CHPSID/O=TACOM,,VMA-2016-000074,937AA74E899269ABC4FE78D0F8F1D0F1,QC Rework,,,"QC failed - engraving misspelled, returned to shop. No further action.","QC failed - engraving misspelled, returned to shop",,Yes,CN=Marlene Okafor/OU=CHPSID/O=TACOM,10/11/2016 19:45:22,[TACOM];[CSR];[Admin];[ReadOnlyAudit];LocalDomainServers;CN=Dwayne Petrakis/OU=CHPSID/O=TACOM,CN=Marlene Okafor/OU=CHPSID/O=TACOM;[Admin]
B794EB73915DAE118FFC0A73CC5CA9EE,FF2A,245D8F254448C7F321EBF5EB7EA45E27,11/11/2013 18:47:31,11/11/2013 18:47:31,CN=Ret Hamlin/OU=CHPSID/O=TACOM,Correspondence_VMA-2013-000052.pdf,VMA-2013-000052,245D8F254448C7F321EBF5EB7EA45E27,Phone Call - Inbound,Jamal Vandermolen,(267) 555-1528,Requester called for status. See attached correspondence.,Requester called for status,,Yes,CN=Ret Hamlin/OU=CHPSID/O=TACOM,11/11/2013 18:47:31,[TACOM];[CSR];[Admin];[ReadOnlyAudit];LocalDomainServers;CN=Renata Vasquez-Holm/OU=CHPSID/O=TACOM,CN=Ret Hamlin/OU=CHPSID/O=TACOM;[Admin]
3D36EA3B1ABFF507C1A2D9C9736C2A15,FF2E,03FD79A9FC730104B1ED09685782EF5A,06/01/2006 22:48:27,06/01/2006 22:48:27,CN=Benedetta Kowalczyk/OU=CHPSID/O=TACOM,,VMA-2006-000015,03FD79A9FC730104B1ED09685782EF5A,HRC Query,,,Sent eligibility query to HRC Awards Branch. See attached correspondence.,Sent eligibility query to HRC Awards Branch,,Yes,CN=Benedetta Kowalczyk/OU=CHPSID/O=TACOM,06/01/2006 22:48:27,[TACOM];[CSR];[Admin];[ReadOnlyAudit];LocalDomainServers;CN=Marlene Okafor/OU=CHPSID/O=TACOM,CN=Benedetta Kowalczyk/OU=CHPSID/O=TACOM;[Admin]
FFAEE567961C602357FDA96CEFD9BDD4,FF32,DE3E1D99F23645927E3111A0217DFBBC,04/20/2006 20:28:48,04/20/2006 20:28:48,CN=Benedetta Kowalczyk/OU=CHPSID/O=TACOM,,VMA-2006-000040,DE3E1D99F23645927E3111A0217DFBBC,Phone Call - Outbound,Darnell Urquhart,(484) 555-1872,Called requester to confirm address. See attached correspondence.,Called requester to confirm address,05/02/2006,,CN=Benedetta Kowalczyk/OU=CHPSID/O=TACOM,04/20/2006 20:28:48,[TACOM];[CSR];[Admin];[ReadOnlyAudit];LocalDomainServers;CN=Marlene Okafor/OU=CHPSID/O=TACOM,CN=Benedetta Kowalczyk/OU=CHPSID/O=TACOM;[Admin]
5FD2CBC4E3DE8CFC8297FCC3378A9A26,FF36,F5740EA19456D9A39324E50BE0A8C746,04/07/2026 10:27:24,04/07/2026 10:27:24,CN=Benedetta Kowalczyk/OU=CHPSID/O=TACOM,,VMA-2026-000174,F5740EA19456D9A39324E50BE0A8C746,Phone Call - Inbound,Howard Fennimark,(410) 555-1208,Requester called for status. See attached correspondence.,Requester called for status,,,CN=Benedetta Kowalczyk/OU=CHPSID/O=TACOM,04/07/2026 10:27:24,[TACOM];[CSR];[Admin];[ReadOnlyAudit];LocalDomainServers;CN=Renata Vasquez-Holm/OU=CHPSID/O=TACOM,CN=Benedetta Kowalczyk/OU=CHPSID/O=TACOM;[Admin]
B46214E0E192AB1E407DF6A4BFFCE5DF,FF3A,8F915F93071C743E18361ADE71595EAB,08/11/2026 19:07:33,08/11/2026 19:07:33,CN=Renata Vasquez-Holm/OU=CHPSID/O=TACOM,,VMA-2026-000220,8F915F93071C743E18361ADE71595EAB,Congressional Inquiry,,,Congressional inquiry received - response due 10 days. No further action.,Congressional inquiry received - response due 10 days,,Yes,CN=Renata Vasquez-Holm/OU=CHPSID/O=TACOM,08/11/2026 19:07:33,[TACOM];[CSR];[Admin];[ReadOnlyAudit];LocalDomainServers;CN=Ret Hamlin/OU=CHPSID/O=TACOM,CN=Renata Vasquez-Holm/OU=CHPSID/O=TACOM;[Admin]
521A12C8B15440F2DF9EDBF49A506B64,FF3E,5177230011E53B12CDF9EB0086200D6A,07/15/2024 16:23:52,07/15/2024 16:23:52,CN=Dwayne Petrakis/OU=CHPSID/O=TACOM,,VMA-2024-000008,5177230011E53B12CDF9EB0086200D6A,NPRC Query,,,Requested OMPF verification from NPRC. No further action.,Requested OMPF verification from NPRC,,Yes,CN=Dwayne Petrakis/OU=CHPSID/O=TACOM,07/15/2024 16:23:52,[TACOM];[CSR];[Admin];[ReadOnlyAudit];LocalDomainServers;CN=Renata Vasquez-Holm/OU=CHPSID/O=TACOM,CN=Dwayne Petrakis/OU=CHPSID/O=TACOM;[Admin]
BB51321025241E70F4A138D8228A0E0E,FF42,9C17BD75C1959399B368D0274C3FB966,07/28/2019 15:26:43,07/28/2019 15:26:43,CN=Ret Hamlin/OU=CHPSID/O=TACOM,,VMA-2019-000040,9C17BD75C1959399B368D0274C3FB966,Congressional Inquiry,,,Congressional inquiry received - response due 10 days. Escalated to lead CSR.,Congressional inquiry received - response due 10 days,,Yes,CN=Ret Hamlin/OU=CHPSID/O=TACOM,07/28/2019 15:26:43,[TACOM];[CSR];[Admin];[ReadOnlyAudit];LocalDomainServers;CN=Benedetta Kowalczyk/OU=CHPSID/O=TACOM,CN=Ret Hamlin/OU=CHPSID/O=TACOM;[Admin]
9A83D199E4E8B75A8C4713D4961FCB27,FF46,60C818A78C569493AE29567010BB4172,05/25/2026 19:02:37,05/25/2026 19:02:37,CN=Lorraine Whitcombe/OU=CHPSID/O=TACOM,,VMA-2026-000139,60C818A78C569493AE29567010BB4172,HRC Query,,,Sent eligibility query to HRC Awards Branch. Requester satisfied.,Sent eligibility query to HRC Awards Branch,06/02/2026,Yes,CN=Lorraine Whitcombe/OU=CHPSID/O=TACOM,05/25/2026 19:02:37,[TACOM];[CSR];[Admin];[ReadOnlyAudit];LocalDomainServers;CN=Renata Vasquez-Holm/OU=CHPSID/O=TACOM,CN=Lorraine Whitcombe/OU=CHPSID/O=TACOM;[Admin]
45BD784966C3D1918E11A79A97963AA5,FF4A,9C57E5B891ACEAC3FB52BBC3E9878DB1,01/25/2013 15:19:25,01/25/2013 15:19:25,CN=Renata Vasquez-Holm/OU=CHPSID/O=TACOM,,VMA-2012-000077,9C57E5B891ACEAC3FB52BBC3E9878DB1,HRC Query,,,Sent eligibility query to HRC Awards Branch. Requester satisfied.,Sent eligibility query to HRC Awards Branch,02/01/2013,,CN=Renata Vasquez-Holm/OU=CHPSID/O=TACOM,01/25/2013 15:19:25,[TACOM];[CSR];[Admin];[ReadOnlyAudit];LocalDomainServers;CN=Dwayne Petrakis/OU=CHPSID/O=TACOM,CN=Renata Vasquez-Holm/OU=CHPSID/O=TACOM;[Admin]
67B2D4957299E76DB84967582D6B0316,FF4E,F48EAAD537D536934F0917A8E4E644E8,09/19/2009 16:15:05,09/19/2009 16:15:05,CN=Marlene Okafor/OU=CHPSID/O=TACOM,,VMA-2009-000051,F48EAAD537D536934F0917A8E4E644E8,QC Rework,,,"QC failed - engraving misspelled, returned to shop. See attached correspondence.","QC failed - engraving misspelled, returned to shop",,Yes,CN=Marlene Okafor/OU=CHPSID/O=TACOM,09/19/2009 16:15:05,[TACOM];[CSR];[Admin];[ReadOnlyAudit];LocalDomainServers;CN=Ret Hamlin/OU=CHPSID/O=TACOM,CN=Marlene Okafor/OU=CHPSID/O=TACOM;[Admin]
291B9CEDAB0401BF65AA0734D6557391,FF52,43CFB30B2F44B885E6231233D4AA4AF2,09/02/2024 17:57:47,09/02/2024 17:57:47,CN=Renata Vasquez-Holm/OU=CHPSID/O=TACOM,,VMA-2024-000093,43CFB30B2F44B885E6231233D4AA4AF2,QC Rework,,,"QC failed - engraving misspelled, returned to shop. No further action.","QC failed - engraving misspelled, returned to shop",,Yes,CN=Renata Vasquez-Holm/OU=CHPSID/O=TACOM,09/02/2024 17:57:47,[TACOM];[CSR];[Admin];[ReadOnlyAudit];LocalDomainServers;CN=Marlene Okafor/OU=CHPSID/O=TACOM,CN=Renata Vasquez-Holm/OU=CHPSID/O=TACOM;[Admin]
E0536DF1E69F3E5985A1033FA1C4F053,FF56,CD7330BD7034F5F4674659B63AD7778A,06/27/2025 17:07:33,06/27/2025 17:07:33,CN=Lorraine Whitcombe/OU=CHPSID/O=TACOM,,VMA-2025-000130,CD7330BD7034F5F4674659B63AD7778A,Phone Call - Inbound,Steven Villanueva-Cox,(703) 555-1788,Requester called for status. Follow-up required.,Requester called for status,,,CN=Lorraine Whitcombe/OU=CHPSID/O=TACOM,06/27/2025 17:07:33,[TACOM];[CSR];[Admin];[ReadOnlyAudit];LocalDomainServers;CN=Renata Vasquez-Holm/OU=CHPSID/O=TACOM,CN=Lorraine Whitcombe/OU=CHPSID/O=TACOM;[Admin]
00BD3F8376A6EF6D4B34FA4DBC5CA93C,FF5A,0EFC759AE5BDBBCFBC18D56D12D428E9,05/15/2014 11:53:50,05/15/2014 11:53:50,CN=Lorraine Whitcombe/OU=CHPSID/O=TACOM,,VMA-2014-000055,0EFC759AE5BDBBCFBC18D56D12D428E9,QC Rework,,,"QC failed - engraving misspelled, returned to shop. Requester satisfied.","QC failed - engraving misspelled, returned to shop",,Yes,CN=Lorraine Whitcombe/OU=CHPSID/O=TACOM,05/15/2014 11:53:50,[TACOM];[CSR];[Admin];[ReadOnlyAudit];LocalDomainServers;CN=Dwayne Petrakis/OU=CHPSID/O=TACOM,CN=Lorraine Whitcombe/OU=CHPSID/O=TACOM;[Admin]
FC72B58BF01675592B214F249107A1EF,FF5E,B7873EAF4657FA8646DA3F0723E8753E,09/03/2008 20:40:21,09/03/2008 20:40:21,CN=Lorraine Whitcombe/OU=CHPSID/O=TACOM,,VMA-2008-000017,B7873EAF4657FA8646DA3F0723E8753E,HRC Query,,,Sent eligibility query to HRC Awards Branch. Follow-up required.,Sent eligibility query to HRC Awards Branch,09/11/2008,Yes,CN=Lorraine Whitcombe/OU=CHPSID/O=TACOM,09/03/2008 20:40:21,[TACOM];[CSR];[Admin];[ReadOnlyAudit];LocalDomainServers;CN=Marlene Okafor/OU=CHPSID/O=TACOM,CN=Lorraine Whitcombe/OU=CHPSID/O=TACOM;[Admin]
4CF2CB77A5A608043B8F99E6EA672B80,FF62,6D14B6110C5CD457B7B9D4E66C320D1A,01/09/2018 21:35:09,01/09/2018 21:35:09,CN=Marlene Okafor/OU=CHPSID/O=TACOM,,VMA-2018-000032,6D14B6110C5CD457B7B9D4E66C320D1A,Backorder,,,Item backordered - requester notified. See attached correspondence.,Item backordered - requester notified,,Yes,CN=Marlene Okafor/OU=CHPSID/O=TACOM,01/09/2018 21:35:09,[TACOM];[CSR];[Admin];[ReadOnlyAudit];LocalDomainServers;CN=Dwayne Petrakis/OU=CHPSID/O=TACOM,CN=Marlene Okafor/OU=CHPSID/O=TACOM;[Admin]
003C4EA3C3D6E2149ACCA940B7F2AC7C,FF66,6EABDBFBBFB5CA04B420F4550646A5A5,07/15/2026 11:58:55,07/15/2026 11:58:55,CN=Renata Vasquez-Holm/OU=CHPSID/O=TACOM,,VMA-2026-000371,6EABDBFBBFB5CA04B420F4550646A5A5,NOK Documentation,,,Death certificate / relationship proof received. Follow-up required.,Death certificate / relationship proof received,07/26/2026,Yes,CN=Renata Vasquez-Holm/OU=CHPSID/O=TACOM,07/15/2026 11:58:55,[TACOM];[CSR];[Admin];[ReadOnlyAudit];LocalDomainServers;CN=Marlene Okafor/OU=CHPSID/O=TACOM,CN=Renata Vasquez-Holm/OU=CHPSID/O=TACOM;[Admin]
2B2A5A5F488FC279E55B366CDB293C27,FF6A,67B4069C7FB2F0317A4C7101157C963C,07/07/2011 15:28:26,07/07/2011 15:28:26,CN=Dwayne Petrakis/OU=CHPSID/O=TACOM,,VMA-2011-000031,67B4069C7FB2F0317A4C7101157C963C,Phone Call - Outbound,Jeffrey Barrowclough,(540) 555-1542,Called requester to confirm address. See attached correspondence.,Called requester to confirm address,,,CN=Dwayne Petrakis/OU=CHPSID/O=TACOM,07/07/2011 15:28:26,[TACOM];[CSR];[Admin];[ReadOnlyAudit];LocalDomainServers;CN=Ret Hamlin/OU=CHPSID/O=TACOM,CN=Dwayne Petrakis/OU=CHPSID/O=TACOM;[Admin]
1D49B69813DFAD3220CC3489355BE088,FF6E,A10FA2B56B19BD2AE7AF2E27FA143961,08/29/2021 09:09:56,08/29/2021 09:09:56,CN=Marlene Okafor/OU=CHPSID/O=TACOM,,VMA-2021-000004,A10FA2B56B19BD2AE7AF2E27FA143961,Backorder,,,Item backordered - requester notified. Requester satisfied.,Item backordered - requester notified,,,CN=Marlene Okafor/OU=CHPSID/O=TACOM,08/29/2021 09:09:56,[TACOM];[CSR];[Admin];[ReadOnlyAudit];LocalDomainServers;CN=Benedetta Kowalczyk/OU=CHPSID/O=TACOM,CN=Marlene Okafor/OU=CHPSID/O=TACOM;[Admin]
594E361E25976EAE6BCF9B0110184403,FF72,4A39BBBCFD59368E70796AA110EBBD5B,08/30/2015 18:33:56,08/30/2015 18:33:56,CN=Lorraine Whitcombe/OU=CHPSID/O=TACOM,,VMA-2015-000057,4A39BBBCFD59368E70796AA110EBBD5B,QC Rework,,,"QC failed - engraving misspelled, returned to shop. Follow-up required.","QC failed - engraving misspelled, returned to shop",,Yes,CN=Lorraine Whitcombe/OU=CHPSID/O=TACOM,08/30/2015 18:33:56,[TACOM];[CSR];[Admin];[ReadOnlyAudit];LocalDomainServers;CN=Lorraine Whitcombe/OU=CHPSID/O=TACOM,CN=Lorraine Whitcombe/OU=CHPSID/O=TACOM;[Admin]
BA644A1F4DE87FEE89AEA8CCDFCF1697,FF76,6DAD40692E50EE40B865AC5670B25D75,07/08/2026 14:11:09,07/08/2026 14:11:09,CN=Ret Hamlin/OU=CHPSID/O=TACOM,,VMA-2026-000253,6DAD40692E50EE40B865AC5670B25D75,Phone Call - Inbound,Tyler Jankowitz,(703) 555-1368,Requester called for status. Requester satisfied.,Requester called for status,,Yes,CN=Ret Hamlin/OU=CHPSID/O=TACOM,07/08/2026 14:11:09,[TACOM];[CSR];[Admin];[ReadOnlyAudit];LocalDomainServers;CN=Benedetta Kowalczyk/OU=CHPSID/O=TACOM,CN=Ret Hamlin/OU=CHPSID/O=TACOM;[Admin]
A31A24DA4701BA28C38A5E6A262559EE,FF7A,A0395162CC538369BF4AFC358F094FA7,08/27/2006 09:43:36,08/27/2006 09:43:36,CN=Ret Hamlin/OU=CHPSID/O=TACOM,,VMA-2006-000023,A0395162CC538369BF4AFC358F094FA7,General,,,General note. Follow-up required.,General note,09/08/2006,Yes,CN=Ret Hamlin/OU=CHPSID/O=TACOM,08/27/2006 09:43:36,[TACOM];[CSR];[Admin];[ReadOnlyAudit];LocalDomainServers;CN=Marlene Okafor/OU=CHPSID/O=TACOM,CN=Ret Hamlin/OU=CHPSID/O=TACOM;[Admin]
90FC36E5843B68344CD8415B691D8461,FF7E,A8DB148F402F99BDE6B9FC020B4E81C3,06/20/2007 23:07:29,06/20/2007 23:07:29,CN=Dwayne Petrakis/OU=CHPSID/O=TACOM,,VMA-2007-000089,A8DB148F402F99BDE6B9FC020B4E81C3,Phone Call - Inbound,Charles Benavidez-Cruz,(703) 555-1418,Requester called for status. Escalated to lead CSR.,Requester called for status,,Yes,CN=Dwayne Petrakis/OU=CHPSID/O=TACOM,06/20/2007 23:07:29,[TACOM];[CSR];[Admin];[ReadOnlyAudit];LocalDomainServers;CN=Renata Vasquez-Holm/OU=CHPSID/O=TACOM,CN=Dwayne Petrakis/OU=CHPSID/O=TACOM;[Admin]
29D5519ACE5E0449E5E6366E20E583CC,FF82,5F183CB95526F28D5A5FE57640FA21CF,02/01/2013 11:19:53,02/01/2013 11:19:53,CN=Marlene Okafor/OU=CHPSID/O=TACOM,,VMA-2012-000010,5F183CB95526F28D5A5FE57640FA21CF,Phone Call - Outbound,Leonard Galbreath,(484) 555-1069,Called requester to confirm address. Requester satisfied.,Called requester to confirm address,02/14/2013,,CN=Marlene Okafor/OU=CHPSID/O=TACOM,02/01/2013 11:19:53,[TACOM];[CSR];[Admin];[ReadOnlyAudit];LocalDomainServers;CN=Benedetta Kowalczyk/OU=CHPSID/O=TACOM,CN=Marlene Okafor/OU=CHPSID/O=TACOM;[Admin]
21A19E186C6BB988BA43778C30DFD994,FF86,9E2B6FC77F551783B386AE379864FFB0,08/12/2007 22:12:09,08/12/2007 22:12:09,CN=Ret Hamlin/OU=CHPSID/O=TACOM,,VMA-2007-000022,9E2B6FC77F551783B386AE379864FFB0,NPRC Query,,,Requested OMPF verification from NPRC. Requester satisfied.,Requested OMPF verification from NPRC,,,CN=Ret Hamlin/OU=CHPSID/O=TACOM,08/12/2007 22:12:09,[TACOM];[CSR];[Admin];[ReadOnlyAudit];LocalDomainServers;CN=Renata Vasquez-Holm/OU=CHPSID/O=TACOM,CN=Ret Hamlin/OU=CHPSID/O=TACOM;[Admin]
AA4906915C03A3B659D356DD1BE86C4B,FF8A,EE76882494A975E9C91D67016BFE93C8,07/25/2013 13:47:21,07/25/2013 13:47:21,CN=Lorraine Whitcombe/OU=CHPSID/O=TACOM,Correspondence_VMA-2013-000042.pdf,VMA-2013-000042,EE76882494A975E9C91D67016BFE93C8,QC Rework,,,"QC failed - engraving misspelled, returned to shop. No further action.","QC failed - engraving misspelled, returned to shop",,Yes,CN=Lorraine Whitcombe/OU=CHPSID/O=TACOM,07/25/2013 13:47:21,[TACOM];[CSR];[Admin];[ReadOnlyAudit];LocalDomainServers;CN=Ret Hamlin/OU=CHPSID/O=TACOM,CN=Lorraine Whitcombe/OU=CHPSID/O=TACOM;[Admin]
4E486BAA257ED8DD36BA2E735BABE8F0,FF8E,3442F69BF48CD9266128E59BC417CD73,11/06/2006 18:41:30,11/06/2006 18:41:30,CN=Marlene Okafor/OU=CHPSID/O=TACOM,,VMA-2006-000053,3442F69BF48CD9266128E59BC417CD73,Congressional Inquiry,,,Congressional inquiry received - response due 10 days. Escalated to lead CSR.,Congressional inquiry received - response due 10 days,11/15/2006,Yes,CN=Marlene Okafor/OU=CHPSID/O=TACOM,11/06/2006 18:41:30,[TACOM];[CSR];[Admin];[ReadOnlyAudit];LocalDomainServers;CN=Ret Hamlin/OU=CHPSID/O=TACOM,CN=Marlene Okafor/OU=CHPSID/O=TACOM;[Admin]
9BC7D84DF6E0E842E5B34D47F1D7E354,FF92,0D504DFFAFCD1F61830CD84ED7F9C2A7,11/15/2018 09:23:45,11/15/2018 09:23:45,CN=Ret Hamlin/OU=CHPSID/O=TACOM,,VMA-2018-000050,0D504DFFAFCD1F61830CD84ED7F9C2A7,Phone Call - Outbound,Anthony Fairweather,(410) 555-1453,Called requester to confirm address. Escalated to lead CSR.,Called requester to confirm address,,Yes,CN=Ret Hamlin/OU=CHPSID/O=TACOM,11/15/2018 09:23:45,[TACOM];[CSR];[Admin];[ReadOnlyAudit];LocalDomainServers;CN=Renata Vasquez-Holm/OU=CHPSID/O=TACOM,CN=Ret Hamlin/OU=CHPSID/O=TACOM;[Admin]
05DD650D221223CD1655BDE6A5DA3942,FF96,B3FCA693783764C088A90C1E416234F6,01/17/2006 13:14:03,01/17/2006 13:14:03,CN=Dwayne Petrakis/OU=CHPSID/O=TACOM,,VMA-2005-000010,B3FCA693783764C088A90C1E416234F6,HRC Query,,,Sent eligibility query to HRC Awards Branch. See attached correspondence.,Sent eligibility query to HRC Awards Branch,01/25/2006,Yes,CN=Dwayne Petrakis/OU=CHPSID/O=TACOM,01/17/2006 13:14:03,[TACOM];[CSR];[Admin];[ReadOnlyAudit];LocalDomainServers;CN=Benedetta Kowalczyk/OU=CHPSID/O=TACOM,CN=Dwayne Petrakis/OU=CHPSID/O=TACOM;[Admin]
47C79461014AFC3211FE9D9589EF154B,FF9A,3A42147A6AA45D4DD2D9D920C3663116,04/27/2026 20:49:46,04/27/2026 20:49:46,CN=Marlene Okafor/OU=CHPSID/O=TACOM,Correspondence_VMA-2026-000237.pdf,VMA-2026-000237,3A42147A6AA45D4DD2D9D920C3663116,General,,,General note. No further action.,General note,,Yes,CN=Marlene Okafor/OU=CHPSID/O=TACOM,04/27/2026 20:49:46,[TACOM];[CSR];[Admin];[ReadOnlyAudit];LocalDomainServers;CN=Lorraine Whitcombe/OU=CHPSID/O=TACOM,CN=Marlene Okafor/OU=CHPSID/O=TACOM;[Admin]
0944C38E326B2DAB762259AACF1E7359,FF9E,9E693F3DF6B12944076B6ACDF907616F,08/27/2026 13:06:51,08/27/2026 13:06:51,CN=Dwayne Petrakis/OU=CHPSID/O=TACOM,Correspondence_VMA-2026-000563.pdf,VMA-2026-000563,9E693F3DF6B12944076B6ACDF907616F,NPRC Query,,,Requested OMPF verification from NPRC. Follow-up required.,Requested OMPF verification from NPRC,,,CN=Dwayne Petrakis/OU=CHPSID/O=TACOM,08/27/2026 13:06:51,[TACOM];[CSR];[Admin];[ReadOnlyAudit];LocalDomainServers;CN=Benedetta Kowalczyk/OU=CHPSID/O=TACOM,CN=Dwayne Petrakis/OU=CHPSID/O=TACOM;[Admin]
D87723683DA55A5043FFC80DAF81E839,FFA2,B115901DE80AFD6442FCA9F08E1B5FF7,08/11/2024 10:35:56,08/11/2024 10:35:56,CN=Renata Vasquez-Holm/OU=CHPSID/O=TACOM,Correspondence_VMA-2024-000069.pdf,VMA-2024-000069,B115901DE80AFD6442FCA9F08E1B5FF7,NPRC Query,,,Requested OMPF verification from NPRC. Escalated to lead CSR.,Requested OMPF verification from NPRC,08/17/2024,Yes,CN=Renata Vasquez-Holm/OU=CHPSID/O=TACOM,08/11/2024 10:35:56,[TACOM];[CSR];[Admin];[ReadOnlyAudit];LocalDomainServers;CN=Ret Hamlin/OU=CHPSID/O=TACOM,CN=Renata Vasquez-Holm/OU=CHPSID/O=TACOM;[Admin]
A05ED85E5965C86388EC34A3D7007E52,FFA6,412DD2F81A87DAF5CDEFFBED608D51D6,04/19/2024 19:46:42,04/19/2024 19:46:42,CN=Dwayne Petrakis/OU=CHPSID/O=TACOM,,VMA-2024-000007,412DD2F81A87DAF5CDEFFBED608D51D6,QC Rework,,,"QC failed - engraving misspelled, returned to shop. Follow-up required.","QC failed - engraving misspelled, returned to shop",04/24/2024,,CN=Dwayne Petrakis/OU=CHPSID/O=TACOM,04/19/2024 19:46:42,[TACOM];[CSR];[Admin];[ReadOnlyAudit];LocalDomainServers;CN=Renata Vasquez-Holm/OU=CHPSID/O=TACOM,CN=Dwayne Petrakis/OU=CHPSID/O=TACOM;[Admin]
07BB9A986235341C1C40F68C083C4023,FFAA,E64B171EB5195486A6D8BCC38B1C7658,12/29/2004 23:48:58,12/29/2004 23:48:58,CN=Dwayne Petrakis/OU=CHPSID/O=TACOM,,VMA-2004-000044,E64B171EB5195486A6D8BCC38B1C7658,Address Correction,,,Address updated per requester. No further action.,Address updated per requester,01/01/2005,Yes,CN=Dwayne Petrakis/OU=CHPSID/O=TACOM,12/29/2004 23:48:58,[TACOM];[CSR];[Admin];[ReadOnlyAudit];LocalDomainServers;CN=Dwayne Petrakis/OU=CHPSID/O=TACOM,CN=Dwayne Petrakis/OU=CHPSID/O=TACOM;[Admin]
C8FB81B21E803D050502FC4A7119608B,FFAE,9C17BD75C1959399B368D0274C3FB966,08/03/2019 15:26:43,08/03/2019 15:26:43,CN=Marlene Okafor/OU=CHPSID/O=TACOM,,VMA-2019-000040,9C17BD75C1959399B368D0274C3FB966,Phone Call - Inbound,Darnell Kellerhaus,(717) 555-1961,Requester called for status. Follow-up required.,Requester called for status,,,CN=Marlene Okafor/OU=CHPSID/O=TACOM,08/03/2019 15:26:43,[TACOM];[CSR];[Admin];[ReadOnlyAudit];LocalDomainServers;CN=Benedetta Kowalczyk/OU=CHPSID/O=TACOM,CN=Marlene Okafor/OU=CHPSID/O=TACOM;[Admin]
2365E078B9B6F7F9790C173DC551761E,FFB2,29D4664A8567BEDD14103708AEDEB9D0,08/26/2019 19:11:04,08/26/2019 19:11:04,CN=Marlene Okafor/OU=CHPSID/O=TACOM,,VMA-2019-000029,29D4664A8567BEDD14103708AEDEB9D0,HRC Query,,,Sent eligibility query to HRC Awards Branch. No further action.,Sent eligibility query to HRC Awards Branch,08/30/2019,Yes,CN=Marlene Okafor/OU=CHPSID/O=TACOM,08/26/2019 19:11:04,[TACOM];[CSR];[Admin];[ReadOnlyAudit];LocalDomainServers;CN=Marlene Okafor/OU=CHPSID/O=TACOM,CN=Marlene Okafor/OU=CHPSID/O=TACOM;[Admin]
020EDDCDACFEF341B46D513532EBB596,FFB6,1676081EA51073EFF0480B9BF6E7D4FC,07/11/2026 13:32:53,07/11/2026 13:32:53,CN=Renata Vasquez-Holm/OU=CHPSID/O=TACOM,,VMA-2026-000242,1676081EA51073EFF0480B9BF6E7D4FC,Address Correction,,,Address updated per requester. Requester satisfied.,Address updated per requester,,,CN=Renata Vasquez-Holm/OU=CHPSID/O=TACOM,07/11/2026 13:32:53,[TACOM];[CSR];[Admin];[ReadOnlyAudit];LocalDomainServers;CN=Lorraine Whitcombe/OU=CHPSID/O=TACOM,CN=Renata Vasquez-Holm/OU=CHPSID/O=TACOM;[Admin]
6AF2AD6D5E696588854FA22973A56C29,FFBA,C3880424F2927A9A6182BD48151B1395,07/23/2021 09:06:47,07/23/2021 09:06:47,CN=Renata Vasquez-Holm/OU=CHPSID/O=TACOM,,VMA-2021-000117,C3880424F2927A9A6182BD48151B1395,Phone Call - Outbound,Charles Underhill-Voss,(410) 555-1090,Called requester to confirm address. See attached correspondence.,Called requester to confirm address,,Yes,CN=Renata Vasquez-Holm/OU=CHPSID/O=TACOM,07/23/2021 09:06:47,[TACOM];[CSR];[Admin];[ReadOnlyAudit];LocalDomainServers;CN=Marlene Okafor/OU=CHPSID/O=TACOM,CN=Renata Vasquez-Holm/OU=CHPSID/O=TACOM;[Admin]
66840397B500F0E8DBE657816852EC79,FFBE,4669C544BFE44D9863D8B46A319D9F75,05/25/2006 16:47:29,05/25/2006 16:47:29,CN=Ret Hamlin/OU=CHPSID/O=TACOM,,VMA-2006-000048,4669C544BFE44D9863D8B46A319D9F75,Phone Call - Inbound,Carl Jankowitz,(410) 555-1971,Requester called for status. See attached correspondence.,Requester called for status,06/01/2006,,CN=Ret Hamlin/OU=CHPSID/O=TACOM,05/25/2006 16:47:29,[TACOM];[CSR];[Admin];[ReadOnlyAudit];LocalDomainServers;CN=Marlene Okafor/OU=CHPSID/O=TACOM,CN=Ret Hamlin/OU=CHPSID/O=TACOM;[Admin]
6E1500D02C7B5957365F9F7ED7117F96,FFC2,11CBE5CEB826F9512DD573FBFC94E211,09/10/2024 16:47:30,09/10/2024 16:47:30,CN=Ret Hamlin/OU=CHPSID/O=TACOM,,VMA-2024-000082,11CBE5CEB826F9512DD573FBFC94E211,NOK Documentation,,,Death certificate / relationship proof received. No further action.,Death certificate / relationship proof received,,Yes,CN=Ret Hamlin/OU=CHPSID/O=TACOM,09/10/2024 16:47:30,[TACOM];[CSR];[Admin];[ReadOnlyAudit];LocalDomainServers;CN=Dwayne Petrakis/OU=CHPSID/O=TACOM,CN=Ret Hamlin/OU=CHPSID/O=TACOM;[Admin]
C91461D83F1D40567795851C83FA286F,FFC6,76550F748C84A5762BCCACA35B9F1B13,11/08/2007 15:11:09,11/08/2007 15:11:09,CN=Lorraine Whitcombe/OU=CHPSID/O=TACOM,,VMA-2007-000068,76550F748C84A5762BCCACA35B9F1B13,Congressional Inquiry,,,Congressional inquiry received - response due 10 days. Follow-up required.,Congressional inquiry received - response due 10 days,,,CN=Lorraine Whitcombe/OU=CHPSID/O=TACOM,11/08/2007 15:11:09,[TACOM];[CSR];[Admin];[ReadOnlyAudit];LocalDomainServers;CN=Marlene Okafor/OU=CHPSID/O=TACOM,CN=Lorraine Whitcombe/OU=CHPSID/O=TACOM;[Admin]
EA3469517175C6C088AD754A26D3FD31,FFCA,24F3D9B375217C6CBB84A5F0E005F223,12/22/2020 18:21:13,12/22/2020 18:21:13,CN=Dwayne Petrakis/OU=CHPSID/O=TACOM,,VMA-2020-000003,24F3D9B375217C6CBB84A5F0E005F223,Congressional Inquiry,,,Congressional inquiry received - response due 10 days. No further action.,Congressional inquiry received - response due 10 days,12/30/2020,Yes,CN=Dwayne Petrakis/OU=CHPSID/O=TACOM,12/22/2020 18:21:13,[TACOM];[CSR];[Admin];[ReadOnlyAudit];LocalDomainServers;CN=Ret Hamlin/OU=CHPSID/O=TACOM,CN=Dwayne Petrakis/OU=CHPSID/O=TACOM;[Admin]
E2A8623087F1866A0B8499B76042924A,FFCE,84375394EBA8FA319080457620FFA7EA,08/10/2014 15:31:53,08/10/2014 15:31:53,CN=Marlene Okafor/OU=CHPSID/O=TACOM,,VMA-2014-000007,84375394EBA8FA319080457620FFA7EA,Phone Call - Inbound,Brian Rockwell-Sayre Jr.,(703) 555-1667,Requester called for status. Follow-up required.,Requester called for status,,,CN=Marlene Okafor/OU=CHPSID/O=TACOM,08/10/2014 15:31:53,[TACOM];[CSR];[Admin];[ReadOnlyAudit];LocalDomainServers;CN=Renata Vasquez-Holm/OU=CHPSID/O=TACOM,CN=Marlene Okafor/OU=CHPSID/O=TACOM;[Admin]
720DD07BED8E2F095A29170E4E869FAA,FFD2,4EFAD0AF9DB0811AE9130DE899A66592,06/12/2021 11:44:42,06/12/2021 11:44:42,CN=Lorraine Whitcombe/OU=CHPSID/O=TACOM,,VMA-2021-000088,4EFAD0AF9DB0811AE9130DE899A66592,Phone Call - Inbound,David Ellsworthy,(215) 555-1916,Requester called for status. No further action.,Requester called for status,,Yes,CN=Lorraine Whitcombe/OU=CHPSID/O=TACOM,06/12/2021 11:44:42,[TACOM];[CSR];[Admin];[ReadOnlyAudit];LocalDomainServers;CN=Benedetta Kowalczyk/OU=CHPSID/O=TACOM,CN=Lorraine Whitcombe/OU=CHPSID/O=TACOM;[Admin]
47F4C9FE5A738A95F8B11E346AF8AF18,FFD6,1BCC5D572D65D1A9C0657C31B3FF9DD6,05/06/2005 00:25:14,05/06/2005 00:25:14,CN=Marlene Okafor/OU=CHPSID/O=TACOM,,VMA-2005-000058,1BCC5D572D65D1A9C0657C31B3FF9DD6,HRC Query,,,Sent eligibility query to HRC Awards Branch. Escalated to lead CSR.,Sent eligibility query to HRC Awards Branch,05/14/2005,Yes,CN=Marlene Okafor/OU=CHPSID/O=TACOM,05/06/2005 00:25:14,[TACOM];[CSR];[Admin];[ReadOnlyAudit];LocalDomainServers;CN=Ret Hamlin/OU=CHPSID/O=TACOM,CN=Marlene Okafor/OU=CHPSID/O=TACOM;[Admin]
0AF1ADB5D7009BDB35216B1038CE05EE,FFDA,252792CBB9C983CFFA16830706A7C81A,07/10/2026 22:27:30,07/10/2026 22:27:30,CN=Marlene Okafor/OU=CHPSID/O=TACOM,,VMA-2026-000180,252792CBB9C983CFFA16830706A7C81A,QC Rework,,,"QC failed - engraving misspelled, returned to shop. See attached correspondence.","QC failed - engraving misspelled, returned to shop",,Yes,CN=Marlene Okafor/OU=CHPSID/O=TACOM,07/10/2026 22:27:30,[TACOM];[CSR];[Admin];[ReadOnlyAudit];LocalDomainServers;CN=Renata Vasquez-Holm/OU=CHPSID/O=TACOM,CN=Marlene Okafor/OU=CHPSID/O=TACOM;[Admin]
D2D79F54CDDBAEDCE747EFFBAA021C3E,FFDE,040DB00E2F676DDCBB0663A2108791AD,04/29/2010 21:38:11,04/29/2010 21:38:11,CN=Lorraine Whitcombe/OU=CHPSID/O=TACOM,,VMA-2010-000019,040DB00E2F676DDCBB0663A2108791AD,Phone Call - Inbound,Evelyn Lockridge,(703) 555-1349,Requester called for status. Follow-up required.,Requester called for status,05/02/2010,Yes,CN=Lorraine Whitcombe/OU=CHPSID/O=TACOM,04/29/2010 21:38:11,[TACOM];[CSR];[Admin];[ReadOnlyAudit];LocalDomainServers;CN=Lorraine Whitcombe/OU=CHPSID/O=TACOM,CN=Lorraine Whitcombe/OU=CHPSID/O=TACOM;[Admin]
495282CA9844804E28E0BB4302118600,FFE2,27AB46477586CC0B996637EA38B21BA0,07/04/2026 15:00:16,07/04/2026 15:00:16,CN=Renata Vasquez-Holm/OU=CHPSID/O=TACOM,,VMA-2026-000618,27AB46477586CC0B996637EA38B21BA0,Congressional Inquiry,,,Congressional inquiry received - response due 10 days. Requester satisfied.,Congressional inquiry received - response due 10 days,,Yes,CN=Renata Vasquez-Holm/OU=CHPSID/O=TACOM,07/04/2026 15:00:16,[TACOM];[CSR];[Admin];[ReadOnlyAudit];LocalDomainServers;CN=Renata Vasquez-Holm/OU=CHPSID/O=TACOM,CN=Renata Vasquez-Holm/OU=CHPSID/O=TACOM;[Admin]
0D7C9D4D3B445E6A1F7281C0EEFFBFDB,FFE6,0B5A84B85B00BC87ECB2E1B78F0BC864,10/30/2019 18:43:47,10/30/2019 18:43:47,CN=Ret Hamlin/OU=CHPSID/O=TACOM,Correspondence_VMA-2019-000075.pdf,VMA-2019-000075,0B5A84B85B00BC87ECB2E1B78F0BC864,Address Correction,,,Address updated per requester. No further action.,Address updated per requester,,,CN=Ret Hamlin/OU=CHPSID/O=TACOM,10/30/2019 18:43:47,[TACOM];[CSR];[Admin];[ReadOnlyAudit];LocalDomainServers;CN=Renata Vasquez-Holm/OU=CHPSID/O=TACOM,CN=Ret Hamlin/OU=CHPSID/O=TACOM;[Admin]
CBC9F3745B02BC03AEEA273812ED75F1,FFEA,13574D508DD01C54D4A16DF4D2303D2E,12/09/2015 11:30:41,12/09/2015 11:30:41,CN=Lorraine Whitcombe/OU=CHPSID/O=TACOM,,VMA-2015-000025,13574D508DD01C54D4A16DF4D2303D2E,Address Correction,,,Address updated per requester. See attached correspondence.,Address updated per requester,12/12/2015,Yes,CN=Lorraine Whitcombe/OU=CHPSID/O=TACOM,12/09/2015 11:30:41,[TACOM];[CSR];[Admin];[ReadOnlyAudit];LocalDomainServers;CN=Benedetta Kowalczyk/OU=CHPSID/O=TACOM,CN=Lorraine Whitcombe/OU=CHPSID/O=TACOM;[Admin]
F02B45108E968A8FA32FFDAF845F3496,FFEE,37521C305B9B3543A1B88D4A58E61D99,02/01/2026 00:10:55,02/01/2026 00:10:55,CN=Marlene Okafor/OU=CHPSID/O=TACOM,,VMA-2026-000335,37521C305B9B3543A1B88D4A58E61D99,Phone Call - Outbound,Stephanie Zimmerly,(856) 555-1798,Called requester to confirm address. Requester satisfied.,Called requester to confirm address,02/10/2026,Yes,CN=Marlene Okafor/OU=CHPSID/O=TACOM,02/01/2026 00:10:55,[TACOM];[CSR];[Admin];[ReadOnlyAudit];LocalDomainServers;CN=Renata Vasquez-Holm/OU=CHPSID/O=TACOM,CN=Marlene Okafor/OU=CHPSID/O=TACOM;[Admin]
531330D1F8A8D93AFCF27D3E846F6051,FFF2,B60D8CA961346D61E41A5E9E25C53470,07/05/2012 10:35:21,07/05/2012 10:35:21,CN=Renata Vasquez-Holm/OU=CHPSID/O=TACOM,,VMA-2012-000066,B60D8CA961346D61E41A5E9E25C53470,HRC Query,,,Sent eligibility query to HRC Awards Branch. Follow-up required.,Sent eligibility query to HRC Awards Branch,,Yes,CN=Renata Vasquez-Holm/OU=CHPSID/O=TACOM,07/05/2012 10:35:21,[TACOM];[CSR];[Admin];[ReadOnlyAudit];LocalDomainServers;CN=Dwayne Petrakis/OU=CHPSID/O=TACOM,CN=Renata Vasquez-Holm/OU=CHPSID/O=TACOM;[Admin]
3F5A2F048522C7ADB466782DA866CE21,FFF6,269FBB1C77E25C1ED4E882322830F6D7,11/23/2008 10:51:06,11/23/2008 10:51:06,CN=Benedetta Kowalczyk/OU=CHPSID/O=TACOM,,VMA-2008-000096,269FBB1C77E25C1ED4E882322830F6D7,HRC Query,,,Sent eligibility query to HRC Awards Branch. Follow-up required.,Sent eligibility query to HRC Awards Branch,11/28/2008,,CN=Benedetta Kowalczyk/OU=CHPSID/O=TACOM,11/23/2008 10:51:06,[TACOM];[CSR];[Admin];[ReadOnlyAudit];LocalDomainServers;CN=Marlene Okafor/OU=CHPSID/O=TACOM,CN=Benedetta Kowalczyk/OU=CHPSID/O=TACOM;[Admin]
4923C1B2E3A7FE59992F736DCDFB68CD,FFFA,B78750A4AC987384EA2CC4188089A9AD,01/14/2012 17:55:27,01/14/2012 17:55:27,CN=Benedetta Kowalczyk/OU=CHPSID/O=TACOM,,VMA-2012-000120,B78750A4AC987384EA2CC4188089A9AD,HRC Query,,,Sent eligibility query to HRC Awards Branch. Follow-up required.,Sent eligibility query to HRC Awards Branch,,,CN=Benedetta Kowalczyk/OU=CHPSID/O=TACOM,01/14/2012 17:55:27,[TACOM];[CSR];[Admin];[ReadOnlyAudit];LocalDomainServers;CN=Lorraine Whitcombe/OU=CHPSID/O=TACOM,CN=Benedetta Kowalczyk/OU=CHPSID/O=TACOM;[Admin]
DAF90F81B602D6CDE564A48035C219F4,FFFE,8880BAE92DC5B7B146350CD99BF0E11D,09/09/2017 11:36:05,09/09/2017 11:36:05,CN=Lorraine Whitcombe/OU=CHPSID/O=TACOM,,VMA-2017-000069,8880BAE92DC5B7B146350CD99BF0E11D,NPRC Query,,,Requested OMPF verification from NPRC. Follow-up required.,Requested OMPF verification from NPRC,,,CN=Lorraine Whitcombe/OU=CHPSID/O=TACOM,09/09/2017 11:36:05,[TACOM];[CSR];[Admin];[ReadOnlyAudit];LocalDomainServers;CN=Dwayne Petrakis/OU=CHPSID/O=TACOM,CN=Lorraine Whitcombe/OU=CHPSID/O=TACOM;[Admin]
929E887BD09282888DC17148130890D5,10002,230AAD393D0DAB2ADFB2F37D6951378D,12/23/2015 20:47:40,12/23/2015 20:47:40,CN=Dwayne Petrakis/OU=CHPSID/O=TACOM,,VMA-2015-000043,230AAD393D0DAB2ADFB2F37D6951378D,NPRC Query,,,Requested OMPF verification from NPRC. Escalated to lead CSR.,Requested OMPF verification from NPRC,01/06/2016,Yes,CN=Dwayne Petrakis/OU=CHPSID/O=TACOM,12/23/2015 20:47:40,[TACOM];[CSR];[Admin];[ReadOnlyAudit];LocalDomainServers;CN=Renata Vasquez-Holm/OU=CHPSID/O=TACOM,CN=Dwayne Petrakis/OU=CHPSID/O=TACOM;[Admin]
A037BD906E856C009F914A28B0D348CE,10006,64E286BB1771B909C004DA8D31CB1529,07/07/2026 17:32:00,07/07/2026 17:32:00,CN=Marlene Okafor/OU=CHPSID/O=TACOM,,VMA-2026-000125,64E286BB1771B909C004DA8D31CB1529,Phone Call - Inbound,S. Delgadillo,(267) 555-1984,Requester called for status. Escalated to lead CSR.,Requester called for status,,Yes,CN=Marlene Okafor/OU=CHPSID/O=TACOM,07/07/2026 17:32:00,[TACOM];[CSR];[Admin];[ReadOnlyAudit];LocalDomainServers;CN=Lorraine Whitcombe/OU=CHPSID/O=TACOM,CN=Marlene Okafor/OU=CHPSID/O=TACOM;[Admin]
AE13763BEB61F19ECF362D1A86233177,1000A,AAF3D87ADD1799E46F669DC92DCFB3CD,11/14/2025 12:32:29,11/14/2025 12:32:29,CN=Ret Hamlin/OU=CHPSID/O=TACOM,,VMA-2025-000060,AAF3D87ADD1799E46F669DC92DCFB3CD,Congressional Inquiry,,,Congressional inquiry received - response due 10 days. See attached correspondence.,Congressional inquiry received - response due 10 days,,Yes,CN=Ret Hamlin/OU=CHPSID/O=TACOM,11/14/2025 12:32:29,[TACOM];[CSR];[Admin];[ReadOnlyAudit];LocalDomainServers;CN=Marlene Okafor/OU=CHPSID/O=TACOM,CN=Ret Hamlin/OU=CHPSID/O=TACOM;[Admin]
5888519667ACFF0CCC904BB517987002,1000E,DA023099764339221C8E32337C858F36,10/29/2012 11:12:14,10/29/2012 11:12:14,CN=Dwayne Petrakis/OU=CHPSID/O=TACOM,,VMA-2012-000060,DA023099764339221C8E32337C858F36,General,,,General note. No further action.,General note,,Yes,CN=Dwayne Petrakis/OU=CHPSID/O=TACOM,10/29/2012 11:12:14,[TACOM];[CSR];[Admin];[ReadOnlyAudit];LocalDomainServers;CN=Dwayne Petrakis/OU=CHPSID/O=TACOM,CN=Dwayne Petrakis/OU=CHPSID/O=TACOM;[Admin]
2DB6424AFC9D22C6E711F6403C5641C5,10012,3141CE8477CFDC1093222B92439DD822,02/22/2008 20:04:34,02/22/2008 20:04:34,CN=Renata Vasquez-Holm/OU=CHPSID/O=TACOM,,VMA-2008-000093,3141CE8477CFDC1093222B92439DD822,NOK Documentation,,,Death certificate / relationship proof received. Follow-up required.,Death certificate / relationship proof received,,Yes,CN=Renata Vasquez-Holm/OU=CHPSID/O=TACOM,02/22/2008 20:04:34,[TACOM];[CSR];[Admin];[ReadOnlyAudit];LocalDomainServers;CN=Lorraine Whitcombe/OU=CHPSID/O=TACOM,CN=Renata Vasquez-Holm/OU=CHPSID/O=TACOM;[Admin]
CEED5C30FE1509297248CF48E9D8CA10,10016,530597EC6A1F23F411294B52E1EF18B2,04/09/2016 21:52:54,04/09/2016 21:52:54,CN=Dwayne Petrakis/OU=CHPSID/O=TACOM,,VMA-2016-000059,530597EC6A1F23F411294B52E1EF18B2,Phone Call - Inbound,Leonard Zapata-Kell,(610) 555-1030,Requester called for status. Requester satisfied.,Requester called for status,,Yes,CN=Dwayne Petrakis/OU=CHPSID/O=TACOM,04/09/2016 21:52:54,[TACOM];[CSR];[Admin];[ReadOnlyAudit];LocalDomainServers;CN=Ret Hamlin/OU=CHPSID/O=TACOM,CN=Dwayne Petrakis/OU=CHPSID/O=TACOM;[Admin]
57AE4F26F9080466CBEEEEE7CD9093D8,1001A,1801F3F45EAB6952839D6FC576DB63FB,09/20/2022 21:43:15,09/20/2022 21:43:15,CN=Dwayne Petrakis/OU=CHPSID/O=TACOM,,VMA-2022-000094,1801F3F45EAB6952839D6FC576DB63FB,Congressional Inquiry,,,Congressional inquiry received - response due 10 days. Requester satisfied.,Congressional inquiry received - response due 10 days,,,CN=Dwayne Petrakis/OU=CHPSID/O=TACOM,09/20/2022 21:43:15,[TACOM];[CSR];[Admin];[ReadOnlyAudit];LocalDomainServers;CN=Marlene Okafor/OU=CHPSID/O=TACOM,CN=Dwayne Petrakis/OU=CHPSID/O=TACOM;[Admin]
A94CD4C3FD11954A47AFD312AA1B51B7,1001E,47F62DAF87DE6D73ADAFBFC29FE09F49,07/15/2023 19:48:02,07/15/2023 19:48:02,CN=Lorraine Whitcombe/OU=CHPSID/O=TACOM,,VMA-2023-000050,47F62DAF87DE6D73ADAFBFC29FE09F49,Phone Call - Outbound,Carlos Okonkwo-Bell,(484) 555-1955,Called requester to confirm address. No further action.,Called requester to confirm address,,Yes,CN=Lorraine Whitcombe/OU=CHPSID/O=TACOM,07/15/2023 19:48:02,[TACOM];[CSR];[Admin];[ReadOnlyAudit];LocalDomainServers;CN=Dwayne Petrakis/OU=CHPSID/O=TACOM,CN=Lorraine Whitcombe/OU=CHPSID/O=TACOM;[Admin]
8E04A2009BFCF39019AFAF5A0DDFBE58,10022,0D83CD94980103612DAE42AA8DC1F8F7,01/14/2010 22:37:09,01/14/2010 22:37:09,CN=Benedetta Kowalczyk/OU=CHPSID/O=TACOM,,VMA-2009-000026,0D83CD94980103612DAE42AA8DC1F8F7,Congressional Inquiry,,,Congressional inquiry received - response due 10 days. Follow-up required.,Congressional inquiry received - response due 10 days,,,CN=Benedetta Kowalczyk/OU=CHPSID/O=TACOM,01/14/2010 22:37:09,[TACOM];[CSR];[Admin];[ReadOnlyAudit];LocalDomainServers;CN=Lorraine Whitcombe/OU=CHPSID/O=TACOM,CN=Benedetta Kowalczyk/OU=CHPSID/O=TACOM;[Admin]
88F1C0BD09CCEBEDF5571E2AD161E9F3,10026,82A28A54EB8C402C0F3124AB3C2F0A87,10/07/2025 16:05:08,10/07/2025 16:05:08,CN=Ret Hamlin/OU=CHPSID/O=TACOM,,VMA-2025-000153,82A28A54EB8C402C0F3124AB3C2F0A87,Address Correction,,,Address updated per requester. Requester satisfied.,Address updated per requester,10/16/2025,Yes,CN=Ret Hamlin/OU=CHPSID/O=TACOM,10/07/2025 16:05:08,[TACOM];[CSR];[Admin];[ReadOnlyAudit];LocalDomainServers;CN=Lorraine Whitcombe/OU=CHPSID/O=TACOM,CN=Ret Hamlin/OU=CHPSID/O=TACOM;[Admin]
ABD3EB954DEC64CC9D6079D0A419E7A9,1002A,1505159DA4297D97A8FB2EA402196C13,02/08/2026 19:00:42,02/08/2026 19:00:42,CN=Benedetta Kowalczyk/OU=CHPSID/O=TACOM,,VMA-2026-000539,1505159DA4297D97A8FB2EA402196C13,Backorder,,,Item backordered - requester notified. Requester satisfied.,Item backordered - requester notified,,,CN=Benedetta Kowalczyk/OU=CHPSID/O=TACOM,02/08/2026 19:00:42,[TACOM];[CSR];[Admin];[ReadOnlyAudit];LocalDomainServers;CN=Renata Vasquez-Holm/OU=CHPSID/O=TACOM,CN=Benedetta Kowalczyk/OU=CHPSID/O=TACOM;[Admin]
992447E981CFB797869AE9534B3CD0BC,1002E,6EBF37D46CCBD25FEA77DCC519B286FD,08/22/2011 17:47:17,08/22/2011 17:47:17,CN=Marlene Okafor/OU=CHPSID/O=TACOM,,VMA-2011-000057,6EBF37D46CCBD25FEA77DCC519B286FD,NOK Documentation,,,Death certificate / relationship proof received. Escalated to lead CSR.,Death certificate / relationship proof received,09/01/2011,Yes,CN=Marlene Okafor/OU=CHPSID/O=TACOM,08/22/2011 17:47:17,[TACOM];[CSR];[Admin];[ReadOnlyAudit];LocalDomainServers;CN=Ret Hamlin/OU=CHPSID/O=TACOM,CN=Marlene Okafor/OU=CHPSID/O=TACOM;[Admin]
442DA1A40356142914E5A7F7D38296AB,10032,5C795F68721163404F284252BA33E12E,08/27/2010 00:37:34,08/27/2010 00:37:34,CN=Lorraine Whitcombe/OU=CHPSID/O=TACOM,,VMA-2010-000027,5C795F68721163404F284252BA33E12E,HRC Query,,,Sent eligibility query to HRC Awards Branch. Follow-up required.,Sent eligibility query to HRC Awards Branch,09/01/2010,Yes,CN=Lorraine Whitcombe/OU=CHPSID/O=TACOM,08/27/2010 00:37:34,[TACOM];[CSR];[Admin];[ReadOnlyAudit];LocalDomainServers;CN=Ret Hamlin/OU=CHPSID/O=TACOM,CN=Lorraine Whitcombe/OU=CHPSID/O=TACOM;[Admin]
83C1896DA60625E6AC5F52D37D521297,10036,4C634CE7523134173A1015773622FD6A,11/09/2024 18:45:50,11/09/2024 18:45:50,CN=Ret Hamlin/OU=CHPSID/O=TACOM,,VMA-2024-000080,4C634CE7523134173A1015773622FD6A,NOK Documentation,,,Death certificate / relationship proof received. Escalated to lead CSR.,Death certificate / relationship proof received,11/20/2024,Yes,CN=Ret Hamlin/OU=CHPSID/O=TACOM,11/09/2024 18:45:50,[TACOM];[CSR];[Admin];[ReadOnlyAudit];LocalDomainServers;CN=Lorraine Whitcombe/OU=CHPSID/O=TACOM,CN=Ret Hamlin/OU=CHPSID/O=TACOM;[Admin]
0B5D7F681B22FB98E5CF4CC4FAD1E377,1003A,BDA55FC5CB062985A3E38B051DEB834A,04/24/2019 15:42:30,04/24/2019 15:42:30,CN=Benedetta Kowalczyk/OU=CHPSID/O=TACOM,Correspondence_VMA-2019-000080.pdf,VMA-2019-000080,BDA55FC5CB062985A3E38B051DEB834A,HRC Query,,,Sent eligibility query to HRC Awards Branch. No further action.,Sent eligibility query to HRC Awards Branch,,,CN=Benedetta Kowalczyk/OU=CHPSID/O=TACOM,04/24/2019 15:42:30,[TACOM];[CSR];[Admin];[ReadOnlyAudit];LocalDomainServers;CN=Marlene Okafor/OU=CHPSID/O=TACOM,CN=Benedetta Kowalczyk/OU=CHPSID/O=TACOM;[Admin]
3E511A5727164BD4DCE6FC2414E27087,1003E,01C392B6271AF489EC5E1E2ECD5CEA30,03/22/2008 07:45:58,03/22/2008 07:45:58,CN=Ret Hamlin/OU=CHPSID/O=TACOM,,VMA-2008-000081,01C392B6271AF489EC5E1E2ECD5CEA30,QC Rework,,,"QC failed - engraving misspelled, returned to shop. Escalated to lead CSR.","QC failed - engraving misspelled, returned to shop",03/25/2008,Yes,CN=Ret Hamlin/OU=CHPSID/O=TACOM,03/22/2008 07:45:58,[TACOM];[CSR];[Admin];[ReadOnlyAudit];LocalDomainServers;CN=Marlene Okafor/OU=CHPSID/O=TACOM,CN=Ret Hamlin/OU=CHPSID/O=TACOM;[Admin]
3577945FC26277ABF901F59F32E8324F,10042,EA6A3D46E39EA6344D3DE13CD3EC3486,12/13/2011 11:29:22,12/13/2011 11:29:22,CN=Renata Vasquez-Holm/OU=CHPSID/O=TACOM,,VMA-2011-000011,EA6A3D46E39EA6344D3DE13CD3EC3486,Address Correction,,,Address updated per requester. Escalated to lead CSR.,Address updated per requester,12/17/2011,Yes,CN=Renata Vasquez-Holm/OU=CHPSID/O=TACOM,12/13/2011 11:29:22,[TACOM];[CSR];[Admin];[ReadOnlyAudit];LocalDomainServers;CN=Marlene Okafor/OU=CHPSID/O=TACOM,CN=Renata Vasquez-Holm/OU=CHPSID/O=TACOM;[Admin]
F62823F67B1D41691C5D02FC00E7389F,10046,419E590FFA3446B88EA81AD48BEBF7CB,06/03/2026 01:24:11,06/03/2026 01:24:11,CN=Ret Hamlin/OU=CHPSID/O=TACOM,,VMA-2026-000344,419E590FFA3446B88EA81AD48BEBF7CB,General,,,General note. Requester satisfied.,General note,06/07/2026,Yes,CN=Ret Hamlin/OU=CHPSID/O=TACOM,06/03/2026 01:24:11,[TACOM];[CSR];[Admin];[ReadOnlyAudit];LocalDomainServers;CN=Ret Hamlin/OU=CHPSID/O=TACOM,CN=Ret Hamlin/OU=CHPSID/O=TACOM;[Admin]
5D8E948C17C72AECB1DE580489CD7626,1004A,08EDAEB55EC5C86ED51A2AEDD03C124B,10/10/2012 00:47:54,10/10/2012 00:47:54,CN=Ret Hamlin/OU=CHPSID/O=TACOM,,VMA-2011-000027,08EDAEB55EC5C86ED51A2AEDD03C124B,Congressional Inquiry,,,Congressional inquiry received - response due 10 days. Escalated to lead CSR.,Congressional inquiry received - response due 10 days,,Yes,CN=Ret Hamlin/OU=CHPSID/O=TACOM,10/10/2012 00:47:54,[TACOM];[CSR];[Admin];[ReadOnlyAudit];LocalDomainServers;CN=Benedetta Kowalczyk/OU=CHPSID/O=TACOM,CN=Ret Hamlin/OU=CHPSID/O=TACOM;[Admin]
EB7B7DDDA07347819A73BAEBBD63855C,1004E,4CD3D4A53AB295D53E19E06BFD07B769,08/27/2020 13:15:24,08/27/2020 13:15:24,CN=Lorraine Whitcombe/OU=CHPSID/O=TACOM,,VMA-2020-000084,4CD3D4A53AB295D53E19E06BFD07B769,General,,,General note. Requester satisfied.,General note,08/31/2020,,CN=Lorraine Whitcombe/OU=CHPSID/O=TACOM,08/27/2020 13:15:24,[TACOM];[CSR];[Admin];[ReadOnlyAudit];LocalDomainServers;CN=Ret Hamlin/OU=CHPSID/O=TACOM,CN=Lorraine Whitcombe/OU=CHPSID/O=TACOM;[Admin]
D526D75E4F3B1E4C6C992FEA4A604F20,10052,B36AF75C62C0417F584B81F79A1C2259,07/13/2026 15:14:04,07/13/2026 15:14:04,CN=Lorraine Whitcombe/OU=CHPSID/O=TACOM,,VMA-2026-000480,B36AF75C62C0417F584B81F79A1C2259,Phone Call - Outbound,Mark Hargreave,(856) 555-1002,Called requester to confirm address. Requester satisfied.,Called requester to confirm address,,Yes,CN=Lorraine Whitcombe/OU=CHPSID/O=TACOM,07/13/2026 15:14:04,[TACOM];[CSR];[Admin];[ReadOnlyAudit];LocalDomainServers;CN=Dwayne Petrakis/OU=CHPSID/O=TACOM,CN=Lorraine Whitcombe/OU=CHPSID/O=TACOM;[Admin]
3A262AD013ECFFE6C9C0AD43BDC895B0,10056,36A1A14F804B19E9416C1FBD3DE07E8E,03/01/2011 12:56:45,03/01/2011 12:56:45,CN=Dwayne Petrakis/OU=CHPSID/O=TACOM,,VMA-2011-000112,36A1A14F804B19E9416C1FBD3DE07E8E,QC Rework,,,"QC failed - engraving misspelled, returned to shop. Follow-up required.","QC failed - engraving misspelled, returned to shop",03/15/2011,Yes,CN=Dwayne Petrakis/OU=CHPSID/O=TACOM,03/01/2011 12:56:45,[TACOM];[CSR];[Admin];[ReadOnlyAudit];LocalDomainServers;CN=Dwayne Petrakis/OU=CHPSID/O=TACOM,CN=Dwayne Petrakis/OU=CHPSID/O=TACOM;[Admin]
765B403286605EE2555D7E472425B212,1005A,54E2B1B14F34A6F25910AD808B8CBFB4,07/14/2021 15:42:12,07/14/2021 15:42:12,CN=Lorraine Whitcombe/OU=CHPSID/O=TACOM,,VMA-2021-000082,54E2B1B14F34A6F25910AD808B8CBFB4,QC Rework,,,"QC failed - engraving misspelled, returned to shop. Follow-up required.","QC failed - engraving misspelled, returned to shop",07/17/2021,Yes,CN=Lorraine Whitcombe/OU=CHPSID/O=TACOM,07/14/2021 15:42:12,[TACOM];[CSR];[Admin];[ReadOnlyAudit];LocalDomainServers;CN=Benedetta Kowalczyk/OU=CHPSID/O=TACOM,CN=Lorraine Whitcombe/OU=CHPSID/O=TACOM;[Admin]
42E5FA17DA8A3FD233947E9382A8F2D6,1005E,FB256C70360EAD3D855F9B9D605B3624,06/27/2013 19:33:58,06/27/2013 19:33:58,CN=Lorraine Whitcombe/OU=CHPSID/O=TACOM,,VMA-2013-000051,FB256C70360EAD3D855F9B9D605B3624,NPRC Query,,,Requested OMPF verification from NPRC. No further action.,Requested OMPF verification from NPRC,,Yes,CN=Lorraine Whitcombe/OU=CHPSID/O=TACOM,06/27/2013 19:33:58,[TACOM];[CSR];[Admin];[ReadOnlyAudit];LocalDomainServers;CN=Dwayne Petrakis/OU=CHPSID/O=TACOM,CN=Lorraine Whitcombe/OU=CHPSID/O=TACOM;[Admin]
C75D6CFA492D475658983EFE5CE9C14D,10062,4AB1CD789ACDF9F60E29A9012219F5E4,06/27/2024 17:16:33,06/27/2024 17:16:33,CN=Lorraine Whitcombe/OU=CHPSID/O=TACOM,,VMA-2024-000016,4AB1CD789ACDF9F60E29A9012219F5E4,Phone Call - Inbound,Barbara Trevino-Hale,(610) 555-1311,Requester called for status. No further action.,Requester called for status,,Yes,CN=Lorraine Whitcombe/OU=CHPSID/O=TACOM,06/27/2024 17:16:33,[TACOM];[CSR];[Admin];[ReadOnlyAudit];LocalDomainServers;CN=Benedetta Kowalczyk/OU=CHPSID/O=TACOM,CN=Lorraine Whitcombe/OU=CHPSID/O=TACOM;[Admin]
E23F03F71DB7078E2D01EB6FD3A30852,10066,439F1C44160C3BA89F678343DD94CE37,06/22/2026 13:04:56,06/22/2026 13:04:56,CN=Renata Vasquez-Holm/OU=CHPSID/O=TACOM,,VMA-2026-000607,439F1C44160C3BA89F678343DD94CE37,General,,,General note. No further action.,General note,,Yes,CN=Renata Vasquez-Holm/OU=CHPSID/O=TACOM,06/22/2026 13:04:56,[TACOM];[CSR];[Admin];[ReadOnlyAudit];LocalDomainServers;CN=Dwayne Petrakis/OU=CHPSID/O=TACOM,CN=Renata Vasquez-Holm/OU=CHPSID/O=TACOM;[Admin]
D63A164F0F34548806DC563BCB61CA1D,1006A,A4737190BFEBD08A3DDC7A14581FE1A6,10/28/2025 16:26:49,10/28/2025 16:26:49,CN=Ret Hamlin/OU=CHPSID/O=TACOM,,VMA-2025-000044,A4737190BFEBD08A3DDC7A14581FE1A6,General,,,General note. Requester satisfied.,General note,11/02/2025,Yes,CN=Ret Hamlin/OU=CHPSID/O=TACOM,10/28/2025 16:26:49,[TACOM];[CSR];[Admin];[ReadOnlyAudit];LocalDomainServers;CN=Ret Hamlin/OU=CHPSID/O=TACOM,CN=Ret Hamlin/OU=CHPSID/O=TACOM;[Admin]
AC2E6FA9FE1B51C5BBBA05C44E9D3E71,1006E,30EDE8FD2012792AC855976A03F6C919,06/25/2006 12:47:02,06/25/2006 12:47:02,CN=Renata Vasquez-Holm/OU=CHPSID/O=TACOM,,VMA-2006-000083,30EDE8FD2012792AC855976A03F6C919,Phone Call - Inbound,Matthew Quarterman,(540) 555-1257,Requester called for status. No further action.,Requester called for status,,Yes,CN=Renata Vasquez-Holm/OU=CHPSID/O=TACOM,06/25/2006 12:47:02,[TACOM];[CSR];[Admin];[ReadOnlyAudit];LocalDomainServers;CN=Benedetta Kowalczyk/OU=CHPSID/O=TACOM,CN=Renata Vasquez-Holm/OU=CHPSID/O=TACOM;[Admin]
F2B81D7E3860F7966E390DAD4A59AF61,10072,59FD7D7E897B22D98F40C697508F7E82,07/08/2009 15:59:13,07/08/2009 15:59:13,CN=Renata Vasquez-Holm/OU=CHPSID/O=TACOM,,VMA-2009-000003,59FD7D7E897B22D98F40C697508F7E82,NOK Documentation,,,Death certificate / relationship proof received. No further action.,Death certificate / relationship proof received,,,CN=Renata Vasquez-Holm/OU=CHPSID/O=TACOM,07/08/2009 15:59:13,[TACOM];[CSR];[Admin];[ReadOnlyAudit];LocalDomainServers;CN=Renata Vasquez-Holm/OU=CHPSID/O=TACOM,CN=Renata Vasquez-Holm/OU=CHPSID/O=TACOM;[Admin]
F5D0DBD02CCB1C947BFFD426DD0FBB7D,10076,94DF50E8B6F9AF3C31B64F36370F8640,01/23/2023 16:58:00,01/23/2023 16:58:00,CN=Benedetta Kowalczyk/OU=CHPSID/O=TACOM,,VMA-2023-000081,94DF50E8B6F9AF3C31B64F36370F8640,General,,,General note. Follow-up required.,General note,,Yes,CN=Benedetta Kowalczyk/OU=CHPSID/O=TACOM,01/23/2023 16:58:00,[TACOM];[CSR];[Admin];[ReadOnlyAudit];LocalDomainServers;CN=Benedetta Kowalczyk/OU=CHPSID/O=TACOM,CN=Benedetta Kowalczyk/OU=CHPSID/O=TACOM;[Admin]
BFE4C5B432AD76DA248873CA95680980,1007A,CBBA06A493F9ED1EE055CA417D087C10,04/27/2026 22:58:45,04/27/2026 22:58:45,CN=Dwayne Petrakis/OU=CHPSID/O=TACOM,,VMA-2026-000098,CBBA06A493F9ED1EE055CA417D087C10,Phone Call - Inbound,Ruth Vanterpool,(703) 555-1553,Requester called for status. Follow-up required.,Requester called for status,05/05/2026,Yes,CN=Dwayne Petrakis/OU=CHPSID/O=TACOM,04/27/2026 22:58:45,[TACOM];[CSR];[Admin];[ReadOnlyAudit];LocalDomainServers;CN=Ret Hamlin/OU=CHPSID/O=TACOM,CN=Dwayne Petrakis/OU=CHPSID/O=TACOM;[Admin]
F7C1D41E6C90A32EFCBF4E9BC876E9A6,1007E,788667A4A4802DF98AB43B2AA4A1AB31,03/16/2020 15:26:05,03/16/2020 15:26:05,CN=Ret Hamlin/OU=CHPSID/O=TACOM,,VMA-2020-000059,788667A4A4802DF98AB43B2AA4A1AB31,Congressional Inquiry,,,Congressional inquiry received - response due 10 days. Requester satisfied.,Congressional inquiry received - response due 10 days,,Yes,CN=Ret Hamlin/OU=CHPSID/O=TACOM,03/16/2020 15:26:05,[TACOM];[CSR];[Admin];[ReadOnlyAudit];LocalDomainServers;CN=Benedetta Kowalczyk/OU=CHPSID/O=TACOM,CN=Ret Hamlin/OU=CHPSID/O=TACOM;[Admin]
07770A7ADBF374B0196F6BDFAA3D5ADB,10082,D9C054C78525F9D6238CCAEFE2517E86,10/29/2009 14:53:46,10/29/2009 14:53:46,CN=Renata Vasquez-Holm/OU=CHPSID/O=TACOM,,VMA-2009-000017,D9C054C78525F9D6238CCAEFE2517E86,Address Correction,,,Address updated per requester. Requester satisfied.,Address updated per requester,11/11/2009,Yes,CN=Renata Vasquez-Holm/OU=CHPSID/O=TACOM,10/29/2009 14:53:46,[TACOM];[CSR];[Admin];[ReadOnlyAudit];LocalDomainServers;CN=Marlene Okafor/OU=CHPSID/O=TACOM,CN=Renata Vasquez-Holm/OU=CHPSID/O=TACOM;[Admin]
FEFD2317ABFF48C9E08C777067F30B48,10086,293EC7FAB9D75769502620F11A2AAD14,04/17/2008 13:52:30,04/17/2008 13:52:30,CN=Benedetta Kowalczyk/OU=CHPSID/O=TACOM,,VMA-2008-000056,293EC7FAB9D75769502620F11A2AAD14,Phone Call - Outbound,Daniel Pettiford,(610) 555-1043,Called requester to confirm address. Requester satisfied.,Called requester to confirm address,,Yes,CN=Benedetta Kowalczyk/OU=CHPSID/O=TACOM,04/17/2008 13:52:30,[TACOM];[CSR];[Admin];[ReadOnlyAudit];LocalDomainServers;CN=Marlene Okafor/OU=CHPSID/O=TACOM,CN=Benedetta Kowalczyk/OU=CHPSID/O=TACOM;[Admin]
A191162997ED96D32B6C8A4DBC5B7026,1008A,FF106DFB7C60E940EE2EEFBAC4337EF4,10/25/2012 11:43:54,10/25/2012 11:43:54,CN=Marlene Okafor/OU=CHPSID/O=TACOM,,VMA-2012-000038,FF106DFB7C60E940EE2EEFBAC4337EF4,Phone Call - Outbound,Kevin Okonkwo-Bell,(302) 555-1993,Called requester to confirm address. See attached correspondence.,Called requester to confirm address,,,CN=Marlene Okafor/OU=CHPSID/O=TACOM,10/25/2012 11:43:54,[TACOM];[CSR];[Admin];[ReadOnlyAudit];LocalDomainServers;CN=Marlene Okafor/OU=CHPSID/O=TACOM,CN=Marlene Okafor/OU=CHPSID/O=TACOM;[Admin]
E3A5233773C0216DBDA59BD59CB12780,1008E,705C296AC1A08B1524EBE5E7CF61C595,11/02/2022 12:36:28,11/02/2022 12:36:28,CN=Dwayne Petrakis/OU=CHPSID/O=TACOM,,VMA-2022-000029,705C296AC1A08B1524EBE5E7CF61C595,Phone Call - Outbound,Virginia Hinojosa-Mata,(703) 555-1835,Called requester to confirm address. Requester satisfied.,Called requester to confirm address,,Yes,CN=Dwayne Petrakis/OU=CHPSID/O=TACOM,11/02/2022 12:36:28,[TACOM];[CSR];[Admin];[ReadOnlyAudit];LocalDomainServers;CN=Lorraine Whitcombe/OU=CHPSID/O=TACOM,CN=Dwayne Petrakis/OU=CHPSID/O=TACOM;[Admin]
D254870C7438789AE645BF60A8AC9F68,10092,DCF13E4EDEF1AC9750C1C0868CCAA01F,12/12/2010 15:41:04,12/12/2010 15:41:04,CN=Lorraine Whitcombe/OU=CHPSID/O=TACOM,,VMA-2010-000070,DCF13E4EDEF1AC9750C1C0868CCAA01F,HRC Query,,,Sent eligibility query to HRC Awards Branch. Escalated to lead CSR.,Sent eligibility query to HRC Awards Branch,,Yes,CN=Lorraine Whitcombe/OU=CHPSID/O=TACOM,12/12/2010 15:41:04,[TACOM];[CSR];[Admin];[ReadOnlyAudit];LocalDomainServers;CN=Benedetta Kowalczyk/OU=CHPSID/O=TACOM,CN=Lorraine Whitcombe/OU=CHPSID/O=TACOM;[Admin]
A7F8631B8336BFD4BBAF06171AB0ABAE,10096,ADC1EE62646F99FE8607E9BE75B615EC,08/20/2011 12:48:05,08/20/2011 12:48:05,CN=Lorraine Whitcombe/OU=CHPSID/O=TACOM,,VMA-2011-000113,ADC1EE62646F99FE8607E9BE75B615EC,NOK Documentation,,,Death certificate / relationship proof received. Requester satisfied.,Death certificate / relationship proof received,,,CN=Lorraine Whitcombe/OU=CHPSID/O=TACOM,08/20/2011 12:48:05,[TACOM];[CSR];[Admin];[ReadOnlyAudit];LocalDomainServers;CN=Marlene Okafor/OU=CHPSID/O=TACOM,CN=Lorraine Whitcombe/OU=CHPSID/O=TACOM;[Admin]
C4C2A741CA2248A517DA0CF9A940A714,1009A,293EC7FAB9D75769502620F11A2AAD14,03/29/2008 17:52:30,03/29/2008 17:52:30,CN=Dwayne Petrakis/OU=CHPSID/O=TACOM,,VMA-2008-000056,293EC7FAB9D75769502620F11A2AAD14,General,,,General note. Requester satisfied.,General note,,Yes,CN=Dwayne Petrakis/OU=CHPSID/O=TACOM,03/29/2008 17:52:30,[TACOM];[CSR];[Admin];[ReadOnlyAudit];LocalDomainServers;CN=Marlene Okafor/OU=CHPSID/O=TACOM,CN=Dwayne Petrakis/OU=CHPSID/O=TACOM;[Admin]
C65A89B6D22C185E3DA56EF606125098,1009E,F160087962363A8F1FE22DAD59831034,06/24/2026 01:53:43,06/24/2026 01:53:43,CN=Renata Vasquez-Holm/OU=CHPSID/O=TACOM,,VMA-2026-000023,F160087962363A8F1FE22DAD59831034,HRC Query,,,Sent eligibility query to HRC Awards Branch. No further action.,Sent eligibility query to HRC Awards Branch,06/27/2026,Yes,CN=Renata Vasquez-Holm/OU=CHPSID/O=TACOM,06/24/2026 01:53:43,[TACOM];[CSR];[Admin];[ReadOnlyAudit];LocalDomainServers;CN=Marlene Okafor/OU=CHPSID/O=TACOM,CN=Renata Vasquez-Holm/OU=CHPSID/O=TACOM;[Admin]
F9C77752E5A746C3035E710E911DEE1E,100A2,6F2D7192F0FA3CE5E92D348328F93774,04/10/2021 12:05:40,04/10/2021 12:05:40,CN=Dwayne Petrakis/OU=CHPSID/O=TACOM,,VMA-2021-000063,6F2D7192F0FA3CE5E92D348328F93774,Phone Call - Outbound,Hector Kellerhaus,(856) 555-1233,Called requester to confirm address. Escalated to lead CSR.,Called requester to confirm address,04/20/2021,,CN=Dwayne Petrakis/OU=CHPSID/O=TACOM,04/10/2021 12:05:40,[TACOM];[CSR];[Admin];[ReadOnlyAudit];LocalDomainServers;CN=Marlene Okafor/OU=CHPSID/O=TACOM,CN=Dwayne Petrakis/OU=CHPSID/O=TACOM;[Admin]
B8B09297704FAEED95327A4E3475FECA,100A6,413F1C2067C40EEE136035F8982C7C59,08/02/2011 17:55:34,08/02/2011 17:55:34,CN=Lorraine Whitcombe/OU=CHPSID/O=TACOM,,VMA-2011-000065,413F1C2067C40EEE136035F8982C7C59,General,,,General note. No further action.,General note,,Yes,CN=Lorraine Whitcombe/OU=CHPSID/O=TACOM,08/02/2011 17:55:34,[TACOM];[CSR];[Admin];[ReadOnlyAudit];LocalDomainServers;CN=Benedetta Kowalczyk/OU=CHPSID/O=TACOM,CN=Lorraine Whitcombe/OU=CHPSID/O=TACOM;[Admin]
37CC63785787E18CE518991B7FF31D75,100AA,B46F7A667D46D7703A4569A5CDCBA6D0,07/31/2006 17:27:35,07/31/2006 17:27:35,CN=Lorraine Whitcombe/OU=CHPSID/O=TACOM,,VMA-2006-000007,B46F7A667D46D7703A4569A5CDCBA6D0,Backorder,,,Item backordered - requester notified. Follow-up required.,Item backordered - requester notified,,Yes,CN=Lorraine Whitcombe/OU=CHPSID/O=TACOM,07/31/2006 17:27:35,[TACOM];[CSR];[Admin];[ReadOnlyAudit];LocalDomainServers;CN=Marlene Okafor/OU=CHPSID/O=TACOM,CN=Lorraine Whitcombe/OU=CHPSID/O=TACOM;[Admin]
51A53D778BE7F18370E435637E4FE05D,100AE,98DF06BB6E15D33DCC8217C92C34C68F,08/13/2026 20:16:37,08/13/2026 20:16:37,CN=Benedetta Kowalczyk/OU=CHPSID/O=TACOM,,VMA-2026-000492,98DF06BB6E15D33DCC8217C92C34C68F,Address Correction,,,Address updated per requester. Requester satisfied.,Address updated per requester,,Yes,CN=Benedetta Kowalczyk/OU=CHPSID/O=TACOM,08/13/2026 20:16:37,[TACOM];[CSR];[Admin];[ReadOnlyAudit];LocalDomainServers;CN=Dwayne Petrakis/OU=CHPSID/O=TACOM,CN=Benedetta Kowalczyk/OU=CHPSID/O=TACOM;[Admin]
BC0F46303F4B2E7056B2D546434A751C,100B2,F946709EC3A6516D3A2BAF175CB00BF1,03/23/2005 19:07:38,03/23/2005 19:07:38,CN=Ret Hamlin/OU=CHPSID/O=TACOM,,VMA-2005-000065,F946709EC3A6516D3A2BAF175CB00BF1,Phone Call - Inbound,Tyler Templeton-Ash,(856) 555-1241,Requester called for status. See attached correspondence.,Requester called for status,,,CN=Ret Hamlin/OU=CHPSID/O=TACOM,03/23/2005 19:07:38,[TACOM];[CSR];[Admin];[ReadOnlyAudit];LocalDomainServers;CN=Dwayne Petrakis/OU=CHPSID/O=TACOM,CN=Ret Hamlin/OU=CHPSID/O=TACOM;[Admin]
460D197E7A7FB8522C6C2FFDC5E2B6CF,100B6,67E3E96C0E60536198C9435861222345,10/10/2006 13:16:00,10/10/2006 13:16:00,CN=Marlene Okafor/OU=CHPSID/O=TACOM,,VMA-2006-000067,67E3E96C0E60536198C9435861222345,Phone Call - Inbound,Barbara Jessup-Kane,(540) 555-1030,Requester called for status. Follow-up required.,Requester called for status,,Yes,CN=Marlene Okafor/OU=CHPSID/O=TACOM,10/10/2006 13:16:00,[TACOM];[CSR];[Admin];[ReadOnlyAudit];LocalDomainServers;CN=Lorraine Whitcombe/OU=CHPSID/O=TACOM,CN=Marlene Okafor/OU=CHPSID/O=TACOM;[Admin]
E9B84E7FB9B4DCAAC2DB9CE427B37289,100BA,1276B0369113B2998B7D176AC423F7B9,01/24/2016 15:56:08,01/24/2016 15:56:08,CN=Lorraine Whitcombe/OU=CHPSID/O=TACOM,,VMA-2015-000009,1276B0369113B2998B7D176AC423F7B9,NOK Documentation,,,Death certificate / relationship proof received. Escalated to lead CSR.,Death certificate / relationship proof received,,Yes,CN=Lorraine Whitcombe/OU=CHPSID/O=TACOM,01/24/2016 15:56:08,[TACOM];[CSR];[Admin];[ReadOnlyAudit];LocalDomainServers;CN=Benedetta Kowalczyk/OU=CHPSID/O=TACOM,CN=Lorraine Whitcombe/OU=CHPSID/O=TACOM;[Admin]
AF9A97794653B67B7B04E6D09F7B9A06,100BE,3AAE92E4F1FE333FA7AB0E0CD9537F70,04/22/2019 13:33:57,04/22/2019 13:33:57,CN=Renata Vasquez-Holm/OU=CHPSID/O=TACOM,,VMA-2019-000041,3AAE92E4F1FE333FA7AB0E0CD9537F70,HRC Query,,,Sent eligibility query to HRC Awards Branch. Requester satisfied.,Sent eligibility query to HRC Awards Branch,05/02/2019,,CN=Renata Vasquez-Holm/OU=CHPSID/O=TACOM,04/22/2019 13:33:57,[TACOM];[CSR];[Admin];[ReadOnlyAudit];LocalDomainServers;CN=Marlene Okafor/OU=CHPSID/O=TACOM,CN=Renata Vasquez-Holm/OU=CHPSID/O=TACOM;[Admin]
19EBB2E339E7FA77C3EE531AB865CF17,100C2,F6AD55DCD9F84E7DA4043A040FED5092,06/11/2017 15:18:10,06/11/2017 15:18:10,CN=Marlene Okafor/OU=CHPSID/O=TACOM,,VMA-2017-000042,F6AD55DCD9F84E7DA4043A040FED5092,NPRC Query,,,Requested OMPF verification from NPRC. No further action.,Requested OMPF verification from NPRC,,,CN=Marlene Okafor/OU=CHPSID/O=TACOM,06/11/2017 15:18:10,[TACOM];[CSR];[Admin];[ReadOnlyAudit];LocalDomainServers;CN=Ret Hamlin/OU=CHPSID/O=TACOM,CN=Marlene Okafor/OU=CHPSID/O=TACOM;[Admin]
FA58EC8DEA85F513BF75527EBFB6D823,100C6,8F4CC64E01E8F517966BF568D3612012,10/11/2018 10:54:39,10/11/2018 10:54:39,CN=Renata Vasquez-Holm/OU=CHPSID/O=TACOM,Correspondence_VMA-2018-000049.pdf,VMA-2018-000049,8F4CC64E01E8F517966BF568D3612012,Phone Call - Inbound,Rafael Quimbley,(610) 555-1514,Requester called for status. Requester satisfied.,Requester called for status,10/23/2018,Yes,CN=Renata Vasquez-Holm/OU=CHPSID/O=TACOM,10/11/2018 10:54:39,[TACOM];[CSR];[Admin];[ReadOnlyAudit];LocalDomainServers;CN=Marlene Okafor/OU=CHPSID/O=TACOM,CN=Renata Vasquez-Holm/OU=CHPSID/O=TACOM;[Admin]
86EA836DADDB5A85D3733E9113CF50E6,100CA,1BA5B12711893F4BF6EBEB7337BF8866,11/15/2006 22:39:02,11/15/2006 22:39:02,CN=Renata Vasquez-Holm/OU=CHPSID/O=TACOM,,VMA-2006-000079,1BA5B12711893F4BF6EBEB7337BF8866,HRC Query,,,Sent eligibility query to HRC Awards Branch. Requester satisfied.,Sent eligibility query to HRC Awards Branch,,Yes,CN=Renata Vasquez-Holm/OU=CHPSID/O=TACOM,11/15/2006 22:39:02,[TACOM];[CSR];[Admin];[ReadOnlyAudit];LocalDomainServers;CN=Marlene Okafor/OU=CHPSID/O=TACOM,CN=Renata Vasquez-Holm/OU=CHPSID/O=TACOM;[Admin]
6D9E0A03AFAB068696DBBCC7607644F2,100CE,98C75ABCDBD0A02E381C6C2806B3F752,01/12/2007 14:07:46,01/12/2007 14:07:46,CN=Dwayne Petrakis/OU=CHPSID/O=TACOM,,VMA-2006-000045,98C75ABCDBD0A02E381C6C2806B3F752,Phone Call - Inbound,Harold Barrowclough,(856) 555-1386,Requester called for status. Follow-up required.,Requester called for status,,Yes,CN=Dwayne Petrakis/OU=CHPSID/O=TACOM,01/12/2007 14:07:46,[TACOM];[CSR];[Admin];[ReadOnlyAudit];LocalDomainServers;CN=Lorraine Whitcombe/OU=CHPSID/O=TACOM,CN=Dwayne Petrakis/OU=CHPSID/O=TACOM;[Admin]
9326B15015624975E38456799EB60B16,100D2,01272E7BCEE189D7BC9612594F0267DC,09/30/2025 16:59:04,09/30/2025 16:59:04,CN=Dwayne Petrakis/OU=CHPSID/O=TACOM,,VMA-2025-000102,01272E7BCEE189D7BC9612594F0267DC,Congressional Inquiry,,,Congressional inquiry received - response due 10 days. No further action.,Congressional inquiry received - response due 10 days,,Yes,CN=Dwayne Petrakis/OU=CHPSID/O=TACOM,09/30/2025 16:59:04,[TACOM];[CSR];[Admin];[ReadOnlyAudit];LocalDomainServers;CN=Marlene Okafor/OU=CHPSID/O=TACOM,CN=Dwayne Petrakis/OU=CHPSID/O=TACOM;[Admin]
5BD856B81ADC0B2F3468C6EB8D08C4EE,100D6,09F9D3F6A6C5B0FEFC2ABA1676074951,12/23/2009 16:12:17,12/23/2009 16:12:17,CN=Dwayne Petrakis/OU=CHPSID/O=TACOM,,VMA-2009-000097,09F9D3F6A6C5B0FEFC2ABA1676074951,HRC Query,,,Sent eligibility query to HRC Awards Branch. Requester satisfied.,Sent eligibility query to HRC Awards Branch,,Yes,CN=Dwayne Petrakis/OU=CHPSID/O=TACOM,12/23/2009 16:12:17,[TACOM];[CSR];[Admin];[ReadOnlyAudit];LocalDomainServers;CN=Renata Vasquez-Holm/OU=CHPSID/O=TACOM,CN=Dwayne Petrakis/OU=CHPSID/O=TACOM;[Admin]
9D6163C65B27995BA3CD62ACCCD3B5D7,100DA,E89A383E5852E220B1DE8B508CAF1812,09/12/2023 17:45:24,09/12/2023 17:45:24,CN=Renata Vasquez-Holm/OU=CHPSID/O=TACOM,,VMA-2023-000070,E89A383E5852E220B1DE8B508CAF1812,QC Rework,,,"QC failed - engraving misspelled, returned to shop. See attached correspondence.","QC failed - engraving misspelled, returned to shop",,Yes,CN=Renata Vasquez-Holm/OU=CHPSID/O=TACOM,09/12/2023 17:45:24,[TACOM];[CSR];[Admin];[ReadOnlyAudit];LocalDomainServers;CN=Marlene Okafor/OU=CHPSID/O=TACOM,CN=Renata Vasquez-Holm/OU=CHPSID/O=TACOM;[Admin]
09520959A82A131C59ABF9A4A4B82C43,100DE,33C117387A21033C000799D346951C62,04/25/2021 22:34:28,04/25/2021 22:34:28,CN=Lorraine Whitcombe/OU=CHPSID/O=TACOM,,VMA-2021-000033,33C117387A21033C000799D346951C62,Phone Call - Inbound,Nicole Gastrelle,(703) 555-1795,Requester called for status. See attached correspondence.,Requester called for status,,Yes,CN=Lorraine Whitcombe/OU=CHPSID/O=TACOM,04/25/2021 22:34:28,[TACOM];[CSR];[Admin];[ReadOnlyAudit];LocalDomainServers;CN=Lorraine Whitcombe/OU=CHPSID/O=TACOM,CN=Lorraine Whitcombe/OU=CHPSID/O=TACOM;[Admin]
55F266DA533622187C65719B2A14AAF3,100E2,B0BDB210D53FF5A99D03FD52E22ECF17,03/11/2026 17:44:23,03/11/2026 17:44:23,CN=Renata Vasquez-Holm/OU=CHPSID/O=TACOM,,VMA-2026-000263,B0BDB210D53FF5A99D03FD52E22ECF17,Congressional Inquiry,,,Congressional inquiry received - response due 10 days. Follow-up required.,Congressional inquiry received - response due 10 days,,,CN=Renata Vasquez-Holm/OU=CHPSID/O=TACOM,03/11/2026 17:44:23,[TACOM];[CSR];[Admin];[ReadOnlyAudit];LocalDomainServers;CN=Lorraine Whitcombe/OU=CHPSID/O=TACOM,CN=Renata Vasquez-Holm/OU=CHPSID/O=TACOM;[Admin]
67DADD5A94207E4583CFE088C6836D65,100E6,E28E154C26EDE6053AAD5A789F067729,04/26/2026 19:57:18,04/26/2026 19:57:18,CN=Benedetta Kowalczyk/OU=CHPSID/O=TACOM,,VMA-2026-000037,E28E154C26EDE6053AAD5A789F067729,Address Correction,,,Address updated per requester. Follow-up required.,Address updated per requester,04/29/2026,,CN=Benedetta Kowalczyk/OU=CHPSID/O=TACOM,04/26/2026 19:57:18,[TACOM];[CSR];[Admin];[ReadOnlyAudit];LocalDomainServers;CN=Benedetta Kowalczyk/OU=CHPSID/O=TACOM,CN=Benedetta Kowalczyk/OU=CHPSID/O=TACOM;[Admin]
93411570CEBE76759AE4141A293CCB77,100EA,9D20D17206F035F93FA5EEE3600BCA0A,04/11/2012 16:18:28,04/11/2012 16:18:28,CN=Renata Vasquez-Holm/OU=CHPSID/O=TACOM,,VMA-2012-000039,9D20D17206F035F93FA5EEE3600BCA0A,QC Rework,,,"QC failed - engraving misspelled, returned to shop. No further action.","QC failed - engraving misspelled, returned to shop",04/19/2012,,CN=Renata Vasquez-Holm/OU=CHPSID/O=TACOM,04/11/2012 16:18:28,[TACOM];[CSR];[Admin];[ReadOnlyAudit];LocalDomainServers;CN=Dwayne Petrakis/OU=CHPSID/O=TACOM,CN=Renata Vasquez-Holm/OU=CHPSID/O=TACOM;[Admin]
9CC94D1A324AF65A4169F04BBC87D307,100EE,530660EC22E47EBA93A1AFE796944694,08/20/2026 07:52:17,08/20/2026 07:52:17,CN=Ret Hamlin/OU=CHPSID/O=TACOM,Correspondence_VMA-2026-000417.pdf,VMA-2026-000417,530660EC22E47EBA93A1AFE796944694,Address Correction,,,Address updated per requester. No further action.,Address updated per requester,,Yes,CN=Ret Hamlin/OU=CHPSID/O=TACOM,08/20/2026 07:52:17,[TACOM];[CSR];[Admin];[ReadOnlyAudit];LocalDomainServers;CN=Dwayne Petrakis/OU=CHPSID/O=TACOM,CN=Ret Hamlin/OU=CHPSID/O=TACOM;[Admin]
3C39DD5EB85AAF66B038A71C3983CEA8,100F2,39D44B927300A8E15BDEDAF9BD8325D6,11/15/2015 23:24:59,11/15/2015 23:24:59,CN=Marlene Okafor/OU=CHPSID/O=TACOM,,VMA-2015-000048,39D44B927300A8E15BDEDAF9BD8325D6,Phone Call - Inbound,Susan Montgomerie,(484) 555-1554,Requester called for status. Requester satisfied.,Requester called for status,11/28/2015,Yes,CN=Marlene Okafor/OU=CHPSID/O=TACOM,11/15/2015 23:24:59,[TACOM];[CSR];[Admin];[ReadOnlyAudit];LocalDomainServers;CN=Dwayne Petrakis/OU=CHPSID/O=TACOM,CN=Marlene Okafor/OU=CHPSID/O=TACOM;[Admin]
874F61A4278C4D390D08FF6DDA052DF6,100F6,CA41448C578737AD2801BCEFE95FE594,03/12/2005 16:48:59,03/12/2005 16:48:59,CN=Lorraine Whitcombe/OU=CHPSID/O=TACOM,,VMA-2005-000051,CA41448C578737AD2801BCEFE95FE594,QC Rework,,,"QC failed - engraving misspelled, returned to shop. Requester satisfied.","QC failed - engraving misspelled, returned to shop",,Yes,CN=Lorraine Whitcombe/OU=CHPSID/O=TACOM,03/12/2005 16:48:59,[TACOM];[CSR];[Admin];[ReadOnlyAudit];LocalDomainServers;CN=Marlene Okafor/OU=CHPSID/O=TACOM,CN=Lorraine Whitcombe/OU=CHPSID/O=TACOM;[Admin]
E08EBF4FFEEA6257F0BE947279A9A3B6,100FA,871C49F3B813E3606714A92B5B70BE76,07/18/2017 13:29:32,07/18/2017 13:29:32,CN=Lorraine Whitcombe/OU=CHPSID/O=TACOM,,VMA-2017-000010,871C49F3B813E3606714A92B5B70BE76,Phone Call - Inbound,Carl Barrowclough,(856) 555-1459,Requester called for status. Escalated to lead CSR.,Requester called for status,,Yes,CN=Lorraine Whitcombe/OU=CHPSID/O=TACOM,07/18/2017 13:29:32,[TACOM];[CSR];[Admin];[ReadOnlyAudit];LocalDomainServers;CN=Marlene Okafor/OU=CHPSID/O=TACOM,CN=Lorraine Whitcombe/OU=CHPSID/O=TACOM;[Admin]
277E6DB9854540E25D4749C548EB751C,100FE,6CD3359377D7407E402844AFD9F517D3,04/20/2026 18:31:21,04/20/2026 18:31:21,CN=Marlene Okafor/OU=CHPSID/O=TACOM,,VMA-2026-000502,6CD3359377D7407E402844AFD9F517D3,Backorder,,,Item backordered - requester notified. Escalated to lead CSR.,Item backordered - requester notified,04/26/2026,,CN=Marlene Okafor/OU=CHPSID/O=TACOM,04/20/2026 18:31:21,[TACOM];[CSR];[Admin];[ReadOnlyAudit];LocalDomainServers;CN=Lorraine Whitcombe/OU=CHPSID/O=TACOM,CN=Marlene Okafor/OU=CHPSID/O=TACOM;[Admin]
42EEE00BF024DBFAED9A179026766F69,10102,3BC88713D783E3BFA50A11D8F53B153A,12/08/2009 19:56:24,12/08/2009 19:56:24,CN=Benedetta Kowalczyk/OU=CHPSID/O=TACOM,,VMA-2009-000091,3BC88713D783E3BFA50A11D8F53B153A,NPRC Query,,,Requested OMPF verification from NPRC. Escalated to lead CSR.,Requested OMPF verification from NPRC,,Yes,CN=Benedetta Kowalczyk/OU=CHPSID/O=TACOM,12/08/2009 19:56:24,[TACOM];[CSR];[Admin];[ReadOnlyAudit];LocalDomainServers;CN=Dwayne Petrakis/OU=CHPSID/O=TACOM,CN=Benedetta Kowalczyk/OU=CHPSID/O=TACOM;[Admin]
807AA17BE0104FE5FF257570D5AA7AE4,10106,B060661A542261F78F58D408A8FC1EE9,07/12/2006 15:29:41,07/12/2006 15:29:41,CN=Dwayne Petrakis/OU=CHPSID/O=TACOM,,VMA-2006-000068,B060661A542261F78F58D408A8FC1EE9,Phone Call - Inbound,Karen Dunmore-Vey,(267) 555-1709,Requester called for status. No further action.,Requester called for status,,,CN=Dwayne Petrakis/OU=CHPSID/O=TACOM,07/12/2006 15:29:41,[TACOM];[CSR];[Admin];[ReadOnlyAudit];LocalDomainServers;CN=Lorraine Whitcombe/OU=CHPSID/O=TACOM,CN=Dwayne Petrakis/OU=CHPSID/O=TACOM;[Admin]
3DB840C066AF4E6C19D80425E4ABDF71,1010A,B06778EAB02B64B813F2CB4669224DDA,02/21/2008 16:03:53,02/21/2008 16:03:53,CN=Renata Vasquez-Holm/OU=CHPSID/O=TACOM,,VMA-2008-000001,B06778EAB02B64B813F2CB4669224DDA,Phone Call - Inbound,Christopher Isherwood,(215) 555-1138,Requester called for status. Follow-up required.,Requester called for status,,,CN=Renata Vasquez-Holm/OU=CHPSID/O=TACOM,02/21/2008 16:03:53,[TACOM];[CSR];[Admin];[ReadOnlyAudit];LocalDomainServers;CN=Marlene Okafor/OU=CHPSID/O=TACOM,CN=Renata Vasquez-Holm/OU=CHPSID/O=TACOM;[Admin]
64F814255BF239EC44070FF645B70E21,1010E,3F5FE6DF03D47FBCFF17108DF265CF7C,10/12/2004 11:46:43,10/12/2004 11:46:43,CN=Lorraine Whitcombe/OU=CHPSID/O=TACOM,,VMA-2004-000080,3F5FE6DF03D47FBCFF17108DF265CF7C,NOK Documentation,,,Death certificate / relationship proof received. See attached correspondence.,Death certificate / relationship proof received,,Yes,CN=Lorraine Whitcombe/OU=CHPSID/O=TACOM,10/12/2004 11:46:43,[TACOM];[CSR];[Admin];[ReadOnlyAudit];LocalDomainServers;CN=Marlene Okafor/OU=CHPSID/O=TACOM,CN=Lorraine Whitcombe/OU=CHPSID/O=TACOM;[Admin]
88159233DF4BB40FB7BB917F1579E4F1,10112,28A23BEEFAF625F0B1B036DB4EE0A681,01/29/2017 15:51:19,01/29/2017 15:51:19,CN=Benedetta Kowalczyk/OU=CHPSID/O=TACOM,,VMA-2017-000097,28A23BEEFAF625F0B1B036DB4EE0A681,Congressional Inquiry,,,Congressional inquiry received - response due 10 days. Follow-up required.,Congressional inquiry received - response due 10 days,,Yes,CN=Benedetta Kowalczyk/OU=CHPSID/O=TACOM,01/29/2017 15:51:19,[TACOM];[CSR];[Admin];[ReadOnlyAudit];LocalDomainServers;CN=Marlene Okafor/OU=CHPSID/O=TACOM,CN=Benedetta Kowalczyk/OU=CHPSID/O=TACOM;[Admin]
E48B178B29AD7648A2C5F1E64F3C687C,10116,807E7AF68B416AAD7E7BA269935EA6F0,02/13/2026 10:33:41,02/13/2026 10:33:41,CN=Benedetta Kowalczyk/OU=CHPSID/O=TACOM,Correspondence_VMA-2026-000149.pdf,VMA-2026-000149,807E7AF68B416AAD7E7BA269935EA6F0,Phone Call - Inbound,Leonard Hinojosa-Mata,(703) 555-1096,Requester called for status. Follow-up required.,Requester called for status,,,CN=Benedetta Kowalczyk/OU=CHPSID/O=TACOM,02/13/2026 10:33:41,[TACOM];[CSR];[Admin];[ReadOnlyAudit];LocalDomainServers;CN=Marlene Okafor/OU=CHPSID/O=TACOM,CN=Benedetta Kowalczyk/OU=CHPSID/O=TACOM;[Admin]
D628F53A8869895FBC39F28C120F9B07,1011A,7400633C481138A446882C38310ABC9F,01/03/2014 22:53:04,01/03/2014 22:53:04,CN=Renata Vasquez-Holm/OU=CHPSID/O=TACOM,,VMA-2013-000032,7400633C481138A446882C38310ABC9F,Phone Call - Inbound,Sandra Ostrowski-Lane,(856) 555-1126,Requester called for status. Follow-up required.,Requester called for status,,Yes,CN=Renata Vasquez-Holm/OU=CHPSID/O=TACOM,01/03/2014 22:53:04,[TACOM];[CSR];[Admin];[ReadOnlyAudit];LocalDomainServers;CN=Lorraine Whitcombe/OU=CHPSID/O=TACOM,CN=Renata Vasquez-Holm/OU=CHPSID/O=TACOM;[Admin]
F1F815F94D89A963F309E93D42334856,1011E,F63DFD469C89D7A92683E927B3274447,06/17/2009 14:39:26,06/17/2009 14:39:26,CN=Benedetta Kowalczyk/OU=CHPSID/O=TACOM,,VMA-2009-000099,F63DFD469C89D7A92683E927B3274447,Phone Call - Inbound,Margaret Umberlake,(610) 555-1551,Requester called for status. See attached correspondence.,Requester called for status,06/20/2009,Yes,CN=Benedetta Kowalczyk/OU=CHPSID/O=TACOM,06/17/2009 14:39:26,[TACOM];[CSR];[Admin];[ReadOnlyAudit];LocalDomainServers;CN=Dwayne Petrakis/OU=CHPSID/O=TACOM,CN=Benedetta Kowalczyk/OU=CHPSID/O=TACOM;[Admin]
6BABECDE89DA060CF96ED72327C92042,10122,80F7CD92F9CE16115594042FE9D151BD,06/03/2010 16:36:26,06/03/2010 16:36:26,CN=Benedetta Kowalczyk/OU=CHPSID/O=TACOM,,VMA-2010-000068,80F7CD92F9CE16115594042FE9D151BD,Address Correction,,,Address updated per requester. No further action.,Address updated per requester,,Yes,CN=Benedetta Kowalczyk/OU=CHPSID/O=TACOM,06/03/2010 16:36:26,[TACOM];[CSR];[Admin];[ReadOnlyAudit];LocalDomainServers;CN=Dwayne Petrakis/OU=CHPSID/O=TACOM,CN=Benedetta Kowalczyk/OU=CHPSID/O=TACOM;[Admin]
B515328091023C45114FF8C3867FFCD7,10126,13689863764F8ECBADE3C1481C4EC913,10/19/2014 18:13:11,10/19/2014 18:13:11,CN=Ret Hamlin/OU=CHPSID/O=TACOM,,VMA-2014-000115,13689863764F8ECBADE3C1481C4EC913,QC Rework,,,"QC failed - engraving misspelled, returned to shop. Requester satisfied.","QC failed - engraving misspelled, returned to shop",,Yes,CN=Ret Hamlin/OU=CHPSID/O=TACOM,10/19/2014 18:13:11,[TACOM];[CSR];[Admin];[ReadOnlyAudit];LocalDomainServers;CN=Marlene Okafor/OU=CHPSID/O=TACOM,CN=Ret Hamlin/OU=CHPSID/O=TACOM;[Admin]
6663B7C5DBB2639AC33E073232B3D2AA,1012A,F772E6C586C0414962CC02C8788AC220,04/15/2022 01:40:16,04/15/2022 01:40:16,CN=Benedetta Kowalczyk/OU=CHPSID/O=TACOM,,VMA-2022-000088,F772E6C586C0414962CC02C8788AC220,HRC Query,,,Sent eligibility query to HRC Awards Branch. No further action.,Sent eligibility query to HRC Awards Branch,,Yes,CN=Benedetta Kowalczyk/OU=CHPSID/O=TACOM,04/15/2022 01:40:16,[TACOM];[CSR];[Admin];[ReadOnlyAudit];LocalDomainServers;CN=Lorraine Whitcombe/OU=CHPSID/O=TACOM,CN=Benedetta Kowalczyk/OU=CHPSID/O=TACOM;[Admin]
319E5747009E3F314939F763BA267841,1012E,B92B56CB4A9A41AA35F4E4B82DE1E559,07/17/2012 01:39:59,07/17/2012 01:39:59,CN=Renata Vasquez-Holm/OU=CHPSID/O=TACOM,,VMA-2012-000074,B92B56CB4A9A41AA35F4E4B82DE1E559,NPRC Query,,,Requested OMPF verification from NPRC. Follow-up required.,Requested OMPF verification from NPRC,07/21/2012,,CN=Renata Vasquez-Holm/OU=CHPSID/O=TACOM,07/17/2012 01:39:59,[TACOM];[CSR];[Admin];[ReadOnlyAudit];LocalDomainServers;CN=Renata Vasquez-Holm/OU=CHPSID/O=TACOM,CN=Renata Vasquez-Holm/OU=CHPSID/O=TACOM;[Admin]
2470E97AF8353D363BB73724CF4B78BD,10132,2FADC9110FD0BD89A10B6275704988AB,02/24/2014 16:01:47,02/24/2014 16:01:47,CN=Renata Vasquez-Holm/OU=CHPSID/O=TACOM,,VMA-2014-000117,2FADC9110FD0BD89A10B6275704988AB,NOK Documentation,,,Death certificate / relationship proof received. See attached correspondence.,Death certificate / relationship proof received,,Yes,CN=Renata Vasquez-Holm/OU=CHPSID/O=TACOM,02/24/2014 16:01:47,[TACOM];[CSR];[Admin];[ReadOnlyAudit];LocalDomainServers;CN=Renata Vasquez-Holm/OU=CHPSID/O=TACOM,CN=Renata Vasquez-Holm/OU=CHPSID/O=TACOM;[Admin]
EEFB4EA919D24B0ADEAFDC28A1D05FB1,10136,023583D74C6B1B8E1028551A1ECD48B5,10/19/2012 17:08:57,10/19/2012 17:08:57,CN=Benedetta Kowalczyk/OU=CHPSID/O=TACOM,,VMA-2012-000085,023583D74C6B1B8E1028551A1ECD48B5,NPRC Query,,,Requested OMPF verification from NPRC. Escalated to lead CSR.,Requested OMPF verification from NPRC,,Yes,CN=Benedetta Kowalczyk/OU=CHPSID/O=TACOM,10/19/2012 17:08:57,[TACOM];[CSR];[Admin];[ReadOnlyAudit];LocalDomainServers;CN=Benedetta Kowalczyk/OU=CHPSID/O=TACOM,CN=Benedetta Kowalczyk/OU=CHPSID/O=TACOM;[Admin]
27BF5E5231667B4F2D2A888AD0FA711D,1013A,5680986D382696C4B22A1FCB7BD30144,10/01/2009 14:44:27,10/01/2009 14:44:27,CN=Benedetta Kowalczyk/OU=CHPSID/O=TACOM,Correspondence_VMA-2009-000079.pdf,VMA-2009-000079,5680986D382696C4B22A1FCB7BD30144,HRC Query,,,Sent eligibility query to HRC Awards Branch. See attached correspondence.,Sent eligibility query to HRC Awards Branch,,Yes,CN=Benedetta Kowalczyk/OU=CHPSID/O=TACOM,10/01/2009 14:44:27,[TACOM];[CSR];[Admin];[ReadOnlyAudit];LocalDomainServers;CN=Ret Hamlin/OU=CHPSID/O=TACOM,CN=Benedetta Kowalczyk/OU=CHPSID/O=TACOM;[Admin]
DCFFBFCC9FF8240B56E43D51094229AF,1013E,6211B98B8E898EA85FF2B288C79A9104,01/05/2024 21:34:47,01/05/2024 21:34:47,CN=Benedetta Kowalczyk/OU=CHPSID/O=TACOM,,VMA-2024-000031,6211B98B8E898EA85FF2B288C79A9104,Backorder,,,Item backordered - requester notified. Requester satisfied.,Item backordered - requester notified,01/09/2024,,CN=Benedetta Kowalczyk/OU=CHPSID/O=TACOM,01/05/2024 21:34:47,[TACOM];[CSR];[Admin];[ReadOnlyAudit];LocalDomainServers;CN=Lorraine Whitcombe/OU=CHPSID/O=TACOM,CN=Benedetta Kowalczyk/OU=CHPSID/O=TACOM;[Admin]
D148BCB393B34034EE1C2E788B9BB5E9,10142,8EA234CE09E1D025EFAA9AB1F08F301C,07/12/2008 15:34:20,07/12/2008 15:34:20,CN=Dwayne Petrakis/OU=CHPSID/O=TACOM,Correspondence_VMA-2008-000068.pdf,VMA-2008-000068,8EA234CE09E1D025EFAA9AB1F08F301C,Phone Call - Inbound,Linda Stroudmoor,(717) 555-1249,Requester called for status. See attached correspondence.,Requester called for status,,,CN=Dwayne Petrakis/OU=CHPSID/O=TACOM,07/12/2008 15:34:20,[TACOM];[CSR];[Admin];[ReadOnlyAudit];LocalDomainServers;CN=Ret Hamlin/OU=CHPSID/O=TACOM,CN=Dwayne Petrakis/OU=CHPSID/O=TACOM;[Admin]
1D81ACA187699CCD8A1B6FC72C05DA10,10146,2F66EF1BA8D54432410A22F8A5C185E2,01/23/2016 23:58:45,01/23/2016 23:58:45,CN=Dwayne Petrakis/OU=CHPSID/O=TACOM,,VMA-2016-000015,2F66EF1BA8D54432410A22F8A5C185E2,Phone Call - Inbound,Anthony Ullswater,(484) 555-1899,Requester called for status. See attached correspondence.,Requester called for status,,Yes,CN=Dwayne Petrakis/OU=CHPSID/O=TACOM,01/23/2016 23:58:45,[TACOM];[CSR];[Admin];[ReadOnlyAudit];LocalDomainServers;CN=Marlene Okafor/OU=CHPSID/O=TACOM,CN=Dwayne Petrakis/OU=CHPSID/O=TACOM;[Admin]
08B63F1F6677E104531F001AB923EC39,1014A,CF09194075526B32EF9FA26BD6A04692,10/01/2006 16:01:35,10/01/2006 16:01:35,CN=Renata Vasquez-Holm/OU=CHPSID/O=TACOM,,VMA-2006-000002,CF09194075526B32EF9FA26BD6A04692,Phone Call - Inbound,Matthew BENAVIDEZ-CRUZ,(302) 555-1362,Requester called for status. Escalated to lead CSR.,Requester called for status,10/15/2006,Yes,CN=Renata Vasquez-Holm/OU=CHPSID/O=TACOM,10/01/2006 16:01:35,[TACOM];[CSR];[Admin];[ReadOnlyAudit];LocalDomainServers;CN=Renata Vasquez-Holm/OU=CHPSID/O=TACOM,CN=Renata Vasquez-Holm/OU=CHPSID/O=TACOM;[Admin]
2B45C06D697C03D7BB2D01CC2792147B,1014E,1676081EA51073EFF0480B9BF6E7D4FC,07/10/2026 12:32:53,07/10/2026 12:32:53,CN=Renata Vasquez-Holm/OU=CHPSID/O=TACOM,,VMA-2026-000242,1676081EA51073EFF0480B9BF6E7D4FC,HRC Query,,,Sent eligibility query to HRC Awards Branch. Follow-up required.,Sent eligibility query to HRC Awards Branch,,Yes,CN=Renata Vasquez-Holm/OU=CHPSID/O=TACOM,07/10/2026 12:32:53,[TACOM];[CSR];[Admin];[ReadOnlyAudit];LocalDomainServers;CN=Lorraine Whitcombe/OU=CHPSID/O=TACOM,CN=Renata Vasquez-Holm/OU=CHPSID/O=TACOM;[Admin]
BDF539EF2DFF9F3826554A577FF09002,10152,24A9CD14179AC45464F9A673EAC45ADE,01/24/2008 20:29:30,01/24/2008 20:29:30,CN=Dwayne Petrakis/OU=CHPSID/O=TACOM,,VMA-2008-000041,24A9CD14179AC45464F9A673EAC45ADE,NOK Documentation,,,Death certificate / relationship proof received. Follow-up required.,Death certificate / relationship proof received,,Yes,CN=Dwayne Petrakis/OU=CHPSID/O=TACOM,01/24/2008 20:29:30,[TACOM];[CSR];[Admin];[ReadOnlyAudit];LocalDomainServers;CN=Lorraine Whitcombe/OU=CHPSID/O=TACOM,CN=Dwayne Petrakis/OU=CHPSID/O=TACOM;[Admin]
E474C3F98F138BCDA04114EECEF7ADA7,10156,31B876EA64A06580F7230EDFE52A4397,05/19/2006 20:30:52,05/19/2006 20:30:52,CN=Ret Hamlin/OU=CHPSID/O=TACOM,,VMA-2006-000056,31B876EA64A06580F7230EDFE52A4397,NPRC Query,,,Requested OMPF verification from NPRC. No further action.,Requested OMPF verification from NPRC,05/23/2006,Yes,CN=Ret Hamlin/OU=CHPSID/O=TACOM,05/19/2006 20:30:52,[TACOM];[CSR];[Admin];[ReadOnlyAudit];LocalDomainServers;CN=Dwayne Petrakis/OU=CHPSID/O=TACOM,CN=Ret Hamlin/OU=CHPSID/O=TACOM;[Admin]
14CF23125EA1FD8237B5847F2A5B5857,1015A,48314DD2D435895C67788A3D14729CE0,02/11/2023 00:14:48,02/11/2023 00:14:48,CN=Marlene Okafor/OU=CHPSID/O=TACOM,,VMA-2023-000023,48314DD2D435895C67788A3D14729CE0,Backorder,,,Item backordered - requester notified. See attached correspondence.,Item backordered - requester notified,,Yes,CN=Marlene Okafor/OU=CHPSID/O=TACOM,02/11/2023 00:14:48,[TACOM];[CSR];[Admin];[ReadOnlyAudit];LocalDomainServers;CN=Lorraine Whitcombe/OU=CHPSID/O=TACOM,CN=Marlene Okafor/OU=CHPSID/O=TACOM;[Admin]
D662A230C100A19D92D0109CDCD84B8C,1015E,0362B879096E5577AD7741371028A53C,10/06/2008 19:05:17,10/06/2008 19:05:17,CN=Marlene Okafor/OU=CHPSID/O=TACOM,,VMA-2008-000079,0362B879096E5577AD7741371028A53C,HRC Query,,,Sent eligibility query to HRC Awards Branch. See attached correspondence.,Sent eligibility query to HRC Awards Branch,10/18/2008,Yes,CN=Marlene Okafor/OU=CHPSID/O=TACOM,10/06/2008 19:05:17,[TACOM];[CSR];[Admin];[ReadOnlyAudit];LocalDomainServers;CN=Dwayne Petrakis/OU=CHPSID/O=TACOM,CN=Marlene Okafor/OU=CHPSID/O=TACOM;[Admin]
B5C53016CE439FD6F7B0FBB022F4080A,10162,618AFC45947375587CAADBF2706D05B0,03/15/2012 11:12:42,03/15/2012 11:12:42,CN=Benedetta Kowalczyk/OU=CHPSID/O=TACOM,,VMA-2012-000062,618AFC45947375587CAADBF2706D05B0,NOK Documentation,,,Death certificate / relationship proof received. Escalated to lead CSR.,Death certificate / relationship proof received,,Yes,CN=Benedetta Kowalczyk/OU=CHPSID/O=TACOM,03/15/2012 11:12:42,[TACOM];[CSR];[Admin];[ReadOnlyAudit];LocalDomainServers;CN=Marlene Okafor/OU=CHPSID/O=TACOM,CN=Benedetta Kowalczyk/OU=CHPSID/O=TACOM;[Admin]
25E5C12828D13319F95996520C402A85,10166,C5C6FE36D2D5A785949F9A1983AD7B85,07/19/2018 14:00:23,07/19/2018 14:00:23,CN=Ret Hamlin/OU=CHPSID/O=TACOM,,VMA-2018-000069,C5C6FE36D2D5A785949F9A1983AD7B85,Backorder,,,Item backordered - requester notified. See attached correspondence.,Item backordered - requester notified,,Yes,CN=Ret Hamlin/OU=CHPSID/O=TACOM,07/19/2018 14:00:23,[TACOM];[CSR];[Admin];[ReadOnlyAudit];LocalDomainServers;CN=Benedetta Kowalczyk/OU=CHPSID/O=TACOM,CN=Ret Hamlin/OU=CHPSID/O=TACOM;[Admin]
3AA8C7F09CDAE523D103FEE4A7B59620,1016A,1570DAF37EB8035289908315B6C756CD,08/05/2026 11:46:12,08/05/2026 11:46:12,CN=Marlene Okafor/OU=CHPSID/O=TACOM,,VMA-2026-000251,1570DAF37EB8035289908315B6C756CD,General,,,General note. No further action.,General note,08/19/2026,Yes,CN=Marlene Okafor/OU=CHPSID/O=TACOM,08/05/2026 11:46:12,[TACOM];[CSR];[Admin];[ReadOnlyAudit];LocalDomainServers;CN=Marlene Okafor/OU=CHPSID/O=TACOM,CN=Marlene Okafor/OU=CHPSID/O=TACOM;[Admin]
5EE50067305558F85244E4E8CB0577CE,1016E,F7554BA3B1836FB437BCC5E89C4D040D,04/19/2009 17:43:44,04/19/2009 17:43:44,CN=Lorraine Whitcombe/OU=CHPSID/O=TACOM,,VMA-2009-000041,F7554BA3B1836FB437BCC5E89C4D040D,Address Correction,,,Address updated per requester. Requester satisfied.,Address updated per requester,,Yes,CN=Lorraine Whitcombe/OU=CHPSID/O=TACOM,04/19/2009 17:43:44,[TACOM];[CSR];[Admin];[ReadOnlyAudit];LocalDomainServers;CN=Ret Hamlin/OU=CHPSID/O=TACOM,CN=Lorraine Whitcombe/OU=CHPSID/O=TACOM;[Admin]
F1BFA4508CA6EDF1A84E7315D0E48280,10172,0FAD979E64D2FEE8F96081EC27A3FC77,10/17/2007 11:06:47,10/17/2007 11:06:47,CN=Ret Hamlin/OU=CHPSID/O=TACOM,,VMA-2007-000075,0FAD979E64D2FEE8F96081EC27A3FC77,QC Rework,,,"QC failed - engraving misspelled, returned to shop. Escalated to lead CSR.","QC failed - engraving misspelled, returned to shop",,,CN=Ret Hamlin/OU=CHPSID/O=TACOM,10/17/2007 11:06:47,[TACOM];[CSR];[Admin];[ReadOnlyAudit];LocalDomainServers;CN=Renata Vasquez-Holm/OU=CHPSID/O=TACOM,CN=Ret Hamlin/OU=CHPSID/O=TACOM;[Admin]
0FCE7F15A2C8EDEC9939D814EA01AE5C,10176,B842DCC0991B75C8601CF573EED0E56E,01/19/2025 15:33:59,01/19/2025 15:33:59,CN=Benedetta Kowalczyk/OU=CHPSID/O=TACOM,,VMA-2024-000073,B842DCC0991B75C8601CF573EED0E56E,NPRC Query,,,Requested OMPF verification from NPRC. Requester satisfied.,Requested OMPF verification from NPRC,,Yes,CN=Benedetta Kowalczyk/OU=CHPSID/O=TACOM,01/19/2025 15:33:59,[TACOM];[CSR];[Admin];[ReadOnlyAudit];LocalDomainServers;CN=Benedetta Kowalczyk/OU=CHPSID/O=TACOM,CN=Benedetta Kowalczyk/OU=CHPSID/O=TACOM;[Admin]
AFD5308AD224FFEC5F689BB1870B4DE1,1017A,937AA74E899269ABC4FE78D0F8F1D0F1,10/25/2016 21:45:22,10/25/2016 21:45:22,CN=Benedetta Kowalczyk/OU=CHPSID/O=TACOM,,VMA-2016-000074,937AA74E899269ABC4FE78D0F8F1D0F1,Address Correction,,,Address updated per requester. See attached correspondence.,Address updated per requester,,,CN=Benedetta Kowalczyk/OU=CHPSID/O=TACOM,10/25/2016 21:45:22,[TACOM];[CSR];[Admin];[ReadOnlyAudit];LocalDomainServers;CN=Dwayne Petrakis/OU=CHPSID/O=TACOM,CN=Benedetta Kowalczyk/OU=CHPSID/O=TACOM;[Admin]
F12B24B8DF75C0E41FD809FB144781B6,1017E,525D6FFA653B93840163A10683FF90AA,01/26/2016 19:27:20,01/26/2016 19:27:20,CN=Dwayne Petrakis/OU=CHPSID/O=TACOM,Correspondence_VMA-2016-000092.pdf,VMA-2016-000092,525D6FFA653B93840163A10683FF90AA,General,,,General note. Requester satisfied.,General note,,Yes,CN=Dwayne Petrakis/OU=CHPSID/O=TACOM,01/26/2016 19:27:20,[TACOM];[CSR];[Admin];[ReadOnlyAudit];LocalDomainServers;CN=Dwayne Petrakis/OU=CHPSID/O=TACOM,CN=Dwayne Petrakis/OU=CHPSID/O=TACOM;[Admin]
EF0DC7E280B3B7D32C4EFFD8358492B9,10182,457D2BEC87AB78B736E448C1EB5B4EB4,01/17/2024 20:30:12,01/17/2024 20:30:12,CN=Lorraine Whitcombe/OU=CHPSID/O=TACOM,,VMA-2024-000111,457D2BEC87AB78B736E448C1EB5B4EB4,Phone Call - Outbound,Angela UNDERHILL-VOSS,(410) 555-1351,Called requester to confirm address. See attached correspondence.,Called requester to confirm address,01/28/2024,,CN=Lorraine Whitcombe/OU=CHPSID/O=TACOM,01/17/2024 20:30:12,[TACOM];[CSR];[Admin];[ReadOnlyAudit];LocalDomainServers;CN=Benedetta Kowalczyk/OU=CHPSID/O=TACOM,CN=Lorraine Whitcombe/OU=CHPSID/O=TACOM;[Admin]
15E7254F2DFFDF51265E6BE190D40A58,10186,31DF4B16CC05801727BA613C86D2CD00,11/23/2022 12:35:53,11/23/2022 12:35:53,CN=Ret Hamlin/OU=CHPSID/O=TACOM,,VMA-2022-000043,31DF4B16CC05801727BA613C86D2CD00,Backorder,,,Item backordered - requester notified. No further action.,Item backordered - requester notified,,Yes,CN=Ret Hamlin/OU=CHPSID/O=TACOM,11/23/2022 12:35:53,[TACOM];[CSR];[Admin];[ReadOnlyAudit];LocalDomainServers;CN=Renata Vasquez-Holm/OU=CHPSID/O=TACOM,CN=Ret Hamlin/OU=CHPSID/O=TACOM;[Admin]
FF15AD3D7C417D93D06EAC8BEC27128F,1018A,AC85D17436AD88B4A362640E840A6036,09/05/2024 14:09:20,09/05/2024 14:09:20,CN=Renata Vasquez-Holm/OU=CHPSID/O=TACOM,,VMA-2024-000009,AC85D17436AD88B4A362640E840A6036,Phone Call - Inbound,David F Templeton-Ash,(484) 555-1982,Requester called for status. No further action.,Requester called for status,,Yes,CN=Renata Vasquez-Holm/OU=CHPSID/O=TACOM,09/05/2024 14:09:20,[TACOM];[CSR];[Admin];[ReadOnlyAudit];LocalDomainServers;CN=Lorraine Whitcombe/OU=CHPSID/O=TACOM,CN=Renata Vasquez-Holm/OU=CHPSID/O=TACOM;[Admin]
D91D9F9E4E4A0865CBA61074EBC20DDD,1018E,41DD13E047342B1E3CA1EB8AA09920C4,05/01/2015 10:39:02,05/01/2015 10:39:02,CN=Ret Hamlin/OU=CHPSID/O=TACOM,,VMA-2015-000075,41DD13E047342B1E3CA1EB8AA09920C4,Backorder,,,Item backordered - requester notified. No further action.,Item backordered - requester notified,,,CN=Ret Hamlin/OU=CHPSID/O=TACOM,05/01/2015 10:39:02,[TACOM];[CSR];[Admin];[ReadOnlyAudit];LocalDomainServers;CN=Benedetta Kowalczyk/OU=CHPSID/O=TACOM,CN=Ret Hamlin/OU=CHPSID/O=TACOM;[Admin]
B73D97F7222DE5AE5E8783A5D59C24BB,10192,B4928E510CBCFD8D065F4C84B23B9B77,04/12/2026 11:02:06,04/12/2026 11:02:06,CN=Ret Hamlin/OU=CHPSID/O=TACOM,Correspondence_VMA-2026-000604.pdf,VMA-2026-000604,B4928E510CBCFD8D065F4C84B23B9B77,Address Correction,,,Address updated per requester. Requester satisfied.,Address updated per requester,,Yes,CN=Ret Hamlin/OU=CHPSID/O=TACOM,04/12/2026 11:02:06,[TACOM];[CSR];[Admin];[ReadOnlyAudit];LocalDomainServers;CN=Renata Vasquez-Holm/OU=CHPSID/O=TACOM,CN=Ret Hamlin/OU=CHPSID/O=TACOM;[Admin]
7B9C4878BB754AE0BE56D9EADDB3744E,10196,EA163346200B24253C9DAD55D344AD2B,01/12/2025 18:35:20,01/12/2025 18:35:20,CN=Dwayne Petrakis/OU=CHPSID/O=TACOM,,VMA-2024-000026,EA163346200B24253C9DAD55D344AD2B,Phone Call - Outbound,Luis Escobedo-Ruiz,(410) 555-1075,Called requester to confirm address. See attached correspondence.,Called requester to confirm address,01/15/2025,Yes,CN=Dwayne Petrakis/OU=CHPSID/O=TACOM,01/12/2025 18:35:20,[TACOM];[CSR];[Admin];[ReadOnlyAudit];LocalDomainServers;CN=Benedetta Kowalczyk/OU=CHPSID/O=TACOM,CN=Dwayne Petrakis/OU=CHPSID/O=TACOM;[Admin]
D64A7AF8A5FE2D00735FF92135691B31,1019A,6F9D4439AF4CCAE528E519C186871F13,06/21/2007 07:06:47,06/21/2007 07:06:47,CN=Lorraine Whitcombe/OU=CHPSID/O=TACOM,,VMA-2007-000031,6F9D4439AF4CCAE528E519C186871F13,NOK Documentation,,,Death certificate / relationship proof received. Follow-up required.,Death certificate / relationship proof received,06/24/2007,Yes,CN=Lorraine Whitcombe/OU=CHPSID/O=TACOM,06/21/2007 07:06:47,[TACOM];[CSR];[Admin];[ReadOnlyAudit];LocalDomainServers;CN=Marlene Okafor/OU=CHPSID/O=TACOM,CN=Lorraine Whitcombe/OU=CHPSID/O=TACOM;[Admin]
1EB8F414E7C225E776E3EDCC3100DE6F,1019E,41DD13E047342B1E3CA1EB8AA09920C4,05/03/2015 12:39:02,05/03/2015 12:39:02,CN=Lorraine Whitcombe/OU=CHPSID/O=TACOM,,VMA-2015-000075,41DD13E047342B1E3CA1EB8AA09920C4,Address Correction,,,Address updated per requester. Follow-up required.,Address updated per requester,,,CN=Lorraine Whitcombe/OU=CHPSID/O=TACOM,05/03/2015 12:39:02,[TACOM];[CSR];[Admin];[ReadOnlyAudit];LocalDomainServers;CN=Benedetta Kowalczyk/OU=CHPSID/O=TACOM,CN=Lorraine Whitcombe/OU=CHPSID/O=TACOM;[Admin]
46471C55730A5DF19D8702B60BF96B44,101A2,989809C74E90563B6EFE81B142FABD63,04/30/2026 18:19:53,04/30/2026 18:19:53,CN=Marlene Okafor/OU=CHPSID/O=TACOM,,VMA-2026-000483,989809C74E90563B6EFE81B142FABD63,QC Rework,,,"QC failed - engraving misspelled, returned to shop. Follow-up required.","QC failed - engraving misspelled, returned to shop",05/06/2026,Yes,CN=Marlene Okafor/OU=CHPSID/O=TACOM,04/30/2026 18:19:53,[TACOM];[CSR];[Admin];[ReadOnlyAudit];LocalDomainServers;CN=Renata Vasquez-Holm/OU=CHPSID/O=TACOM,CN=Marlene Okafor/OU=CHPSID/O=TACOM;[Admin]
FE9960E5D3F75ADE1DBEC5B4ACC4A015,101A6,C20C525CC2AB90FAF2D34641E2E5C88E,07/12/2016 19:20:57,07/12/2016 19:20:57,CN=Benedetta Kowalczyk/OU=CHPSID/O=TACOM,,VMA-2016-000073,C20C525CC2AB90FAF2D34641E2E5C88E,Congressional Inquiry,,,Congressional inquiry received - response due 10 days. Follow-up required.,Congressional inquiry received - response due 10 days,,,CN=Benedetta Kowalczyk/OU=CHPSID/O=TACOM,07/12/2016 19:20:57,[TACOM];[CSR];[Admin];[ReadOnlyAudit];LocalDomainServers;CN=Lorraine Whitcombe/OU=CHPSID/O=TACOM,CN=Benedetta Kowalczyk/OU=CHPSID/O=TACOM;[Admin]
73378242F11BB233DE65CB148F44797D,101AA,F538DF655FB083399A673BD47EF2AFCE,03/19/2025 18:38:29,03/19/2025 18:38:29,CN=Dwayne Petrakis/OU=CHPSID/O=TACOM,,VMA-2025-000106,F538DF655FB083399A673BD47EF2AFCE,Phone Call - Outbound,Darnell Kellerhaus,(484) 555-1459,Called requester to confirm address. No further action.,Called requester to confirm address,03/25/2025,,CN=Dwayne Petrakis/OU=CHPSID/O=TACOM,03/19/2025 18:38:29,[TACOM];[CSR];[Admin];[ReadOnlyAudit];LocalDomainServers;CN=Marlene Okafor/OU=CHPSID/O=TACOM,CN=Dwayne Petrakis/OU=CHPSID/O=TACOM;[Admin]
959F558656C2E5AF45CF882E370FD9EE,101AE,93CCB4D2E833E3520EC6DA1DA6167BB2,03/08/2013 15:58:41,03/08/2013 15:58:41,CN=Renata Vasquez-Holm/OU=CHPSID/O=TACOM,,VMA-2013-000029,93CCB4D2E833E3520EC6DA1DA6167BB2,Phone Call - Inbound,Raymond G Quimbley,(302) 555-1893,Requester called for status. Escalated to lead CSR.,Requester called for status,03/22/2013,Yes,CN=Renata Vasquez-Holm/OU=CHPSID/O=TACOM,03/08/2013 15:58:41,[TACOM];[CSR];[Admin];[ReadOnlyAudit];LocalDomainServers;CN=Dwayne Petrakis/OU=CHPSID/O=TACOM,CN=Renata Vasquez-Holm/OU=CHPSID/O=TACOM;[Admin]
1CF0F81F0A1A5CAE9664BE6AA6A4806C,101B2,DD1B7AAC23427ADDEE686994C4F61BF2,05/16/2026 12:43:05,05/16/2026 12:43:05,CN=Benedetta Kowalczyk/OU=CHPSID/O=TACOM,,VMA-2026-000055,DD1B7AAC23427ADDEE686994C4F61BF2,Phone Call - Inbound,Karen Redfearn,(540) 555-1885,Requester called for status. Requester satisfied.,Requester called for status,,Yes,CN=Benedetta Kowalczyk/OU=CHPSID/O=TACOM,05/16/2026 12:43:05,[TACOM];[CSR];[Admin];[ReadOnlyAudit];LocalDomainServers;CN=Renata Vasquez-Holm/OU=CHPSID/O=TACOM,CN=Benedetta Kowalczyk/OU=CHPSID/O=TACOM;[Admin]
3EF9A73AF3409D248F06488956471F8B,101B6,F0C54A2CF5C871EF4BF128C4C1847D99,09/27/2014 14:53:15,09/27/2014 14:53:15,CN=Lorraine Whitcombe/OU=CHPSID/O=TACOM,,VMA-2014-000052,F0C54A2CF5C871EF4BF128C4C1847D99,NOK Documentation,,,Death certificate / relationship proof received. Escalated to lead CSR.,Death certificate / relationship proof received,,Yes,CN=Lorraine Whitcombe/OU=CHPSID/O=TACOM,09/27/2014 14:53:15,[TACOM];[CSR];[Admin];[ReadOnlyAudit];LocalDomainServers;CN=Lorraine Whitcombe/OU=CHPSID/O=TACOM,CN=Lorraine Whitcombe/OU=CHPSID/O=TACOM;[Admin]
C46874068F33267A202C29D040F2EB0B,101BA,8D3DBFCCB8F545E11278C1B17D409AF5,06/09/2026 13:13:23,06/09/2026 13:13:23,CN=Benedetta Kowalczyk/OU=CHPSID/O=TACOM,,VMA-2026-000601,8D3DBFCCB8F545E11278C1B17D409AF5,General,,,General note. Escalated to lead CSR.,General note,,Yes,CN=Benedetta Kowalczyk/OU=CHPSID/O=TACOM,06/09/2026 13:13:23,[TACOM];[CSR];[Admin];[ReadOnlyAudit];LocalDomainServers;CN=Ret Hamlin/OU=CHPSID/O=TACOM,CN=Benedetta Kowalczyk/OU=CHPSID/O=TACOM;[Admin]
3A58A0A7DF81340D70461A96507A872B,101BE,F5BC382D832AFCA5DA6D5EBEF9DB6F88,06/11/2005 17:52:39,06/11/2005 17:52:39,CN=Lorraine Whitcombe/OU=CHPSID/O=TACOM,,VMA-2005-000070,F5BC382D832AFCA5DA6D5EBEF9DB6F88,QC Rework,,,"QC failed - engraving misspelled, returned to shop. Escalated to lead CSR.","QC failed - engraving misspelled, returned to shop",,Yes,CN=Lorraine Whitcombe/OU=CHPSID/O=TACOM,06/11/2005 17:52:39,[TACOM];[CSR];[Admin];[ReadOnlyAudit];LocalDomainServers;CN=Renata Vasquez-Holm/OU=CHPSID/O=TACOM,CN=Lorraine Whitcombe/OU=CHPSID/O=TACOM;[Admin]
1B3C2882B719E19F54C46C01B44168FC,101C2,5A734ECA425097CBBE723156BD854BF5,11/05/2008 23:56:59,11/05/2008 23:56:59,CN=Renata Vasquez-Holm/OU=CHPSID/O=TACOM,,VMA-2008-000090,5A734ECA425097CBBE723156BD854BF5,General,,,General note. See attached correspondence.,General note,11/17/2008,Yes,CN=Renata Vasquez-Holm/OU=CHPSID/O=TACOM,11/05/2008 23:56:59,[TACOM];[CSR];[Admin];[ReadOnlyAudit];LocalDomainServers;CN=Lorraine Whitcombe/OU=CHPSID/O=TACOM,CN=Renata Vasquez-Holm/OU=CHPSID/O=TACOM;[Admin]
92355FD534F6E87D1C0936DBA1D04C40,101C6,5B4070F7118CEED76E42B4048E89CEF3,04/03/2017 14:45:27,04/03/2017 14:45:27,CN=Ret Hamlin/OU=CHPSID/O=TACOM,,VMA-2017-000065,5B4070F7118CEED76E42B4048E89CEF3,Address Correction,,,Address updated per requester. See attached correspondence.,Address updated per requester,,Yes,CN=Ret Hamlin/OU=CHPSID/O=TACOM,04/03/2017 14:45:27,[TACOM];[CSR];[Admin];[ReadOnlyAudit];LocalDomainServers;CN=Marlene Okafor/OU=CHPSID/O=TACOM,CN=Ret Hamlin/OU=CHPSID/O=TACOM;[Admin]
0C0AC1D993F9EE101252E1086257FBAC,101CA,EC2F71F08B9C6D4F221571E9E89256E9,04/26/2023 14:28:32,04/26/2023 14:28:32,CN=Renata Vasquez-Holm/OU=CHPSID/O=TACOM,,VMA-2023-000072,EC2F71F08B9C6D4F221571E9E89256E9,Phone Call - Inbound,Clarence Ahlquist-Bane,(484) 555-1037,Requester called for status. See attached correspondence.,Requester called for status,05/05/2023,,CN=Renata Vasquez-Holm/OU=CHPSID/O=TACOM,04/26/2023 14:28:32,[TACOM];[CSR];[Admin];[ReadOnlyAudit];LocalDomainServers;CN=Ret Hamlin/OU=CHPSID/O=TACOM,CN=Renata Vasquez-Holm/OU=CHPSID/O=TACOM;[Admin]
EC8BEE87168153796CE2557A55B89560,101CE,A1F93AECC359F38E6AB764FD79488ED0,06/08/2006 22:20:36,06/08/2006 22:20:36,CN=Dwayne Petrakis/OU=CHPSID/O=TACOM,,VMA-2006-000069,A1F93AECC359F38E6AB764FD79488ED0,HRC Query,,,Sent eligibility query to HRC Awards Branch. See attached correspondence.,Sent eligibility query to HRC Awards Branch,,Yes,CN=Dwayne Petrakis/OU=CHPSID/O=TACOM,06/08/2006 22:20:36,[TACOM];[CSR];[Admin];[ReadOnlyAudit];LocalDomainServers;CN=Dwayne Petrakis/OU=CHPSID/O=TACOM,CN=Dwayne Petrakis/OU=CHPSID/O=TACOM;[Admin]
2864DCE68AE7359F29DFA687BEDBB5A3,101D2,7F9F7F6175E4E1A256CC113F25E2263C,12/01/2022 18:07:38,12/01/2022 18:07:38,CN=Renata Vasquez-Holm/OU=CHPSID/O=TACOM,,VMA-2022-000082,7F9F7F6175E4E1A256CC113F25E2263C,Backorder,,,Item backordered - requester notified. No further action.,Item backordered - requester notified,12/13/2022,,CN=Renata Vasquez-Holm/OU=CHPSID/O=TACOM,12/01/2022 18:07:38,[TACOM];[CSR];[Admin];[ReadOnlyAudit];LocalDomainServers;CN=Ret Hamlin/OU=CHPSID/O=TACOM,CN=Renata Vasquez-Holm/OU=CHPSID/O=TACOM;[Admin]
C535CF0B4A0494AAB67A2BA320D4C236,101D6,70551A3D01898E8F4ADB6E0D3E79FA52,04/08/2006 20:28:15,04/08/2006 20:28:15,CN=Lorraine Whitcombe/OU=CHPSID/O=TACOM,Correspondence_VMA-2006-000066.pdf,VMA-2006-000066,70551A3D01898E8F4ADB6E0D3E79FA52,Phone Call - Outbound,Mary Kellerhaus,(856) 555-1078,Called requester to confirm address. See attached correspondence.,Called requester to confirm address,,Yes,CN=Lorraine Whitcombe/OU=CHPSID/O=TACOM,04/08/2006 20:28:15,[TACOM];[CSR];[Admin];[ReadOnlyAudit];LocalDomainServers;CN=Marlene Okafor/OU=CHPSID/O=TACOM,CN=Lorraine Whitcombe/OU=CHPSID/O=TACOM;[Admin]
2F77A1FE1EE7E645D3B634A607ADF4B8,101DA,E28E154C26EDE6053AAD5A789F067729,04/11/2026 21:57:18,04/11/2026 21:57:18,CN=Benedetta Kowalczyk/OU=CHPSID/O=TACOM,,VMA-2026-000037,E28E154C26EDE6053AAD5A789F067729,NPRC Query,,,Requested OMPF verification from NPRC. Escalated to lead CSR.,Requested OMPF verification from NPRC,04/16/2026,Yes,CN=Benedetta Kowalczyk/OU=CHPSID/O=TACOM,04/11/2026 21:57:18,[TACOM];[CSR];[Admin];[ReadOnlyAudit];LocalDomainServers;CN=Benedetta Kowalczyk/OU=CHPSID/O=TACOM,CN=Benedetta Kowalczyk/OU=CHPSID/O=TACOM;[Admin]
BEB35F5E22FFBF2CAD3118C0C7D9EEE5,101DE,034512C0C438D72B7BF24A8D475CC39C,12/14/2018 23:58:43,12/14/2018 23:58:43,CN=Dwayne Petrakis/OU=CHPSID/O=TACOM,,VMA-2018-000012,034512C0C438D72B7BF24A8D475CC39C,Congressional Inquiry,,,Congressional inquiry received - response due 10 days. Escalated to lead CSR.,Congressional inquiry received - response due 10 days,12/25/2018,Yes,CN=Dwayne Petrakis/OU=CHPSID/O=TACOM,12/14/2018 23:58:43,[TACOM];[CSR];[Admin];[ReadOnlyAudit];LocalDomainServers;CN=Lorraine Whitcombe/OU=CHPSID/O=TACOM,CN=Dwayne Petrakis/OU=CHPSID/O=TACOM;[Admin]
E9F6C00CDFA65F0496940A3E23B8639B,101E2,0140C9B37C3B7BDC1015E2C99F601181,03/05/2014 19:54:27,03/05/2014 19:54:27,CN=Benedetta Kowalczyk/OU=CHPSID/O=TACOM,,VMA-2014-000072,0140C9B37C3B7BDC1015E2C99F601181,Congressional Inquiry,,,Congressional inquiry received - response due 10 days. No further action.,Congressional inquiry received - response due 10 days,,Yes,CN=Benedetta Kowalczyk/OU=CHPSID/O=TACOM,03/05/2014 19:54:27,[TACOM];[CSR];[Admin];[ReadOnlyAudit];LocalDomainServers;CN=Ret Hamlin/OU=CHPSID/O=TACOM,CN=Benedetta Kowalczyk/OU=CHPSID/O=TACOM;[Admin]
6923564B59E22646C9F8F8DFE5D1C0D5,101E6,AB3A3E9E42902497FDA1EA87AEF85D0E,09/30/2025 15:22:04,09/30/2025 15:22:04,CN=Renata Vasquez-Holm/OU=CHPSID/O=TACOM,,VMA-2025-000003,AB3A3E9E42902497FDA1EA87AEF85D0E,Backorder,,,Item backordered - requester notified. Requester satisfied.,Item backordered - requester notified,10/09/2025,Yes,CN=Renata Vasquez-Holm/OU=CHPSID/O=TACOM,09/30/2025 15:22:04,[TACOM];[CSR];[Admin];[ReadOnlyAudit];LocalDomainServers;CN=Benedetta Kowalczyk/OU=CHPSID/O=TACOM,CN=Renata Vasquez-Holm/OU=CHPSID/O=TACOM;[Admin]
A733256F55D047BB5D9D1003A1F05265,101EA,345C3855CEEE133F3FC4440CAC348256,05/15/2009 11:59:03,05/15/2009 11:59:03,CN=Renata Vasquez-Holm/OU=CHPSID/O=TACOM,,VMA-2009-000077,345C3855CEEE133F3FC4440CAC348256,Backorder,,,Item backordered - requester notified. No further action.,Item backordered - requester notified,,Yes,CN=Renata Vasquez-Holm/OU=CHPSID/O=TACOM,05/15/2009 11:59:03,[TACOM];[CSR];[Admin];[ReadOnlyAudit];LocalDomainServers;CN=Ret Hamlin/OU=CHPSID/O=TACOM,CN=Renata Vasquez-Holm/OU=CHPSID/O=TACOM;[Admin]
50A952D76676FA16EE184D85D364C2EE,101EE,5DBC4D0AF59CCC764F367968EEDE2AF2,09/08/2023 12:23:28,09/08/2023 12:23:28,CN=Renata Vasquez-Holm/OU=CHPSID/O=TACOM,,VMA-2023-000082,5DBC4D0AF59CCC764F367968EEDE2AF2,Address Correction,,,Address updated per requester. Requester satisfied.,Address updated per requester,,,CN=Renata Vasquez-Holm/OU=CHPSID/O=TACOM,09/08/2023 12:23:28,[TACOM];[CSR];[Admin];[ReadOnlyAudit];LocalDomainServers;CN=Renata Vasquez-Holm/OU=CHPSID/O=TACOM,CN=Renata Vasquez-Holm/OU=CHPSID/O=TACOM;[Admin]
392D140A11D58426F5EA0C51CB128FAF,101F2,BEF07622060847A1F1E7DD1C3F0BAB07,05/27/2005 08:46:50,05/27/2005 08:46:50,CN=Dwayne Petrakis/OU=CHPSID/O=TACOM,,VMA-2005-000033,BEF07622060847A1F1E7DD1C3F0BAB07,HRC Query,,,Sent eligibility query to HRC Awards Branch. See attached correspondence.,Sent eligibility query to HRC Awards Branch,05/30/2005,,CN=Dwayne Petrakis/OU=CHPSID/O=TACOM,05/27/2005 08:46:50,[TACOM];[CSR];[Admin];[ReadOnlyAudit];LocalDomainServers;CN=Marlene Okafor/OU=CHPSID/O=TACOM,CN=Dwayne Petrakis/OU=CHPSID/O=TACOM;[Admin]
BC57D937B929467CB9F204B20AFFEDAF,101F6,FBF873F5DAECA7D6F35377416552D91C,06/02/2005 13:06:20,06/02/2005 13:06:20,CN=Ret Hamlin/OU=CHPSID/O=TACOM,Correspondence_VMA-2005-000041.pdf,VMA-2005-000041,FBF873F5DAECA7D6F35377416552D91C,Phone Call - Inbound,Ruth Pettiford,(410) 555-1548,Requester called for status. See attached correspondence.,Requester called for status,,,CN=Ret Hamlin/OU=CHPSID/O=TACOM,06/02/2005 13:06:20,[TACOM];[CSR];[Admin];[ReadOnlyAudit];LocalDomainServers;CN=Benedetta Kowalczyk/OU=CHPSID/O=TACOM,CN=Ret Hamlin/OU=CHPSID/O=TACOM;[Admin]
D430AEED1454448E90AAC55D4DB4DF09,101FA,05AE5068C3AF621EAF4558B3F2771D9C,05/26/2026 22:06:51,05/26/2026 22:06:51,CN=Renata Vasquez-Holm/OU=CHPSID/O=TACOM,,VMA-2026-000562,05AE5068C3AF621EAF4558B3F2771D9C,NOK Documentation,,,Death certificate / relationship proof received. Requester satisfied.,Death certificate / relationship proof received,,Yes,CN=Renata Vasquez-Holm/OU=CHPSID/O=TACOM,05/26/2026 22:06:51,[TACOM];[CSR];[Admin];[ReadOnlyAudit];LocalDomainServers;CN=Lorraine Whitcombe/OU=CHPSID/O=TACOM,CN=Renata Vasquez-Holm/OU=CHPSID/O=TACOM;[Admin]
85D87408D5BE5D241996ACD40EC616D6,101FE,439F1C44160C3BA89F678343DD94CE37,06/23/2026 13:04:56,06/23/2026 13:04:56,CN=Lorraine Whitcombe/OU=CHPSID/O=TACOM,,VMA-2026-000607,439F1C44160C3BA89F678343DD94CE37,Phone Call - Inbound,Luis Ledesma-Ortiz,(717) 555-1765,Requester called for status. See attached correspondence.,Requester called for status,,,CN=Lorraine Whitcombe/OU=CHPSID/O=TACOM,06/23/2026 13:04:56,[TACOM];[CSR];[Admin];[ReadOnlyAudit];LocalDomainServers;CN=Dwayne Petrakis/OU=CHPSID/O=TACOM,CN=Lorraine Whitcombe/OU=CHPSID/O=TACOM;[Admin]
4B15616B738DEFA93C001F3A7A8F6DC1,10202,51CC7B3B12C56E7FC6A4618CAC2E19AA,04/30/2008 17:40:45,04/30/2008 17:40:45,CN=Lorraine Whitcombe/OU=CHPSID/O=TACOM,,VMA-2008-000042,51CC7B3B12C56E7FC6A4618CAC2E19AA,Address Correction,,,Address updated per requester. No further action.,Address updated per requester,,Yes,CN=Lorraine Whitcombe/OU=CHPSID/O=TACOM,04/30/2008 17:40:45,[TACOM];[CSR];[Admin];[ReadOnlyAudit];LocalDomainServers;CN=Benedetta Kowalczyk/OU=CHPSID/O=TACOM,CN=Lorraine Whitcombe/OU=CHPSID/O=TACOM;[Admin]
6F7F9AAC8FCC2F094784922EFDF3499F,10206,159ED26C79F5F1DA29E485E683EA6B59,12/08/2020 17:51:04,12/08/2020 17:51:04,CN=Dwayne Petrakis/OU=CHPSID/O=TACOM,,VMA-2020-000008,159ED26C79F5F1DA29E485E683EA6B59,NOK Documentation,,,Death certificate / relationship proof received. See attached correspondence.,Death certificate / relationship proof received,12/14/2020,,CN=Dwayne Petrakis/OU=CHPSID/O=TACOM,12/08/2020 17:51:04,[TACOM];[CSR];[Admin];[ReadOnlyAudit];LocalDomainServers;CN=Dwayne Petrakis/OU=CHPSID/O=TACOM,CN=Dwayne Petrakis/OU=CHPSID/O=TACOM;[Admin]
F119DDF472D3B9E77064103B6067F631,1020A,C93075CBE10C0D5BA1F18DDA57FC5C92,04/04/2026 10:57:17,04/04/2026 10:57:17,CN=Renata Vasquez-Holm/OU=CHPSID/O=TACOM,Correspondence_VMA-2026-000419.pdf,VMA-2026-000419,C93075CBE10C0D5BA1F18DDA57FC5C92,General,,,General note. Follow-up required.,General note,04/07/2026,Yes,CN=Renata Vasquez-Holm/OU=CHPSID/O=TACOM,04/04/2026 10:57:17,[TACOM];[CSR];[Admin];[ReadOnlyAudit];LocalDomainServers;CN=Dwayne Petrakis/OU=CHPSID/O=TACOM,CN=Renata Vasquez-Holm/OU=CHPSID/O=TACOM;[Admin]
EE14BD16E91793BA9DBFBA5FBA099D5C,1020E,C654D2702C85CA409701F607C86F7032,12/15/2017 18:09:49,12/15/2017 18:09:49,CN=Renata Vasquez-Holm/OU=CHPSID/O=TACOM,,VMA-2017-000105,C654D2702C85CA409701F607C86F7032,Phone Call - Inbound,Nicole Lattimore,(410) 555-1585,Requester called for status. Escalated to lead CSR.,Requester called for status,12/18/2017,Yes,CN=Renata Vasquez-Holm/OU=CHPSID/O=TACOM,12/15/2017 18:09:49,[TACOM];[CSR];[Admin];[ReadOnlyAudit];LocalDomainServers;CN=Dwayne Petrakis/OU=CHPSID/O=TACOM,CN=Renata Vasquez-Holm/OU=CHPSID/O=TACOM;[Admin]
BE1422AC41FB090493ED4B95245D7CDD,10212,4425516E347B4837806928365BC035E5,08/17/2026 11:47:27,08/17/2026 11:47:27,CN=Benedetta Kowalczyk/OU=CHPSID/O=TACOM,,VMA-2026-000275,4425516E347B4837806928365BC035E5,Phone Call - Inbound,Walter Ellsworthy,(703) 555-1495,Requester called for status. No further action.,Requester called for status,,Yes,CN=Benedetta Kowalczyk/OU=CHPSID/O=TACOM,08/17/2026 11:47:27,[TACOM];[CSR];[Admin];[ReadOnlyAudit];LocalDomainServers;CN=Lorraine Whitcombe/OU=CHPSID/O=TACOM,CN=Benedetta Kowalczyk/OU=CHPSID/O=TACOM;[Admin]
A321B0DA0B9070250FF303A49801E07C,10216,882FFED6CB9547008B79B972CA419266,11/28/2011 14:49:56,11/28/2011 14:49:56,CN=Lorraine Whitcombe/OU=CHPSID/O=TACOM,,VMA-2011-000035,882FFED6CB9547008B79B972CA419266,Address Correction,,,Address updated per requester. Escalated to lead CSR.,Address updated per requester,,Yes,CN=Lorraine Whitcombe/OU=CHPSID/O=TACOM,11/28/2011 14:49:56,[TACOM];[CSR];[Admin];[ReadOnlyAudit];LocalDomainServers;CN=Renata Vasquez-Holm/OU=CHPSID/O=TACOM,CN=Lorraine Whitcombe/OU=CHPSID/O=TACOM;[Admin]
00B39D190C4E85A26B5436F3194AEF91,1021A,8C08D1372EE4662746A1BB14CA2CDB1D,04/21/2009 07:19:50,04/21/2009 07:19:50,CN=Marlene Okafor/OU=CHPSID/O=TACOM,,VMA-2009-000106,8C08D1372EE4662746A1BB14CA2CDB1D,NOK Documentation,,,Death certificate / relationship proof received. See attached correspondence.,Death certificate / relationship proof received,,,CN=Marlene Okafor/OU=CHPSID/O=TACOM,04/21/2009 07:19:50,[TACOM];[CSR];[Admin];[ReadOnlyAudit];LocalDomainServers;CN=Ret Hamlin/OU=CHPSID/O=TACOM,CN=Marlene Okafor/OU=CHPSID/O=TACOM;[Admin]
6FAB3FD1B678658EFC6A195BF2888EDC,1021E,854A6420A19CDCCF5BC1CDAC47F36E92,03/23/2026 13:00:18,03/23/2026 13:00:18,CN=Renata Vasquez-Holm/OU=CHPSID/O=TACOM,,VMA-2026-000536,854A6420A19CDCCF5BC1CDAC47F36E92,QC Rework,,,"QC failed - engraving misspelled, returned to shop. Requester satisfied.","QC failed - engraving misspelled, returned to shop",,Yes,CN=Renata Vasquez-Holm/OU=CHPSID/O=TACOM,03/23/2026 13:00:18,[TACOM];[CSR];[Admin];[ReadOnlyAudit];LocalDomainServers;CN=Marlene Okafor/OU=CHPSID/O=TACOM,CN=Renata Vasquez-Holm/OU=CHPSID/O=TACOM;[Admin]
200BF8CE6BAA41DD8380D28DAAF49EA5,10222,D3F57E9851F751DA9EF79DC4C288CA06,07/01/2012 08:28:44,07/01/2012 08:28:44,CN=Lorraine Whitcombe/OU=CHPSID/O=TACOM,Correspondence_VMA-2012-000011.pdf,VMA-2012-000011,D3F57E9851F751DA9EF79DC4C288CA06,General,,,General note. No further action.,General note,,Yes,CN=Lorraine Whitcombe/OU=CHPSID/O=TACOM,07/01/2012 08:28:44,[TACOM];[CSR];[Admin];[ReadOnlyAudit];LocalDomainServers;CN=Benedetta Kowalczyk/OU=CHPSID/O=TACOM,CN=Lorraine Whitcombe/OU=CHPSID/O=TACOM;[Admin]
BE321F8DFCB5E139C0D25644714F8EFD,10226,A35EC68DEAEAD5E1D5454B9CF61753F2,01/24/2022 15:44:20,01/24/2022 15:44:20,CN=Benedetta Kowalczyk/OU=CHPSID/O=TACOM,,VMA-2021-000036,A35EC68DEAEAD5E1D5454B9CF61753F2,Phone Call - Inbound,Helen Castellanos,(540) 555-1896,Requester called for status. See attached correspondence.,Requester called for status,,Yes,CN=Benedetta Kowalczyk/OU=CHPSID/O=TACOM,01/24/2022 15:44:20,[TACOM];[CSR];[Admin];[ReadOnlyAudit];LocalDomainServers;CN=Renata Vasquez-Holm/OU=CHPSID/O=TACOM,CN=Benedetta Kowalczyk/OU=CHPSID/O=TACOM;[Admin]
34B9ED728B1CDA77579E2C3488299395,1022A,F203AA009E9C882792D14E6E2581A882,06/18/2026 14:56:25,06/18/2026 14:56:25,CN=Marlene Okafor/OU=CHPSID/O=TACOM,Correspondence_VMA-2026-000498.pdf,VMA-2026-000498,F203AA009E9C882792D14E6E2581A882,Phone Call - Inbound,Nicole Iverstone,(703) 555-1703,Requester called for status. Escalated to lead CSR.,Requester called for status,,,CN=Marlene Okafor/OU=CHPSID/O=TACOM,06/18/2026 14:56:25,[TACOM];[CSR];[Admin];[ReadOnlyAudit];LocalDomainServers;CN=Lorraine Whitcombe/OU=CHPSID/O=TACOM,CN=Marlene Okafor/OU=CHPSID/O=TACOM;[Admin]
D6AE87E6EE974DA2DDBEA2E5307B4813,1022E,465D68F23C88E32DA610FB46BEAC7B8D,11/06/2007 19:38:20,11/06/2007 19:38:20,CN=Renata Vasquez-Holm/OU=CHPSID/O=TACOM,,VMA-2007-000015,465D68F23C88E32DA610FB46BEAC7B8D,Backorder,,,Item backordered - requester notified. No further action.,Item backordered - requester notified,11/18/2007,Yes,CN=Renata Vasquez-Holm/OU=CHPSID/O=TACOM,11/06/2007 19:38:20,[TACOM];[CSR];[Admin];[ReadOnlyAudit];LocalDomainServers;CN=Lorraine Whitcombe/OU=CHPSID/O=TACOM,CN=Renata Vasquez-Holm/OU=CHPSID/O=TACOM;[Admin]
7C57310F8EA8A4CAE3000119F2BF58A4,10232,47275F94936E743C29D07A423F6087D6,09/08/2012 16:35:22,09/08/2012 16:35:22,CN=Benedetta Kowalczyk/OU=CHPSID/O=TACOM,,VMA-2012-000091,47275F94936E743C29D07A423F6087D6,Congressional Inquiry,,,Congressional inquiry received - response due 10 days. Requester satisfied.,Congressional inquiry received - response due 10 days,,Yes,CN=Benedetta Kowalczyk/OU=CHPSID/O=TACOM,09/08/2012 16:35:22,[TACOM];[CSR];[Admin];[ReadOnlyAudit];LocalDomainServers;CN=Marlene Okafor/OU=CHPSID/O=TACOM,CN=Benedetta Kowalczyk/OU=CHPSID/O=TACOM;[Admin]
DE7462AFB70474B9CD36761526C3E347,10236,9EB74F49CF8B3649DFB080D3A59ACE6F,01/25/2007 23:51:50,01/25/2007 23:51:50,CN=Lorraine Whitcombe/OU=CHPSID/O=TACOM,Correspondence_VMA-2007-000091.pdf,VMA-2007-000091,9EB74F49CF8B3649DFB080D3A59ACE6F,Congressional Inquiry,,,Congressional inquiry received - response due 10 days. Follow-up required.,Congressional inquiry received - response due 10 days,02/07/2007,Yes,CN=Lorraine Whitcombe/OU=CHPSID/O=TACOM,01/25/2007 23:51:50,[TACOM];[CSR];[Admin];[ReadOnlyAudit];LocalDomainServers;CN=Marlene Okafor/OU=CHPSID/O=TACOM,CN=Lorraine Whitcombe/OU=CHPSID/O=TACOM;[Admin]
46445E664F48E368EF325562E443FA8C,1023A,6F7CA7E74507D2D67CAB5E7DF36545EC,05/31/2004 17:12:10,05/31/2004 17:12:10,CN=Renata Vasquez-Holm/OU=CHPSID/O=TACOM,,VMA-2004-000065,6F7CA7E74507D2D67CAB5E7DF36545EC,Backorder,,,Item backordered - requester notified. See attached correspondence.,Item backordered - requester notified,,,CN=Renata Vasquez-Holm/OU=CHPSID/O=TACOM,05/31/2004 17:12:10,[TACOM];[CSR];[Admin];[ReadOnlyAudit];LocalDomainServers;CN=Dwayne Petrakis/OU=CHPSID/O=TACOM,CN=Renata Vasquez-Holm/OU=CHPSID/O=TACOM;[Admin]
B7070F1D45EA97CA562CE89FE88F35BC,1023E,126F99752CD18E8BFAF680A5AD774458,06/22/2026 20:42:30,06/22/2026 20:42:30,CN=Renata Vasquez-Holm/OU=CHPSID/O=TACOM,,VMA-2026-000307,126F99752CD18E8BFAF680A5AD774458,NOK Documentation,,,Death certificate / relationship proof received. Escalated to lead CSR.,Death certificate / relationship proof received,06/30/2026,Yes,CN=Renata Vasquez-Holm/OU=CHPSID/O=TACOM,06/22/2026 20:42:30,[TACOM];[CSR];[Admin];[ReadOnlyAudit];LocalDomainServers;CN=Benedetta Kowalczyk/OU=CHPSID/O=TACOM,CN=Renata Vasquez-Holm/OU=CHPSID/O=TACOM;[Admin]
C6EB16C95DC1224D4C58369AE19FE0AE,10242,D5076E7A05962C31CDB1C562DC8ACF49,03/23/2025 19:58:43,03/23/2025 19:58:43,CN=Ret Hamlin/OU=CHPSID/O=TACOM,,VMA-2025-000073,D5076E7A05962C31CDB1C562DC8ACF49,HRC Query,,,Sent eligibility query to HRC Awards Branch. Follow-up required.,Sent eligibility query to HRC Awards Branch,,,CN=Ret Hamlin/OU=CHPSID/O=TACOM,03/23/2025 19:58:43,[TACOM];[CSR];[Admin];[ReadOnlyAudit];LocalDomainServers;CN=Benedetta Kowalczyk/OU=CHPSID/O=TACOM,CN=Ret Hamlin/OU=CHPSID/O=TACOM;[Admin]
032D75C91926576892DC32E7BBD5B4CE,10246,F4FC77E47F9529F2B23D4AE35F9AE30F,08/27/2019 12:17:59,08/27/2019 12:17:59,CN=Lorraine Whitcombe/OU=CHPSID/O=TACOM,,VMA-2019-000081,F4FC77E47F9529F2B23D4AE35F9AE30F,QC Rework,,,"QC failed - engraving misspelled, returned to shop. See attached correspondence.","QC failed - engraving misspelled, returned to shop",09/01/2019,Yes,CN=Lorraine Whitcombe/OU=CHPSID/O=TACOM,08/27/2019 12:17:59,[TACOM];[CSR];[Admin];[ReadOnlyAudit];LocalDomainServers;CN=Dwayne Petrakis/OU=CHPSID/O=TACOM,CN=Lorraine Whitcombe/OU=CHPSID/O=TACOM;[Admin]
730E0A7AFD4762154FE747021CB147FD,1024A,F68BA4EDA3D777D9A2EE2524B5584AEF,03/30/2013 12:35:57,03/30/2013 12:35:57,CN=Dwayne Petrakis/OU=CHPSID/O=TACOM,Correspondence_VMA-2013-000060.pdf,VMA-2013-000060,F68BA4EDA3D777D9A2EE2524B5584AEF,QC Rework,,,"QC failed - engraving misspelled, returned to shop. Requester satisfied.","QC failed - engraving misspelled, returned to shop",,Yes,CN=Dwayne Petrakis/OU=CHPSID/O=TACOM,03/30/2013 12:35:57,[TACOM];[CSR];[Admin];[ReadOnlyAudit];LocalDomainServers;CN=Marlene Okafor/OU=CHPSID/O=TACOM,CN=Dwayne Petrakis/OU=CHPSID/O=TACOM;[Admin]
3539A719911A90787130CDE022D2AC53,1024E,472223F14C78B2114F7EDA2A697254C1,05/23/2012 19:02:32,05/23/2012 19:02:32,CN=Benedetta Kowalczyk/OU=CHPSID/O=TACOM,,VMA-2012-000086,472223F14C78B2114F7EDA2A697254C1,NPRC Query,,,Requested OMPF verification from NPRC. Requester satisfied.,Requested OMPF verification from NPRC,06/05/2012,,CN=Benedetta Kowalczyk/OU=CHPSID/O=TACOM,05/23/2012 19:02:32,[TACOM];[CSR];[Admin];[ReadOnlyAudit];LocalDomainServers;CN=Lorraine Whitcombe/OU=CHPSID/O=TACOM,CN=Benedetta Kowalczyk/OU=CHPSID/O=TACOM;[Admin]
EE92ECF49792DA2ECA473C26A84062DB,10252,80C42AF506F60AD60A8E22C09D517C8F,07/29/2013 17:26:56,07/29/2013 17:26:56,CN=Renata Vasquez-Holm/OU=CHPSID/O=TACOM,,VMA-2013-000026,80C42AF506F60AD60A8E22C09D517C8F,Backorder,,,Item backordered - requester notified. Requester satisfied.,Item backordered - requester notified,,Yes,CN=Renata Vasquez-Holm/OU=CHPSID/O=TACOM,07/29/2013 17:26:56,[TACOM];[CSR];[Admin];[ReadOnlyAudit];LocalDomainServers;CN=Dwayne Petrakis/OU=CHPSID/O=TACOM,CN=Renata Vasquez-Holm/OU=CHPSID/O=TACOM;[Admin]
5D561F9EAB716E17ED0880D75BE9ACA7,10256,D169C1B6E420ED743EAF4801410C19CA,08/21/2022 23:44:46,08/21/2022 23:44:46,CN=Lorraine Whitcombe/OU=CHPSID/O=TACOM,,VMA-2022-000063,D169C1B6E420ED743EAF4801410C19CA,General,,,General note. Follow-up required.,General note,,,CN=Lorraine Whitcombe/OU=CHPSID/O=TACOM,08/21/2022 23:44:46,[TACOM];[CSR];[Admin];[ReadOnlyAudit];LocalDomainServers;CN=Ret Hamlin/OU=CHPSID/O=TACOM,CN=Lorraine Whitcombe/OU=CHPSID/O=TACOM;[Admin]
0039BE882CBA79D9A4BCDF62D41F5FEC,1025A,D3F57E9851F751DA9EF79DC4C288CA06,08/04/2012 13:28:44,08/04/2012 13:28:44,CN=Marlene Okafor/OU=CHPSID/O=TACOM,,VMA-2012-000011,D3F57E9851F751DA9EF79DC4C288CA06,Backorder,,,Item backordered - requester notified. See attached correspondence.,Item backordered - requester notified,,Yes,CN=Marlene Okafor/OU=CHPSID/O=TACOM,08/04/2012 13:28:44,[TACOM];[CSR];[Admin];[ReadOnlyAudit];LocalDomainServers;CN=Benedetta Kowalczyk/OU=CHPSID/O=TACOM,CN=Marlene Okafor/OU=CHPSID/O=TACOM;[Admin]
98DF3CDC6AF089C196E72654B665B5D7,1025E,ACDB04562C80BC525371CF49418311D0,06/16/2021 16:34:38,06/16/2021 16:34:38,CN=Benedetta Kowalczyk/OU=CHPSID/O=TACOM,,VMA-2021-000097,ACDB04562C80BC525371CF49418311D0,Phone Call - Inbound,Jeffrey Pemberley,(267) 555-1745,Requester called for status. Requester satisfied.,Requester called for status,,Yes,CN=Benedetta Kowalczyk/OU=CHPSID/O=TACOM,06/16/2021 16:34:38,[TACOM];[CSR];[Admin];[ReadOnlyAudit];LocalDomainServers;CN=Dwayne Petrakis/OU=CHPSID/O=TACOM,CN=Benedetta Kowalczyk/OU=CHPSID/O=TACOM;[Admin]
823D0ADFEFD19B897FC7B8B32EFE62B7,10262,9A4470A30726C23C77181D7A75B2239C,02/13/2007 00:05:45,02/13/2007 00:05:45,CN=Dwayne Petrakis/OU=CHPSID/O=TACOM,,VMA-2007-000083,9A4470A30726C23C77181D7A75B2239C,HRC Query,,,Sent eligibility query to HRC Awards Branch. No further action.,Sent eligibility query to HRC Awards Branch,,Yes,CN=Dwayne Petrakis/OU=CHPSID/O=TACOM,02/13/2007 00:05:45,[TACOM];[CSR];[Admin];[ReadOnlyAudit];LocalDomainServers;CN=Ret Hamlin/OU=CHPSID/O=TACOM,CN=Dwayne Petrakis/OU=CHPSID/O=TACOM;[Admin]
5EFABD09C54432C144D8169DC193D398,10266,1084BEB47369C6F1DFE9BCBB1A99584D,08/10/2026 08:04:11,08/10/2026 08:04:11,CN=Marlene Okafor/OU=CHPSID/O=TACOM,,VMA-2026-000448,1084BEB47369C6F1DFE9BCBB1A99584D,Congressional Inquiry,,,Congressional inquiry received - response due 10 days. No further action.,Congressional inquiry received - response due 10 days,,Yes,CN=Marlene Okafor/OU=CHPSID/O=TACOM,08/10/2026 08:04:11,[TACOM];[CSR];[Admin];[ReadOnlyAudit];LocalDomainServers;CN=Lorraine Whitcombe/OU=CHPSID/O=TACOM,CN=Marlene Okafor/OU=CHPSID/O=TACOM;[Admin]
AD8ADAAB2E43158CDFEE2EC010E3A160,1026A,34559D03218D7D3BDA2F6D35027CFECD,02/27/2007 19:25:09,02/27/2007 19:25:09,CN=Dwayne Petrakis/OU=CHPSID/O=TACOM,,VMA-2007-000042,34559D03218D7D3BDA2F6D35027CFECD,HRC Query,,,Sent eligibility query to HRC Awards Branch. No further action.,Sent eligibility query to HRC Awards Branch,,Yes,CN=Dwayne Petrakis/OU=CHPSID/O=TACOM,02/27/2007 19:25:09,[TACOM];[CSR];[Admin];[ReadOnlyAudit];LocalDomainServers;CN=Marlene Okafor/OU=CHPSID/O=TACOM,CN=Dwayne Petrakis/OU=CHPSID/O=TACOM;[Admin]
13D8883617CFC96E6967211D2C571C1D,1026E,FC2DDDD57E889FFA0EBD66A9ADEC16CF,02/07/2020 10:58:50,02/07/2020 10:58:50,CN=Marlene Okafor/OU=CHPSID/O=TACOM,,VMA-2019-000104,FC2DDDD57E889FFA0EBD66A9ADEC16CF,Phone Call - Inbound,Marcus Fennimark,(856) 555-1147,Requester called for status. Escalated to lead CSR.,Requester called for status,02/19/2020,,CN=Marlene Okafor/OU=CHPSID/O=TACOM,02/07/2020 10:58:50,[TACOM];[CSR];[Admin];[ReadOnlyAudit];LocalDomainServers;CN=Lorraine Whitcombe/OU=CHPSID/O=TACOM,CN=Marlene Okafor/OU=CHPSID/O=TACOM;[Admin]
8A01C362152333310033FB4400F56673,10272,C9CE7DBEFA74BDA555627A690D70DB3C,12/01/2015 18:46:42,12/01/2015 18:46:42,CN=Benedetta Kowalczyk/OU=CHPSID/O=TACOM,,VMA-2015-000092,C9CE7DBEFA74BDA555627A690D70DB3C,NOK Documentation,,,Death certificate / relationship proof received. No further action.,Death certificate / relationship proof received,,Yes,CN=Benedetta Kowalczyk/OU=CHPSID/O=TACOM,12/01/2015 18:46:42,[TACOM];[CSR];[Admin];[ReadOnlyAudit];LocalDomainServers;CN=Lorraine Whitcombe/OU=CHPSID/O=TACOM,CN=Benedetta Kowalczyk/OU=CHPSID/O=TACOM;[Admin]
73B8D485E00AEA70FDF27629A6BC85EF,10276,BC54BE1039FAE65D80CB363FA45D9892,01/20/2005 22:43:17,01/20/2005 22:43:17,CN=Marlene Okafor/OU=CHPSID/O=TACOM,,VMA-2005-000064,BC54BE1039FAE65D80CB363FA45D9892,Phone Call - Inbound,Barbara Yarrowdale,(856) 555-1897,Requester called for status. Escalated to lead CSR.,Requester called for status,,,CN=Marlene Okafor/OU=CHPSID/O=TACOM,01/20/2005 22:43:17,[TACOM];[CSR];[Admin];[ReadOnlyAudit];LocalDomainServers;CN=Lorraine Whitcombe/OU=CHPSID/O=TACOM,CN=Marlene Okafor/OU=CHPSID/O=TACOM;[Admin]
BCD56C2418DD80332CC1DB97AC770CA2,1027A,6AE7C158B384AF590A5DC5F662594AE1,02/09/2026 20:00:23,02/09/2026 20:00:23,CN=Ret Hamlin/OU=CHPSID/O=TACOM,,VMA-2010-000055,6AE7C158B384AF590A5DC5F662594AE1,Phone Call - Inbound,Brian Castellanos,(540) 555-1022,Requester called for status. See attached correspondence.,Requester called for status,02/17/2026,Yes,CN=Ret Hamlin/OU=CHPSID/O=TACOM,02/09/2026 20:00:23,[TACOM];[CSR];[Admin];[ReadOnlyAudit];LocalDomainServers;CN=Renata Vasquez-Holm/OU=CHPSID/O=TACOM,CN=Ret Hamlin/OU=CHPSID/O=TACOM;[Admin]
E113F7AE4243791F2C30357A11AC0752,1027E,8D715227E8B5A15EC4F605F2D9B34818,07/11/2007 15:37:33,07/11/2007 15:37:33,CN=Dwayne Petrakis/OU=CHPSID/O=TACOM,,VMA-2007-000069,8D715227E8B5A15EC4F605F2D9B34818,HRC Query,,,Sent eligibility query to HRC Awards Branch. Requester satisfied.,Sent eligibility query to HRC Awards Branch,,Yes,CN=Dwayne Petrakis/OU=CHPSID/O=TACOM,07/11/2007 15:37:33,[TACOM];[CSR];[Admin];[ReadOnlyAudit];LocalDomainServers;CN=Lorraine Whitcombe/OU=CHPSID/O=TACOM,CN=Dwayne Petrakis/OU=CHPSID/O=TACOM;[Admin]
F6772849AA13E04134FC3DB41C07559D,10282,250D3E1AC894809908878045C656B88B,04/09/2020 22:57:57,04/09/2020 22:57:57,CN=Marlene Okafor/OU=CHPSID/O=TACOM,,VMA-2020-000085,250D3E1AC894809908878045C656B88B,HRC Query,,,Sent eligibility query to HRC Awards Branch. Requester satisfied.,Sent eligibility query to HRC Awards Branch,,,CN=Marlene Okafor/OU=CHPSID/O=TACOM,04/09/2020 22:57:57,[TACOM];[CSR];[Admin];[ReadOnlyAudit];LocalDomainServers;CN=Marlene Okafor/OU=CHPSID/O=TACOM,CN=Marlene Okafor/OU=CHPSID/O=TACOM;[Admin]
36C3BA929C13680267005EB7A4182757,10286,27AB46477586CC0B996637EA38B21BA0,06/04/2026 21:00:16,06/04/2026 21:00:16,CN=Marlene Okafor/OU=CHPSID/O=TACOM,,VMA-2026-000618,27AB46477586CC0B996637EA38B21BA0,Phone Call - Inbound,John Villanueva-Cox,(856) 555-1315,Requester called for status. No further action.,Requester called for status,,Yes,CN=Marlene Okafor/OU=CHPSID/O=TACOM,06/04/2026 21:00:16,[TACOM];[CSR];[Admin];[ReadOnlyAudit];LocalDomainServers;CN=Renata Vasquez-Holm/OU=CHPSID/O=TACOM,CN=Marlene Okafor/OU=CHPSID/O=TACOM;[Admin]
5129FD1EEDED42B7A7257A4F2B37AF64,1028A,AE46DA86649AE98180F7DF3F90C28BBF,10/31/2023 12:32:09,10/31/2023 12:32:09,CN=Lorraine Whitcombe/OU=CHPSID/O=TACOM,,VMA-2023-000015,AE46DA86649AE98180F7DF3F90C28BBF,Phone Call - Outbound,Sandra Yeardley,(410) 555-1120,Called requester to confirm address. No further action.,Called requester to confirm address,,Yes,CN=Lorraine Whitcombe/OU=CHPSID/O=TACOM,10/31/2023 12:32:09,[TACOM];[CSR];[Admin];[ReadOnlyAudit];LocalDomainServers;CN=Benedetta Kowalczyk/OU=CHPSID/O=TACOM,CN=Lorraine Whitcombe/OU=CHPSID/O=TACOM;[Admin]
60FD693DC6C87A1D7EDB0A05BDF7A556,1028E,86777E081873DAE7211C349C1A73069A,04/19/2026 21:15:26,04/19/2026 21:15:26,CN=Renata Vasquez-Holm/OU=CHPSID/O=TACOM,,VMA-2026-000044,86777E081873DAE7211C349C1A73069A,NOK Documentation,,,Death certificate / relationship proof received. See attached correspondence.,Death certificate / relationship proof received,,Yes,CN=Renata Vasquez-Holm/OU=CHPSID/O=TACOM,04/19/2026 21:15:26,[TACOM];[CSR];[Admin];[ReadOnlyAudit];LocalDomainServers;CN=Ret Hamlin/OU=CHPSID/O=TACOM,CN=Renata Vasquez-Holm/OU=CHPSID/O=TACOM;[Admin]
95A411C9CAE143C993389231D96816DF,10292,1F69804C59566CFB24B40252D05A639D,08/26/2006 16:08:01,08/26/2006 16:08:01,CN=Ret Hamlin/OU=CHPSID/O=TACOM,,VMA-2006-000104,1F69804C59566CFB24B40252D05A639D,NOK Documentation,,,Death certificate / relationship proof received. Requester satisfied.,Death certificate / relationship proof received,,Yes,CN=Ret Hamlin/OU=CHPSID/O=TACOM,08/26/2006 16:08:01,[TACOM];[CSR];[Admin];[ReadOnlyAudit];LocalDomainServers;CN=Lorraine Whitcombe/OU=CHPSID/O=TACOM,CN=Ret Hamlin/OU=CHPSID/O=TACOM;[Admin]
05342E362D3C35760B5863F3146BF301,10296,773786F03B55801088A773E2D9ACB71C,04/17/2026 16:11:22,04/17/2026 16:11:22,CN=Renata Vasquez-Holm/OU=CHPSID/O=TACOM,,VMA-2026-000365,773786F03B55801088A773E2D9ACB71C,Address Correction,,,Address updated per requester. No further action.,Address updated per requester,,Yes,CN=Renata Vasquez-Holm/OU=CHPSID/O=TACOM,04/17/2026 16:11:22,[TACOM];[CSR];[Admin];[ReadOnlyAudit];LocalDomainServers;CN=Benedetta Kowalczyk/OU=CHPSID/O=TACOM,CN=Renata Vasquez-Holm/OU=CHPSID/O=TACOM;[Admin]
7BA4D505D49C88238384BD9DE16398D2,1029A,A2F23671689CF8655F3DA00F819B6156,11/30/2015 14:14:48,11/30/2015 14:14:48,CN=Marlene Okafor/OU=CHPSID/O=TACOM,,VMA-2015-000050,A2F23671689CF8655F3DA00F819B6156,Phone Call - Inbound,Mildred Vandermolen,(484) 555-1633,Requester called for status. See attached correspondence.,Requester called for status,,Yes,CN=Marlene Okafor/OU=CHPSID/O=TACOM,11/30/2015 14:14:48,[TACOM];[CSR];[Admin];[ReadOnlyAudit];LocalDomainServers;CN=Marlene Okafor/OU=CHPSID/O=TACOM,CN=Marlene Okafor/OU=CHPSID/O=TACOM;[Admin]
71A564D4F216265A13691C63672045E3,1029E,67B4069C7FB2F0317A4C7101157C963C,05/31/2011 09:28:26,05/31/2011 09:28:26,CN=Renata Vasquez-Holm/OU=CHPSID/O=TACOM,,VMA-2011-000031,67B4069C7FB2F0317A4C7101157C963C,HRC Query,,,Sent eligibility query to HRC Awards Branch. Follow-up required.,Sent eligibility query to HRC Awards Branch,06/06/2011,Yes,CN=Renata Vasquez-Holm/OU=CHPSID/O=TACOM,05/31/2011 09:28:26,[TACOM];[CSR];[Admin];[ReadOnlyAudit];LocalDomainServers;CN=Ret Hamlin/OU=CHPSID/O=TACOM,CN=Renata Vasquez-Holm/OU=CHPSID/O=TACOM;[Admin]
9DA108D1F50B10AA4566F121077C3BF3,102A2,F863167C8C71E55ADD532E3727DA8CFC,02/01/2026 18:41:51,02/01/2026 18:41:51,CN=Marlene Okafor/OU=CHPSID/O=TACOM,,VMA-2026-000474,F863167C8C71E55ADD532E3727DA8CFC,HRC Query,,,Sent eligibility query to HRC Awards Branch. Requester satisfied.,Sent eligibility query to HRC Awards Branch,,Yes,CN=Marlene Okafor/OU=CHPSID/O=TACOM,02/01/2026 18:41:51,[TACOM];[CSR];[Admin];[ReadOnlyAudit];LocalDomainServers;CN=Benedetta Kowalczyk/OU=CHPSID/O=TACOM,CN=Marlene Okafor/OU=CHPSID/O=TACOM;[Admin]
8B5C3466D9962C8AA90CFDE7EAEEC069,102A6,21300F6201BE2AD4410249FAA8CA1253,04/01/2009 17:32:21,04/01/2009 17:32:21,CN=Marlene Okafor/OU=CHPSID/O=TACOM,,VMA-2009-000047,21300F6201BE2AD4410249FAA8CA1253,Congressional Inquiry,,,Congressional inquiry received - response due 10 days. Escalated to lead CSR.,Congressional inquiry received - response due 10 days,04/07/2009,,CN=Marlene Okafor/OU=CHPSID/O=TACOM,04/01/2009 17:32:21,[TACOM];[CSR];[Admin];[ReadOnlyAudit];LocalDomainServers;CN=Marlene Okafor/OU=CHPSID/O=TACOM,CN=Marlene Okafor/OU=CHPSID/O=TACOM;[Admin]
761DEB8E16AE3A25ED9B8C4C7BD60E8F,102AA,2742E98ACAD36C0635AD4D4A07459251,05/02/2015 08:25:50,05/02/2015 08:25:50,CN=Marlene Okafor/OU=CHPSID/O=TACOM,,VMA-2015-000047,2742E98ACAD36C0635AD4D4A07459251,Backorder,,,Item backordered - requester notified. See attached correspondence.,Item backordered - requester notified,,,CN=Marlene Okafor/OU=CHPSID/O=TACOM,05/02/2015 08:25:50,[TACOM];[CSR];[Admin];[ReadOnlyAudit];LocalDomainServers;CN=Dwayne Petrakis/OU=CHPSID/O=TACOM,CN=Marlene Okafor/OU=CHPSID/O=TACOM;[Admin]
0371D612E1BE12F12368FA3A0362C0F8,102AE,124C119CE042A68CCA937C610C829C8A,12/21/2016 22:40:23,12/21/2016 22:40:23,CN=Lorraine Whitcombe/OU=CHPSID/O=TACOM,,VMA-2016-000057,124C119CE042A68CCA937C610C829C8A,General,,,General note. No further action.,General note,,Yes,CN=Lorraine Whitcombe/OU=CHPSID/O=TACOM,12/21/2016 22:40:23,[TACOM];[CSR];[Admin];[ReadOnlyAudit];LocalDomainServers;CN=Dwayne Petrakis/OU=CHPSID/O=TACOM,CN=Lorraine Whitcombe/OU=CHPSID/O=TACOM;[Admin]
AB1B7425311B8CA2D13AADB0B54208FD,102B2,D3214EC3F67876D44B1C261911745D51,02/07/2007 14:27:05,02/07/2007 14:27:05,CN=Marlene Okafor/OU=CHPSID/O=TACOM,,VMA-2007-000041,D3214EC3F67876D44B1C261911745D51,NPRC Query,,,Requested OMPF verification from NPRC. See attached correspondence.,Requested OMPF verification from NPRC,02/15/2007,Yes,CN=Marlene Okafor/OU=CHPSID/O=TACOM,02/07/2007 14:27:05,[TACOM];[CSR];[Admin];[ReadOnlyAudit];LocalDomainServers;CN=Marlene Okafor/OU=CHPSID/O=TACOM,CN=Marlene Okafor/OU=CHPSID/O=TACOM;[Admin]
9A99B48ED92C44EA3EB2B8190BD421C8,102B6,A9B41FA04C3A23A868FE7AF1BF9FCF71,09/11/2014 17:16:52,09/11/2014 17:16:52,CN=Renata Vasquez-Holm/OU=CHPSID/O=TACOM,,VMA-2014-000102,A9B41FA04C3A23A868FE7AF1BF9FCF71,NPRC Query,,,Requested OMPF verification from NPRC. See attached correspondence.,Requested OMPF verification from NPRC,09/19/2014,Yes,CN=Renata Vasquez-Holm/OU=CHPSID/O=TACOM,09/11/2014 17:16:52,[TACOM];[CSR];[Admin];[ReadOnlyAudit];LocalDomainServers;CN=Benedetta Kowalczyk/OU=CHPSID/O=TACOM,CN=Renata Vasquez-Holm/OU=CHPSID/O=TACOM;[Admin]
B1E346F5BD9979970BFBF394F3D8B31A,102BA,E6DBF2998EB5EE7CBE5A6462BEB2D4A5,05/03/2005 11:15:38,05/03/2005 11:15:38,CN=Dwayne Petrakis/OU=CHPSID/O=TACOM,,VMA-2005-000082,E6DBF2998EB5EE7CBE5A6462BEB2D4A5,Congressional Inquiry,,,Congressional inquiry received - response due 10 days. See attached correspondence.,Congressional inquiry received - response due 10 days,,,CN=Dwayne Petrakis/OU=CHPSID/O=TACOM,05/03/2005 11:15:38,[TACOM];[CSR];[Admin];[ReadOnlyAudit];LocalDomainServers;CN=Lorraine Whitcombe/OU=CHPSID/O=TACOM,CN=Dwayne Petrakis/OU=CHPSID/O=TACOM;[Admin]
7A65E2872F5F9596EE161832595994BB,102BE,9E615F62E00958816BDCF9C1A65697B8,06/11/2019 15:46:16,06/11/2019 15:46:16,CN=Ret Hamlin/OU=CHPSID/O=TACOM,,VMA-2019-000015,9E615F62E00958816BDCF9C1A65697B8,Phone Call - Inbound,Arthur Lockridge,(484) 555-1011,Requester called for status. Follow-up required.,Requester called for status,,Yes,CN=Ret Hamlin/OU=CHPSID/O=TACOM,06/11/2019 15:46:16,[TACOM];[CSR];[Admin];[ReadOnlyAudit];LocalDomainServers;CN=Marlene Okafor/OU=CHPSID/O=TACOM,CN=Ret Hamlin/OU=CHPSID/O=TACOM;[Admin]
353683A69BA725A42657056FD5C5CCA1,102C2,E84370AD3AF3B1FB29E4EDAD15E2EEDD,04/24/2026 16:02:31,04/24/2026 16:02:31,CN=Ret Hamlin/OU=CHPSID/O=TACOM,,VMA-2026-000319,E84370AD3AF3B1FB29E4EDAD15E2EEDD,NPRC Query,,,Requested OMPF verification from NPRC. Requester satisfied.,Requested OMPF verification from NPRC,,Yes,CN=Ret Hamlin/OU=CHPSID/O=TACOM,04/24/2026 16:02:31,[TACOM];[CSR];[Admin];[ReadOnlyAudit];LocalDomainServers;CN=Renata Vasquez-Holm/OU=CHPSID/O=TACOM,CN=Ret Hamlin/OU=CHPSID/O=TACOM;[Admin]
AFE8B89A6BAA41AA29A5A77F8DD3E517,102C6,F5FEB23FE0BC32E5846E2BC39B094D9D,06/27/2005 22:50:38,06/27/2005 22:50:38,CN=Dwayne Petrakis/OU=CHPSID/O=TACOM,Correspondence_VMA-2005-000056.pdf,VMA-2005-000056,F5FEB23FE0BC32E5846E2BC39B094D9D,Phone Call - Outbound,John Rockwell-Sayre,(215) 555-1454,Called requester to confirm address. Follow-up required.,Called requester to confirm address,,Yes,CN=Dwayne Petrakis/OU=CHPSID/O=TACOM,06/27/2005 22:50:38,[TACOM];[CSR];[Admin];[ReadOnlyAudit];LocalDomainServers;CN=Lorraine Whitcombe/OU=CHPSID/O=TACOM,CN=Dwayne Petrakis/OU=CHPSID/O=TACOM;[Admin]
1D7974E8F78DDC7AD2A847A437EC5448,102CA,B8AAE8BDE6EE5A686C2B617FF6C17A27,01/21/2021 13:30:14,01/21/2021 13:30:14,CN=Dwayne Petrakis/OU=CHPSID/O=TACOM,,VMA-2021-000106,B8AAE8BDE6EE5A686C2B617FF6C17A27,NOK Documentation,,,Death certificate / relationship proof received. No further action.,Death certificate / relationship proof received,,Yes,CN=Dwayne Petrakis/OU=CHPSID/O=TACOM,01/21/2021 13:30:14,[TACOM];[CSR];[Admin];[ReadOnlyAudit];LocalDomainServers;CN=Benedetta Kowalczyk/OU=CHPSID/O=TACOM,CN=Dwayne Petrakis/OU=CHPSID/O=TACOM;[Admin]
0097585B72864633E5F91D36CA0B778A,102CE,87005B591243066ADDD1A984B34A1FCE,05/26/2026 19:19:25,05/26/2026 19:19:25,CN=Dwayne Petrakis/OU=CHPSID/O=TACOM,,VMA-2026-000135,87005B591243066ADDD1A984B34A1FCE,Address Correction,,,Address updated per requester. Escalated to lead CSR.,Address updated per requester,,Yes,CN=Dwayne Petrakis/OU=CHPSID/O=TACOM,05/26/2026 19:19:25,[TACOM];[CSR];[Admin];[ReadOnlyAudit];LocalDomainServers;CN=Benedetta Kowalczyk/OU=CHPSID/O=TACOM,CN=Dwayne Petrakis/OU=CHPSID/O=TACOM;[Admin]
3DDEEEA5A708D773C376508520CA16D3,102D2,BD4E7D3BD4E574F9AEC0ECD83089AF17,09/21/2011 00:07:52,09/21/2011 00:07:52,CN=Ret Hamlin/OU=CHPSID/O=TACOM,,VMA-2011-000074,BD4E7D3BD4E574F9AEC0ECD83089AF17,HRC Query,,,Sent eligibility query to HRC Awards Branch. Escalated to lead CSR.,Sent eligibility query to HRC Awards Branch,,,CN=Ret Hamlin/OU=CHPSID/O=TACOM,09/21/2011 00:07:52,[TACOM];[CSR];[Admin];[ReadOnlyAudit];LocalDomainServers;CN=Benedetta Kowalczyk/OU=CHPSID/O=TACOM,CN=Ret Hamlin/OU=CHPSID/O=TACOM;[Admin]
DB90DAA6DAB14AEC8F70477637070A79,102D6,CB71E82DF73C40E4B12014306B6B2D91,04/15/2011 18:12:09,04/15/2011 18:12:09,CN=Ret Hamlin/OU=CHPSID/O=TACOM,,VMA-2011-000018,CB71E82DF73C40E4B12014306B6B2D91,Backorder,,,Item backordered - requester notified. Follow-up required.,Item backordered - requester notified,,Yes,CN=Ret Hamlin/OU=CHPSID/O=TACOM,04/15/2011 18:12:09,[TACOM];[CSR];[Admin];[ReadOnlyAudit];LocalDomainServers;CN=Renata Vasquez-Holm/OU=CHPSID/O=TACOM,CN=Ret Hamlin/OU=CHPSID/O=TACOM;[Admin]
887C83BD8A0AF6D8B47365DBF312903D,102DA,AB4917E16DC95F5385991BF3E6C78B71,06/23/2019 11:21:05,06/23/2019 11:21:05,CN=Benedetta Kowalczyk/OU=CHPSID/O=TACOM,,VMA-2019-000098,AB4917E16DC95F5385991BF3E6C78B71,General,,,General note. Follow-up required.,General note,,,CN=Benedetta Kowalczyk/OU=CHPSID/O=TACOM,06/23/2019 11:21:05,[TACOM];[CSR];[Admin];[ReadOnlyAudit];LocalDomainServers;CN=Lorraine Whitcombe/OU=CHPSID/O=TACOM,CN=Benedetta Kowalczyk/OU=CHPSID/O=TACOM;[Admin]
813E2D5B4EA79F1BF3117779C1ABC0A2,102DE,995E1072C7C3F5F97EAAEDC73B156450,02/01/2026 17:38:39,02/01/2026 17:38:39,CN=Lorraine Whitcombe/OU=CHPSID/O=TACOM,,VMA-2026-000189,995E1072C7C3F5F97EAAEDC73B156450,NPRC Query,,,Requested OMPF verification from NPRC. Escalated to lead CSR.,Requested OMPF verification from NPRC,02/07/2026,,CN=Lorraine Whitcombe/OU=CHPSID/O=TACOM,02/01/2026 17:38:39,[TACOM];[CSR];[Admin];[ReadOnlyAudit];LocalDomainServers;CN=Marlene Okafor/OU=CHPSID/O=TACOM,CN=Lorraine Whitcombe/OU=CHPSID/O=TACOM;[Admin]
6E65D4A7F152945247C15BC8D02C5882,102E2,FD260E43D8BB3839A4AF038AFC68A7CE,07/24/2026 15:05:10,07/24/2026 15:05:10,CN=Ret Hamlin/OU=CHPSID/O=TACOM,,VMA-2026-000031,FD260E43D8BB3839A4AF038AFC68A7CE,Phone Call - Inbound,Heather Rathbourne,(540) 555-1180,Requester called for status. See attached correspondence.,Requester called for status,07/27/2026,Yes,CN=Ret Hamlin/OU=CHPSID/O=TACOM,07/24/2026 15:05:10,[TACOM];[CSR];[Admin];[ReadOnlyAudit];LocalDomainServers;CN=Renata Vasquez-Holm/OU=CHPSID/O=TACOM,CN=Ret Hamlin/OU=CHPSID/O=TACOM;[Admin]
F6DE52FF2792FDFEEE309D62700429E0,102E6,7672506266484B6F1A927FDADA8E5FA4,07/11/2026 00:35:54,07/11/2026 00:35:54,CN=Ret Hamlin/OU=CHPSID/O=TACOM,,VMA-2026-000046,7672506266484B6F1A927FDADA8E5FA4,NOK Documentation,,,Death certificate / relationship proof received. Escalated to lead CSR.,Death certificate / relationship proof received,,Yes,CN=Ret Hamlin/OU=CHPSID/O=TACOM,07/11/2026 00:35:54,[TACOM];[CSR];[Admin];[ReadOnlyAudit];LocalDomainServers;CN=Renata Vasquez-Holm/OU=CHPSID/O=TACOM,CN=Ret Hamlin/OU=CHPSID/O=TACOM;[Admin]
A7F7C995D9EB15957C8D7A767F506C58,102EA,A4DFAEAB8AA23AE61B6AD4F2CABDFEF3,03/18/2026 13:48:31,03/18/2026 13:48:31,CN=Renata Vasquez-Holm/OU=CHPSID/O=TACOM,,VMA-2026-000261,A4DFAEAB8AA23AE61B6AD4F2CABDFEF3,HRC Query,,,Sent eligibility query to HRC Awards Branch. See attached correspondence.,Sent eligibility query to HRC Awards Branch,03/30/2026,Yes,CN=Renata Vasquez-Holm/OU=CHPSID/O=TACOM,03/18/2026 13:48:31,[TACOM];[CSR];[Admin];[ReadOnlyAudit];LocalDomainServers;CN=Marlene Okafor/OU=CHPSID/O=TACOM,CN=Renata Vasquez-Holm/OU=CHPSID/O=TACOM;[Admin]
A385DFA0A6125AFC2B5C2A04129314D8,102EE,2BF195720925EBAEB9C96E3CD8CB8DAA,03/17/2026 11:41:17,03/17/2026 11:41:17,CN=Lorraine Whitcombe/OU=CHPSID/O=TACOM,,VMA-2026-000268,2BF195720925EBAEB9C96E3CD8CB8DAA,Congressional Inquiry,,,Congressional inquiry received - response due 10 days. Follow-up required.,Congressional inquiry received - response due 10 days,,Yes,CN=Lorraine Whitcombe/OU=CHPSID/O=TACOM,03/17/2026 11:41:17,[TACOM];[CSR];[Admin];[ReadOnlyAudit];LocalDomainServers;CN=Marlene Okafor/OU=CHPSID/O=TACOM,CN=Lorraine Whitcombe/OU=CHPSID/O=TACOM;[Admin]
50E9C88E949FB1D692D2301DBE612DB1,102F2,FF106DFB7C60E940EE2EEFBAC4337EF4,10/04/2012 08:43:54,10/04/2012 08:43:54,CN=Ret Hamlin/OU=CHPSID/O=TACOM,,VMA-2012-000038,FF106DFB7C60E940EE2EEFBAC4337EF4,General,,,General note. Escalated to lead CSR.,General note,,,CN=Ret Hamlin/OU=CHPSID/O=TACOM,10/04/2012 08:43:54,[TACOM];[CSR];[Admin];[ReadOnlyAudit];LocalDomainServers;CN=Marlene Okafor/OU=CHPSID/O=TACOM,CN=Ret Hamlin/OU=CHPSID/O=TACOM;[Admin]
D623F02F88286C4020D4A1FA8F18F9DA,102F6,3E48BF293BAAE24E4468E9CF53E5ADBE,08/12/2026 17:40:30,08/12/2026 17:40:30,CN=Renata Vasquez-Holm/OU=CHPSID/O=TACOM,Correspondence_VMA-2026-000066.pdf,VMA-2026-000066,3E48BF293BAAE24E4468E9CF53E5ADBE,Phone Call - Inbound,Luis Castellanos,(215) 555-1461,Requester called for status. See attached correspondence.,Requester called for status,,,CN=Renata Vasquez-Holm/OU=CHPSID/O=TACOM,08/12/2026 17:40:30,[TACOM];[CSR];[Admin];[ReadOnlyAudit];LocalDomainServers;CN=Dwayne Petrakis/OU=CHPSID/O=TACOM,CN=Renata Vasquez-Holm/OU=CHPSID/O=TACOM;[Admin]
