UNID,NoteID,ParentUNID,Created,Modified,LastUpdatedBy,Attachments,JobNumber,CaseNumber,VeteranName,JobStatus,Priority,Items,EngravingText,Font,Machine,ProofChecked,QueuedDate,StartedDate,CompletedDate,Engraver,ReworkCount,Notes,DocReaders,DaysInQueue
CBE97376E3653C0C118FA958DF65F384,CC4A,,09/12/2008 15:05:17,09/16/2008 18:05:17,CN=Oswaldo Ferreira-Lund/OU=CHPSID/O=TACOM,,ENG-2008-01144,VMA-2008-000079,"Wickersham, Carl",Complete,Routine,Army Commendation Medal :: C. H. WICKERSHAM;Purple Heart :: C. H. WICKERSHAM,C. H. WICKERSHAM,Block,Rotary-A,Spelling verified against authorization record;Award matches line item,09/12/2008 15:05:17,09/16/2008 15:05:17,09/16/2008 18:05:17,CN=Oswaldo Ferreira-Lund/OU=CHPSID/O=TACOM,0,,[TACOM];[CSR];[Admin];[ReadOnlyAudit];LocalDomainServers,4
35833BA46B4FD859B88EC798A63DE456,CC4E,,05/23/2011 19:30:11,06/04/2011 19:30:11,CN=Oswaldo Ferreira-Lund/OU=CHPSID/O=TACOM,,ENG-2011-00728,VMA-2011-000067,"Quimbley, James",Complete,Routine,Purple Heart :: J. QUIMBLEY,J. QUIMBLEY,Roman,Rotary-A,Spelling verified against authorization record;Award matches line item,05/23/2011 19:30:11,05/27/2011 19:30:11,06/04/2011 19:30:11,CN=Oswaldo Ferreira-Lund/OU=CHPSID/O=TACOM,0,,[TACOM];[CSR];[Admin];[ReadOnlyAudit];LocalDomainServers,12
371E04E8C5D13AEE9C9FD752303C57B2,CC52,,11/09/2022 17:44:49,11/15/2022 19:44:49,CN=Hector Amundsen/OU=CHPSID/O=TACOM,,ENG-2022-01307,VMA-2022-000091,"Norquist, Ralph",Complete,Routine,Silver Star :: R. F. NORQUIST,R. F. NORQUIST,Block,Rotary-A,Spelling verified against authorization record;Award matches line item,11/09/2022 17:44:49,11/13/2022 17:44:49,11/15/2022 19:44:49,CN=Hector Amundsen/OU=CHPSID/O=TACOM,0,,[TACOM];[CSR];[Admin];[ReadOnlyAudit];LocalDomainServers,6
BD23A30E7077DA08305584E5F60C04FD,CC56,,06/06/2014 09:15:54,06/14/2014 10:15:54,CN=Hector Amundsen/OU=CHPSID/O=TACOM,,ENG-2014-00177,VMA-2014-000014,"Kirkbride, John",Complete,Routine,Air Medal :: J. P. KIRKBRIDE;Army Commendation Medal :: J. P. KIRKBRIDE,J. P. KIRKBRIDE,Script,Laser-1,Spelling verified against authorization record;Award matches line item,06/06/2014 09:15:54,06/10/2014 09:15:54,06/14/2014 10:15:54,CN=Hector Amundsen/OU=CHPSID/O=TACOM,0,,[TACOM];[CSR];[Admin];[ReadOnlyAudit];LocalDomainServers,8
0842D516454AF520E9921E7536063359,CC5A,,04/14/2013 12:47:41,05/01/2013 12:47:41,CN=Hector Amundsen/OU=CHPSID/O=TACOM,,ENG-2013-00273,VMA-2013-000014,"Ellsworthy, Ryan",Complete,Expedite,Silver Star :: R. ELLSWORTHY;Air Medal :: R. ELLSWORTHY;Purple Heart :: R. ELLSWORTHY,R. ELLSWORTHY,Block,Laser-1,Spelling verified against authorization record;Award matches line item,04/14/2013 12:47:41,04/16/2013 12:47:41,05/01/2013 12:47:41,CN=Hector Amundsen/OU=CHPSID/O=TACOM,0,,[TACOM];[CSR];[Admin];[ReadOnlyAudit];LocalDomainServers,17
900E84B858199B0A646203A00F18C132,CC5E,,11/08/2017 16:00:47,11/24/2017 17:00:47,CN=Hector Amundsen/OU=CHPSID/O=TACOM,,ENG-2017-00476,VMA-2017-000041,"Zimmerly, Tyler",Complete,Routine,Bronze Star Medal :: T. ZIMMERLY,T. ZIMMERLY,Block,Hand,Spelling verified against authorization record;Award matches line item,11/08/2017 16:00:47,11/10/2017 16:00:47,11/24/2017 17:00:47,CN=Hector Amundsen/OU=CHPSID/O=TACOM,0,,[TACOM];[CSR];[Admin];[ReadOnlyAudit];LocalDomainServers,16
48B5902ADE239DB3C1E2472F99980AE6,CC62,,05/05/2025 17:47:49,05/19/2025 17:47:49,CN=Oswaldo Ferreira-Lund/OU=CHPSID/O=TACOM,,ENG-2025-01118,VMA-2025-000119,"Yarrowdale, Angela",Complete,Congressional,Air Medal :: A. YARROWDALE,A. YARROWDALE,Roman,Rotary-A,Spelling verified against authorization record;Award matches line item,05/05/2025 17:47:49,05/05/2025 17:47:49,05/19/2025 17:47:49,CN=Oswaldo Ferreira-Lund/OU=CHPSID/O=TACOM,0,,[TACOM];[CSR];[Admin];[ReadOnlyAudit];LocalDomainServers,14
D97BFBBF83044D409351BF27FBEACDE9,CC66,,02/12/2026 12:25:20,02/16/2026 12:25:20,CN=Oswaldo Ferreira-Lund/OU=CHPSID/O=TACOM,,ENG-2026-00812,VMA-2026-000343,"Zimmerly, Stephanie",Complete,Routine,Army Commendation Medal :: S. K. ZIMMERLY,S. K. ZIMMERLY,Block,Rotary-A,Spelling verified against authorization record;Award matches line item,02/12/2026 12:25:20,02/15/2026 12:25:20,02/16/2026 12:25:20,CN=Oswaldo Ferreira-Lund/OU=CHPSID/O=TACOM,0,,[TACOM];[CSR];[Admin];[ReadOnlyAudit];LocalDomainServers,4
215B13FB0EEBA5093FD385E40C1EF885,CC6A,,04/18/2026 20:27:50,04/27/2026 20:27:50,CN=Hector Amundsen/OU=CHPSID/O=TACOM,,ENG-2026-01358,VMA-2026-000587,"Hargreave, Leonard",Complete,Routine,Army Commendation Medal :: L. A. HARGREAVE,L. A. HARGREAVE,Block,Laser-2,Spelling verified against authorization record;Award matches line item,04/18/2026 20:27:50,04/21/2026 20:27:50,04/27/2026 20:27:50,CN=Hector Amundsen/OU=CHPSID/O=TACOM,0,,[TACOM];[CSR];[Admin];[ReadOnlyAudit];LocalDomainServers,9
F317812DF65968BB07F42315FA4380AC,CC6E,,01/12/2024 18:45:49,01/19/2024 21:45:49,CN=Oswaldo Ferreira-Lund/OU=CHPSID/O=TACOM,,ENG-2024-01188,VMA-2024-000096,"Vandermolen, Betty",Complete,Routine,Silver Star :: B. B. VANDERMOLEN,B. B. VANDERMOLEN,Block,Laser-1,Spelling verified against authorization record;Award matches line item,01/12/2024 18:45:49,01/15/2024 18:45:49,01/19/2024 21:45:49,CN=Oswaldo Ferreira-Lund/OU=CHPSID/O=TACOM,0,,[TACOM];[CSR];[Admin];[ReadOnlyAudit];LocalDomainServers,7
C696AE5482E4598DB5BB530491787A58,CC72,,02/28/2026 21:22:40,02/28/2026 21:22:40,CN=Dwayne Petrakis/OU=CHPSID/O=TACOM,,ENG-2026-00672,VMA-2026-000284,"Wexcombe, Susan",Queued,Routine,Bronze Star Medal :: S. L. WEXCOMBE,S. L. WEXCOMBE,Script,,,02/28/2026 21:22:40,,,,0,,[TACOM];[CSR];[Admin];[ReadOnlyAudit];LocalDomainServers,185
5FB57423DDF3086D2874B29A64323208,CC76,,06/04/2016 16:44:49,06/22/2016 18:44:49,CN=Oswaldo Ferreira-Lund/OU=CHPSID/O=TACOM,,ENG-2016-00264,VMA-2016-000016,"Fortenbury, Donna",Complete,Routine,Silver Star :: D. L. FORTENBURY;Air Medal :: D. L. FORTENBURY,D. L. FORTENBURY,Block,Rotary-A,Spelling verified against authorization record;Award matches line item,06/04/2016 16:44:49,06/07/2016 16:44:49,06/22/2016 18:44:49,CN=Oswaldo Ferreira-Lund/OU=CHPSID/O=TACOM,0,,[TACOM];[CSR];[Admin];[ReadOnlyAudit];LocalDomainServers,18
D6A8010257CAF62D7D32DB9DC19465AC,CC7A,,11/22/2024 12:37:33,12/09/2024 17:37:33,CN=Oswaldo Ferreira-Lund/OU=CHPSID/O=TACOM,,ENG-2024-01142,VMA-2024-000092,"Lattimore, John",Complete,Routine,Purple Heart :: J. K. LATTIMORE,J. K. LATTIMORE,Block,Rotary-A,Spelling verified against authorization record;Award matches line item,11/22/2024 12:37:33,11/23/2024 12:37:33,12/09/2024 17:37:33,CN=Oswaldo Ferreira-Lund/OU=CHPSID/O=TACOM,0,,[TACOM];[CSR];[Admin];[ReadOnlyAudit];LocalDomainServers,17
D800479B768E5D1D401586A9469E0181,CC7E,,04/07/2015 19:56:35,04/12/2015 00:56:35,CN=Oswaldo Ferreira-Lund/OU=CHPSID/O=TACOM,,ENG-2015-00156,VMA-2015-000014,"Okonkwo-Bell, William",Complete,Routine,Purple Heart :: W. OKONKWO-BELL,W. OKONKWO-BELL,Block,Hand,Spelling verified against authorization record;Award matches line item,04/07/2015 19:56:35,04/09/2015 19:56:35,04/12/2015 00:56:35,CN=Oswaldo Ferreira-Lund/OU=CHPSID/O=TACOM,0,,[TACOM];[CSR];[Admin];[ReadOnlyAudit];LocalDomainServers,5
0DB6F3F26C424B42860B62104CAE9D9E,CC82,,11/22/2025 10:15:29,12/09/2025 10:15:29,CN=Oswaldo Ferreira-Lund/OU=CHPSID/O=TACOM,,ENG-2025-01214,VMA-2025-000136,"Tarquinio, Jeffrey",Complete,Routine,Silver Star :: J. K. TARQUINIO,J. K. TARQUINIO,Script,Laser-2,Spelling verified against authorization record;Award matches line item,11/22/2025 10:15:29,11/25/2025 10:15:29,12/09/2025 10:15:29,CN=Oswaldo Ferreira-Lund/OU=CHPSID/O=TACOM,0,,[TACOM];[CSR];[Admin];[ReadOnlyAudit];LocalDomainServers,17
6E0F687F2EADB2D6E52A568FED8FC378,CC86,,05/20/2011 09:28:26,06/03/2011 11:28:26,CN=Oswaldo Ferreira-Lund/OU=CHPSID/O=TACOM,,ENG-2011-00375,VMA-2011-000031,"Barrowclough, Brian",Complete,Congressional,Bronze Star Medal :: B. S. BARROWCLOUGH,B. S. BARROWCLOUGH,Block,Hand,Spelling verified against authorization record;Award matches line item,05/20/2011 09:28:26,05/22/2011 09:28:26,06/03/2011 11:28:26,CN=Oswaldo Ferreira-Lund/OU=CHPSID/O=TACOM,0,,[TACOM];[CSR];[Admin];[ReadOnlyAudit];LocalDomainServers,14
034DC9A66C3C124141FDB7FEDA59503C,CC8A,,03/28/2009 12:06:39,04/05/2009 14:06:39,CN=Oswaldo Ferreira-Lund/OU=CHPSID/O=TACOM,,ENG-2009-01206,VMA-2009-000092,"Lockridge, Elizabeth",Complete,Routine,Army Commendation Medal :: E. LOCKRIDGE,E. LOCKRIDGE,Script,Rotary-A,Spelling verified against authorization record;Award matches line item,03/28/2009 12:06:39,03/29/2009 12:06:39,04/05/2009 14:06:39,CN=Oswaldo Ferreira-Lund/OU=CHPSID/O=TACOM,0,,[TACOM];[CSR];[Admin];[ReadOnlyAudit];LocalDomainServers,8
0BB2544A6E58E8A8F2FB018EB73F174F,CC8E,,06/18/2006 07:55:46,06/26/2006 09:55:46,CN=Oswaldo Ferreira-Lund/OU=CHPSID/O=TACOM,,ENG-2006-01149,VMA-2006-000092,"Ostrowski, Steven",Complete,Routine,Distinguished Flying Cross :: S. OSTROWSKI,S. OSTROWSKI,Script,Rotary-A,Spelling verified against authorization record;Award matches line item,06/18/2006 07:55:46,06/19/2006 07:55:46,06/26/2006 09:55:46,CN=Oswaldo Ferreira-Lund/OU=CHPSID/O=TACOM,0,,[TACOM];[CSR];[Admin];[ReadOnlyAudit];LocalDomainServers,8
A9A43512D08B7B2DAB4BAFFC68DDBC4D,CC92,,05/10/2026 14:58:11,05/14/2026 17:58:11,CN=Oswaldo Ferreira-Lund/OU=CHPSID/O=TACOM,,ENG-2026-00124,VMA-2026-000049,"Yarrowdale, Marcus",Complete,Routine,Silver Star :: M. A. YARROWDALE,M. A. YARROWDALE,Block,Hand,Spelling verified against authorization record;Award matches line item,05/10/2026 14:58:11,05/13/2026 14:58:11,05/14/2026 17:58:11,CN=Oswaldo Ferreira-Lund/OU=CHPSID/O=TACOM,0,,[TACOM];[CSR];[Admin];[ReadOnlyAudit];LocalDomainServers,4
E04990549F38A17173E2620CA181113B,CC96,,02/24/2018 11:54:58,03/05/2018 13:54:58,CN=Oswaldo Ferreira-Lund/OU=CHPSID/O=TACOM,,ENG-2018-00055,VMA-2018-000007,"Fortenbury, Michael",Complete,Congressional,Silver Star :: M. M. FORTENBURY,M. M. FORTENBURY,Script,Laser-2,Spelling verified against authorization record;Award matches line item,02/24/2018 11:54:58,02/24/2018 11:54:58,03/05/2018 13:54:58,CN=Oswaldo Ferreira-Lund/OU=CHPSID/O=TACOM,0,,[TACOM];[CSR];[Admin];[ReadOnlyAudit];LocalDomainServers,9
4A1786C3A2DD45A5FDC58BCBA6BA8DB0,CC9A,,02/20/2005 10:44:19,03/03/2005 14:44:19,CN=Hector Amundsen/OU=CHPSID/O=TACOM,,ENG-2005-00261,VMA-2005-000029,"Abernook, Howard",Complete,Routine,Air Medal :: H. E. ABERNOOK,H. E. ABERNOOK,Block,Hand,Spelling verified against authorization record;Award matches line item,02/20/2005 10:44:19,02/24/2005 10:44:19,03/03/2005 14:44:19,CN=Hector Amundsen/OU=CHPSID/O=TACOM,0,,[TACOM];[CSR];[Admin];[ReadOnlyAudit];LocalDomainServers,11
136759B8DEBF118F54CA3CE10C669CA1,CC9E,,05/21/2005 07:51:38,06/03/2005 07:51:38,CN=Oswaldo Ferreira-Lund/OU=CHPSID/O=TACOM,,ENG-2005-00792,VMA-2005-000069,"Galbreath, Frances",Complete,Routine,Purple Heart :: F. C. GALBREATH,F. C. GALBREATH,Block,Laser-2,Spelling verified against authorization record;Award matches line item,05/21/2005 07:51:38,05/22/2005 07:51:38,06/03/2005 07:51:38,CN=Oswaldo Ferreira-Lund/OU=CHPSID/O=TACOM,0,,[TACOM];[CSR];[Admin];[ReadOnlyAudit];LocalDomainServers,13
F0EED216C87DA066416C514405FED62C,CCA2,,09/04/2015 18:26:36,09/18/2015 23:26:36,CN=Oswaldo Ferreira-Lund/OU=CHPSID/O=TACOM,,ENG-2015-00328,VMA-2015-000029,"Whitlock, Daniel",Complete,Routine,Silver Star :: D. WHITLOCK;Distinguished Flying Cross :: D. WHITLOCK,D. WHITLOCK,Block,Laser-1,Spelling verified against authorization record;Award matches line item,09/04/2015 18:26:36,09/05/2015 18:26:36,09/18/2015 23:26:36,CN=Oswaldo Ferreira-Lund/OU=CHPSID/O=TACOM,0,,[TACOM];[CSR];[Admin];[ReadOnlyAudit];LocalDomainServers,14
9EA3D87D2B558A6082ED455394F57F1F,CCA6,,08/12/2026 20:44:04,08/21/2026 22:44:04,CN=Hector Amundsen/OU=CHPSID/O=TACOM,,ENG-2026-00820,VMA-2026-000347,"Nakashima, Jamal",Complete,Routine,Purple Heart :: J. NAKASHIMA,J. NAKASHIMA,Roman,Laser-1,Spelling verified against authorization record;Award matches line item,08/12/2026 20:44:04,08/13/2026 20:44:04,08/21/2026 22:44:04,CN=Hector Amundsen/OU=CHPSID/O=TACOM,0,,[TACOM];[CSR];[Admin];[ReadOnlyAudit];LocalDomainServers,9
EB7E5D888552B752A954323B32D1C241,CCAA,,08/20/2011 18:47:17,09/01/2011 21:47:17,CN=Hector Amundsen/OU=CHPSID/O=TACOM,,ENG-2011-00648,VMA-2011-000057,"Quennevile, Frances",Complete,Congressional,Purple Heart :: F. F. QUENNEVILE,F. F. QUENNEVILE,Block,Laser-2,Spelling verified against authorization record;Award matches line item,08/20/2011 18:47:17,08/23/2011 18:47:17,09/01/2011 21:47:17,CN=Hector Amundsen/OU=CHPSID/O=TACOM,0,,[TACOM];[CSR];[Admin];[ReadOnlyAudit];LocalDomainServers,12
E1048EB0644061B8FD3315C143EBA9C5,CCAE,,10/10/2004 12:07:42,10/18/2004 12:07:42,CN=Hector Amundsen/OU=CHPSID/O=TACOM,,ENG-2004-00253,VMA-2004-000020,"Ingersby, Rafael",Complete,Routine,Distinguished Flying Cross :: R. N. INGERSBY,R. N. INGERSBY,Roman,Laser-1,Spelling verified against authorization record;Award matches line item,10/10/2004 12:07:42,10/14/2004 12:07:42,10/18/2004 12:07:42,CN=Hector Amundsen/OU=CHPSID/O=TACOM,0,,[TACOM];[CSR];[Admin];[ReadOnlyAudit];LocalDomainServers,8
ABD806CC1072EE8A547E90658CB46378,CCB2,,06/27/2021 20:48:36,07/11/2021 01:48:36,CN=Oswaldo Ferreira-Lund/OU=CHPSID/O=TACOM,,ENG-2021-00843,VMA-2021-000075,"Beddingfield, Charles",Complete,Routine,Army Commendation Medal :: C. F. BEDDINGFIELD,C. F. BEDDINGFIELD,Roman,Rotary-A,Spelling verified against authorization record;Award matches line item,06/27/2021 20:48:36,06/28/2021 20:48:36,07/11/2021 01:48:36,CN=Oswaldo Ferreira-Lund/OU=CHPSID/O=TACOM,0,,[TACOM];[CSR];[Admin];[ReadOnlyAudit];LocalDomainServers,14
932B6B5F3B98F7C44DD13230DE47890C,CCB6,,02/21/2011 11:56:45,03/04/2011 11:56:45,CN=Hector Amundsen/OU=CHPSID/O=TACOM,,ENG-2011-01357,VMA-2011-000112,"Haverstock, Nancy",Complete,Routine,Bronze Star Medal :: N. C. HAVERSTOCK,N. C. HAVERSTOCK,Script,Laser-2,Spelling verified against authorization record;Award matches line item,02/21/2011 11:56:45,02/23/2011 11:56:45,03/04/2011 11:56:45,CN=Hector Amundsen/OU=CHPSID/O=TACOM,1,Rework: name misspelled on first pass - verified against DD-214.,[TACOM];[CSR];[Admin];[ReadOnlyAudit];LocalDomainServers,11
1C81D398FE768CFAC167B2DABE1BAC34,CCBA,,05/19/2023 09:49:21,06/04/2023 12:49:21,CN=Oswaldo Ferreira-Lund/OU=CHPSID/O=TACOM,,ENG-2023-01019,VMA-2023-000062,"Wexcombe, Frances",Complete,Routine,Bronze Star Medal :: F. W. WEXCOMBE,F. W. WEXCOMBE,Roman,Laser-1,Spelling verified against authorization record;Award matches line item,05/19/2023 09:49:21,05/23/2023 09:49:21,06/04/2023 12:49:21,CN=Oswaldo Ferreira-Lund/OU=CHPSID/O=TACOM,0,,[TACOM];[CSR];[Admin];[ReadOnlyAudit];LocalDomainServers,16
7ED6C1865CC5C081BB16BB2CB2881771,CCBE,,03/25/2017 15:49:07,04/11/2017 18:49:07,CN=Oswaldo Ferreira-Lund/OU=CHPSID/O=TACOM,,ENG-2017-01215,VMA-2017-000092,"Escobedo, Luis",Complete,Routine,Silver Star :: L. ESCOBEDO,L. ESCOBEDO,Block,Hand,Spelling verified against authorization record;Award matches line item,03/25/2017 15:49:07,03/27/2017 15:49:07,04/11/2017 18:49:07,CN=Oswaldo Ferreira-Lund/OU=CHPSID/O=TACOM,0,,[TACOM];[CSR];[Admin];[ReadOnlyAudit];LocalDomainServers,17
0F62A2921433E7D68B97326CC0783C80,CCC2,,02/10/2007 19:05:45,02/27/2007 00:05:45,CN=Oswaldo Ferreira-Lund/OU=CHPSID/O=TACOM,,ENG-2007-01290,VMA-2007-000083,"Zimmerly, Ruth",Complete,Routine,Army Commendation Medal :: R. E. ZIMMERLY,R. E. ZIMMERLY,Block,Laser-2,Spelling verified against authorization record;Award matches line item,02/10/2007 19:05:45,02/14/2007 19:05:45,02/27/2007 00:05:45,CN=Oswaldo Ferreira-Lund/OU=CHPSID/O=TACOM,0,,[TACOM];[CSR];[Admin];[ReadOnlyAudit];LocalDomainServers,17
A16209DB4DF4ECF161D0AB2E67DC7F37,CCC6,,09/17/2004 09:07:40,09/21/2004 11:07:40,CN=Hector Amundsen/OU=CHPSID/O=TACOM,,ENG-2004-01320,VMA-2004-000077,"Yeardley, Jose",Complete,Routine,Bronze Star Medal :: J. YEARDLEY,J. YEARDLEY,Block,Laser-1,Spelling verified against authorization record;Award matches line item,09/17/2004 09:07:40,09/18/2004 09:07:40,09/21/2004 11:07:40,CN=Hector Amundsen/OU=CHPSID/O=TACOM,0,,[TACOM];[CSR];[Admin];[ReadOnlyAudit];LocalDomainServers,4
5AE038672F0B1231E2E103F09CB9B39A,CCCA,,05/21/2026 09:35:16,05/25/2026 09:35:16,CN=Hector Amundsen/OU=CHPSID/O=TACOM,,ENG-2026-00127,VMA-2026-000051,"Delgadillo, Brian",Rework,Routine,Bronze Star Medal :: B. DELGADILLO;Distinguished Flying Cross :: B. DELGADILLO,B. DELGADILLO,Script,Hand,,05/21/2026 09:35:16,05/25/2026 09:35:16,,CN=Hector Amundsen/OU=CHPSID/O=TACOM,1,Rework: name misspelled on first pass - verified against DD-214.,[TACOM];[CSR];[Admin];[ReadOnlyAudit];LocalDomainServers,103
31A6C006CE6C7C11C256EFDD52B3F9F1,CCCE,,01/06/2019 15:25:25,01/14/2019 15:25:25,CN=Oswaldo Ferreira-Lund/OU=CHPSID/O=TACOM,,ENG-2019-00766,VMA-2018-000060,"Hollinbeck, Christopher",Complete,Routine,Silver Star :: C. HOLLINBECK,C. HOLLINBECK,Block,Laser-1,Spelling verified against authorization record;Award matches line item,01/06/2019 15:25:25,01/10/2019 15:25:25,01/14/2019 15:25:25,CN=Oswaldo Ferreira-Lund/OU=CHPSID/O=TACOM,0,,[TACOM];[CSR];[Admin];[ReadOnlyAudit];LocalDomainServers,8
87EDB57DE32E375E46165DCFE7184BD5,CCD2,,05/21/2026 09:32:49,05/21/2026 09:32:49,CN=Hector Amundsen/OU=CHPSID/O=TACOM,,ENG-2026-01269,VMA-2026-000549,"Okonkwo, Donna",In Progress,Routine,Army Commendation Medal :: D. D. OKONKWO;Silver Star :: D. D. OKONKWO,D. D. OKONKWO,Script,Rotary-A,Spelling verified against authorization record,05/21/2026 09:32:49,05/21/2026 09:32:49,,CN=Hector Amundsen/OU=CHPSID/O=TACOM,0,,[TACOM];[CSR];[Admin];[ReadOnlyAudit];LocalDomainServers,103
316B8D4F6BCF093C01953EB42C623FB9,CCD6,,01/09/2021 14:23:21,01/27/2021 19:23:21,CN=Hector Amundsen/OU=CHPSID/O=TACOM,,ENG-2021-00536,VMA-2021-000047,"Nethercott, Virginia",Complete,Routine,Purple Heart :: V. M. NETHERCOTT,V. M. NETHERCOTT,Block,Hand,Spelling verified against authorization record;Award matches line item,01/09/2021 14:23:21,01/09/2021 14:23:21,01/27/2021 19:23:21,CN=Hector Amundsen/OU=CHPSID/O=TACOM,0,,[TACOM];[CSR];[Admin];[ReadOnlyAudit];LocalDomainServers,18
3F42A0A6993A878C7F91867CA7E7C031,CCDA,,07/23/2021 15:14:25,08/08/2021 20:14:25,CN=Oswaldo Ferreira-Lund/OU=CHPSID/O=TACOM,,ENG-2021-00884,VMA-2021-000077,"Bramwold, Linda",Complete,Routine,Distinguished Flying Cross :: L. D. BRAMWOLD,L. D. BRAMWOLD,Roman,Laser-1,Spelling verified against authorization record;Award matches line item,07/23/2021 15:14:25,07/27/2021 15:14:25,08/08/2021 20:14:25,CN=Oswaldo Ferreira-Lund/OU=CHPSID/O=TACOM,0,,[TACOM];[CSR];[Admin];[ReadOnlyAudit];LocalDomainServers,16
F7BB0D8DC2ED3749124517A2E72AE4C5,CCDE,,10/11/2013 16:47:31,10/16/2013 17:47:31,CN=Oswaldo Ferreira-Lund/OU=CHPSID/O=TACOM,,ENG-2013-00783,VMA-2013-000052,"Vandermolen, Jeffrey",Complete,Routine,Purple Heart :: J. S. VANDERMOLEN,J. S. VANDERMOLEN,Block,Rotary-A,Spelling verified against authorization record;Award matches line item,10/11/2013 16:47:31,10/13/2013 16:47:31,10/16/2013 17:47:31,CN=Oswaldo Ferreira-Lund/OU=CHPSID/O=TACOM,0,,[TACOM];[CSR];[Admin];[ReadOnlyAudit];LocalDomainServers,5
97D872237871E934D81BB63D07D3D329,CCE2,,03/20/2026 22:31:21,04/05/2026 01:31:21,CN=Hector Amundsen/OU=CHPSID/O=TACOM,,ENG-2026-01155,VMA-2026-000502,"Mackelvane, Joshua",Complete,Expedite,Air Medal :: J. B. MACKELVANE,J. B. MACKELVANE,Block,Hand,Spelling verified against authorization record;Award matches line item,03/20/2026 22:31:21,03/23/2026 22:31:21,04/05/2026 01:31:21,CN=Hector Amundsen/OU=CHPSID/O=TACOM,0,,[TACOM];[CSR];[Admin];[ReadOnlyAudit];LocalDomainServers,16
CED1019FC06F7850F19BD21371D855C3,CCE6,,05/28/2015 13:27:13,06/08/2015 18:27:13,CN=Oswaldo Ferreira-Lund/OU=CHPSID/O=TACOM,,ENG-2015-00194,VMA-2015-000017,"Underhill, Ruth",Complete,Routine,Air Medal :: R. S. UNDERHILL,R. S. UNDERHILL,Block,Hand,Spelling verified against authorization record;Award matches line item,05/28/2015 13:27:13,06/01/2015 13:27:13,06/08/2015 18:27:13,CN=Oswaldo Ferreira-Lund/OU=CHPSID/O=TACOM,0,,[TACOM];[CSR];[Admin];[ReadOnlyAudit];LocalDomainServers,11
FF7D34546AF7E0C020C27575F5968C76,CCEA,,07/09/2026 16:36:45,07/21/2026 17:36:45,CN=Oswaldo Ferreira-Lund/OU=CHPSID/O=TACOM,,ENG-2026-00599,VMA-2026-000260,"Galbreath, Darnell",Complete,Routine,Air Medal :: D. P. GALBREATH,D. P. GALBREATH,Roman,Hand,Spelling verified against authorization record;Award matches line item,07/09/2026 16:36:45,07/11/2026 16:36:45,07/21/2026 17:36:45,CN=Oswaldo Ferreira-Lund/OU=CHPSID/O=TACOM,0,,[TACOM];[CSR];[Admin];[ReadOnlyAudit];LocalDomainServers,12
4F941109FBFC6D632D786E3D3D623EDC,CCEE,,12/17/2005 10:14:03,12/20/2005 14:14:03,CN=Hector Amundsen/OU=CHPSID/O=TACOM,,ENG-2005-00094,VMA-2005-000010,"Wickersham, Amanda",Complete,Routine,Purple Heart :: A. G. WICKERSHAM,A. G. WICKERSHAM,Script,Rotary-A,Spelling verified against authorization record;Award matches line item,12/17/2005 10:14:03,12/21/2005 10:14:03,12/20/2005 14:14:03,CN=Hector Amundsen/OU=CHPSID/O=TACOM,0,,[TACOM];[CSR];[Admin];[ReadOnlyAudit];LocalDomainServers,3
2E3F36B76993B0EB4CFACDBD975D68C3,CCF2,,06/01/2019 15:46:16,06/13/2019 20:46:16,CN=Oswaldo Ferreira-Lund/OU=CHPSID/O=TACOM,,ENG-2019-00169,VMA-2019-000015,"Lockridge, Arthur",Complete,Congressional,Silver Star :: A. P. LOCKRIDGE,A. P. LOCKRIDGE,Block,Laser-2,Spelling verified against authorization record;Award matches line item,06/01/2019 15:46:16,06/03/2019 15:46:16,06/13/2019 20:46:16,CN=Oswaldo Ferreira-Lund/OU=CHPSID/O=TACOM,0,,[TACOM];[CSR];[Admin];[ReadOnlyAudit];LocalDomainServers,12
8C56BE8D0423CD65E33652F777F9DBB6,CCF6,,06/22/2017 16:51:46,07/05/2017 19:51:46,CN=Oswaldo Ferreira-Lund/OU=CHPSID/O=TACOM,,ENG-2017-00683,VMA-2017-000054,"Vosburgh, Frances",Complete,Routine,Air Medal :: F. N. VOSBURGH;Bronze Star Medal :: F. N. VOSBURGH,F. N. VOSBURGH,Block,Rotary-A,Spelling verified against authorization record;Award matches line item,06/22/2017 16:51:46,06/25/2017 16:51:46,07/05/2017 19:51:46,CN=Oswaldo Ferreira-Lund/OU=CHPSID/O=TACOM,0,,[TACOM];[CSR];[Admin];[ReadOnlyAudit];LocalDomainServers,13
48344D6D92EBD511878FADFB49263A03,CCFA,,02/11/2014 20:50:00,02/16/2014 23:50:00,CN=Oswaldo Ferreira-Lund/OU=CHPSID/O=TACOM,,ENG-2014-01278,VMA-2014-000108,"Kirkbride, Richard",Complete,Routine,Distinguished Flying Cross :: R. S. KIRKBRIDE;Air Medal :: R. S. KIRKBRIDE,R. S. KIRKBRIDE,Block,Laser-2,Spelling verified against authorization record;Award matches line item,02/11/2014 20:50:00,02/15/2014 20:50:00,02/16/2014 23:50:00,CN=Oswaldo Ferreira-Lund/OU=CHPSID/O=TACOM,0,,[TACOM];[CSR];[Admin];[ReadOnlyAudit];LocalDomainServers,5
4380ABF6CE18DB91A512AD9D6A9E1475,CCFE,,12/21/2023 14:07:40,12/21/2023 14:07:40,CN=Renata Vasquez-Holm/OU=CHPSID/O=TACOM,,ENG-2023-00505,VMA-2023-000029,"Greaves, Donna",Cancelled,Congressional,Bronze Star Medal :: D. P. GREAVES;Distinguished Flying Cross :: D. P. GREAVES,D. P. GREAVES,Roman,,,12/21/2023 14:07:40,,,,0,,[TACOM];[CSR];[Admin];[ReadOnlyAudit];LocalDomainServers,0
4813B8111199DBA6C1DBA6A4732FA5C2,CD02,,05/30/2015 16:17:50,06/07/2015 21:17:50,CN=Hector Amundsen/OU=CHPSID/O=TACOM,,ENG-2015-01424,VMA-2015-000104,"Delgadillo, Carl",Complete,Expedite,Air Medal :: C. B. DELGADILLO,C. B. DELGADILLO,Script,Rotary-A,Spelling verified against authorization record;Award matches line item,05/30/2015 16:17:50,05/30/2015 16:17:50,06/07/2015 21:17:50,CN=Hector Amundsen/OU=CHPSID/O=TACOM,0,,[TACOM];[CSR];[Admin];[ReadOnlyAudit];LocalDomainServers,8
389422CF907D0606032EAB0090CD1E1A,CD06,,06/16/2008 14:27:45,06/20/2008 14:27:45,CN=Oswaldo Ferreira-Lund/OU=CHPSID/O=TACOM,,ENG-2008-01007,VMA-2008-000069,"Trevino, William",Complete,Routine,Air Medal :: W. F. TREVINO;Bronze Star Medal :: W. F. TREVINO,W. F. TREVINO,Roman,Rotary-A,Spelling verified against authorization record;Award matches line item,06/16/2008 14:27:45,06/20/2008 14:27:45,06/20/2008 14:27:45,CN=Oswaldo Ferreira-Lund/OU=CHPSID/O=TACOM,0,,[TACOM];[CSR];[Admin];[ReadOnlyAudit];LocalDomainServers,4
833A84CE28DEC49376B1C75B166DD368,CD0A,,10/29/2022 17:19:47,11/04/2022 17:19:47,CN=Oswaldo Ferreira-Lund/OU=CHPSID/O=TACOM,,ENG-2022-00007,VMA-2022-000001,"VOSBURGH, Evelyn",Complete,Congressional,Army Commendation Medal :: E. M. VOSBURGH;Bronze Star Medal :: E. M. VOSBURGH,E. M. VOSBURGH,Block,Laser-1,Spelling verified against authorization record;Award matches line item,10/29/2022 17:19:47,11/01/2022 17:19:47,11/04/2022 17:19:47,CN=Oswaldo Ferreira-Lund/OU=CHPSID/O=TACOM,0,,[TACOM];[CSR];[Admin];[ReadOnlyAudit];LocalDomainServers,6
78A1878F2CDD265422F692BE334F00AD,CD0E,,10/31/2024 13:51:15,11/04/2024 15:51:15,CN=Hector Amundsen/OU=CHPSID/O=TACOM,,ENG-2024-00004,VMA-2024-000003,"Dunmore, Earl",Complete,Routine,Silver Star :: E. T. DUNMORE,E. T. DUNMORE,Block,Rotary-A,Spelling verified against authorization record;Award matches line item,10/31/2024 13:51:15,11/01/2024 13:51:15,11/04/2024 15:51:15,CN=Hector Amundsen/OU=CHPSID/O=TACOM,0,,[TACOM];[CSR];[Admin];[ReadOnlyAudit];LocalDomainServers,4
BA43725844BB0071C4D41DC581B4E754,CD12,,04/30/2005 10:46:50,05/15/2005 15:46:50,CN=Hector Amundsen/OU=CHPSID/O=TACOM,,ENG-2005-00291,VMA-2005-000033,"Rockwell-Sayre, Jennifer",Complete,Routine,Army Commendation Medal :: J. L. ROCKWELL-SAYRE,J. L. ROCKWELL-SAYRE,Roman,Rotary-A,Spelling verified against authorization record;Award matches line item,04/30/2005 10:46:50,04/30/2005 10:46:50,05/15/2005 15:46:50,CN=Hector Amundsen/OU=CHPSID/O=TACOM,0,,[TACOM];[CSR];[Admin];[ReadOnlyAudit];LocalDomainServers,15
49CBA4D905FED44B0987C20A939558ED,CD16,,06/26/2006 13:12:10,07/08/2006 13:12:10,CN=Oswaldo Ferreira-Lund/OU=CHPSID/O=TACOM,,ENG-2006-01438,VMA-2006-000108,"Jarvinen, Luis",Complete,Routine,Army Commendation Medal :: L. JARVINEN,L. JARVINEN,Script,Laser-1,Spelling verified against authorization record;Award matches line item,06/26/2006 13:12:10,06/26/2006 13:12:10,07/08/2006 13:12:10,CN=Oswaldo Ferreira-Lund/OU=CHPSID/O=TACOM,0,,[TACOM];[CSR];[Admin];[ReadOnlyAudit];LocalDomainServers,12
85E35F3117AB1E4A74A775CB4339E151,CD1A,,03/14/2017 13:24:04,03/25/2017 13:24:04,CN=Hector Amundsen/OU=CHPSID/O=TACOM,,ENG-2017-00530,VMA-2017-000044,"Villanueva, Carol",Complete,Routine,Silver Star :: C. E. VILLANUEVA,C. E. VILLANUEVA,Roman,Hand,Spelling verified against authorization record;Award matches line item,03/14/2017 13:24:04,03/16/2017 13:24:04,03/25/2017 13:24:04,CN=Hector Amundsen/OU=CHPSID/O=TACOM,0,,[TACOM];[CSR];[Admin];[ReadOnlyAudit];LocalDomainServers,11
67844534B2F7D82B1F6CF73660D1B3EA,CD1E,,06/17/2007 20:48:01,06/22/2007 01:48:01,CN=Hector Amundsen/OU=CHPSID/O=TACOM,,ENG-2007-00295,VMA-2007-000021,"Fennimark, Barbara",Complete,Expedite,Purple Heart :: B. FENNIMARK,B. FENNIMARK,Script,Laser-2,Spelling verified against authorization record;Award matches line item,06/17/2007 20:48:01,06/20/2007 20:48:01,06/22/2007 01:48:01,CN=Hector Amundsen/OU=CHPSID/O=TACOM,0,,[TACOM];[CSR];[Admin];[ReadOnlyAudit];LocalDomainServers,5
B31BFBBDAE0F6AC41C928D3E9CF90589,CD22,,02/11/2026 12:19:19,02/25/2026 17:19:19,CN=Hector Amundsen/OU=CHPSID/O=TACOM,,ENG-2026-00552,VMA-2026-000234,"Ellingboe, Joshua",Complete,Routine,Bronze Star Medal :: J. T. ELLINGBOE;Silver Star :: J. T. ELLINGBOE,J. T. ELLINGBOE,Roman,Laser-2,Spelling verified against authorization record;Award matches line item,02/11/2026 12:19:19,02/14/2026 12:19:19,02/25/2026 17:19:19,CN=Hector Amundsen/OU=CHPSID/O=TACOM,0,,[TACOM];[CSR];[Admin];[ReadOnlyAudit];LocalDomainServers,14
BAAC7FD2B828627829B4606D10FE8896,CD26,,02/12/2007 17:28:48,02/28/2007 18:28:48,CN=Oswaldo Ferreira-Lund/OU=CHPSID/O=TACOM,,ENG-2007-00573,VMA-2007-000045,"Ostrowski, Daniel",Complete,Expedite,Purple Heart :: D. S. OSTROWSKI,D. S. OSTROWSKI,Roman,Laser-1,Spelling verified against authorization record;Award matches line item,02/12/2007 17:28:48,02/16/2007 17:28:48,02/28/2007 18:28:48,CN=Oswaldo Ferreira-Lund/OU=CHPSID/O=TACOM,0,,[TACOM];[CSR];[Admin];[ReadOnlyAudit];LocalDomainServers,16
AA6CEE4432EEF05AC9D66B166D39251C,CD2A,,07/24/2026 13:49:09,07/24/2026 13:49:09,CN=Renata Vasquez-Holm/OU=CHPSID/O=TACOM,,ENG-2026-01005,VMA-2026-000444,"Sallisaw, Virginia",Queued,Routine,Silver Star :: V. K. SALLISAW,V. K. SALLISAW,Block,,,07/24/2026 13:49:09,,,,0,,[TACOM];[CSR];[Admin];[ReadOnlyAudit];LocalDomainServers,39
C0EAE4D40675ADF2701BD8DC10B6D46C,CD2E,,11/09/2025 12:00:51,11/20/2025 12:00:51,CN=Hector Amundsen/OU=CHPSID/O=TACOM,,ENG-2025-00692,VMA-2025-000071,"Quinonez, Elizabeth",Complete,Routine,Bronze Star Medal :: E. H. QUINONEZ,E. H. QUINONEZ,Block,Rotary-A,Spelling verified against authorization record;Award matches line item,11/09/2025 12:00:51,11/09/2025 12:00:51,11/20/2025 12:00:51,CN=Hector Amundsen/OU=CHPSID/O=TACOM,0,,[TACOM];[CSR];[Admin];[ReadOnlyAudit];LocalDomainServers,11
E2B7B1E46E172756E5819AFDF1B3668B,CD32,,11/24/2012 22:22:30,12/04/2012 03:22:30,CN=Hector Amundsen/OU=CHPSID/O=TACOM,,ENG-2012-00011,VMA-2012-000001,"Vosburgh, Virginia",Complete,Routine,Silver Star :: V. J. VOSBURGH,V. J. VOSBURGH,Roman,Laser-2,Spelling verified against authorization record;Award matches line item,11/24/2012 22:22:30,11/24/2012 22:22:30,12/04/2012 03:22:30,CN=Hector Amundsen/OU=CHPSID/O=TACOM,0,,[TACOM];[CSR];[Admin];[ReadOnlyAudit];LocalDomainServers,10
C5E14228720B8167C96C002B34F8DD71,CD36,,04/12/2018 19:28:45,04/27/2018 19:28:45,CN=Hector Amundsen/OU=CHPSID/O=TACOM,,ENG-2018-00076,VMA-2018-000010,"Rathbourne Jr., Robert",Complete,Expedite,Army Commendation Medal :: R. RATHBOURNE JR.,R. RATHBOURNE JR.,Block,Laser-1,Spelling verified against authorization record;Award matches line item,04/12/2018 19:28:45,04/15/2018 19:28:45,04/27/2018 19:28:45,CN=Hector Amundsen/OU=CHPSID/O=TACOM,0,,[TACOM];[CSR];[Admin];[ReadOnlyAudit];LocalDomainServers,15
4AFD288DCAC2D45F85A891F2BA7DC2BF,CD3A,,11/27/2020 12:17:25,12/06/2020 14:17:25,CN=Oswaldo Ferreira-Lund/OU=CHPSID/O=TACOM,,ENG-2020-01112,VMA-2020-000079,"Pettiford, Walter",Complete,Routine,Purple Heart :: W. M. PETTIFORD,W. M. PETTIFORD,Block,Rotary-A,Spelling verified against authorization record;Award matches line item,11/27/2020 12:17:25,11/30/2020 12:17:25,12/06/2020 14:17:25,CN=Oswaldo Ferreira-Lund/OU=CHPSID/O=TACOM,0,,[TACOM];[CSR];[Admin];[ReadOnlyAudit];LocalDomainServers,9
9147BDD2EF041C284178AAA8A607F1A1,CD3E,,10/29/2010 18:35:37,11/07/2010 22:35:37,CN=Hector Amundsen/OU=CHPSID/O=TACOM,,ENG-2010-01181,VMA-2010-000081,"Kestleman, Leonard",Complete,Congressional,Army Commendation Medal :: L. J. KESTLEMAN,L. J. KESTLEMAN,Block,Rotary-A,Spelling verified against authorization record;Award matches line item,10/29/2010 18:35:37,10/31/2010 18:35:37,11/07/2010 22:35:37,CN=Hector Amundsen/OU=CHPSID/O=TACOM,0,,[TACOM];[CSR];[Admin];[ReadOnlyAudit];LocalDomainServers,9
CAA53AECDB713701B08E15B6C2080702,CD42,,08/03/2026 16:12:00,08/06/2026 19:12:00,CN=Hector Amundsen/OU=CHPSID/O=TACOM,,ENG-2026-01277,VMA-2026-000552,"Palomares, Margaret",Complete,Routine,Army Commendation Medal :: M. E. PALOMARES;Silver Star :: M. E. PALOMARES,M. E. PALOMARES,Roman,Rotary-A,Spelling verified against authorization record;Award matches line item,08/03/2026 16:12:00,08/07/2026 16:12:00,08/06/2026 19:12:00,CN=Hector Amundsen/OU=CHPSID/O=TACOM,0,,[TACOM];[CSR];[Admin];[ReadOnlyAudit];LocalDomainServers,3
DF3A48609397F3C42B44E6EB510C857A,CD46,,05/09/2010 15:43:46,05/14/2010 16:43:46,CN=Oswaldo Ferreira-Lund/OU=CHPSID/O=TACOM,,ENG-2010-00407,VMA-2010-000028,"Trevino-Hale, Andre",Complete,Routine,Army Commendation Medal :: A. R. TREVINO-HALE,A. R. TREVINO-HALE,Roman,Rotary-A,Spelling verified against authorization record;Award matches line item,05/09/2010 15:43:46,05/09/2010 15:43:46,05/14/2010 16:43:46,CN=Oswaldo Ferreira-Lund/OU=CHPSID/O=TACOM,0,,[TACOM];[CSR];[Admin];[ReadOnlyAudit];LocalDomainServers,5
0E26974078C8865C123AA83177D4A90F,CD4A,,07/13/2011 17:55:34,07/22/2011 18:55:34,CN=Hector Amundsen/OU=CHPSID/O=TACOM,,ENG-2011-00717,VMA-2011-000065,"Marrowbridge, Arthur",Complete,Routine,Bronze Star Medal :: A. C. MARROWBRIDGE,A. C. MARROWBRIDGE,Roman,Rotary-A,Spelling verified against authorization record;Award matches line item,07/13/2011 17:55:34,07/17/2011 17:55:34,07/22/2011 18:55:34,CN=Hector Amundsen/OU=CHPSID/O=TACOM,0,,[TACOM];[CSR];[Admin];[ReadOnlyAudit];LocalDomainServers,9
CCFA68CB2C89FB08B808FC83E9B7B456,CD4E,,07/16/2014 16:37:45,07/28/2014 18:37:45,CN=Hector Amundsen/OU=CHPSID/O=TACOM,,ENG-2014-00666,VMA-2014-000050,"Altamirano, Jessica",Complete,Routine,Army Commendation Medal :: J. G. ALTAMIRANO;Bronze Star Medal :: J. G. ALTAMIRANO;Purple Heart :: J. G. ALTAMIRANO,J. G. ALTAMIRANO,Block,Laser-2,Spelling verified against authorization record;Award matches line item,07/16/2014 16:37:45,07/20/2014 16:37:45,07/28/2014 18:37:45,CN=Hector Amundsen/OU=CHPSID/O=TACOM,0,,[TACOM];[CSR];[Admin];[ReadOnlyAudit];LocalDomainServers,12
2740207587A816643BE224CE6AD249CE,CD52,,08/17/2014 15:54:28,09/03/2014 18:54:28,CN=Hector Amundsen/OU=CHPSID/O=TACOM,,ENG-2014-01090,VMA-2014-000097,"Villanueva, Richard",Complete,Routine,Purple Heart :: R. L. VILLANUEVA,R. L. VILLANUEVA,Block,Rotary-A,Spelling verified against authorization record;Award matches line item,08/17/2014 15:54:28,08/17/2014 15:54:28,09/03/2014 18:54:28,CN=Hector Amundsen/OU=CHPSID/O=TACOM,0,,[TACOM];[CSR];[Admin];[ReadOnlyAudit];LocalDomainServers,17
3CA2745F710E70362DED6DD7D3B3BF36,CD56,,01/12/2018 10:25:01,01/15/2018 14:25:01,CN=Hector Amundsen/OU=CHPSID/O=TACOM,,ENG-2018-00034,VMA-2018-000002,"Rockwell, Harold",Complete,Routine,Army Commendation Medal :: H. B. ROCKWELL,H. B. ROCKWELL,Block,Rotary-A,Spelling verified against authorization record;Award matches line item,01/12/2018 10:25:01,01/12/2018 10:25:01,01/15/2018 14:25:01,CN=Hector Amundsen/OU=CHPSID/O=TACOM,0,,[TACOM];[CSR];[Admin];[ReadOnlyAudit];LocalDomainServers,3
FFE3774F3DC3A0AC1F42F0D1C93A28F1,CD5A,,01/29/2006 11:57:53,02/15/2006 11:57:53,CN=Oswaldo Ferreira-Lund/OU=CHPSID/O=TACOM,,ENG-2006-01084,VMA-2006-000084,"GASTRELLE, Christopher",Complete,Routine,Purple Heart :: C. T. GASTRELLE;Bronze Star Medal :: C. T. GASTRELLE;Army Commendation Medal :: C. T. GASTRELLE;Silver Star :: C. T. GASTRELLE,C. T. GASTRELLE,Script,Hand,Spelling verified against authorization record;Award matches line item,01/29/2006 11:57:53,02/02/2006 11:57:53,02/15/2006 11:57:53,CN=Oswaldo Ferreira-Lund/OU=CHPSID/O=TACOM,0,,[TACOM];[CSR];[Admin];[ReadOnlyAudit];LocalDomainServers,17
E3F1938CDED133C94A5A0E6206A3FBB9,CD5E,,09/12/2016 19:27:01,09/24/2016 21:27:01,CN=Oswaldo Ferreira-Lund/OU=CHPSID/O=TACOM,,ENG-2016-01271,VMA-2016-000081,"Fortenbury, Linda",Complete,Expedite,Army Commendation Medal :: L. FORTENBURY;Bronze Star Medal :: L. FORTENBURY,L. FORTENBURY,Block,Hand,Spelling verified against authorization record;Award matches line item,09/12/2016 19:27:01,09/15/2016 19:27:01,09/24/2016 21:27:01,CN=Oswaldo Ferreira-Lund/OU=CHPSID/O=TACOM,0,,[TACOM];[CSR];[Admin];[ReadOnlyAudit];LocalDomainServers,12
72C45EA2071BAC75962280D0EC9AB1E0,CD62,,05/10/2009 18:33:05,05/13/2009 20:33:05,CN=Hector Amundsen/OU=CHPSID/O=TACOM,,ENG-2009-01371,VMA-2009-000105,"Drakeford, Jamal",Complete,Routine,Distinguished Flying Cross :: J. M. DRAKEFORD,J. M. DRAKEFORD,Block,Hand,Spelling verified against authorization record;Award matches line item,05/10/2009 18:33:05,05/13/2009 18:33:05,05/13/2009 20:33:05,CN=Hector Amundsen/OU=CHPSID/O=TACOM,0,,[TACOM];[CSR];[Admin];[ReadOnlyAudit];LocalDomainServers,3
914A90CF3CC1FD3B89CEDC923712B995,CD66,,12/16/2020 12:30:57,12/20/2020 17:30:57,CN=Oswaldo Ferreira-Lund/OU=CHPSID/O=TACOM,,ENG-2020-01341,VMA-2020-000096,"Nakashima, Timothy",Complete,Routine,Army Commendation Medal :: T. NAKASHIMA;Silver Star :: T. NAKASHIMA,T. NAKASHIMA,Block,Hand,Spelling verified against authorization record;Award matches line item,12/16/2020 12:30:57,12/16/2020 12:30:57,12/20/2020 17:30:57,CN=Oswaldo Ferreira-Lund/OU=CHPSID/O=TACOM,0,,[TACOM];[CSR];[Admin];[ReadOnlyAudit];LocalDomainServers,4
DA230E5732A65422DF6B01ACAA1C5CE1,CD6A,,04/17/2026 11:25:25,04/22/2026 12:25:25,CN=Hector Amundsen/OU=CHPSID/O=TACOM,,ENG-2026-00445,VMA-2026-000176,"Jankowitz, Eugene",Complete,Routine,Silver Star :: E. JANKOWITZ,E. JANKOWITZ,Roman,Hand,Spelling verified against authorization record;Award matches line item,04/17/2026 11:25:25,04/17/2026 11:25:25,04/22/2026 12:25:25,CN=Hector Amundsen/OU=CHPSID/O=TACOM,0,,[TACOM];[CSR];[Admin];[ReadOnlyAudit];LocalDomainServers,5
374D6CD9A83DC34CF98965FAEB433540,CD6E,,03/09/2018 15:56:58,03/17/2018 16:56:58,CN=Oswaldo Ferreira-Lund/OU=CHPSID/O=TACOM,,ENG-2018-00718,VMA-2018-000056,"Kestleman, Frances",Complete,Routine,Silver Star :: F. T. KESTLEMAN;Distinguished Flying Cross :: F. T. KESTLEMAN,F. T. KESTLEMAN,Roman,Rotary-A,Spelling verified against authorization record;Award matches line item,03/09/2018 15:56:58,03/12/2018 15:56:58,03/17/2018 16:56:58,CN=Oswaldo Ferreira-Lund/OU=CHPSID/O=TACOM,0,,[TACOM];[CSR];[Admin];[ReadOnlyAudit];LocalDomainServers,8
297CE36682FA6AF6199DA7068372F033,CD72,,05/31/2022 18:14:02,06/11/2022 21:14:02,CN=Hector Amundsen/OU=CHPSID/O=TACOM,,ENG-2022-00712,VMA-2022-000056,"NORTHWAY, Steven",Complete,Routine,Purple Heart :: S. T. NORTHWAY,S. T. NORTHWAY,Block,Hand,Spelling verified against authorization record;Award matches line item,05/31/2022 18:14:02,06/01/2022 18:14:02,06/11/2022 21:14:02,CN=Hector Amundsen/OU=CHPSID/O=TACOM,1,Rework: name misspelled on first pass - verified against DD-214.,[TACOM];[CSR];[Admin];[ReadOnlyAudit];LocalDomainServers,11
1AE9C3E2B859EC947B80C019FB06263B,CD76,,04/23/2005 14:51:07,05/09/2005 16:51:07,CN=Hector Amundsen/OU=CHPSID/O=TACOM,,ENG-2005-00831,VMA-2005-000073,"Northway, Marcus",Complete,Routine,Purple Heart :: M. K. NORTHWAY,M. K. NORTHWAY,Roman,Rotary-A,Spelling verified against authorization record;Award matches line item,04/23/2005 14:51:07,04/27/2005 14:51:07,05/09/2005 16:51:07,CN=Hector Amundsen/OU=CHPSID/O=TACOM,0,,[TACOM];[CSR];[Admin];[ReadOnlyAudit];LocalDomainServers,16
CD03D0104C18589B458C5DD0C5BA3C26,CD7A,,07/20/2017 16:22:40,08/02/2017 17:22:40,CN=Oswaldo Ferreira-Lund/OU=CHPSID/O=TACOM,,ENG-2017-00061,VMA-2017-000009,"Washington, Sandra",Complete,Routine,Air Medal :: S. E. WASHINGTON;Distinguished Flying Cross :: S. E. WASHINGTON,S. E. WASHINGTON,Script,Laser-2,Spelling verified against authorization record;Award matches line item,07/20/2017 16:22:40,07/22/2017 16:22:40,08/02/2017 17:22:40,CN=Oswaldo Ferreira-Lund/OU=CHPSID/O=TACOM,0,,[TACOM];[CSR];[Admin];[ReadOnlyAudit];LocalDomainServers,13
1807C51CC6ADA666EBE56EFB323D78BB,CD7E,,09/19/2016 16:22:56,09/27/2016 21:22:56,CN=Hector Amundsen/OU=CHPSID/O=TACOM,,ENG-2016-00081,VMA-2016-000005,"Ahlquist, Carol",Complete,Congressional,Distinguished Flying Cross :: C. L. AHLQUIST;Silver Star :: C. L. AHLQUIST,C. L. AHLQUIST,Block,Laser-1,Spelling verified against authorization record;Award matches line item,09/19/2016 16:22:56,09/21/2016 16:22:56,09/27/2016 21:22:56,CN=Hector Amundsen/OU=CHPSID/O=TACOM,0,,[TACOM];[CSR];[Admin];[ReadOnlyAudit];LocalDomainServers,8
0658F9EA4D8F792ECC48B6968E01EA7F,CD82,,10/28/2008 07:26:16,11/02/2008 12:26:16,CN=Hector Amundsen/OU=CHPSID/O=TACOM,,ENG-2008-00903,VMA-2008-000063,"Coldwater, Amanda",Complete,Routine,Bronze Star Medal :: A. T. COLDWATER,A. T. COLDWATER,Block,Rotary-A,Spelling verified against authorization record;Award matches line item,10/28/2008 07:26:16,10/29/2008 07:26:16,11/02/2008 12:26:16,CN=Hector Amundsen/OU=CHPSID/O=TACOM,0,,[TACOM];[CSR];[Admin];[ReadOnlyAudit];LocalDomainServers,5
339C5F3AE7B7461F13023671028FC0BE,CD86,,11/07/2013 17:22:23,11/19/2013 21:22:23,CN=Oswaldo Ferreira-Lund/OU=CHPSID/O=TACOM,,ENG-2013-01162,VMA-2013-000074,"Kestleman, Timothy",Complete,Routine,Purple Heart :: T. J. KESTLEMAN,T. J. KESTLEMAN,Script,Rotary-A,Spelling verified against authorization record;Award matches line item,11/07/2013 17:22:23,11/08/2013 17:22:23,11/19/2013 21:22:23,CN=Oswaldo Ferreira-Lund/OU=CHPSID/O=TACOM,0,,[TACOM];[CSR];[Admin];[ReadOnlyAudit];LocalDomainServers,12
0AA8A7CE4384F0E890D3B45358055576,CD8A,,10/09/2024 18:22:24,10/23/2024 20:22:24,CN=Hector Amundsen/OU=CHPSID/O=TACOM,,ENG-2024-00816,VMA-2024-000067,"Zapata-Kell, Ryan",Complete,Routine,Air Medal :: R. L. ZAPATA-KELL,R. L. ZAPATA-KELL,Block,Laser-1,Spelling verified against authorization record;Award matches line item,10/09/2024 18:22:24,10/10/2024 18:22:24,10/23/2024 20:22:24,CN=Hector Amundsen/OU=CHPSID/O=TACOM,0,,[TACOM];[CSR];[Admin];[ReadOnlyAudit];LocalDomainServers,14
E3A2B49DBBA543C4BD480985050F431B,CD8E,,04/25/2006 18:49:28,05/03/2006 18:49:28,CN=Hector Amundsen/OU=CHPSID/O=TACOM,,ENG-2006-01230,VMA-2006-000096,"Prendergast, Andre",Complete,Congressional,Silver Star :: A. C. PRENDERGAST,A. C. PRENDERGAST,Block,Rotary-A,Spelling verified against authorization record;Award matches line item,04/25/2006 18:49:28,04/27/2006 18:49:28,05/03/2006 18:49:28,CN=Hector Amundsen/OU=CHPSID/O=TACOM,0,,[TACOM];[CSR];[Admin];[ReadOnlyAudit];LocalDomainServers,8
5D20EA63DC18815E670D322C06F2FCA3,CD92,,11/05/2004 14:22:46,11/09/2004 19:22:46,CN=Hector Amundsen/OU=CHPSID/O=TACOM,,ENG-2004-00667,VMA-2004-000043,"Ostrowski, Joshua",Complete,Routine,Silver Star :: J. W. OSTROWSKI,J. W. OSTROWSKI,Script,Laser-2,Spelling verified against authorization record;Award matches line item,11/05/2004 14:22:46,11/08/2004 14:22:46,11/09/2004 19:22:46,CN=Hector Amundsen/OU=CHPSID/O=TACOM,0,,[TACOM];[CSR];[Admin];[ReadOnlyAudit];LocalDomainServers,4
A461B09200892D075EA64E0DFA83419D,CD96,,06/11/2011 19:51:21,06/18/2011 20:51:21,CN=Oswaldo Ferreira-Lund/OU=CHPSID/O=TACOM,,ENG-2011-00095,VMA-2011-000012,"Hollinbeck, Luis",Complete,Congressional,Purple Heart :: L. A. HOLLINBECK;Army Commendation Medal :: L. A. HOLLINBECK,L. A. HOLLINBECK,Block,Hand,Spelling verified against authorization record;Award matches line item,06/11/2011 19:51:21,06/14/2011 19:51:21,06/18/2011 20:51:21,CN=Oswaldo Ferreira-Lund/OU=CHPSID/O=TACOM,0,,[TACOM];[CSR];[Admin];[ReadOnlyAudit];LocalDomainServers,7
DCBA9F7A81BB1621EBA25357CC801B27,CD9A,,06/12/2010 19:19:00,06/30/2010 00:19:00,CN=Hector Amundsen/OU=CHPSID/O=TACOM,,ENG-2010-00645,VMA-2010-000038,"Benavidez-Cruz, Harold",Complete,Routine,Bronze Star Medal :: H. P. BENAVIDEZ-CRUZ,H. P. BENAVIDEZ-CRUZ,Block,Laser-1,Spelling verified against authorization record;Award matches line item,06/12/2010 19:19:00,06/12/2010 19:19:00,06/30/2010 00:19:00,CN=Hector Amundsen/OU=CHPSID/O=TACOM,0,,[TACOM];[CSR];[Admin];[ReadOnlyAudit];LocalDomainServers,18
E0A4AB0546033DBD02660FAF67D547D1,CD9E,,09/06/2010 17:29:57,09/17/2010 18:29:57,CN=Hector Amundsen/OU=CHPSID/O=TACOM,,ENG-2010-00170,VMA-2010-000013,"Templeton, Harold",Complete,Routine,Silver Star :: H. TEMPLETON;Purple Heart :: H. TEMPLETON,H. TEMPLETON,Block,Hand,Spelling verified against authorization record;Award matches line item,09/06/2010 17:29:57,09/06/2010 17:29:57,09/17/2010 18:29:57,CN=Hector Amundsen/OU=CHPSID/O=TACOM,0,,[TACOM];[CSR];[Admin];[ReadOnlyAudit];LocalDomainServers,11
CD760C33F9FDB33C2C6D934F0EBE4423,CDA2,,07/07/2019 15:26:43,07/13/2019 20:26:43,CN=Hector Amundsen/OU=CHPSID/O=TACOM,,ENG-2019-00477,VMA-2019-000040,"Kellerhaus, Stephanie",Complete,Congressional,Purple Heart :: S. D. KELLERHAUS,S. D. KELLERHAUS,Roman,Hand,Spelling verified against authorization record;Award matches line item,07/07/2019 15:26:43,07/09/2019 15:26:43,07/13/2019 20:26:43,CN=Hector Amundsen/OU=CHPSID/O=TACOM,1,Rework: name misspelled on first pass - verified against DD-214.,[TACOM];[CSR];[Admin];[ReadOnlyAudit];LocalDomainServers,6
AAAE4E338CE404A116ED24F351823C9F,CDA6,,11/16/2015 17:19:34,11/23/2015 17:19:34,CN=Hector Amundsen/OU=CHPSID/O=TACOM,,ENG-2015-00857,VMA-2015-000072,"Everleigh, Tyler",Complete,Congressional,Silver Star :: T. EVERLEIGH;Bronze Star Medal :: T. EVERLEIGH,T. EVERLEIGH,Script,Rotary-A,Spelling verified against authorization record;Award matches line item,11/16/2015 17:19:34,11/17/2015 17:19:34,11/23/2015 17:19:34,CN=Hector Amundsen/OU=CHPSID/O=TACOM,0,,[TACOM];[CSR];[Admin];[ReadOnlyAudit];LocalDomainServers,7
E6409EEB9C039B3B5EB2375855732718,CDAA,,05/07/2011 16:31:26,05/20/2011 16:31:26,CN=Oswaldo Ferreira-Lund/OU=CHPSID/O=TACOM,,ENG-2011-00637,VMA-2011-000055,"Yarrowdale, Dorothy",Complete,Routine,Bronze Star Medal :: D. R. YARROWDALE,D. R. YARROWDALE,Block,Laser-2,Spelling verified against authorization record;Award matches line item,05/07/2011 16:31:26,05/07/2011 16:31:26,05/20/2011 16:31:26,CN=Oswaldo Ferreira-Lund/OU=CHPSID/O=TACOM,0,,[TACOM];[CSR];[Admin];[ReadOnlyAudit];LocalDomainServers,13
7542317C8321D9C64F89F7F7622E42BF,CDAE,,04/17/2013 14:13:02,04/27/2013 14:13:02,CN=Oswaldo Ferreira-Lund/OU=CHPSID/O=TACOM,,ENG-2013-01254,VMA-2013-000082,"Urquhart, Betty",Complete,Routine,Distinguished Flying Cross :: B. URQUHART,B. URQUHART,Script,Rotary-A,Spelling verified against authorization record;Award matches line item,04/17/2013 14:13:02,04/17/2013 14:13:02,04/27/2013 14:13:02,CN=Oswaldo Ferreira-Lund/OU=CHPSID/O=TACOM,0,,[TACOM];[CSR];[Admin];[ReadOnlyAudit];LocalDomainServers,10
7F1761B3FE22001CBCA8272C2B943AC5,CDB2,,10/07/2018 07:24:15,10/20/2018 08:24:15,CN=Hector Amundsen/OU=CHPSID/O=TACOM,,ENG-2018-00066,VMA-2018-000008,"Ormsbee, Karen",Complete,Routine,Air Medal :: K. L. ORMSBEE,K. L. ORMSBEE,Block,Hand,Spelling verified against authorization record;Award matches line item,10/07/2018 07:24:15,10/08/2018 07:24:15,10/20/2018 08:24:15,CN=Hector Amundsen/OU=CHPSID/O=TACOM,1,Rework: name misspelled on first pass - verified against DD-214.,[TACOM];[CSR];[Admin];[ReadOnlyAudit];LocalDomainServers,13
BD5619627FF8EFFABC32682702BE4CBA,CDB6,,01/27/2021 12:40:33,02/11/2021 13:40:33,CN=Oswaldo Ferreira-Lund/OU=CHPSID/O=TACOM,,ENG-2021-00916,VMA-2021-000080,"Escobedo, Christopher",Complete,Routine,Silver Star :: C. W. ESCOBEDO,C. W. ESCOBEDO,Block,Hand,Spelling verified against authorization record;Award matches line item,01/27/2021 12:40:33,01/31/2021 12:40:33,02/11/2021 13:40:33,CN=Oswaldo Ferreira-Lund/OU=CHPSID/O=TACOM,1,Rework: name misspelled on first pass - verified against DD-214.,[TACOM];[CSR];[Admin];[ReadOnlyAudit];LocalDomainServers,15
F259B3B07C7BF6A3C3A31DFF5B4893E3,CDBA,,12/28/2012 15:30:06,12/28/2012 15:30:06,CN=Renata Vasquez-Holm/OU=CHPSID/O=TACOM,,ENG-2012-00758,VMA-2012-000072,"Everleigh, Luis",Cancelled,Congressional,Purple Heart :: L. H. EVERLEIGH,L. H. EVERLEIGH,Script,,,12/28/2012 15:30:06,,,,0,,[TACOM];[CSR];[Admin];[ReadOnlyAudit];LocalDomainServers,0
E00C26E6F16FE34905EEC0588CD32F26,CDBE,,12/27/2011 16:09:58,01/11/2012 16:09:58,CN=Oswaldo Ferreira-Lund/OU=CHPSID/O=TACOM,,ENG-2011-00148,VMA-2011-000015,"Rathbourne, Andrew",Complete,Routine,Bronze Star Medal :: A. RATHBOURNE;Purple Heart :: A. RATHBOURNE,A. RATHBOURNE,Block,Hand,Spelling verified against authorization record;Award matches line item,12/27/2011 16:09:58,12/31/2011 16:09:58,01/11/2012 16:09:58,CN=Oswaldo Ferreira-Lund/OU=CHPSID/O=TACOM,0,,[TACOM];[CSR];[Admin];[ReadOnlyAudit];LocalDomainServers,15
2A8FA2A7B2D1A18E5160DA0E6C2514C3,CDC2,,02/07/2026 14:59:59,02/23/2026 19:59:59,CN=Hector Amundsen/OU=CHPSID/O=TACOM,,ENG-2026-01217,VMA-2026-000532,"Drakeford, Justin",Complete,Routine,Silver Star :: J. P. DRAKEFORD,J. P. DRAKEFORD,Block,Hand,Spelling verified against authorization record;Award matches line item,02/07/2026 14:59:59,02/09/2026 14:59:59,02/23/2026 19:59:59,CN=Hector Amundsen/OU=CHPSID/O=TACOM,0,,[TACOM];[CSR];[Admin];[ReadOnlyAudit];LocalDomainServers,16
4E956E94718CFB4C66BC51E4DC7DDE5D,CDC6,,08/29/2009 12:44:27,09/14/2009 17:44:27,CN=Hector Amundsen/OU=CHPSID/O=TACOM,,ENG-2009-01054,VMA-2009-000079,"Zimmerly, Jeffrey",Complete,Routine,Silver Star :: J. ZIMMERLY,J. ZIMMERLY,Block,Laser-2,Spelling verified against authorization record;Award matches line item,08/29/2009 12:44:27,08/31/2009 12:44:27,09/14/2009 17:44:27,CN=Hector Amundsen/OU=CHPSID/O=TACOM,0,,[TACOM];[CSR];[Admin];[ReadOnlyAudit];LocalDomainServers,16
A6E673715EC7427109E29BED2290E7DA,CDCA,,08/20/2021 14:19:09,09/05/2021 16:19:09,CN=Hector Amundsen/OU=CHPSID/O=TACOM,,ENG-2021-00757,VMA-2021-000067,"Vosburgh, Norman",Complete,Routine,Bronze Star Medal :: N. B. VOSBURGH,N. B. VOSBURGH,Block,Hand,Spelling verified against authorization record;Award matches line item,08/20/2021 14:19:09,08/21/2021 14:19:09,09/05/2021 16:19:09,CN=Hector Amundsen/OU=CHPSID/O=TACOM,0,,[TACOM];[CSR];[Admin];[ReadOnlyAudit];LocalDomainServers,16
C738EB4157F8DDF0898BECABFA073733,CDCE,,12/23/2021 14:59:09,12/29/2021 14:59:09,CN=Hector Amundsen/OU=CHPSID/O=TACOM,,ENG-2021-00817,VMA-2021-000073,"Prendergast, Sandra",Complete,Routine,Air Medal :: S. PRENDERGAST;Purple Heart :: S. PRENDERGAST,S. PRENDERGAST,Script,Laser-1,Spelling verified against authorization record;Award matches line item,12/23/2021 14:59:09,12/26/2021 14:59:09,12/29/2021 14:59:09,CN=Hector Amundsen/OU=CHPSID/O=TACOM,0,,[TACOM];[CSR];[Admin];[ReadOnlyAudit];LocalDomainServers,6
5B25C10B13B36828171A546DDED0428B,CDD2,,05/30/2012 17:16:20,06/05/2012 17:16:20,CN=Oswaldo Ferreira-Lund/OU=CHPSID/O=TACOM,,ENG-2012-01013,VMA-2012-000092,"Ashcroft, Joshua",Complete,Routine,Air Medal :: J. F. ASHCROFT,J. F. ASHCROFT,Roman,Rotary-A,Spelling verified against authorization record;Award matches line item,05/30/2012 17:16:20,06/03/2012 17:16:20,06/05/2012 17:16:20,CN=Oswaldo Ferreira-Lund/OU=CHPSID/O=TACOM,0,,[TACOM];[CSR];[Admin];[ReadOnlyAudit];LocalDomainServers,6
CA11E17A78069E900F5C6004B6233EB3,CDD6,,10/06/2025 10:04:30,10/10/2025 12:04:30,CN=Hector Amundsen/OU=CHPSID/O=TACOM,,ENG-2025-00184,VMA-2025-000020,"Kestleman, Walter",Complete,Congressional,Army Commendation Medal :: W. KESTLEMAN,W. KESTLEMAN,Block,Laser-2,Spelling verified against authorization record;Award matches line item,10/06/2025 10:04:30,10/07/2025 10:04:30,10/10/2025 12:04:30,CN=Hector Amundsen/OU=CHPSID/O=TACOM,0,,[TACOM];[CSR];[Admin];[ReadOnlyAudit];LocalDomainServers,4
2B351C69DFD2AAE97A79232CC42C706A,CDDA,,10/22/2023 20:11:05,11/08/2023 00:11:05,CN=Hector Amundsen/OU=CHPSID/O=TACOM,,ENG-2023-00378,VMA-2023-000021,"Vosburgh, Patricia",Complete,Expedite,Army Commendation Medal :: P. VOSBURGH,P. VOSBURGH,Block,Laser-1,Spelling verified against authorization record;Award matches line item,10/22/2023 20:11:05,10/25/2023 20:11:05,11/08/2023 00:11:05,CN=Hector Amundsen/OU=CHPSID/O=TACOM,1,Rework: name misspelled on first pass - verified against DD-214.,[TACOM];[CSR];[Admin];[ReadOnlyAudit];LocalDomainServers,17
31CBF1E654C25B7BDBE0F71DCD6F182D,CDDE,,08/02/2026 17:49:50,08/02/2026 17:49:50,CN=Benedetta Kowalczyk/OU=CHPSID/O=TACOM,,ENG-2026-00469,VMA-2026-000193,"Washington, Carl",Queued,Routine,Bronze Star Medal :: C. WASHINGTON;Army Commendation Medal :: C. WASHINGTON,C. WASHINGTON,Block,,,08/02/2026 17:49:50,,,,0,,[TACOM];[CSR];[Admin];[ReadOnlyAudit];LocalDomainServers,30
12DAF0591BA5E6F3BD426AA3D3C9EE6A,CDE2,,10/19/2014 12:02:18,10/30/2014 17:02:18,CN=Oswaldo Ferreira-Lund/OU=CHPSID/O=TACOM,,ENG-2014-00940,VMA-2014-000076,"Stanwycke, Thomas",Complete,Congressional,Air Medal :: T. S. STANWYCKE;Bronze Star Medal :: T. S. STANWYCKE,T. S. STANWYCKE,Block,Laser-1,Spelling verified against authorization record;Award matches line item,10/19/2014 12:02:18,10/23/2014 12:02:18,10/30/2014 17:02:18,CN=Oswaldo Ferreira-Lund/OU=CHPSID/O=TACOM,0,,[TACOM];[CSR];[Admin];[ReadOnlyAudit];LocalDomainServers,11
D65408491D6111FDDEC7242E96558D29,CDE6,,03/09/2022 19:53:32,03/24/2022 21:53:32,CN=Oswaldo Ferreira-Lund/OU=CHPSID/O=TACOM,,ENG-2022-00722,VMA-2022-000057,"Stanwycke, Karen",Complete,Congressional,Army Commendation Medal :: K. B. STANWYCKE,K. B. STANWYCKE,Block,Hand,Spelling verified against authorization record;Award matches line item,03/09/2022 19:53:32,03/10/2022 19:53:32,03/24/2022 21:53:32,CN=Oswaldo Ferreira-Lund/OU=CHPSID/O=TACOM,0,,[TACOM];[CSR];[Admin];[ReadOnlyAudit];LocalDomainServers,15
940DB075FF15C6779E56193714D1FEC8,CDEA,,01/11/2015 11:30:02,01/17/2015 16:30:02,CN=Hector Amundsen/OU=CHPSID/O=TACOM,,ENG-2015-00626,VMA-2015-000053,"Isherwood, Anthony",Complete,Routine,Army Commendation Medal :: A. ISHERWOOD,A. ISHERWOOD,Block,Rotary-A,Spelling verified against authorization record;Award matches line item,01/11/2015 11:30:02,01/15/2015 11:30:02,01/17/2015 16:30:02,CN=Hector Amundsen/OU=CHPSID/O=TACOM,0,,[TACOM];[CSR];[Admin];[ReadOnlyAudit];LocalDomainServers,6
F9FDC57FA4F7C9C1C3F97EB0CBE7F7FF,CDEE,,09/07/2017 18:54:00,09/18/2017 19:54:00,CN=Hector Amundsen/OU=CHPSID/O=TACOM,,ENG-2017-00890,VMA-2017-000072,"Trevino, Ernesto",Complete,Routine,Army Commendation Medal :: E. L. TREVINO;Purple Heart :: E. L. TREVINO,E. L. TREVINO,Block,Laser-1,Spelling verified against authorization record;Award matches line item,09/07/2017 18:54:00,09/08/2017 18:54:00,09/18/2017 19:54:00,CN=Hector Amundsen/OU=CHPSID/O=TACOM,0,,[TACOM];[CSR];[Admin];[ReadOnlyAudit];LocalDomainServers,11
4F5D4461D51774618832E39254DA70EA,CDF2,,07/25/2012 08:29:33,08/07/2012 10:29:33,CN=Oswaldo Ferreira-Lund/OU=CHPSID/O=TACOM,,ENG-2012-01124,VMA-2012-000103,"Everleigh, Darnell",Complete,Routine,Purple Heart :: D. EVERLEIGH,D. EVERLEIGH,Roman,Rotary-A,Spelling verified against authorization record;Award matches line item,07/25/2012 08:29:33,07/28/2012 08:29:33,08/07/2012 10:29:33,CN=Oswaldo Ferreira-Lund/OU=CHPSID/O=TACOM,0,,[TACOM];[CSR];[Admin];[ReadOnlyAudit];LocalDomainServers,13
5D2EAD283FFEBF110EB17A71B127AAE3,CDF6,,11/04/2024 15:37:39,11/13/2024 17:37:39,CN=Hector Amundsen/OU=CHPSID/O=TACOM,,ENG-2024-00270,VMA-2024-000028,"Prendergast, Arthur",Complete,Routine,Air Medal :: A. F. PRENDERGAST;Army Commendation Medal :: A. F. PRENDERGAST,A. F. PRENDERGAST,Roman,Laser-1,Spelling verified against authorization record;Award matches line item,11/04/2024 15:37:39,11/05/2024 15:37:39,11/13/2024 17:37:39,CN=Hector Amundsen/OU=CHPSID/O=TACOM,0,,[TACOM];[CSR];[Admin];[ReadOnlyAudit];LocalDomainServers,9
B79CC8DEEF9DCE635E82E80E150AC532,CDFA,,04/11/2026 16:34:25,04/17/2026 19:34:25,CN=Oswaldo Ferreira-Lund/OU=CHPSID/O=TACOM,,ENG-2026-00556,VMA-2026-000236,"Cartlewood, Ryan",Complete,Routine,Army Commendation Medal :: R. CARTLEWOOD,R. CARTLEWOOD,Block,Hand,Spelling verified against authorization record;Award matches line item,04/11/2026 16:34:25,04/14/2026 16:34:25,04/17/2026 19:34:25,CN=Oswaldo Ferreira-Lund/OU=CHPSID/O=TACOM,0,,[TACOM];[CSR];[Admin];[ReadOnlyAudit];LocalDomainServers,6
46BA15A2EE7E341DB1686B207F982149,CDFE,,01/25/2020 08:24:40,02/07/2020 08:24:40,CN=Hector Amundsen/OU=CHPSID/O=TACOM,,ENG-2020-00090,VMA-2020-000007,"Nakashima, Gary",Complete,Routine,Purple Heart :: G. A. NAKASHIMA,G. A. NAKASHIMA,Roman,Hand,Spelling verified against authorization record;Award matches line item,01/25/2020 08:24:40,01/26/2020 08:24:40,02/07/2020 08:24:40,CN=Hector Amundsen/OU=CHPSID/O=TACOM,0,,[TACOM];[CSR];[Admin];[ReadOnlyAudit];LocalDomainServers,13
6033379DC5976AC8C3FB32A6769ED900,CE02,,01/02/2010 21:37:09,01/20/2010 22:37:09,CN=Oswaldo Ferreira-Lund/OU=CHPSID/O=TACOM,,ENG-2010-00471,VMA-2009-000026,"Barrowclough, Brian",Complete,Routine,Silver Star :: B. BARROWCLOUGH,B. BARROWCLOUGH,Block,Hand,Spelling verified against authorization record;Award matches line item,01/02/2010 21:37:09,01/06/2010 21:37:09,01/20/2010 22:37:09,CN=Oswaldo Ferreira-Lund/OU=CHPSID/O=TACOM,0,,[TACOM];[CSR];[Admin];[ReadOnlyAudit];LocalDomainServers,18
4EA0B0BA3785FB9BA5E1A26574658B96,CE06,,07/04/2010 11:15:54,07/19/2010 15:15:54,CN=Oswaldo Ferreira-Lund/OU=CHPSID/O=TACOM,,ENG-2010-01089,VMA-2010-000074,"Okonkwo, Melissa",Complete,Routine,Silver Star :: M. T. OKONKWO,M. T. OKONKWO,Block,Hand,Spelling verified against authorization record;Award matches line item,07/04/2010 11:15:54,07/06/2010 11:15:54,07/19/2010 15:15:54,CN=Oswaldo Ferreira-Lund/OU=CHPSID/O=TACOM,0,,[TACOM];[CSR];[Admin];[ReadOnlyAudit];LocalDomainServers,15
35678725FBDAA7BEAF8F3FFD4CAB825A,CE0A,,04/02/2026 10:00:43,04/09/2026 14:00:43,CN=Hector Amundsen/OU=CHPSID/O=TACOM,,ENG-2026-00709,VMA-2026-000301,"Fortenbury, Andre",Complete,Routine,Purple Heart :: A. T. FORTENBURY,A. T. FORTENBURY,Block,Laser-1,Spelling verified against authorization record;Award matches line item,04/02/2026 10:00:43,04/02/2026 10:00:43,04/09/2026 14:00:43,CN=Hector Amundsen/OU=CHPSID/O=TACOM,0,,[TACOM];[CSR];[Admin];[ReadOnlyAudit];LocalDomainServers,7
0C1FB2CCBBFA0FB20232596ED1E37E67,CE0E,,06/12/2004 16:38:10,06/30/2004 17:38:10,CN=Hector Amundsen/OU=CHPSID/O=TACOM,,ENG-2004-01345,VMA-2004-000078,"Stanwycke, Michael",Complete,Expedite,Army Commendation Medal :: M. STANWYCKE,M. STANWYCKE,Block,Laser-1,Spelling verified against authorization record;Award matches line item,06/12/2004 16:38:10,06/12/2004 16:38:10,06/30/2004 17:38:10,CN=Hector Amundsen/OU=CHPSID/O=TACOM,0,,[TACOM];[CSR];[Admin];[ReadOnlyAudit];LocalDomainServers,18
869562F03E626CDFE4ACAC11A54473E5,CE12,,04/11/2022 19:40:16,04/25/2022 21:40:16,CN=Oswaldo Ferreira-Lund/OU=CHPSID/O=TACOM,,ENG-2022-01289,VMA-2022-000088,"Ashcroft, Brian",Complete,Routine,Bronze Star Medal :: B. ASHCROFT;Army Commendation Medal :: B. ASHCROFT;Silver Star :: B. ASHCROFT,B. ASHCROFT,Roman,Rotary-A,Spelling verified against authorization record;Award matches line item,04/11/2022 19:40:16,04/15/2022 19:40:16,04/25/2022 21:40:16,CN=Oswaldo Ferreira-Lund/OU=CHPSID/O=TACOM,0,,[TACOM];[CSR];[Admin];[ReadOnlyAudit];LocalDomainServers,14
C3BCEDE09BE28303EC72AC13DC60EE95,CE16,,02/03/2007 17:51:50,02/07/2007 22:51:50,CN=Hector Amundsen/OU=CHPSID/O=TACOM,,ENG-2007-01412,VMA-2007-000091,"Ellingboe, Donna",Complete,Routine,Purple Heart :: D. ELLINGBOE,D. ELLINGBOE,Block,Rotary-A,Spelling verified against authorization record;Award matches line item,02/03/2007 17:51:50,02/07/2007 17:51:50,02/07/2007 22:51:50,CN=Hector Amundsen/OU=CHPSID/O=TACOM,0,,[TACOM];[CSR];[Admin];[ReadOnlyAudit];LocalDomainServers,4
65A660A357E480927587A7BA54660011,CE1A,,08/27/2004 14:34:40,09/04/2004 18:34:40,CN=Hector Amundsen/OU=CHPSID/O=TACOM,,ENG-2004-01408,VMA-2004-000083,"Haverstock, Leonard",Complete,Routine,Distinguished Flying Cross :: L. B. HAVERSTOCK,L. B. HAVERSTOCK,Script,Laser-2,Spelling verified against authorization record;Award matches line item,08/27/2004 14:34:40,08/31/2004 14:34:40,09/04/2004 18:34:40,CN=Hector Amundsen/OU=CHPSID/O=TACOM,0,,[TACOM];[CSR];[Admin];[ReadOnlyAudit];LocalDomainServers,8
7B4B03E7570EB4DD8BF2CDC236959010,CE1E,,12/22/2019 15:34:01,12/26/2019 18:34:01,CN=Hector Amundsen/OU=CHPSID/O=TACOM,,ENG-2019-00809,VMA-2019-000067,"Lattimore, David",Complete,Congressional,Army Commendation Medal :: D. G. LATTIMORE;Air Medal :: D. G. LATTIMORE,D. G. LATTIMORE,Roman,Laser-1,Spelling verified against authorization record;Award matches line item,12/22/2019 15:34:01,12/22/2019 15:34:01,12/26/2019 18:34:01,CN=Hector Amundsen/OU=CHPSID/O=TACOM,1,Rework: name misspelled on first pass - verified against DD-214.,[TACOM];[CSR];[Admin];[ReadOnlyAudit];LocalDomainServers,4
293D32F3DB73173FBA58C8D743833ECD,CE22,,08/11/2021 13:19:26,08/17/2021 15:19:26,CN=Oswaldo Ferreira-Lund/OU=CHPSID/O=TACOM,,ENG-2021-01160,VMA-2021-000096,"Lockridge, Arthur",Complete,Congressional,Army Commendation Medal :: A. P. LOCKRIDGE,A. P. LOCKRIDGE,Script,Hand,Spelling verified against authorization record;Award matches line item,08/11/2021 13:19:26,08/15/2021 13:19:26,08/17/2021 15:19:26,CN=Oswaldo Ferreira-Lund/OU=CHPSID/O=TACOM,0,,[TACOM];[CSR];[Admin];[ReadOnlyAudit];LocalDomainServers,6
745552CE5ED048A92128E4B66D2EE209,CE26,,02/21/2009 14:21:19,02/26/2009 14:21:19,CN=Oswaldo Ferreira-Lund/OU=CHPSID/O=TACOM,,ENG-2009-00981,VMA-2009-000074,"Jankowitz, Andrew",Complete,Expedite,Army Commendation Medal :: A. F. JANKOWITZ,A. F. JANKOWITZ,Block,Hand,Spelling verified against authorization record;Award matches line item,02/21/2009 14:21:19,02/22/2009 14:21:19,02/26/2009 14:21:19,CN=Oswaldo Ferreira-Lund/OU=CHPSID/O=TACOM,0,,[TACOM];[CSR];[Admin];[ReadOnlyAudit];LocalDomainServers,5
57358777977531FADFE3D151A2090275,CE2A,,06/24/2012 20:32:39,07/11/2012 00:32:39,CN=Oswaldo Ferreira-Lund/OU=CHPSID/O=TACOM,,ENG-2012-00515,VMA-2012-000048,"Templeton, John",Complete,Congressional,Bronze Star Medal :: J. J. TEMPLETON,J. J. TEMPLETON,Block,Laser-1,Spelling verified against authorization record;Award matches line item,06/24/2012 20:32:39,06/25/2012 20:32:39,07/11/2012 00:32:39,CN=Oswaldo Ferreira-Lund/OU=CHPSID/O=TACOM,0,,[TACOM];[CSR];[Admin];[ReadOnlyAudit];LocalDomainServers,17
233435B29B1F75C583B97C2766894D32,CE2E,,06/24/2026 17:14:33,06/25/2026 17:14:33,CN=Hector Amundsen/OU=CHPSID/O=TACOM,,ENG-2026-00897,VMA-2026-000396,"Vandermolen, Leonard",Rework,Routine,Bronze Star Medal :: L. A. VANDERMOLEN,L. A. VANDERMOLEN,Roman,Rotary-A,,06/24/2026 17:14:33,06/25/2026 17:14:33,,CN=Hector Amundsen/OU=CHPSID/O=TACOM,1,Rework: name misspelled on first pass - verified against DD-214.,[TACOM];[CSR];[Admin];[ReadOnlyAudit];LocalDomainServers,69
B606C59C1539AC72711673AD3C4C340F,CE32,,04/07/2005 11:46:59,04/13/2005 16:46:59,CN=Hector Amundsen/OU=CHPSID/O=TACOM,,ENG-2005-00018,VMA-2005-000004,"Zimmerly, Patricia",Complete,Congressional,Silver Star :: P. E. ZIMMERLY;Air Medal :: P. E. ZIMMERLY,P. E. ZIMMERLY,Block,Rotary-A,Spelling verified against authorization record;Award matches line item,04/07/2005 11:46:59,04/08/2005 11:46:59,04/13/2005 16:46:59,CN=Hector Amundsen/OU=CHPSID/O=TACOM,0,,[TACOM];[CSR];[Admin];[ReadOnlyAudit];LocalDomainServers,6
C71DED8F7A2F39C7383BD6FAB31A775B,CE36,,09/14/2023 13:13:50,09/21/2023 14:13:50,CN=Hector Amundsen/OU=CHPSID/O=TACOM,,ENG-2023-00501,VMA-2023-000028,"Zabrowski, Helen",Complete,Expedite,Distinguished Flying Cross :: H. C. ZABROWSKI;Silver Star :: H. C. ZABROWSKI;Purple Heart :: H. C. ZABROWSKI;Air Medal :: H. C. ZABROWSKI,H. C. ZABROWSKI,Block,Rotary-A,Spelling verified against authorization record;Award matches line item,09/14/2023 13:13:50,09/16/2023 13:13:50,09/21/2023 14:13:50,CN=Hector Amundsen/OU=CHPSID/O=TACOM,0,,[TACOM];[CSR];[Admin];[ReadOnlyAudit];LocalDomainServers,7
63D4F15F8D7EC256EF1ACA0C015C12F1,CE3A,,09/21/2011 16:38:11,10/04/2011 21:38:11,CN=Hector Amundsen/OU=CHPSID/O=TACOM,,ENG-2011-00383,VMA-2011-000032,"Zapata-Kell, Anthony",Complete,Routine,Distinguished Flying Cross :: A. R. ZAPATA-KELL,A. R. ZAPATA-KELL,Script,Hand,Spelling verified against authorization record;Award matches line item,09/21/2011 16:38:11,09/25/2011 16:38:11,10/04/2011 21:38:11,CN=Hector Amundsen/OU=CHPSID/O=TACOM,0,,[TACOM];[CSR];[Admin];[ReadOnlyAudit];LocalDomainServers,13
824DD342C148BD70BB5A0FF246D17CCA,CE3E,,11/18/2006 17:56:35,12/01/2006 17:56:35,CN=Oswaldo Ferreira-Lund/OU=CHPSID/O=TACOM,,ENG-2006-00678,VMA-2006-000051,"Zimmerly, Dorothy",Complete,Expedite,Air Medal :: D. T. ZIMMERLY;Silver Star :: D. T. ZIMMERLY,D. T. ZIMMERLY,Roman,Rotary-A,Spelling verified against authorization record;Award matches line item,11/18/2006 17:56:35,11/18/2006 17:56:35,12/01/2006 17:56:35,CN=Oswaldo Ferreira-Lund/OU=CHPSID/O=TACOM,0,,[TACOM];[CSR];[Admin];[ReadOnlyAudit];LocalDomainServers,13
9058225CCAE1A498125AE6DC4D3B8BF4,CE42,,03/09/2005 13:55:54,03/14/2005 14:55:54,CN=Oswaldo Ferreira-Lund/OU=CHPSID/O=TACOM,,ENG-2005-01391,VMA-2005-000099,"Wickersham Jr., Christopher",Complete,Routine,Air Medal :: C. S. WICKERSHAM JR.,C. S. WICKERSHAM JR.,Roman,Hand,Spelling verified against authorization record;Award matches line item,03/09/2005 13:55:54,03/12/2005 13:55:54,03/14/2005 14:55:54,CN=Oswaldo Ferreira-Lund/OU=CHPSID/O=TACOM,0,,[TACOM];[CSR];[Admin];[ReadOnlyAudit];LocalDomainServers,5
3CDFAA4A59163516DAA0AE5D4937B28E,CE46,,09/26/2005 12:51:27,10/08/2005 14:51:27,CN=Hector Amundsen/OU=CHPSID/O=TACOM,,ENG-2005-00425,VMA-2005-000048,"Sallisaw, Howard",Complete,Routine,Distinguished Flying Cross :: H. G. SALLISAW,H. G. SALLISAW,Block,Rotary-A,Spelling verified against authorization record;Award matches line item,09/26/2005 12:51:27,09/30/2005 12:51:27,10/08/2005 14:51:27,CN=Hector Amundsen/OU=CHPSID/O=TACOM,0,,[TACOM];[CSR];[Admin];[ReadOnlyAudit];LocalDomainServers,12
82EC8F3A0DB694E49BDD3A72971182EA,CE4A,,12/14/2004 17:48:58,12/26/2004 21:48:58,CN=Oswaldo Ferreira-Lund/OU=CHPSID/O=TACOM,,ENG-2004-00701,VMA-2004-000044,"Rathbourne, Barbara",Complete,Routine,Army Commendation Medal :: B. RATHBOURNE,B. RATHBOURNE,Roman,Laser-1,Spelling verified against authorization record;Award matches line item,12/14/2004 17:48:58,12/15/2004 17:48:58,12/26/2004 21:48:58,CN=Oswaldo Ferreira-Lund/OU=CHPSID/O=TACOM,0,,[TACOM];[CSR];[Admin];[ReadOnlyAudit];LocalDomainServers,12
782FED550D64D66C8A87B8915EC5CBC9,CE4E,,03/05/2016 17:10:21,03/08/2016 20:10:21,CN=Hector Amundsen/OU=CHPSID/O=TACOM,,ENG-2016-00133,VMA-2016-000008,"Washington, John",Complete,Congressional,Silver Star :: J. D. WASHINGTON;Purple Heart :: J. D. WASHINGTON,J. D. WASHINGTON,Roman,Hand,Spelling verified against authorization record;Award matches line item,03/05/2016 17:10:21,03/05/2016 17:10:21,03/08/2016 20:10:21,CN=Hector Amundsen/OU=CHPSID/O=TACOM,0,,[TACOM];[CSR];[Admin];[ReadOnlyAudit];LocalDomainServers,3
A399B2EA209C7E0F9B100DD00C40ABF4,CE52,,03/05/2014 18:17:21,03/19/2014 22:17:21,CN=Oswaldo Ferreira-Lund/OU=CHPSID/O=TACOM,,ENG-2014-00842,VMA-2014-000068,"Wickersham, Timothy",Complete,Routine,Purple Heart :: T. P. WICKERSHAM,T. P. WICKERSHAM,Script,Rotary-A,Spelling verified against authorization record;Award matches line item,03/05/2014 18:17:21,03/08/2014 18:17:21,03/19/2014 22:17:21,CN=Oswaldo Ferreira-Lund/OU=CHPSID/O=TACOM,0,,[TACOM];[CSR];[Admin];[ReadOnlyAudit];LocalDomainServers,14
16966320685C3F55EC0280885C0E439A,CE56,,03/26/2007 12:19:27,04/09/2007 15:19:27,CN=Oswaldo Ferreira-Lund/OU=CHPSID/O=TACOM,,ENG-2007-00466,VMA-2007-000034,"Lockridge, Daniel",Complete,Routine,Purple Heart :: D. LOCKRIDGE;Bronze Star Medal :: D. LOCKRIDGE;Air Medal :: D. LOCKRIDGE,D. LOCKRIDGE,Block,Laser-1,Spelling verified against authorization record;Award matches line item,03/26/2007 12:19:27,03/26/2007 12:19:27,04/09/2007 15:19:27,CN=Oswaldo Ferreira-Lund/OU=CHPSID/O=TACOM,0,,[TACOM];[CSR];[Admin];[ReadOnlyAudit];LocalDomainServers,14
74DED190C525BFB8511DE22ABE14F1BD,CE5A,,06/27/2020 12:13:26,07/15/2020 12:13:26,CN=Hector Amundsen/OU=CHPSID/O=TACOM,,ENG-2020-00065,VMA-2020-000004,"Guajardo, Carol",Complete,Congressional,Silver Star :: C. J. GUAJARDO,C. J. GUAJARDO,Block,Rotary-A,Spelling verified against authorization record;Award matches line item,06/27/2020 12:13:26,06/28/2020 12:13:26,07/15/2020 12:13:26,CN=Hector Amundsen/OU=CHPSID/O=TACOM,1,Rework: name misspelled on first pass - verified against DD-214.,[TACOM];[CSR];[Admin];[ReadOnlyAudit];LocalDomainServers,18
F1A137557A7104B792C2A94A72E85B6C,CE5E,,05/04/2026 11:28:02,05/04/2026 11:28:02,CN=Renata Vasquez-Holm/OU=CHPSID/O=TACOM,,ENG-2026-00869,VMA-2026-000381,"Dunmore-Vey, Angela",Queued,Routine,Army Commendation Medal :: A. K. DUNMORE-VEY,A. K. DUNMORE-VEY,Block,,,05/04/2026 11:28:02,,,,0,,[TACOM];[CSR];[Admin];[ReadOnlyAudit];LocalDomainServers,120
8212010842B9D407A246D699DCC1E4D8,CE62,,06/24/2024 13:09:35,07/04/2024 15:09:35,CN=Oswaldo Ferreira-Lund/OU=CHPSID/O=TACOM,,ENG-2024-01310,VMA-2024-000107,"Vanterpool, Matthew",Complete,Routine,Silver Star :: M. J. VANTERPOOL,M. J. VANTERPOOL,Roman,Hand,Spelling verified against authorization record;Award matches line item,06/24/2024 13:09:35,06/26/2024 13:09:35,07/04/2024 15:09:35,CN=Oswaldo Ferreira-Lund/OU=CHPSID/O=TACOM,0,,[TACOM];[CSR];[Admin];[ReadOnlyAudit];LocalDomainServers,10
85180BE8B2A08C991323410555D1DF89,CE66,,02/27/2015 17:29:41,03/03/2015 20:29:41,CN=Oswaldo Ferreira-Lund/OU=CHPSID/O=TACOM,,ENG-2015-00743,VMA-2015-000065,"Jarvinen, Karen",Complete,Routine,Bronze Star Medal :: K. W. JARVINEN,K. W. JARVINEN,Block,Rotary-A,Spelling verified against authorization record;Award matches line item,02/27/2015 17:29:41,03/02/2015 17:29:41,03/03/2015 20:29:41,CN=Oswaldo Ferreira-Lund/OU=CHPSID/O=TACOM,0,,[TACOM];[CSR];[Admin];[ReadOnlyAudit];LocalDomainServers,4
4090E661045D6CBF58759763954A7D5E,CE6A,,07/03/2026 18:10:42,07/03/2026 18:10:42,CN=Ret Hamlin/OU=CHPSID/O=TACOM,,ENG-2026-00457,VMA-2026-000182,"Ledesma-Ortiz, Walter",Queued,Congressional,Bronze Star Medal :: W. LEDESMA-ORTIZ,W. LEDESMA-ORTIZ,Script,,,07/03/2026 18:10:42,,,,0,,[TACOM];[CSR];[Admin];[ReadOnlyAudit];LocalDomainServers,60
185FDA1753FA881D5005C29810E881C3,CE6E,,04/15/2011 10:40:35,04/21/2011 14:40:35,CN=Hector Amundsen/OU=CHPSID/O=TACOM,,ENG-2011-01034,VMA-2011-000087,"Barrowclough, Virginia",Complete,Routine,Army Commendation Medal :: V. C. BARROWCLOUGH,V. C. BARROWCLOUGH,Block,Hand,Spelling verified against authorization record;Award matches line item,04/15/2011 10:40:35,04/15/2011 10:40:35,04/21/2011 14:40:35,CN=Hector Amundsen/OU=CHPSID/O=TACOM,0,,[TACOM];[CSR];[Admin];[ReadOnlyAudit];LocalDomainServers,6
EBA758E5F87AC1932311DF35DE59EA44,CE72,,05/27/2011 11:21:02,06/05/2011 12:21:02,CN=Hector Amundsen/OU=CHPSID/O=TACOM,,ENG-2011-00913,VMA-2011-000081,"Vanterpool, Andre",Complete,Routine,Army Commendation Medal :: A. VANTERPOOL,A. VANTERPOOL,Roman,Laser-2,Spelling verified against authorization record;Award matches line item,05/27/2011 11:21:02,05/28/2011 11:21:02,06/05/2011 12:21:02,CN=Hector Amundsen/OU=CHPSID/O=TACOM,0,,[TACOM];[CSR];[Admin];[ReadOnlyAudit];LocalDomainServers,9
5BE346D4C0A33B071A108513639283CE,CE76,,09/12/2025 13:18:59,09/29/2025 17:18:59,CN=Oswaldo Ferreira-Lund/OU=CHPSID/O=TACOM,,ENG-2025-00570,VMA-2025-000056,"Yellowley, Kevin",Complete,Routine,Purple Heart :: K. YELLOWLEY;Army Commendation Medal :: K. YELLOWLEY,K. YELLOWLEY,Block,Laser-1,Spelling verified against authorization record;Award matches line item,09/12/2025 13:18:59,09/14/2025 13:18:59,09/29/2025 17:18:59,CN=Oswaldo Ferreira-Lund/OU=CHPSID/O=TACOM,0,,[TACOM];[CSR];[Admin];[ReadOnlyAudit];LocalDomainServers,17
C0D7CA2AFBDA3951C709DB02982849F1,CE7A,,06/14/2019 17:11:38,06/22/2019 17:11:38,CN=Oswaldo Ferreira-Lund/OU=CHPSID/O=TACOM,,ENG-2019-00569,VMA-2019-000048,"Villanueva, Eugene",Complete,Expedite,Bronze Star Medal :: E. H. VILLANUEVA,E. H. VILLANUEVA,Script,Laser-1,Spelling verified against authorization record;Award matches line item,06/14/2019 17:11:38,06/14/2019 17:11:38,06/22/2019 17:11:38,CN=Oswaldo Ferreira-Lund/OU=CHPSID/O=TACOM,0,,[TACOM];[CSR];[Admin];[ReadOnlyAudit];LocalDomainServers,8
C4C304D1119BCC7E371E1170BE4F55F8,CE7E,,11/19/2007 13:13:14,11/26/2007 17:13:14,CN=Oswaldo Ferreira-Lund/OU=CHPSID/O=TACOM,,ENG-2007-00452,VMA-2007-000032,"Ormsbee, Charles",Complete,Routine,Air Medal :: C. ORMSBEE;Purple Heart :: C. ORMSBEE,C. ORMSBEE,Block,Laser-2,Spelling verified against authorization record;Award matches line item,11/19/2007 13:13:14,11/23/2007 13:13:14,11/26/2007 17:13:14,CN=Oswaldo Ferreira-Lund/OU=CHPSID/O=TACOM,0,,[TACOM];[CSR];[Admin];[ReadOnlyAudit];LocalDomainServers,7
4E8CACBA2730A41B3A6115625A5962D3,CE82,,05/23/2005 20:07:33,06/07/2005 23:07:33,CN=Hector Amundsen/OU=CHPSID/O=TACOM,,ENG-2005-00923,VMA-2005-000078,"Ormsbee, Tyler",Complete,Routine,Army Commendation Medal :: T. N. ORMSBEE,T. N. ORMSBEE,Block,Rotary-A,Spelling verified against authorization record;Award matches line item,05/23/2005 20:07:33,05/27/2005 20:07:33,06/07/2005 23:07:33,CN=Hector Amundsen/OU=CHPSID/O=TACOM,0,,[TACOM];[CSR];[Admin];[ReadOnlyAudit];LocalDomainServers,15
0CE5DF6BF17CE8F9A4CB3B8657DE1715,CE86,,09/04/2016 16:10:17,09/22/2016 21:10:17,CN=Oswaldo Ferreira-Lund/OU=CHPSID/O=TACOM,,ENG-2016-01336,VMA-2016-000086,"Ostrowski, Heather",Complete,Routine,Air Medal :: H. L. OSTROWSKI,H. L. OSTROWSKI,Block,Laser-2,Spelling verified against authorization record;Award matches line item,09/04/2016 16:10:17,09/04/2016 16:10:17,09/22/2016 21:10:17,CN=Oswaldo Ferreira-Lund/OU=CHPSID/O=TACOM,0,,[TACOM];[CSR];[Admin];[ReadOnlyAudit];LocalDomainServers,18
D3B73F416E8E8A40D09678825E19869F,CE8A,,10/13/2018 10:54:39,10/19/2018 10:54:39,CN=Oswaldo Ferreira-Lund/OU=CHPSID/O=TACOM,,ENG-2018-00638,VMA-2018-000049,"Quimbley, Rafael",Complete,Routine,Silver Star :: R. QUIMBLEY,R. QUIMBLEY,Script,Hand,Spelling verified against authorization record;Award matches line item,10/13/2018 10:54:39,10/13/2018 10:54:39,10/19/2018 10:54:39,CN=Oswaldo Ferreira-Lund/OU=CHPSID/O=TACOM,0,,[TACOM];[CSR];[Admin];[ReadOnlyAudit];LocalDomainServers,6
17F862C37019B6C12A69DDBAD7AE0CE3,CE8E,,10/07/2018 11:16:54,10/10/2018 16:16:54,CN=Hector Amundsen/OU=CHPSID/O=TACOM,,ENG-2018-00590,VMA-2018-000044,"Pemberley, Nicole",Complete,Routine,Bronze Star Medal :: N. T. PEMBERLEY;Army Commendation Medal :: N. T. PEMBERLEY,N. T. PEMBERLEY,Roman,Rotary-A,Spelling verified against authorization record;Award matches line item,10/07/2018 11:16:54,10/09/2018 11:16:54,10/10/2018 16:16:54,CN=Hector Amundsen/OU=CHPSID/O=TACOM,0,,[TACOM];[CSR];[Admin];[ReadOnlyAudit];LocalDomainServers,3
107D628616B12D6925F13BA1A98219B2,CE92,,12/24/2010 12:57:31,01/08/2011 12:57:31,CN=Hector Amundsen/OU=CHPSID/O=TACOM,,ENG-2010-00649,VMA-2010-000039,"Urquhart, Karen",Complete,Congressional,Army Commendation Medal :: K. K. URQUHART,K. K. URQUHART,Block,Laser-1,Spelling verified against authorization record;Award matches line item,12/24/2010 12:57:31,12/25/2010 12:57:31,01/08/2011 12:57:31,CN=Hector Amundsen/OU=CHPSID/O=TACOM,0,,[TACOM];[CSR];[Admin];[ReadOnlyAudit];LocalDomainServers,15
F50F71AC11CDC3709FB72D9A59FF121D,CE96,,09/07/2011 16:55:54,09/23/2011 16:55:54,CN=Hector Amundsen/OU=CHPSID/O=TACOM,,ENG-2011-00257,VMA-2011-000022,"Galbreath, Ryan",Complete,Routine,Silver Star :: R. B. GALBREATH,R. B. GALBREATH,Roman,Rotary-A,Spelling verified against authorization record;Award matches line item,09/07/2011 16:55:54,09/07/2011 16:55:54,09/23/2011 16:55:54,CN=Hector Amundsen/OU=CHPSID/O=TACOM,0,,[TACOM];[CSR];[Admin];[ReadOnlyAudit];LocalDomainServers,16
D34A83394649CDA8A8B28E3F9E7E1B89,CE9A,,11/10/2012 12:59:29,11/14/2012 17:59:29,CN=Hector Amundsen/OU=CHPSID/O=TACOM,,ENG-2012-01199,VMA-2012-000109,"Urquhart, Raymond",Complete,Routine,Silver Star :: R. H. URQUHART;Army Commendation Medal :: R. H. URQUHART,R. H. URQUHART,Roman,Laser-1,Spelling verified against authorization record;Award matches line item,11/10/2012 12:59:29,11/11/2012 12:59:29,11/14/2012 17:59:29,CN=Hector Amundsen/OU=CHPSID/O=TACOM,0,,[TACOM];[CSR];[Admin];[ReadOnlyAudit];LocalDomainServers,4
479C7903F2F1ADDA18F6B9A40C977AAD,CE9E,,02/11/2016 20:20:31,02/27/2016 01:20:31,CN=Hector Amundsen/OU=CHPSID/O=TACOM,,ENG-2016-00168,VMA-2016-000012,"Kirkbride, Terrence",Complete,Routine,Army Commendation Medal :: T. KIRKBRIDE;Bronze Star Medal :: T. KIRKBRIDE,T. KIRKBRIDE,Roman,Rotary-A,Spelling verified against authorization record;Award matches line item,02/11/2016 20:20:31,02/14/2016 20:20:31,02/27/2016 01:20:31,CN=Hector Amundsen/OU=CHPSID/O=TACOM,0,,[TACOM];[CSR];[Admin];[ReadOnlyAudit];LocalDomainServers,16
53B2CB23B99F89E9975B80DC744EBD73,CEA2,,06/23/2016 18:05:10,06/27/2016 18:05:10,CN=Oswaldo Ferreira-Lund/OU=CHPSID/O=TACOM,,ENG-2016-00714,VMA-2016-000049,"Altamirano, Luis",Complete,Congressional,Army Commendation Medal :: L. S. ALTAMIRANO,L. S. ALTAMIRANO,Roman,Laser-1,Spelling verified against authorization record;Award matches line item,06/23/2016 18:05:10,06/27/2016 18:05:10,06/27/2016 18:05:10,CN=Oswaldo Ferreira-Lund/OU=CHPSID/O=TACOM,0,,[TACOM];[CSR];[Admin];[ReadOnlyAudit];LocalDomainServers,4
18B72FA44627CB142BDB4951F57E8FCF,CEA6,,11/10/2022 21:31:45,11/15/2022 00:31:45,CN=Hector Amundsen/OU=CHPSID/O=TACOM,,ENG-2022-01377,VMA-2022-000093,"Nakashima, Arthur",Complete,Routine,Purple Heart :: A. F. NAKASHIMA,A. F. NAKASHIMA,Roman,Laser-2,Spelling verified against authorization record;Award matches line item,11/10/2022 21:31:45,11/14/2022 21:31:45,11/15/2022 00:31:45,CN=Hector Amundsen/OU=CHPSID/O=TACOM,0,,[TACOM];[CSR];[Admin];[ReadOnlyAudit];LocalDomainServers,5
440736F1E4AA37F7A404E8233FE28BFA,CEAA,,01/07/2013 15:19:53,01/24/2013 20:19:53,CN=Oswaldo Ferreira-Lund/OU=CHPSID/O=TACOM,,ENG-2013-00107,VMA-2012-000010,"Galbreath, Ernesto",Complete,Routine,Bronze Star Medal :: E. GALBREATH,E. GALBREATH,Block,Hand,Spelling verified against authorization record;Award matches line item,01/07/2013 15:19:53,01/11/2013 15:19:53,01/24/2013 20:19:53,CN=Oswaldo Ferreira-Lund/OU=CHPSID/O=TACOM,0,,[TACOM];[CSR];[Admin];[ReadOnlyAudit];LocalDomainServers,17
B9B32E22A343FE666015A26DB2EFB1A4,CEAE,,02/10/2026 17:09:58,02/21/2026 22:09:58,CN=Hector Amundsen/OU=CHPSID/O=TACOM,,ENG-2026-01040,VMA-2026-000458,"Abernook, Gary",Complete,Routine,Army Commendation Medal :: G. N. ABERNOOK,G. N. ABERNOOK,Block,Laser-1,Spelling verified against authorization record;Award matches line item,02/10/2026 17:09:58,02/12/2026 17:09:58,02/21/2026 22:09:58,CN=Hector Amundsen/OU=CHPSID/O=TACOM,0,,[TACOM];[CSR];[Admin];[ReadOnlyAudit];LocalDomainServers,11
C62D3EB8DDE418457BC2C60B954E7912,CEB2,,10/01/2009 13:26:08,10/19/2009 16:26:08,CN=Hector Amundsen/OU=CHPSID/O=TACOM,,ENG-2009-01323,VMA-2009-000100,"Wexcombe, Charles",Complete,Routine,Purple Heart :: C. K. WEXCOMBE,C. K. WEXCOMBE,Block,Laser-1,Spelling verified against authorization record;Award matches line item,10/01/2009 13:26:08,10/01/2009 13:26:08,10/19/2009 16:26:08,CN=Hector Amundsen/OU=CHPSID/O=TACOM,0,,[TACOM];[CSR];[Admin];[ReadOnlyAudit];LocalDomainServers,18
092D3C9D7A1D7DFCEA644227DDBE37C7,CEB6,,03/21/2026 13:41:57,04/03/2026 13:41:57,CN=Hector Amundsen/OU=CHPSID/O=TACOM,,ENG-2026-01150,VMA-2026-000500,"Fairweather, Jamal",Complete,Routine,Bronze Star Medal :: J. C. FAIRWEATHER,J. C. FAIRWEATHER,Block,Laser-2,Spelling verified against authorization record;Award matches line item,03/21/2026 13:41:57,03/22/2026 13:41:57,04/03/2026 13:41:57,CN=Hector Amundsen/OU=CHPSID/O=TACOM,0,,[TACOM];[CSR];[Admin];[ReadOnlyAudit];LocalDomainServers,13
EDF9F352D501FFE220B6392EE337851E,CEBA,,02/01/2019 18:32:58,02/13/2019 22:32:58,CN=Oswaldo Ferreira-Lund/OU=CHPSID/O=TACOM,,ENG-2019-00071,VMA-2019-000008,"Zimmerly, Earl",Complete,Congressional,Distinguished Flying Cross :: E. C. ZIMMERLY,E. C. ZIMMERLY,Block,Laser-1,Spelling verified against authorization record;Award matches line item,02/01/2019 18:32:58,02/04/2019 18:32:58,02/13/2019 22:32:58,CN=Oswaldo Ferreira-Lund/OU=CHPSID/O=TACOM,0,,[TACOM];[CSR];[Admin];[ReadOnlyAudit];LocalDomainServers,12
26BE09B89FE606E9F1DB7729A8F86312,CEBE,,08/22/2019 15:17:18,09/06/2019 18:17:18,CN=Oswaldo Ferreira-Lund/OU=CHPSID/O=TACOM,,ENG-2019-00243,VMA-2019-000017,"Palomares, Jose",Complete,Routine,Air Medal :: J. M. PALOMARES,J. M. PALOMARES,Script,Laser-1,Spelling verified against authorization record;Award matches line item,08/22/2019 15:17:18,08/23/2019 15:17:18,09/06/2019 18:17:18,CN=Oswaldo Ferreira-Lund/OU=CHPSID/O=TACOM,0,,[TACOM];[CSR];[Admin];[ReadOnlyAudit];LocalDomainServers,15
21F3DB6B231294AB693849F9C8DC0552,CEC2,,05/18/2022 10:11:27,05/23/2022 15:11:27,CN=Oswaldo Ferreira-Lund/OU=CHPSID/O=TACOM,,ENG-2022-00119,VMA-2022-000011,"TEMPLETON, Donna",Complete,Routine,Purple Heart :: D. N. TEMPLETON,D. N. TEMPLETON,Block,Rotary-A,Spelling verified against authorization record;Award matches line item,05/18/2022 10:11:27,05/22/2022 10:11:27,05/23/2022 15:11:27,CN=Oswaldo Ferreira-Lund/OU=CHPSID/O=TACOM,0,,[TACOM];[CSR];[Admin];[ReadOnlyAudit];LocalDomainServers,5
4891A7BC6579873BA128FD2AB074B6C9,CEC6,,02/27/2026 19:34:42,03/09/2026 22:34:42,CN=Oswaldo Ferreira-Lund/OU=CHPSID/O=TACOM,,ENG-2026-00130,VMA-2026-000054,"Bramwold, Norman",Complete,Routine,Purple Heart :: N. J. BRAMWOLD,N. J. BRAMWOLD,Roman,Rotary-A,Spelling verified against authorization record;Award matches line item,02/27/2026 19:34:42,03/03/2026 19:34:42,03/09/2026 22:34:42,CN=Oswaldo Ferreira-Lund/OU=CHPSID/O=TACOM,1,Rework: name misspelled on first pass - verified against DD-214.,[TACOM];[CSR];[Admin];[ReadOnlyAudit];LocalDomainServers,10
E6351E450C4B861E014F746E39F9444F,CECA,,01/25/2010 14:04:00,01/31/2010 19:04:00,CN=Oswaldo Ferreira-Lund/OU=CHPSID/O=TACOM,,ENG-2010-00967,VMA-2010-000061,"Palomares, Ralph",Complete,Routine,Army Commendation Medal :: R. PALOMARES,R. PALOMARES,Block,Laser-2,Spelling verified against authorization record;Award matches line item,01/25/2010 14:04:00,01/27/2010 14:04:00,01/31/2010 19:04:00,CN=Oswaldo Ferreira-Lund/OU=CHPSID/O=TACOM,0,,[TACOM];[CSR];[Admin];[ReadOnlyAudit];LocalDomainServers,6
D43E6DE6E5A75B6E7B5AD84906F43424,CECE,,05/30/2022 18:55:14,06/03/2022 18:55:14,CN=Oswaldo Ferreira-Lund/OU=CHPSID/O=TACOM,,ENG-2022-00896,VMA-2022-000069,"Ullswater, Jessica",Complete,Routine,Distinguished Flying Cross :: J. N. ULLSWATER,J. N. ULLSWATER,Script,Rotary-A,Spelling verified against authorization record;Award matches line item,05/30/2022 18:55:14,06/01/2022 18:55:14,06/03/2022 18:55:14,CN=Oswaldo Ferreira-Lund/OU=CHPSID/O=TACOM,0,,[TACOM];[CSR];[Admin];[ReadOnlyAudit];LocalDomainServers,4
4B4B497E58D4B27A26D50943FBA93E92,CED2,,04/26/2017 17:00:35,04/29/2017 22:00:35,CN=Oswaldo Ferreira-Lund/OU=CHPSID/O=TACOM,,ENG-2017-01058,VMA-2017-000085,"THORNBURY, Barbara",Complete,Routine,Bronze Star Medal :: B. THORNBURY,B. THORNBURY,Roman,Laser-2,Spelling verified against authorization record;Award matches line item,04/26/2017 17:00:35,04/30/2017 17:00:35,04/29/2017 22:00:35,CN=Oswaldo Ferreira-Lund/OU=CHPSID/O=TACOM,0,,[TACOM];[CSR];[Admin];[ReadOnlyAudit];LocalDomainServers,3
A0A48FE1E883A5ACFDE8CA6666A9BD10,CED6,,01/23/2025 12:43:30,02/02/2025 15:43:30,CN=Hector Amundsen/OU=CHPSID/O=TACOM,,ENG-2025-00924,VMA-2025-000098,"Norquist, Michael",Complete,Routine,Bronze Star Medal :: M. F. NORQUIST,M. F. NORQUIST,Block,Rotary-A,Spelling verified against authorization record;Award matches line item,01/23/2025 12:43:30,01/23/2025 12:43:30,02/02/2025 15:43:30,CN=Hector Amundsen/OU=CHPSID/O=TACOM,0,,[TACOM];[CSR];[Admin];[ReadOnlyAudit];LocalDomainServers,10
1ED3CA7DF08EE6A4D1083C6FDC920E69,CEDA,,08/14/2024 15:19:56,08/27/2024 16:19:56,CN=Oswaldo Ferreira-Lund/OU=CHPSID/O=TACOM,,ENG-2024-00788,VMA-2024-000065,"Quinonez, Anthony",Complete,Congressional,Army Commendation Medal :: A. C. QUINONEZ,A. C. QUINONEZ,Roman,Laser-1,Spelling verified against authorization record;Award matches line item,08/14/2024 15:19:56,08/14/2024 15:19:56,08/27/2024 16:19:56,CN=Oswaldo Ferreira-Lund/OU=CHPSID/O=TACOM,0,,[TACOM];[CSR];[Admin];[ReadOnlyAudit];LocalDomainServers,13
9E95F4EE2F1E2A74989BF4579DEED1BD,CEDE,,06/15/2024 19:56:42,06/24/2024 22:56:42,CN=Hector Amundsen/OU=CHPSID/O=TACOM,,ENG-2024-00517,VMA-2024-000045,"Wickersham, Nicole",Complete,Congressional,Silver Star :: N. D. WICKERSHAM,N. D. WICKERSHAM,Block,Laser-1,Spelling verified against authorization record;Award matches line item,06/15/2024 19:56:42,06/17/2024 19:56:42,06/24/2024 22:56:42,CN=Hector Amundsen/OU=CHPSID/O=TACOM,0,,[TACOM];[CSR];[Admin];[ReadOnlyAudit];LocalDomainServers,9
2EDF164340874A107D09C0D7C5B563A0,CEE2,,08/06/2004 15:44:47,08/06/2004 15:44:47,CN=Renata Vasquez-Holm/OU=CHPSID/O=TACOM,,ENG-2004-00329,VMA-2004-000023,"Rockwell, Stephanie",Cancelled,Routine,Silver Star :: S. C. ROCKWELL;Bronze Star Medal :: S. C. ROCKWELL;Army Commendation Medal :: S. C. ROCKWELL,S. C. ROCKWELL,Block,,,08/06/2004 15:44:47,,,,0,,[TACOM];[CSR];[Admin];[ReadOnlyAudit];LocalDomainServers,0
C5A494D45E796A1BE89B335583185D3E,CEE6,,05/20/2019 13:21:05,05/20/2019 13:21:05,CN=Dwayne Petrakis/OU=CHPSID/O=TACOM,,ENG-2019-01218,VMA-2019-000098,"Barrowclough, Brian",Cancelled,Expedite,Silver Star :: B. BARROWCLOUGH,B. BARROWCLOUGH,Block,,,05/20/2019 13:21:05,,,,0,,[TACOM];[CSR];[Admin];[ReadOnlyAudit];LocalDomainServers,0
9D10ADCD19E74565514EB8156D15B2D1,CEEA,,12/02/2019 11:31:04,12/19/2019 12:31:04,CN=Oswaldo Ferreira-Lund/OU=CHPSID/O=TACOM,,ENG-2019-00376,VMA-2019-000030,"Cartlewood, Luis",Complete,Congressional,Army Commendation Medal :: L. P. CARTLEWOOD,L. P. CARTLEWOOD,Block,Hand,Spelling verified against authorization record;Award matches line item,12/02/2019 11:31:04,12/05/2019 11:31:04,12/19/2019 12:31:04,CN=Oswaldo Ferreira-Lund/OU=CHPSID/O=TACOM,0,,[TACOM];[CSR];[Admin];[ReadOnlyAudit];LocalDomainServers,17
BE9614F0B447DA8CA4BB29D8831B3A83,CEEE,,03/16/2015 12:17:17,03/23/2015 17:17:17,CN=Oswaldo Ferreira-Lund/OU=CHPSID/O=TACOM,,ENG-2015-01001,VMA-2015-000079,"Wickersham Jr., Harold",Complete,Routine,Army Commendation Medal :: H. C. WICKERSHAM JR.,H. C. WICKERSHAM JR.,Block,Hand,Spelling verified against authorization record;Award matches line item,03/16/2015 12:17:17,03/16/2015 12:17:17,03/23/2015 17:17:17,CN=Oswaldo Ferreira-Lund/OU=CHPSID/O=TACOM,0,,[TACOM];[CSR];[Admin];[ReadOnlyAudit];LocalDomainServers,7
C3ECF537873D270B15162620D24EF5EF,CEF2,,02/11/2026 21:00:23,02/20/2026 01:00:23,CN=Oswaldo Ferreira-Lund/OU=CHPSID/O=TACOM,,ENG-2026-00975,VMA-2010-000055,"Castellanos, Joshua",Complete,Routine,Purple Heart :: J. J. CASTELLANOS,J. J. CASTELLANOS,Script,Laser-1,Spelling verified against authorization record;Award matches line item,02/11/2026 21:00:23,02/15/2026 21:00:23,02/20/2026 01:00:23,CN=Oswaldo Ferreira-Lund/OU=CHPSID/O=TACOM,0,,[TACOM];[CSR];[Admin];[ReadOnlyAudit];LocalDomainServers,9
2C2922D972451DE60002858E02645F58,CEF6,,09/30/2014 13:14:56,10/09/2014 17:14:56,CN=Hector Amundsen/OU=CHPSID/O=TACOM,,ENG-2014-00971,VMA-2014-000080,"Cartlewood, Matthew",Complete,Routine,Silver Star :: M. E. CARTLEWOOD,M. E. CARTLEWOOD,Block,Laser-2,Spelling verified against authorization record;Award matches line item,09/30/2014 13:14:56,10/03/2014 13:14:56,10/09/2014 17:14:56,CN=Hector Amundsen/OU=CHPSID/O=TACOM,0,,[TACOM];[CSR];[Admin];[ReadOnlyAudit];LocalDomainServers,9
18FF9B598D3FCC42A88C2C4AE6560EE0,CEFA,,07/09/2010 19:19:11,07/20/2010 19:19:11,CN=Hector Amundsen/OU=CHPSID/O=TACOM,,ENG-2010-01205,VMA-2010-000084,"Nakashima, Timothy",Complete,Congressional,Army Commendation Medal :: T. J. NAKASHIMA;Bronze Star Medal :: T. J. NAKASHIMA;Air Medal :: T. J. NAKASHIMA;Purple Heart :: T. J. NAKASHIMA,T. J. NAKASHIMA,Roman,Laser-2,Spelling verified against authorization record;Award matches line item,07/09/2010 19:19:11,07/09/2010 19:19:11,07/20/2010 19:19:11,CN=Hector Amundsen/OU=CHPSID/O=TACOM,0,,[TACOM];[CSR];[Admin];[ReadOnlyAudit];LocalDomainServers,11
5D5FB1FD002E2FD77FA01E535C7446A5,CEFE,,12/02/2016 10:06:56,12/06/2016 10:06:56,CN=Hector Amundsen/OU=CHPSID/O=TACOM,,ENG-2016-00630,VMA-2016-000044,"Isherwood, David",Complete,Routine,Silver Star :: D. M. ISHERWOOD,D. M. ISHERWOOD,Block,Laser-2,Spelling verified against authorization record;Award matches line item,12/02/2016 10:06:56,12/06/2016 10:06:56,12/06/2016 10:06:56,CN=Hector Amundsen/OU=CHPSID/O=TACOM,0,,[TACOM];[CSR];[Admin];[ReadOnlyAudit];LocalDomainServers,4
920117AF3119A7417A46A11846A47547,CF02,,12/09/2007 21:52:52,12/21/2007 02:52:52,CN=Oswaldo Ferreira-Lund/OU=CHPSID/O=TACOM,,ENG-2007-01381,VMA-2007-000088,"Hinojosa, Daniel",Complete,Routine,Silver Star :: D. A. HINOJOSA,D. A. HINOJOSA,Block,Hand,Spelling verified against authorization record;Award matches line item,12/09/2007 21:52:52,12/09/2007 21:52:52,12/21/2007 02:52:52,CN=Oswaldo Ferreira-Lund/OU=CHPSID/O=TACOM,0,,[TACOM];[CSR];[Admin];[ReadOnlyAudit];LocalDomainServers,12
F43E3DE02BEB249052CF798647CE3585,CF06,,11/25/2025 18:52:24,12/05/2025 20:52:24,CN=Hector Amundsen/OU=CHPSID/O=TACOM,,ENG-2025-01171,VMA-2025-000127,"Rockwell-Sayre, Justin",Complete,Routine,Purple Heart :: J. F. ROCKWELL-SAYRE,J. F. ROCKWELL-SAYRE,Script,Laser-1,Spelling verified against authorization record;Award matches line item,11/25/2025 18:52:24,11/25/2025 18:52:24,12/05/2025 20:52:24,CN=Hector Amundsen/OU=CHPSID/O=TACOM,0,,[TACOM];[CSR];[Admin];[ReadOnlyAudit];LocalDomainServers,10
344664BC50BEC1C0C61A29A28DE34045,CF0A,,04/24/2026 10:08:46,05/01/2026 12:08:46,CN=Hector Amundsen/OU=CHPSID/O=TACOM,,ENG-2026-00484,VMA-2026-000202,"Palomares, Arthur",Complete,Routine,Silver Star :: A. F. PALOMARES,A. F. PALOMARES,Block,Rotary-A,Spelling verified against authorization record;Award matches line item,04/24/2026 10:08:46,04/28/2026 10:08:46,05/01/2026 12:08:46,CN=Hector Amundsen/OU=CHPSID/O=TACOM,1,Rework: name misspelled on first pass - verified against DD-214.,[TACOM];[CSR];[Admin];[ReadOnlyAudit];LocalDomainServers,7
01E8E18CD67A424CF3EE6A86461FBFF3,CF0E,,12/20/2015 14:47:40,12/25/2015 18:47:40,CN=Oswaldo Ferreira-Lund/OU=CHPSID/O=TACOM,,ENG-2015-00503,VMA-2015-000043,"Maldonado-Vega, Nicole",Complete,Routine,Air Medal :: N. H. MALDONADO-VEGA,N. H. MALDONADO-VEGA,Block,Laser-1,Spelling verified against authorization record;Award matches line item,12/20/2015 14:47:40,12/20/2015 14:47:40,12/25/2015 18:47:40,CN=Oswaldo Ferreira-Lund/OU=CHPSID/O=TACOM,0,,[TACOM];[CSR];[Admin];[ReadOnlyAudit];LocalDomainServers,5
5CBB2B40347780505AEEDA9357CEF82E,CF12,,08/30/2013 14:01:30,09/15/2013 18:01:30,CN=Oswaldo Ferreira-Lund/OU=CHPSID/O=TACOM,,ENG-2013-00680,VMA-2013-000044,"Lattimore, Jamal",Complete,Routine,Bronze Star Medal :: J. N. LATTIMORE;Purple Heart :: J. N. LATTIMORE;Air Medal :: J. N. LATTIMORE,J. N. LATTIMORE,Roman,Rotary-A,Spelling verified against authorization record;Award matches line item,08/30/2013 14:01:30,09/01/2013 14:01:30,09/15/2013 18:01:30,CN=Oswaldo Ferreira-Lund/OU=CHPSID/O=TACOM,0,,[TACOM];[CSR];[Admin];[ReadOnlyAudit];LocalDomainServers,16
0028F18812A6AC692C6757A246DCBB0F,CF16,,12/18/2019 11:39:59,12/24/2019 16:39:59,CN=Oswaldo Ferreira-Lund/OU=CHPSID/O=TACOM,,ENG-2019-00548,VMA-2019-000045,"Kirkbride, Karen",Complete,Congressional,Purple Heart :: K. W. KIRKBRIDE,K. W. KIRKBRIDE,Roman,Hand,Spelling verified against authorization record;Award matches line item,12/18/2019 11:39:59,12/19/2019 11:39:59,12/24/2019 16:39:59,CN=Oswaldo Ferreira-Lund/OU=CHPSID/O=TACOM,0,,[TACOM];[CSR];[Admin];[ReadOnlyAudit];LocalDomainServers,6
3520929C2B78ED165B64C37CF0180B73,CF1A,,03/01/2008 12:07:24,03/19/2008 13:07:24,CN=Hector Amundsen/OU=CHPSID/O=TACOM,,ENG-2008-00300,VMA-2008-000016,"Norquist, Walter",Complete,Routine,Silver Star :: W. R. NORQUIST;Distinguished Flying Cross :: W. R. NORQUIST,W. R. NORQUIST,Block,Hand,Spelling verified against authorization record;Award matches line item,03/01/2008 12:07:24,03/01/2008 12:07:24,03/19/2008 13:07:24,CN=Hector Amundsen/OU=CHPSID/O=TACOM,0,,[TACOM];[CSR];[Admin];[ReadOnlyAudit];LocalDomainServers,18
1E49EEF1F75C4E5A88EE25219DC64205,CF1E,,06/27/2025 18:14:46,07/10/2025 22:14:46,CN=Hector Amundsen/OU=CHPSID/O=TACOM,,ENG-2025-01453,VMA-2025-000160,"Galbreath, Angela",Complete,Routine,Army Commendation Medal :: A. GALBREATH,A. GALBREATH,Block,Hand,Spelling verified against authorization record;Award matches line item,06/27/2025 18:14:46,06/30/2025 18:14:46,07/10/2025 22:14:46,CN=Hector Amundsen/OU=CHPSID/O=TACOM,0,,[TACOM];[CSR];[Admin];[ReadOnlyAudit];LocalDomainServers,13
BC5431433EE76237EE79D8653A5C84C2,CF22,,10/21/2021 20:59:10,11/07/2021 20:59:10,CN=Hector Amundsen/OU=CHPSID/O=TACOM,,ENG-2021-00280,VMA-2021-000023,"Norquist, Jessica",Complete,Congressional,Silver Star :: J. P. NORQUIST,J. P. NORQUIST,Script,Rotary-A,Spelling verified against authorization record;Award matches line item,10/21/2021 20:59:10,10/25/2021 20:59:10,11/07/2021 20:59:10,CN=Hector Amundsen/OU=CHPSID/O=TACOM,0,,[TACOM];[CSR];[Admin];[ReadOnlyAudit];LocalDomainServers,17
419C2BD34F68D04A758B3CF51C704A69,CF26,,11/25/2009 14:07:18,11/29/2009 19:07:18,CN=Oswaldo Ferreira-Lund/OU=CHPSID/O=TACOM,,ENG-2009-00632,VMA-2009-000040,"Hollinbeck, Patricia",Complete,Routine,Purple Heart :: P. F. HOLLINBECK,P. F. HOLLINBECK,Roman,Rotary-A,Spelling verified against authorization record;Award matches line item,11/25/2009 14:07:18,11/27/2009 14:07:18,11/29/2009 19:07:18,CN=Oswaldo Ferreira-Lund/OU=CHPSID/O=TACOM,0,,[TACOM];[CSR];[Admin];[ReadOnlyAudit];LocalDomainServers,4
FFB1071F86E14A5E6970575F19B729DC,CF2A,,08/31/2008 14:40:55,09/04/2008 15:40:55,CN=Oswaldo Ferreira-Lund/OU=CHPSID/O=TACOM,,ENG-2008-01432,VMA-2008-000095,"Ostrowski, Stephanie",Complete,Routine,Distinguished Flying Cross :: S. M. OSTROWSKI,S. M. OSTROWSKI,Block,Rotary-A,Spelling verified against authorization record;Award matches line item,08/31/2008 14:40:55,09/04/2008 14:40:55,09/04/2008 15:40:55,CN=Oswaldo Ferreira-Lund/OU=CHPSID/O=TACOM,0,,[TACOM];[CSR];[Admin];[ReadOnlyAudit];LocalDomainServers,4
0940841C2E1D2E6D68C87A634D257CC2,CF2E,,09/17/2023 20:01:17,09/17/2023 20:01:17,CN=Lorraine Whitcombe/OU=CHPSID/O=TACOM,,ENG-2023-00144,VMA-2026-000050,"Coldwater, Dorothy",Cancelled,Congressional,Distinguished Flying Cross :: D. B. COLDWATER,D. B. COLDWATER,Block,,,09/17/2023 20:01:17,,,,0,,[TACOM];[CSR];[Admin];[ReadOnlyAudit];LocalDomainServers,0
C3295C84E51DEF88DEF7E2922BFAF48E,CF32,,08/15/2005 15:48:36,08/18/2005 19:48:36,CN=Oswaldo Ferreira-Lund/OU=CHPSID/O=TACOM,,ENG-2005-00145,VMA-2005-000016,"Prendergast, Hector",Complete,Routine,Army Commendation Medal :: H. K. PRENDERGAST,H. K. PRENDERGAST,Script,Rotary-A,Spelling verified against authorization record;Award matches line item,08/15/2005 15:48:36,08/19/2005 15:48:36,08/18/2005 19:48:36,CN=Oswaldo Ferreira-Lund/OU=CHPSID/O=TACOM,0,,[TACOM];[CSR];[Admin];[ReadOnlyAudit];LocalDomainServers,3
E6DF3DD89871278686DF09631B0CC662,CF36,,05/22/2024 13:27:41,06/03/2024 14:27:41,CN=Hector Amundsen/OU=CHPSID/O=TACOM,,ENG-2024-01415,VMA-2024-000116,"Benavidez, Jose",Complete,Routine,Army Commendation Medal :: J. BENAVIDEZ,J. BENAVIDEZ,Roman,Rotary-A,Spelling verified against authorization record;Award matches line item,05/22/2024 13:27:41,05/23/2024 13:27:41,06/03/2024 14:27:41,CN=Hector Amundsen/OU=CHPSID/O=TACOM,0,,[TACOM];[CSR];[Admin];[ReadOnlyAudit];LocalDomainServers,12
187B8460AE93EE456772B9AD37633325,CF3A,,08/21/2012 12:35:49,09/01/2012 16:35:49,CN=Oswaldo Ferreira-Lund/OU=CHPSID/O=TACOM,,ENG-2012-00212,VMA-2012-000022,"Sallisaw, Ryan",Complete,Routine,Army Commendation Medal :: R. L. SALLISAW,R. L. SALLISAW,Block,Hand,Spelling verified against authorization record;Award matches line item,08/21/2012 12:35:49,08/22/2012 12:35:49,09/01/2012 16:35:49,CN=Oswaldo Ferreira-Lund/OU=CHPSID/O=TACOM,0,,[TACOM];[CSR];[Admin];[ReadOnlyAudit];LocalDomainServers,11
40A907DED4B7AF31C29EF7583B242C43,CF3E,,05/21/2024 18:24:18,05/24/2024 19:24:18,CN=Hector Amundsen/OU=CHPSID/O=TACOM,,ENG-2024-01420,VMA-2024-000117,"Ledesma, Michael",Complete,Routine,Distinguished Flying Cross :: M. R. LEDESMA,M. R. LEDESMA,Script,Laser-2,Spelling verified against authorization record;Award matches line item,05/21/2024 18:24:18,05/25/2024 18:24:18,05/24/2024 19:24:18,CN=Hector Amundsen/OU=CHPSID/O=TACOM,0,,[TACOM];[CSR];[Admin];[ReadOnlyAudit];LocalDomainServers,3
890CEAEA3DAF0CC2ED8330375964B4BE,CF42,,03/31/2018 15:00:30,03/31/2018 15:00:30,CN=Marlene Okafor/OU=CHPSID/O=TACOM,,ENG-2018-00043,VMA-2018-000004,"Hollinbeck, Charles",Cancelled,Expedite,Purple Heart :: C. HOLLINBECK;Army Commendation Medal :: C. HOLLINBECK,C. HOLLINBECK,Block,,,03/31/2018 15:00:30,,,,0,,[TACOM];[CSR];[Admin];[ReadOnlyAudit];LocalDomainServers,0
17956B3AE8B0D09B7A655385D8FEBBA2,CF46,,04/12/2026 16:11:07,04/27/2026 19:11:07,CN=Oswaldo Ferreira-Lund/OU=CHPSID/O=TACOM,,ENG-2026-00883,VMA-2026-000392,"REDFEARN, Donald",Complete,Routine,Army Commendation Medal :: D. C. REDFEARN,D. C. REDFEARN,Block,Hand,Spelling verified against authorization record;Award matches line item,04/12/2026 16:11:07,04/15/2026 16:11:07,04/27/2026 19:11:07,CN=Oswaldo Ferreira-Lund/OU=CHPSID/O=TACOM,0,,[TACOM];[CSR];[Admin];[ReadOnlyAudit];LocalDomainServers,15
E5DD13B041DFD9F7851B5E16DCED781F,CF4A,,11/21/2013 11:02:13,11/24/2013 12:02:13,CN=Oswaldo Ferreira-Lund/OU=CHPSID/O=TACOM,,ENG-2013-01318,VMA-2013-000087,"Isherwood, Jeffrey",Complete,Congressional,Bronze Star Medal :: J. K. ISHERWOOD,J. K. ISHERWOOD,Block,Hand,Spelling verified against authorization record;Award matches line item,11/21/2013 11:02:13,11/23/2013 11:02:13,11/24/2013 12:02:13,CN=Oswaldo Ferreira-Lund/OU=CHPSID/O=TACOM,0,,[TACOM];[CSR];[Admin];[ReadOnlyAudit];LocalDomainServers,3
04C45361CB7330C1ACE330DF6C45CED4,CF4E,,09/01/2022 11:29:29,09/07/2022 14:29:29,CN=Hector Amundsen/OU=CHPSID/O=TACOM,,ENG-2022-01145,VMA-2022-000079,"Hinojosa, Timothy",Complete,Routine,Air Medal :: T. P. HINOJOSA,T. P. HINOJOSA,Script,Laser-1,Spelling verified against authorization record;Award matches line item,09/01/2022 11:29:29,09/02/2022 11:29:29,09/07/2022 14:29:29,CN=Hector Amundsen/OU=CHPSID/O=TACOM,0,,[TACOM];[CSR];[Admin];[ReadOnlyAudit];LocalDomainServers,6
2A5C2CB6336C74C570FB40A350B179C0,CF52,,03/09/2017 12:06:22,03/25/2017 14:06:22,CN=Hector Amundsen/OU=CHPSID/O=TACOM,,ENG-2017-00374,VMA-2017-000031,"Dellacroix Jr., Arthur",Complete,Routine,Silver Star :: A. T. DELLACROIX JR.,A. T. DELLACROIX JR.,Block,Hand,Spelling verified against authorization record;Award matches line item,03/09/2017 12:06:22,03/13/2017 12:06:22,03/25/2017 14:06:22,CN=Hector Amundsen/OU=CHPSID/O=TACOM,0,,[TACOM];[CSR];[Admin];[ReadOnlyAudit];LocalDomainServers,16
9AA70C2253E9E861BF40EEA6D6F6F073,CF56,,07/22/2022 14:06:42,08/03/2022 18:06:42,CN=Hector Amundsen/OU=CHPSID/O=TACOM,,ENG-2022-01258,VMA-2022-000084,"Izquierdo, Nicole",Complete,Congressional,Bronze Star Medal :: N. B. IZQUIERDO,N. B. IZQUIERDO,Roman,Hand,Spelling verified against authorization record;Award matches line item,07/22/2022 14:06:42,07/24/2022 14:06:42,08/03/2022 18:06:42,CN=Hector Amundsen/OU=CHPSID/O=TACOM,0,,[TACOM];[CSR];[Admin];[ReadOnlyAudit];LocalDomainServers,12
A8A6CCA401816C002751CF83D3739D49,CF5A,,08/31/2018 14:34:25,09/10/2018 14:34:25,CN=Hector Amundsen/OU=CHPSID/O=TACOM,,ENG-2018-00051,VMA-2018-000005,"Yeardley, Raymond",Complete,Routine,Army Commendation Medal :: R. YEARDLEY,R. YEARDLEY,Block,Laser-1,Spelling verified against authorization record;Award matches line item,08/31/2018 14:34:25,09/01/2018 14:34:25,09/10/2018 14:34:25,CN=Hector Amundsen/OU=CHPSID/O=TACOM,0,,[TACOM];[CSR];[Admin];[ReadOnlyAudit];LocalDomainServers,10
841107358D8129CD2A3B6F53FCF9F64B,CF5E,,06/12/2026 16:59:41,06/15/2026 18:59:41,CN=Oswaldo Ferreira-Lund/OU=CHPSID/O=TACOM,,ENG-2026-00921,VMA-2026-000409,"Lindquarry, Brandon",Complete,Routine,Purple Heart :: B. B. LINDQUARRY,B. B. LINDQUARRY,Block,Hand,Spelling verified against authorization record;Award matches line item,06/12/2026 16:59:41,06/16/2026 16:59:41,06/15/2026 18:59:41,CN=Oswaldo Ferreira-Lund/OU=CHPSID/O=TACOM,0,,[TACOM];[CSR];[Admin];[ReadOnlyAudit];LocalDomainServers,3
1275F4BB0379C561E65D08D9DC1EB27E,CF62,,03/30/2019 09:16:27,04/04/2019 09:16:27,CN=Oswaldo Ferreira-Lund/OU=CHPSID/O=TACOM,,ENG-2019-01241,VMA-2019-000101,"Isherwood, Hector",Complete,Routine,Silver Star :: H. T. ISHERWOOD,H. T. ISHERWOOD,Block,Laser-2,Spelling verified against authorization record;Award matches line item,03/30/2019 09:16:27,04/03/2019 09:16:27,04/04/2019 09:16:27,CN=Oswaldo Ferreira-Lund/OU=CHPSID/O=TACOM,0,,[TACOM];[CSR];[Admin];[ReadOnlyAudit];LocalDomainServers,5
8793FEC6E6294782536C5BDE18C940FF,CF66,,03/20/2006 17:28:07,03/30/2006 17:28:07,CN=Oswaldo Ferreira-Lund/OU=CHPSID/O=TACOM,,ENG-2006-00970,VMA-2006-000074,"Izquierdo, Marcus",Complete,Routine,Purple Heart :: M. IZQUIERDO;Bronze Star Medal :: M. IZQUIERDO,M. IZQUIERDO,Roman,Rotary-A,Spelling verified against authorization record;Award matches line item,03/20/2006 17:28:07,03/20/2006 17:28:07,03/30/2006 17:28:07,CN=Oswaldo Ferreira-Lund/OU=CHPSID/O=TACOM,0,,[TACOM];[CSR];[Admin];[ReadOnlyAudit];LocalDomainServers,10
373AB8C1EBA089A055BACEDE59A6DEF3,CF6A,,06/02/2011 10:43:27,06/18/2011 15:43:27,CN=Oswaldo Ferreira-Lund/OU=CHPSID/O=TACOM,,ENG-2011-01335,VMA-2011-000110,"Ellsworthy Jr., Marcus",Complete,Congressional,Distinguished Flying Cross :: M. D. ELLSWORTHY JR.,M. D. ELLSWORTHY JR.,Block,Laser-1,Spelling verified against authorization record;Award matches line item,06/02/2011 10:43:27,06/06/2011 10:43:27,06/18/2011 15:43:27,CN=Oswaldo Ferreira-Lund/OU=CHPSID/O=TACOM,0,,[TACOM];[CSR];[Admin];[ReadOnlyAudit];LocalDomainServers,16
9EAF01987E73FD4B8BC14E7DECFBF923,CF6E,,10/21/2008 12:14:59,10/24/2008 12:14:59,CN=Hector Amundsen/OU=CHPSID/O=TACOM,,ENG-2008-01110,VMA-2008-000076,"Nakashima, William",Complete,Expedite,Bronze Star Medal :: W. H. NAKASHIMA,W. H. NAKASHIMA,Roman,Rotary-A,Spelling verified against authorization record;Award matches line item,10/21/2008 12:14:59,10/21/2008 12:14:59,10/24/2008 12:14:59,CN=Hector Amundsen/OU=CHPSID/O=TACOM,0,,[TACOM];[CSR];[Admin];[ReadOnlyAudit];LocalDomainServers,3
A4D7BDB03976FFF293A7966792881695,CF72,,07/27/2014 22:22:50,08/14/2014 03:22:50,CN=Hector Amundsen/OU=CHPSID/O=TACOM,,ENG-2014-00909,VMA-2014-000073,"Umberlake, Betty",Complete,Routine,Silver Star :: B. N. UMBERLAKE;Air Medal :: B. N. UMBERLAKE,B. N. UMBERLAKE,Roman,Rotary-A,Spelling verified against authorization record;Award matches line item,07/27/2014 22:22:50,07/27/2014 22:22:50,08/14/2014 03:22:50,CN=Hector Amundsen/OU=CHPSID/O=TACOM,0,,[TACOM];[CSR];[Admin];[ReadOnlyAudit];LocalDomainServers,18
8D9F174C72D97A032F55685B3EE89AEA,CF76,,09/21/2016 17:40:00,10/06/2016 19:40:00,CN=Oswaldo Ferreira-Lund/OU=CHPSID/O=TACOM,,ENG-2016-01077,VMA-2016-000068,"Nakashima, Andre",Complete,Routine,Bronze Star Medal :: A. P. NAKASHIMA;Army Commendation Medal :: A. P. NAKASHIMA,A. P. NAKASHIMA,Block,Rotary-A,Spelling verified against authorization record;Award matches line item,09/21/2016 17:40:00,09/21/2016 17:40:00,10/06/2016 19:40:00,CN=Oswaldo Ferreira-Lund/OU=CHPSID/O=TACOM,0,,[TACOM];[CSR];[Admin];[ReadOnlyAudit];LocalDomainServers,15
60F899F4369217A9DBECE6EB54C00B22,CF7A,,04/01/2026 17:14:12,04/06/2026 18:14:12,CN=Hector Amundsen/OU=CHPSID/O=TACOM,,ENG-2026-00748,VMA-2026-000314,"Ashcroft-Mayne, Timothy",Complete,Routine,Army Commendation Medal :: T. D. ASHCROFT-MAYNE,T. D. ASHCROFT-MAYNE,Block,Laser-2,Spelling verified against authorization record;Award matches line item,04/01/2026 17:14:12,04/04/2026 17:14:12,04/06/2026 18:14:12,CN=Hector Amundsen/OU=CHPSID/O=TACOM,0,,[TACOM];[CSR];[Admin];[ReadOnlyAudit];LocalDomainServers,5
05D4B2682B2CD8CADE98167DB21C064A,CF7E,,10/01/2021 13:20:54,10/11/2021 18:20:54,CN=Hector Amundsen/OU=CHPSID/O=TACOM,,ENG-2021-01210,VMA-2021-000100,"Castellanos, Arthur",Complete,Routine,Army Commendation Medal :: A. G. CASTELLANOS,A. G. CASTELLANOS,Block,Laser-1,Spelling verified against authorization record;Award matches line item,10/01/2021 13:20:54,10/03/2021 13:20:54,10/11/2021 18:20:54,CN=Hector Amundsen/OU=CHPSID/O=TACOM,0,,[TACOM];[CSR];[Admin];[ReadOnlyAudit];LocalDomainServers,10
CA84100E7EBA8BDD24E0BE8178677FFE,CF82,,03/17/2004 19:24:16,03/24/2004 00:24:16,CN=Oswaldo Ferreira-Lund/OU=CHPSID/O=TACOM,,ENG-2004-00821,VMA-2004-000050,"Jankowitz, Howard",Complete,Routine,Army Commendation Medal :: H. N. JANKOWITZ,H. N. JANKOWITZ,Script,Rotary-A,Spelling verified against authorization record;Award matches line item,03/17/2004 19:24:16,03/17/2004 19:24:16,03/24/2004 00:24:16,CN=Oswaldo Ferreira-Lund/OU=CHPSID/O=TACOM,0,,[TACOM];[CSR];[Admin];[ReadOnlyAudit];LocalDomainServers,7
BBDE7A0ACB596FA61CEE4AD1D9951523,CF86,,03/26/2009 15:40:26,04/01/2009 18:40:26,CN=Hector Amundsen/OU=CHPSID/O=TACOM,,ENG-2009-01003,VMA-2009-000076,"Zellinger, Mark",Complete,Routine,Bronze Star Medal :: M. K. ZELLINGER,M. K. ZELLINGER,Block,Rotary-A,Spelling verified against authorization record;Award matches line item,03/26/2009 15:40:26,03/26/2009 15:40:26,04/01/2009 18:40:26,CN=Hector Amundsen/OU=CHPSID/O=TACOM,0,,[TACOM];[CSR];[Admin];[ReadOnlyAudit];LocalDomainServers,6
915C60AD224EDAD0868E206CAE8E4975,CF8A,,09/14/2010 14:18:51,09/20/2010 19:18:51,CN=Oswaldo Ferreira-Lund/OU=CHPSID/O=TACOM,,ENG-2010-00062,VMA-2010-000007,"Abernook, Kevin",Complete,Routine,Army Commendation Medal :: K. ABERNOOK,K. ABERNOOK,Block,Laser-2,Spelling verified against authorization record;Award matches line item,09/14/2010 14:18:51,09/15/2010 14:18:51,09/20/2010 19:18:51,CN=Oswaldo Ferreira-Lund/OU=CHPSID/O=TACOM,0,,[TACOM];[CSR];[Admin];[ReadOnlyAudit];LocalDomainServers,6
9836056927BB61CF9DEBE3774388059C,CF8E,,09/05/2025 17:56:09,09/13/2025 20:56:09,CN=Oswaldo Ferreira-Lund/OU=CHPSID/O=TACOM,,ENG-2025-00723,VMA-2025-000077,"Yellowley, Ruth",Complete,Routine,Army Commendation Medal :: R. J. YELLOWLEY,R. J. YELLOWLEY,Roman,Rotary-A,Spelling verified against authorization record;Award matches line item,09/05/2025 17:56:09,09/07/2025 17:56:09,09/13/2025 20:56:09,CN=Oswaldo Ferreira-Lund/OU=CHPSID/O=TACOM,0,,[TACOM];[CSR];[Admin];[ReadOnlyAudit];LocalDomainServers,8
AA72F81B3453D30C697C7B721D28E610,CF92,,10/05/2021 15:28:49,10/14/2021 20:28:49,CN=Oswaldo Ferreira-Lund/OU=CHPSID/O=TACOM,,ENG-2021-01388,VMA-2021-000119,"Galbreath, Terrence",Complete,Congressional,Silver Star :: T. S. GALBREATH,T. S. GALBREATH,Block,Hand,Spelling verified against authorization record;Award matches line item,10/05/2021 15:28:49,10/08/2021 15:28:49,10/14/2021 20:28:49,CN=Oswaldo Ferreira-Lund/OU=CHPSID/O=TACOM,0,,[TACOM];[CSR];[Admin];[ReadOnlyAudit];LocalDomainServers,9
A473F6D5C16030AAF5EB00BEC1E3616E,CF96,,08/28/2019 16:03:22,09/14/2019 18:03:22,CN=Oswaldo Ferreira-Lund/OU=CHPSID/O=TACOM,,ENG-2019-01352,VMA-2019-000107,"Kellerhaus, Ryan",Complete,Routine,Distinguished Flying Cross :: R. M. KELLERHAUS;Silver Star :: R. M. KELLERHAUS,R. M. KELLERHAUS,Script,Hand,Spelling verified against authorization record;Award matches line item,08/28/2019 16:03:22,08/29/2019 16:03:22,09/14/2019 18:03:22,CN=Oswaldo Ferreira-Lund/OU=CHPSID/O=TACOM,0,,[TACOM];[CSR];[Admin];[ReadOnlyAudit];LocalDomainServers,17
B13EE555752DA00ED1C34BAB664BDE97,CF9A,,07/13/2017 13:52:52,07/26/2017 13:52:52,CN=Oswaldo Ferreira-Lund/OU=CHPSID/O=TACOM,,ENG-2017-00786,VMA-2017-000063,"Palomares, Sarah",Complete,Routine,Army Commendation Medal :: S. PALOMARES,S. PALOMARES,Block,Laser-2,Spelling verified against authorization record;Award matches line item,07/13/2017 13:52:52,07/13/2017 13:52:52,07/26/2017 13:52:52,CN=Oswaldo Ferreira-Lund/OU=CHPSID/O=TACOM,0,,[TACOM];[CSR];[Admin];[ReadOnlyAudit];LocalDomainServers,13
7E85EC68945254BAE1E2BE31A073D879,CF9E,,10/26/2018 16:11:11,11/01/2018 21:11:11,CN=Hector Amundsen/OU=CHPSID/O=TACOM,,ENG-2018-00074,VMA-2018-000009,"Trevino, Andrew",Complete,Routine,Army Commendation Medal :: A. TREVINO;Purple Heart :: A. TREVINO,A. TREVINO,Roman,Hand,Spelling verified against authorization record;Award matches line item,10/26/2018 16:11:11,10/30/2018 16:11:11,11/01/2018 21:11:11,CN=Hector Amundsen/OU=CHPSID/O=TACOM,0,,[TACOM];[CSR];[Admin];[ReadOnlyAudit];LocalDomainServers,6
3846F67FEA53113CD91FFF7425ECF7D6,CFA2,,11/16/2024 17:09:03,11/19/2024 20:09:03,CN=Hector Amundsen/OU=CHPSID/O=TACOM,,ENG-2024-01023,VMA-2024-000083,"Kellerhaus, Ralph",Complete,Routine,Army Commendation Medal :: R. M. KELLERHAUS,R. M. KELLERHAUS,Roman,Laser-1,Spelling verified against authorization record;Award matches line item,11/16/2024 17:09:03,11/19/2024 17:09:03,11/19/2024 20:09:03,CN=Hector Amundsen/OU=CHPSID/O=TACOM,0,,[TACOM];[CSR];[Admin];[ReadOnlyAudit];LocalDomainServers,3
CF0225512153B86204D411F15CC6391D,CFA6,,06/12/2025 17:07:33,06/20/2025 22:07:33,CN=Oswaldo Ferreira-Lund/OU=CHPSID/O=TACOM,,ENG-2025-01194,VMA-2025-000130,"Villanueva-Cox, Steven",Complete,Routine,Purple Heart :: S. M. VILLANUEVA-COX,S. M. VILLANUEVA-COX,Block,Laser-2,Spelling verified against authorization record;Award matches line item,06/12/2025 17:07:33,06/15/2025 17:07:33,06/20/2025 22:07:33,CN=Oswaldo Ferreira-Lund/OU=CHPSID/O=TACOM,0,,[TACOM];[CSR];[Admin];[ReadOnlyAudit];LocalDomainServers,8
7C3D648AF8A2CE7A04960F6E97014362,CFAA,,04/26/2018 16:53:48,05/07/2018 17:53:48,CN=Hector Amundsen/OU=CHPSID/O=TACOM,,ENG-2018-00167,VMA-2018-000016,"Nakashima, Ralph",Complete,Routine,Bronze Star Medal :: R. K. NAKASHIMA,R. K. NAKASHIMA,Block,Rotary-A,Spelling verified against authorization record;Award matches line item,04/26/2018 16:53:48,04/27/2018 16:53:48,05/07/2018 17:53:48,CN=Hector Amundsen/OU=CHPSID/O=TACOM,0,,[TACOM];[CSR];[Admin];[ReadOnlyAudit];LocalDomainServers,11
7233B6F23E19E5BF0AF7918A2EE38759,CFAE,,02/11/2026 20:00:42,02/25/2026 00:00:42,CN=Oswaldo Ferreira-Lund/OU=CHPSID/O=TACOM,,ENG-2026-01242,VMA-2026-000539,"Xanthopoulos, Joshua",Complete,Routine,Bronze Star Medal :: J. K. XANTHOPOULOS,J. K. XANTHOPOULOS,Roman,Laser-2,Spelling verified against authorization record;Award matches line item,02/11/2026 20:00:42,02/11/2026 20:00:42,02/25/2026 00:00:42,CN=Oswaldo Ferreira-Lund/OU=CHPSID/O=TACOM,0,,[TACOM];[CSR];[Admin];[ReadOnlyAudit];LocalDomainServers,14
90A5301C03CADA1471D2FA4AD26650C3,CFB2,,02/10/2006 15:15:36,02/24/2006 18:15:36,CN=Oswaldo Ferreira-Lund/OU=CHPSID/O=TACOM,,ENG-2006-00519,VMA-2006-000039,"Isherwood, Angela",Complete,Congressional,Bronze Star Medal :: A. A. ISHERWOOD;Purple Heart :: A. A. ISHERWOOD,A. A. ISHERWOOD,Block,Hand,Spelling verified against authorization record;Award matches line item,02/10/2006 15:15:36,02/10/2006 15:15:36,02/24/2006 18:15:36,CN=Oswaldo Ferreira-Lund/OU=CHPSID/O=TACOM,0,,[TACOM];[CSR];[Admin];[ReadOnlyAudit];LocalDomainServers,14
45CB9C788347C178697B1A6AF873C801,CFB6,,04/05/2015 14:37:51,04/05/2015 14:37:51,CN=Marlene Okafor/OU=CHPSID/O=TACOM,,ENG-2015-01099,VMA-2015-000086,"Norquist, Ryan",Cancelled,Routine,Silver Star :: R. NORQUIST,R. NORQUIST,Block,,,04/05/2015 14:37:51,,,,0,,[TACOM];[CSR];[Admin];[ReadOnlyAudit];LocalDomainServers,0
971DF9DA09299A941F818BD7AC08C488,CFBA,,12/02/2009 18:48:47,12/05/2009 21:48:47,CN=Oswaldo Ferreira-Lund/OU=CHPSID/O=TACOM,,ENG-2009-01148,VMA-2009-000083,"Fortenbury, Eugene",Complete,Congressional,Army Commendation Medal :: E. FORTENBURY;Purple Heart :: E. FORTENBURY;Bronze Star Medal :: E. FORTENBURY;Silver Star :: E. FORTENBURY,E. FORTENBURY,Block,Rotary-A,Spelling verified against authorization record;Award matches line item,12/02/2009 18:48:47,12/04/2009 18:48:47,12/05/2009 21:48:47,CN=Oswaldo Ferreira-Lund/OU=CHPSID/O=TACOM,1,Rework: name misspelled on first pass - verified against DD-214.,[TACOM];[CSR];[Admin];[ReadOnlyAudit];LocalDomainServers,3
DCC5B7E86467BEAE21844BFE4DE8928E,CFBE,,05/02/2017 15:41:00,05/10/2017 16:41:00,CN=Hector Amundsen/OU=CHPSID/O=TACOM,,ENG-2017-00112,VMA-2017-000011,"Ahlquist, Ralph",Complete,Routine,Army Commendation Medal :: R. A. AHLQUIST,R. A. AHLQUIST,Roman,Hand,Spelling verified against authorization record;Award matches line item,05/02/2017 15:41:00,05/04/2017 15:41:00,05/10/2017 16:41:00,CN=Hector Amundsen/OU=CHPSID/O=TACOM,0,,[TACOM];[CSR];[Admin];[ReadOnlyAudit];LocalDomainServers,8
C495348BB51BA48C177C1B57B62971DF,CFC2,,10/29/2015 16:24:59,11/07/2015 21:24:59,CN=Hector Amundsen/OU=CHPSID/O=TACOM,,ENG-2015-00567,VMA-2015-000048,"Montgomerie, Harold",Complete,Congressional,Army Commendation Medal :: H. S. MONTGOMERIE,H. S. MONTGOMERIE,Block,Hand,Spelling verified against authorization record;Award matches line item,10/29/2015 16:24:59,10/30/2015 16:24:59,11/07/2015 21:24:59,CN=Hector Amundsen/OU=CHPSID/O=TACOM,0,,[TACOM];[CSR];[Admin];[ReadOnlyAudit];LocalDomainServers,9
42387983C5F31E772C00C00054E66881,CFC6,,04/19/2026 12:44:22,05/05/2026 16:44:22,CN=Hector Amundsen/OU=CHPSID/O=TACOM,,ENG-2026-01300,VMA-2026-000559,"Figueroa, Linda",Complete,Congressional,Air Medal :: L. N. FIGUEROA,L. N. FIGUEROA,Block,Laser-2,Spelling verified against authorization record;Award matches line item,04/19/2026 12:44:22,04/19/2026 12:44:22,05/05/2026 16:44:22,CN=Hector Amundsen/OU=CHPSID/O=TACOM,0,,[TACOM];[CSR];[Admin];[ReadOnlyAudit];LocalDomainServers,16
A58578EE1C8AFB6925F25E15CE766D21,CFCA,,04/27/2019 13:54:25,05/08/2019 16:54:25,CN=Oswaldo Ferreira-Lund/OU=CHPSID/O=TACOM,,ENG-2019-01351,VMA-2019-000106,"Sallisaw, Brian",Complete,Routine,Army Commendation Medal :: B. F. SALLISAW,B. F. SALLISAW,Block,Hand,Spelling verified against authorization record;Award matches line item,04/27/2019 13:54:25,05/01/2019 13:54:25,05/08/2019 16:54:25,CN=Oswaldo Ferreira-Lund/OU=CHPSID/O=TACOM,0,,[TACOM];[CSR];[Admin];[ReadOnlyAudit];LocalDomainServers,11
A0DC4C369E24EE450CDE61135928E5B7,CFCE,,04/11/2020 15:25:10,04/11/2020 15:25:10,CN=Renata Vasquez-Holm/OU=CHPSID/O=TACOM,,ENG-2020-01418,VMA-2020-000102,"Pemberley, Lisa",Cancelled,Routine,Purple Heart :: L. PEMBERLEY;Silver Star :: L. PEMBERLEY,L. PEMBERLEY,Roman,,,04/11/2020 15:25:10,,,,0,,[TACOM];[CSR];[Admin];[ReadOnlyAudit];LocalDomainServers,0
D0264E8912A02A84811E292B3ECF72A6,CFD2,,02/12/2007 11:22:30,02/19/2007 14:22:30,CN=Oswaldo Ferreira-Lund/OU=CHPSID/O=TACOM,,ENG-2007-01319,VMA-2007-000084,"Barrowclough, Joshua",Complete,Routine,Bronze Star Medal :: J. G. BARROWCLOUGH;Purple Heart :: J. G. BARROWCLOUGH,J. G. BARROWCLOUGH,Block,Rotary-A,Spelling verified against authorization record;Award matches line item,02/12/2007 11:22:30,02/15/2007 11:22:30,02/19/2007 14:22:30,CN=Oswaldo Ferreira-Lund/OU=CHPSID/O=TACOM,0,,[TACOM];[CSR];[Admin];[ReadOnlyAudit];LocalDomainServers,7
85CAD5376FB1C39F60D7D00D8E1DF389,CFD6,,02/06/2014 12:37:22,02/20/2014 17:37:22,CN=Oswaldo Ferreira-Lund/OU=CHPSID/O=TACOM,,ENG-2014-00705,VMA-2022-000040,"Vandermolen, Jeffrey",Complete,Routine,Bronze Star Medal :: J. N. VANDERMOLEN,J. N. VANDERMOLEN,Block,Laser-2,Spelling verified against authorization record;Award matches line item,02/06/2014 12:37:22,02/09/2014 12:37:22,02/20/2014 17:37:22,CN=Oswaldo Ferreira-Lund/OU=CHPSID/O=TACOM,0,,[TACOM];[CSR];[Admin];[ReadOnlyAudit];LocalDomainServers,14
CD2C4652460F4701A5D7D398A1908F69,CFDA,,02/22/2026 17:24:08,03/06/2026 20:24:08,CN=Oswaldo Ferreira-Lund/OU=CHPSID/O=TACOM,,ENG-2026-00206,VMA-2026-000076,"Figueroa, William",Complete,Routine,Purple Heart :: W. K. FIGUEROA,W. K. FIGUEROA,Block,Laser-1,Spelling verified against authorization record;Award matches line item,02/22/2026 17:24:08,02/25/2026 17:24:08,03/06/2026 20:24:08,CN=Oswaldo Ferreira-Lund/OU=CHPSID/O=TACOM,0,,[TACOM];[CSR];[Admin];[ReadOnlyAudit];LocalDomainServers,12
C11218C63C9A8D37CE0DBA6E0FC50DB3,CFDE,,08/04/2017 08:28:59,08/08/2017 10:28:59,CN=Hector Amundsen/OU=CHPSID/O=TACOM,,ENG-2017-00910,VMA-2017-000074,"Rockwell, Rafael",Complete,Routine,Army Commendation Medal :: R. L. ROCKWELL;Air Medal :: R. L. ROCKWELL,R. L. ROCKWELL,Block,Hand,Spelling verified against authorization record;Award matches line item,08/04/2017 08:28:59,08/05/2017 08:28:59,08/08/2017 10:28:59,CN=Hector Amundsen/OU=CHPSID/O=TACOM,0,,[TACOM];[CSR];[Admin];[ReadOnlyAudit];LocalDomainServers,4
4F73A4F62185EDAADE00156E9C706B18,CFE2,,07/30/2025 15:00:51,08/10/2025 18:00:51,CN=Oswaldo Ferreira-Lund/OU=CHPSID/O=TACOM,,ENG-2025-00724,VMA-2025-000078,"Rockwell, Frances",Complete,Routine,Bronze Star Medal :: F. K. ROCKWELL;Silver Star :: F. K. ROCKWELL;Purple Heart :: F. K. ROCKWELL,F. K. ROCKWELL,Script,Rotary-A,Spelling verified against authorization record;Award matches line item,07/30/2025 15:00:51,07/30/2025 15:00:51,08/10/2025 18:00:51,CN=Oswaldo Ferreira-Lund/OU=CHPSID/O=TACOM,0,,[TACOM];[CSR];[Admin];[ReadOnlyAudit];LocalDomainServers,11
62E9AAAA5955B0B01BEF8B0124AC2F77,CFE6,,08/12/2022 11:46:51,08/30/2022 11:46:51,CN=Hector Amundsen/OU=CHPSID/O=TACOM,,ENG-2022-00539,VMA-2022-000040,"Dunmore-Vey, Charles",Complete,Routine,Air Medal :: C. P. DUNMORE-VEY,C. P. DUNMORE-VEY,Script,Laser-2,Spelling verified against authorization record;Award matches line item,08/12/2022 11:46:51,08/16/2022 11:46:51,08/30/2022 11:46:51,CN=Hector Amundsen/OU=CHPSID/O=TACOM,0,,[TACOM];[CSR];[Admin];[ReadOnlyAudit];LocalDomainServers,18
64B1A6DB786CF199C9D74D5764E9ED9F,CFEA,,12/14/2010 15:34:08,12/18/2010 17:34:08,CN=Oswaldo Ferreira-Lund/OU=CHPSID/O=TACOM,,ENG-2010-00098,VMA-2010-000010,"Mackelvane, Terrence",Complete,Routine,Purple Heart :: T. A. MACKELVANE,T. A. MACKELVANE,Script,Laser-2,Spelling verified against authorization record;Award matches line item,12/14/2010 15:34:08,12/16/2010 15:34:08,12/18/2010 17:34:08,CN=Oswaldo Ferreira-Lund/OU=CHPSID/O=TACOM,0,,[TACOM];[CSR];[Admin];[ReadOnlyAudit];LocalDomainServers,4
FE204DA087B724275ACFB79D1F57747D,CFEE,,06/21/2005 15:55:35,07/04/2005 17:55:35,CN=Oswaldo Ferreira-Lund/OU=CHPSID/O=TACOM,,ENG-2005-00365,VMA-2005-000042,"Nethercott, Robert",Complete,Routine,Purple Heart :: R. B. NETHERCOTT;Silver Star :: R. B. NETHERCOTT,R. B. NETHERCOTT,Block,Laser-1,Spelling verified against authorization record;Award matches line item,06/21/2005 15:55:35,06/25/2005 15:55:35,07/04/2005 17:55:35,CN=Oswaldo Ferreira-Lund/OU=CHPSID/O=TACOM,0,,[TACOM];[CSR];[Admin];[ReadOnlyAudit];LocalDomainServers,13
6C6813C17117ECDBC7C81CF4FDD477F7,CFF2,,05/12/2014 10:04:23,05/18/2014 14:04:23,CN=Hector Amundsen/OU=CHPSID/O=TACOM,,ENG-2014-01065,VMA-2014-000091,"Wexcombe, Ryan",Complete,Routine,Purple Heart :: R. WEXCOMBE,R. WEXCOMBE,Block,Laser-2,Spelling verified against authorization record;Award matches line item,05/12/2014 10:04:23,05/15/2014 10:04:23,05/18/2014 14:04:23,CN=Hector Amundsen/OU=CHPSID/O=TACOM,0,,[TACOM];[CSR];[Admin];[ReadOnlyAudit];LocalDomainServers,6
018CCDA077D497A2780F8B9A2E454F28,CFF6,,04/08/2018 17:49:01,04/18/2018 19:49:01,CN=Oswaldo Ferreira-Lund/OU=CHPSID/O=TACOM,,ENG-2018-01174,VMA-2018-000092,"Jessup, Daniel",Complete,Routine,Air Medal :: D. JESSUP,D. JESSUP,Block,Laser-2,Spelling verified against authorization record;Award matches line item,04/08/2018 17:49:01,04/11/2018 17:49:01,04/18/2018 19:49:01,CN=Oswaldo Ferreira-Lund/OU=CHPSID/O=TACOM,0,,[TACOM];[CSR];[Admin];[ReadOnlyAudit];LocalDomainServers,10
78D2279BF126D9AAC0F9203D6E6BDA0A,CFFA,,08/26/2019 15:44:05,09/05/2019 17:44:05,CN=Hector Amundsen/OU=CHPSID/O=TACOM,,ENG-2019-00049,VMA-2019-000007,"Underhill-Voss, Ernesto",Complete,Expedite,Air Medal :: E. K. UNDERHILL-VOSS,E. K. UNDERHILL-VOSS,Block,Laser-1,Spelling verified against authorization record;Award matches line item,08/26/2019 15:44:05,08/26/2019 15:44:05,09/05/2019 17:44:05,CN=Hector Amundsen/OU=CHPSID/O=TACOM,0,,[TACOM];[CSR];[Admin];[ReadOnlyAudit];LocalDomainServers,10
0E31E2DFAD63DA006DEA5B15564DE9DC,CFFE,,07/16/2022 20:43:49,07/27/2022 22:43:49,CN=Hector Amundsen/OU=CHPSID/O=TACOM,,ENG-2022-00597,VMA-2022-000046,"Haverstock, David",Complete,Congressional,Purple Heart :: D. H. HAVERSTOCK,D. H. HAVERSTOCK,Block,Hand,Spelling verified against authorization record;Award matches line item,07/16/2022 20:43:49,07/18/2022 20:43:49,07/27/2022 22:43:49,CN=Hector Amundsen/OU=CHPSID/O=TACOM,0,,[TACOM];[CSR];[Admin];[ReadOnlyAudit];LocalDomainServers,11
059985644389D165355BB3DF3FD7085C,D002,,01/15/2021 16:45:01,01/27/2021 17:45:01,CN=Hector Amundsen/OU=CHPSID/O=TACOM,,ENG-2021-00531,VMA-2021-000045,"Quinonez, Andrew",Complete,Congressional,Army Commendation Medal :: A. P. QUINONEZ,A. P. QUINONEZ,Script,Rotary-A,Spelling verified against authorization record;Award matches line item,01/15/2021 16:45:01,01/17/2021 16:45:01,01/27/2021 17:45:01,CN=Hector Amundsen/OU=CHPSID/O=TACOM,0,,[TACOM];[CSR];[Admin];[ReadOnlyAudit];LocalDomainServers,12
6BF084C1D7D5588578B601E0CAD1002E,D006,,10/22/2017 14:19:28,11/08/2017 14:19:28,CN=Oswaldo Ferreira-Lund/OU=CHPSID/O=TACOM,,ENG-2017-01204,VMA-2017-000091,"Rathbourne, Thomas",Complete,Congressional,Silver Star :: T. L. RATHBOURNE,T. L. RATHBOURNE,Block,Laser-1,Spelling verified against authorization record;Award matches line item,10/22/2017 14:19:28,10/25/2017 14:19:28,11/08/2017 14:19:28,CN=Oswaldo Ferreira-Lund/OU=CHPSID/O=TACOM,0,,[TACOM];[CSR];[Admin];[ReadOnlyAudit];LocalDomainServers,17
46B6C2800C6DB36984EA956FC3BE4A2C,D00A,,03/29/2026 20:59:10,04/12/2026 00:59:10,CN=Oswaldo Ferreira-Lund/OU=CHPSID/O=TACOM,,ENG-2026-01240,VMA-2026-000537,"Rockwell-Sayre, Marcus",Complete,Routine,Army Commendation Medal :: M. R. ROCKWELL-SAYRE;Air Medal :: M. R. ROCKWELL-SAYRE,M. R. ROCKWELL-SAYRE,Block,Laser-2,Spelling verified against authorization record;Award matches line item,03/29/2026 20:59:10,03/30/2026 20:59:10,04/12/2026 00:59:10,CN=Oswaldo Ferreira-Lund/OU=CHPSID/O=TACOM,0,,[TACOM];[CSR];[Admin];[ReadOnlyAudit];LocalDomainServers,14
8DDC60EBBF1714A4E10DB71699240EFE,D00E,,07/17/2026 16:27:30,07/31/2026 20:27:30,CN=Oswaldo Ferreira-Lund/OU=CHPSID/O=TACOM,,ENG-2026-00450,VMA-2026-000180,"Lattimore, Susan",Complete,Routine,Silver Star :: S. T. LATTIMORE,S. T. LATTIMORE,Block,Laser-1,Spelling verified against authorization record;Award matches line item,07/17/2026 16:27:30,07/17/2026 16:27:30,07/31/2026 20:27:30,CN=Oswaldo Ferreira-Lund/OU=CHPSID/O=TACOM,0,,[TACOM];[CSR];[Admin];[ReadOnlyAudit];LocalDomainServers,14
25B9FBDE9A518D8160A3AB2A7D5F81FE,D012,,01/01/2018 09:19:35,01/14/2018 11:19:35,CN=Hector Amundsen/OU=CHPSID/O=TACOM,,ENG-2018-00260,VMA-2017-000023,"Washington, Jose",Complete,Routine,Bronze Star Medal :: J. P. WASHINGTON,J. P. WASHINGTON,Script,Hand,Spelling verified against authorization record;Award matches line item,01/01/2018 09:19:35,01/03/2018 09:19:35,01/14/2018 11:19:35,CN=Hector Amundsen/OU=CHPSID/O=TACOM,0,,[TACOM];[CSR];[Admin];[ReadOnlyAudit];LocalDomainServers,13
5D1A1F99DB60313B4FDB291065BD2FE7,D016,,06/29/2026 11:02:05,07/09/2026 16:02:05,CN=Hector Amundsen/OU=CHPSID/O=TACOM,,ENG-2026-01365,VMA-2026-000591,"Dunmore, Anthony",Complete,Routine,Bronze Star Medal :: A. DUNMORE,A. DUNMORE,Roman,Hand,Spelling verified against authorization record;Award matches line item,06/29/2026 11:02:05,07/02/2026 11:02:05,07/09/2026 16:02:05,CN=Hector Amundsen/OU=CHPSID/O=TACOM,0,,[TACOM];[CSR];[Admin];[ReadOnlyAudit];LocalDomainServers,10
0FBE1259429F00C9194259E9F9D4F0BE,D01A,,01/30/2017 15:20:37,02/02/2017 15:20:37,CN=Oswaldo Ferreira-Lund/OU=CHPSID/O=TACOM,,ENG-2017-00677,VMA-2017-000053,"Redfearn, Linda",Complete,Routine,Silver Star :: L. REDFEARN,L. REDFEARN,Block,Rotary-A,Spelling verified against authorization record;Award matches line item,01/30/2017 15:20:37,02/02/2017 15:20:37,02/02/2017 15:20:37,CN=Oswaldo Ferreira-Lund/OU=CHPSID/O=TACOM,0,,[TACOM];[CSR];[Admin];[ReadOnlyAudit];LocalDomainServers,3
066365CBF5A77540925CC327601C4CB1,D01E,,07/20/2021 16:03:40,07/25/2021 18:03:40,CN=Oswaldo Ferreira-Lund/OU=CHPSID/O=TACOM,,ENG-2021-01126,VMA-2021-000091,"Yarrowdale, Richard",Complete,Congressional,Purple Heart :: R. F. YARROWDALE,R. F. YARROWDALE,Roman,Rotary-A,Spelling verified against authorization record;Award matches line item,07/20/2021 16:03:40,07/22/2021 16:03:40,07/25/2021 18:03:40,CN=Oswaldo Ferreira-Lund/OU=CHPSID/O=TACOM,0,,[TACOM];[CSR];[Admin];[ReadOnlyAudit];LocalDomainServers,5
D760EF0167317076F776933B67D9E74A,D022,,09/07/2019 17:19:09,09/07/2019 17:19:09,CN=Marlene Okafor/OU=CHPSID/O=TACOM,,ENG-2019-01105,VMA-2019-000090,"Kellerhaus, Heather",Cancelled,Routine,Air Medal :: H. W. KELLERHAUS;Purple Heart :: H. W. KELLERHAUS,H. W. KELLERHAUS,Block,,,09/07/2019 17:19:09,,,,0,,[TACOM];[CSR];[Admin];[ReadOnlyAudit];LocalDomainServers,0
E7E8AEB5EDD44AD498433B3264D5AA90,D026,,11/05/2021 14:31:43,11/11/2021 19:31:43,CN=Hector Amundsen/OU=CHPSID/O=TACOM,,ENG-2021-01299,VMA-2021-000107,"GASTRELLE, Darnell",Complete,Congressional,Purple Heart :: D. W. GASTRELLE,D. W. GASTRELLE,Block,Laser-1,Spelling verified against authorization record;Award matches line item,11/05/2021 14:31:43,11/08/2021 14:31:43,11/11/2021 19:31:43,CN=Hector Amundsen/OU=CHPSID/O=TACOM,0,,[TACOM];[CSR];[Admin];[ReadOnlyAudit];LocalDomainServers,6
27FA275A1B47251C3C0E27FD18D860A6,D02A,,11/29/2018 17:15:03,12/15/2018 19:15:03,CN=Oswaldo Ferreira-Lund/OU=CHPSID/O=TACOM,,ENG-2018-00657,VMA-2018-000051,"Pemberley, James",Complete,Congressional,Army Commendation Medal :: J. F. PEMBERLEY;Purple Heart :: J. F. PEMBERLEY,J. F. PEMBERLEY,Block,Rotary-A,Spelling verified against authorization record;Award matches line item,11/29/2018 17:15:03,11/30/2018 17:15:03,12/15/2018 19:15:03,CN=Oswaldo Ferreira-Lund/OU=CHPSID/O=TACOM,0,,[TACOM];[CSR];[Admin];[ReadOnlyAudit];LocalDomainServers,16
B60AE7D997CD8A85C8E6CECAFA38A2A7,D02E,,09/11/2022 12:09:24,09/25/2022 14:09:24,CN=Hector Amundsen/OU=CHPSID/O=TACOM,,ENG-2022-00727,VMA-2022-000058,"Nakashima, Carol",Complete,Routine,Distinguished Flying Cross :: C. W. NAKASHIMA,C. W. NAKASHIMA,Block,Rotary-A,Spelling verified against authorization record;Award matches line item,09/11/2022 12:09:24,09/13/2022 12:09:24,09/25/2022 14:09:24,CN=Hector Amundsen/OU=CHPSID/O=TACOM,1,Rework: name misspelled on first pass - verified against DD-214.,[TACOM];[CSR];[Admin];[ReadOnlyAudit];LocalDomainServers,14
90CF8B2D5B603A04D84FAD2CE5355103,D032,,01/26/2009 18:15:20,02/01/2009 19:15:20,CN=Oswaldo Ferreira-Lund/OU=CHPSID/O=TACOM,,ENG-2009-00084,VMA-2009-000005,"Vanterpool, Melissa",Complete,Expedite,Purple Heart :: M. K. VANTERPOOL;Silver Star :: M. K. VANTERPOOL,M. K. VANTERPOOL,Script,Laser-2,Spelling verified against authorization record;Award matches line item,01/26/2009 18:15:20,01/27/2009 18:15:20,02/01/2009 19:15:20,CN=Oswaldo Ferreira-Lund/OU=CHPSID/O=TACOM,0,,[TACOM];[CSR];[Admin];[ReadOnlyAudit];LocalDomainServers,6
D85C0CE37C2CCAFCC1099349079119C9,D036,,02/14/2007 09:27:05,02/21/2007 11:27:05,CN=Oswaldo Ferreira-Lund/OU=CHPSID/O=TACOM,,ENG-2007-00533,VMA-2007-000041,"Rathbourne, Terrence",Complete,Congressional,Bronze Star Medal :: T. H. RATHBOURNE,T. H. RATHBOURNE,Block,Rotary-A,Spelling verified against authorization record;Award matches line item,02/14/2007 09:27:05,02/17/2007 09:27:05,02/21/2007 11:27:05,CN=Oswaldo Ferreira-Lund/OU=CHPSID/O=TACOM,0,,[TACOM];[CSR];[Admin];[ReadOnlyAudit];LocalDomainServers,7
22D5BFFDA6CDCF5ADDC818B923BAA563,D03A,,03/07/2020 18:33:41,03/14/2020 20:33:41,CN=Hector Amundsen/OU=CHPSID/O=TACOM,,ENG-2020-00217,VMA-2020-000017,"Beddingfield, Harold",Complete,Congressional,Bronze Star Medal :: H. C. BEDDINGFIELD,H. C. BEDDINGFIELD,Roman,Rotary-A,Spelling verified against authorization record;Award matches line item,03/07/2020 18:33:41,03/11/2020 18:33:41,03/14/2020 20:33:41,CN=Hector Amundsen/OU=CHPSID/O=TACOM,0,,[TACOM];[CSR];[Admin];[ReadOnlyAudit];LocalDomainServers,7
0E982E336F6068F8302C303E8F86752D,D03E,,06/08/2004 11:12:10,06/25/2004 16:12:10,CN=Hector Amundsen/OU=CHPSID/O=TACOM,,ENG-2004-01146,VMA-2004-000065,"Redfearn, Donald",Complete,Routine,Army Commendation Medal :: D. C. REDFEARN,D. C. REDFEARN,Block,Laser-1,Spelling verified against authorization record;Award matches line item,06/08/2004 11:12:10,06/10/2004 11:12:10,06/25/2004 16:12:10,CN=Hector Amundsen/OU=CHPSID/O=TACOM,0,,[TACOM];[CSR];[Admin];[ReadOnlyAudit];LocalDomainServers,17
ACF428AD3DB22E31AA9DC7BB54F6CA98,D042,,11/25/2022 13:09:20,12/09/2022 16:09:20,CN=Oswaldo Ferreira-Lund/OU=CHPSID/O=TACOM,,ENG-2022-00929,VMA-2022-000070,"Jarvinen, David",Complete,Routine,Bronze Star Medal :: D. W. JARVINEN,D. W. JARVINEN,Block,Hand,Spelling verified against authorization record;Award matches line item,11/25/2022 13:09:20,11/29/2022 13:09:20,12/09/2022 16:09:20,CN=Oswaldo Ferreira-Lund/OU=CHPSID/O=TACOM,0,,[TACOM];[CSR];[Admin];[ReadOnlyAudit];LocalDomainServers,14
67DD561969EE2C5A1AAF14A2ED6EF455,D046,,04/15/2005 16:01:55,04/20/2005 19:01:55,CN=Hector Amundsen/OU=CHPSID/O=TACOM,,ENG-2005-00031,VMA-2005-000006,"Beddingfield, Linda",Complete,Routine,Army Commendation Medal :: L. A. BEDDINGFIELD,L. A. BEDDINGFIELD,Script,Hand,Spelling verified against authorization record;Award matches line item,04/15/2005 16:01:55,04/19/2005 16:01:55,04/20/2005 19:01:55,CN=Hector Amundsen/OU=CHPSID/O=TACOM,0,,[TACOM];[CSR];[Admin];[ReadOnlyAudit];LocalDomainServers,5
9B383CF9CD7092EFACEF251218F52418,D04A,,03/08/2023 17:00:12,03/20/2023 18:00:12,CN=Oswaldo Ferreira-Lund/OU=CHPSID/O=TACOM,,ENG-2023-00592,VMA-2023-000036,"Whitlock-Bay, Marcus",Complete,Expedite,Army Commendation Medal :: M. F. WHITLOCK-BAY;Silver Star :: M. F. WHITLOCK-BAY,M. F. WHITLOCK-BAY,Block,Rotary-A,Spelling verified against authorization record;Award matches line item,03/08/2023 17:00:12,03/12/2023 17:00:12,03/20/2023 18:00:12,CN=Oswaldo Ferreira-Lund/OU=CHPSID/O=TACOM,0,,[TACOM];[CSR];[Admin];[ReadOnlyAudit];LocalDomainServers,12
A8FCEC923105F756E0A9343377EB4F59,D04E,,12/07/2007 13:37:31,12/12/2007 13:37:31,CN=Hector Amundsen/OU=CHPSID/O=TACOM,,ENG-2007-01035,VMA-2007-000074,"Abernook, James",Complete,Congressional,Bronze Star Medal :: J. K. ABERNOOK;Army Commendation Medal :: J. K. ABERNOOK,J. K. ABERNOOK,Block,Hand,Spelling verified against authorization record;Award matches line item,12/07/2007 13:37:31,12/08/2007 13:37:31,12/12/2007 13:37:31,CN=Hector Amundsen/OU=CHPSID/O=TACOM,0,,[TACOM];[CSR];[Admin];[ReadOnlyAudit];LocalDomainServers,5
F5FBDBAF158F5EE2839A66D231AB73F3,D052,,12/24/2023 10:19:19,01/08/2024 13:19:19,CN=Oswaldo Ferreira-Lund/OU=CHPSID/O=TACOM,,ENG-2023-00870,VMA-2023-000049,"Hinojosa, Betty",Complete,Routine,Bronze Star Medal :: B. HINOJOSA;Distinguished Flying Cross :: B. HINOJOSA,B. HINOJOSA,Script,Laser-1,Spelling verified against authorization record;Award matches line item,12/24/2023 10:19:19,12/25/2023 10:19:19,01/08/2024 13:19:19,CN=Oswaldo Ferreira-Lund/OU=CHPSID/O=TACOM,0,,[TACOM];[CSR];[Admin];[ReadOnlyAudit];LocalDomainServers,15
055929E4A4E020DB91CCAE839739EE1E,D056,,04/12/2026 14:08:09,04/27/2026 16:08:09,CN=Oswaldo Ferreira-Lund/OU=CHPSID/O=TACOM,,ENG-2026-00317,VMA-2026-000118,"Oakhurst, Angela",Complete,Congressional,Silver Star :: A. B. OAKHURST,A. B. OAKHURST,Roman,Rotary-A,Spelling verified against authorization record;Award matches line item,04/12/2026 14:08:09,04/13/2026 14:08:09,04/27/2026 16:08:09,CN=Oswaldo Ferreira-Lund/OU=CHPSID/O=TACOM,0,,[TACOM];[CSR];[Admin];[ReadOnlyAudit];LocalDomainServers,15
9135BB4FAFBDA2E94DBCD148170A56B7,D05A,,04/15/2021 14:19:48,04/30/2021 17:19:48,CN=Hector Amundsen/OU=CHPSID/O=TACOM,,ENG-2021-01050,VMA-2021-000086,"Sallisaw, Gary",Complete,Expedite,Army Commendation Medal :: G. R. SALLISAW,G. R. SALLISAW,Roman,Laser-2,Spelling verified against authorization record;Award matches line item,04/15/2021 14:19:48,04/16/2021 14:19:48,04/30/2021 17:19:48,CN=Hector Amundsen/OU=CHPSID/O=TACOM,0,,[TACOM];[CSR];[Admin];[ReadOnlyAudit];LocalDomainServers,15
A5963EDE19D9D175B367E3A006A4D244,D05E,,07/25/2016 16:08:01,08/07/2016 19:08:01,CN=Oswaldo Ferreira-Lund/OU=CHPSID/O=TACOM,,ENG-2016-01275,VMA-2016-000082,"Galbreath, Norman",Complete,Congressional,Army Commendation Medal :: N. M. GALBREATH,N. M. GALBREATH,Roman,Hand,Spelling verified against authorization record;Award matches line item,07/25/2016 16:08:01,07/27/2016 16:08:01,08/07/2016 19:08:01,CN=Oswaldo Ferreira-Lund/OU=CHPSID/O=TACOM,0,,[TACOM];[CSR];[Admin];[ReadOnlyAudit];LocalDomainServers,13
944CEEC1CB7388B3129F8BD563D50221,D062,,03/13/2016 16:02:20,03/31/2016 19:02:20,CN=Oswaldo Ferreira-Lund/OU=CHPSID/O=TACOM,,ENG-2016-00348,VMA-2016-000021,"Underhill, Jamal",Complete,Congressional,Purple Heart :: J. J. UNDERHILL;Air Medal :: J. J. UNDERHILL,J. J. UNDERHILL,Block,Laser-2,Spelling verified against authorization record;Award matches line item,03/13/2016 16:02:20,03/13/2016 16:02:20,03/31/2016 19:02:20,CN=Oswaldo Ferreira-Lund/OU=CHPSID/O=TACOM,0,,[TACOM];[CSR];[Admin];[ReadOnlyAudit];LocalDomainServers,18
9BE20161CD3B279DF10A8622097A7513,D066,,06/20/2025 16:15:14,06/28/2025 17:15:14,CN=Oswaldo Ferreira-Lund/OU=CHPSID/O=TACOM,,ENG-2025-01235,VMA-2025-000138,"Kirkbride, Carol",Complete,Routine,Air Medal :: C. KIRKBRIDE,C. KIRKBRIDE,Block,Hand,Spelling verified against authorization record;Award matches line item,06/20/2025 16:15:14,06/23/2025 16:15:14,06/28/2025 17:15:14,CN=Oswaldo Ferreira-Lund/OU=CHPSID/O=TACOM,0,,[TACOM];[CSR];[Admin];[ReadOnlyAudit];LocalDomainServers,8
CEF5AF7F305C9951927C3F94DA025E62,D06A,,03/23/2015 14:33:50,04/05/2015 18:33:50,CN=Oswaldo Ferreira-Lund/OU=CHPSID/O=TACOM,,ENG-2015-00343,VMA-2015-000031,"Yellowley, James",Complete,Congressional,Bronze Star Medal :: J. YELLOWLEY,J. YELLOWLEY,Block,Hand,Spelling verified against authorization record;Award matches line item,03/23/2015 14:33:50,03/27/2015 14:33:50,04/05/2015 18:33:50,CN=Oswaldo Ferreira-Lund/OU=CHPSID/O=TACOM,0,,[TACOM];[CSR];[Admin];[ReadOnlyAudit];LocalDomainServers,13
50786E98F62E31946B6086227C28B846,D06E,,10/05/2010 15:36:35,10/10/2010 17:36:35,CN=Hector Amundsen/OU=CHPSID/O=TACOM,,ENG-2010-00769,VMA-2010-000047,"Jarvinen, Nicole",Complete,Routine,Purple Heart :: N. G. JARVINEN;Army Commendation Medal :: N. G. JARVINEN,N. G. JARVINEN,Script,Laser-2,Spelling verified against authorization record;Award matches line item,10/05/2010 15:36:35,10/07/2010 15:36:35,10/10/2010 17:36:35,CN=Hector Amundsen/OU=CHPSID/O=TACOM,0,,[TACOM];[CSR];[Admin];[ReadOnlyAudit];LocalDomainServers,5
A1CF4754E8061743558A4FD56C8E2F68,D072,,05/15/2026 13:10:12,05/23/2026 13:10:12,CN=Oswaldo Ferreira-Lund/OU=CHPSID/O=TACOM,,ENG-2026-00898,VMA-2026-000397,"Rathbourne, John",Complete,Routine,Silver Star :: J. RATHBOURNE,J. RATHBOURNE,Block,Laser-1,Spelling verified against authorization record;Award matches line item,05/15/2026 13:10:12,05/18/2026 13:10:12,05/23/2026 13:10:12,CN=Oswaldo Ferreira-Lund/OU=CHPSID/O=TACOM,0,,[TACOM];[CSR];[Admin];[ReadOnlyAudit];LocalDomainServers,8
A50AE054E2AEE4367B82CF0CC9BF45AA,D076,,08/15/2026 13:05:23,08/27/2026 14:05:23,CN=Hector Amundsen/OU=CHPSID/O=TACOM,,ENG-2026-00499,VMA-2026-000212,"Ingersby, Robert",Complete,Routine,Purple Heart :: R. F. INGERSBY,R. F. INGERSBY,Block,Hand,Spelling verified against authorization record;Award matches line item,08/15/2026 13:05:23,08/19/2026 13:05:23,08/27/2026 14:05:23,CN=Hector Amundsen/OU=CHPSID/O=TACOM,0,,[TACOM];[CSR];[Admin];[ReadOnlyAudit];LocalDomainServers,12
8EB8CDC7F77B05BA8951C43A7445E263,D07A,,02/21/2012 18:59:36,03/08/2012 22:59:36,CN=Oswaldo Ferreira-Lund/OU=CHPSID/O=TACOM,,ENG-2012-00259,VMA-2012-000025,"Villanueva, Stephanie",Complete,Routine,Silver Star :: S. B. VILLANUEVA,S. B. VILLANUEVA,Script,Rotary-A,Spelling verified against authorization record;Award matches line item,02/21/2012 18:59:36,02/21/2012 18:59:36,03/08/2012 22:59:36,CN=Oswaldo Ferreira-Lund/OU=CHPSID/O=TACOM,1,Rework: name misspelled on first pass - verified against DD-214.,[TACOM];[CSR];[Admin];[ReadOnlyAudit];LocalDomainServers,16
9165110C1FE808234524EE85E1B5A6B6,D07E,,03/05/2026 17:47:24,03/12/2026 19:47:24,CN=Hector Amundsen/OU=CHPSID/O=TACOM,,ENG-2026-01266,VMA-2026-000547,"Ellsworthy, Angela",Complete,Routine,Bronze Star Medal :: A. S. ELLSWORTHY;Silver Star :: A. S. ELLSWORTHY,A. S. ELLSWORTHY,Script,Rotary-A,Spelling verified against authorization record;Award matches line item,03/05/2026 17:47:24,03/08/2026 17:47:24,03/12/2026 19:47:24,CN=Hector Amundsen/OU=CHPSID/O=TACOM,0,,[TACOM];[CSR];[Admin];[ReadOnlyAudit];LocalDomainServers,7
57D986BE92E46E67025CCFCE1A76A63D,D082,,01/12/2011 15:52:10,01/29/2011 16:52:10,CN=Oswaldo Ferreira-Lund/OU=CHPSID/O=TACOM,,ENG-2011-01411,VMA-2011-000115,"Quennevile, David",Complete,Expedite,Silver Star :: D. QUENNEVILE;Distinguished Flying Cross :: D. QUENNEVILE,D. QUENNEVILE,Script,Hand,Spelling verified against authorization record;Award matches line item,01/12/2011 15:52:10,01/15/2011 15:52:10,01/29/2011 16:52:10,CN=Oswaldo Ferreira-Lund/OU=CHPSID/O=TACOM,0,,[TACOM];[CSR];[Admin];[ReadOnlyAudit];LocalDomainServers,17
D24A5DC9B40EC0041B30D7F874D5D69D,D086,,09/10/2022 13:22:53,09/25/2022 18:22:53,CN=Hector Amundsen/OU=CHPSID/O=TACOM,,ENG-2022-01039,VMA-2022-000074,"Prendergast, Andre",Complete,Routine,Distinguished Flying Cross :: A. D. PRENDERGAST,A. D. PRENDERGAST,Block,Laser-2,Spelling verified against authorization record;Award matches line item,09/10/2022 13:22:53,09/13/2022 13:22:53,09/25/2022 18:22:53,CN=Hector Amundsen/OU=CHPSID/O=TACOM,0,,[TACOM];[CSR];[Admin];[ReadOnlyAudit];LocalDomainServers,15
9233D3E209D658A3AD598AAE1F91CA5B,D08A,,07/10/2026 17:01:28,07/24/2026 22:01:28,CN=Hector Amundsen/OU=CHPSID/O=TACOM,,ENG-2026-01086,VMA-2026-000473,"Izquierdo, Mildred",Complete,Routine,Air Medal :: M. E. IZQUIERDO,M. E. IZQUIERDO,Block,Laser-2,Spelling verified against authorization record;Award matches line item,07/10/2026 17:01:28,07/12/2026 17:01:28,07/24/2026 22:01:28,CN=Hector Amundsen/OU=CHPSID/O=TACOM,0,,[TACOM];[CSR];[Admin];[ReadOnlyAudit];LocalDomainServers,14
69E401A01307BF114C698F74B4B64CEA,D08E,,08/24/2016 15:12:02,09/10/2016 15:12:02,CN=Oswaldo Ferreira-Lund/OU=CHPSID/O=TACOM,,ENG-2016-00387,VMA-2016-000025,"Templeton, Daniel",Complete,Expedite,Army Commendation Medal :: D. K. TEMPLETON,D. K. TEMPLETON,Block,Laser-1,Spelling verified against authorization record;Award matches line item,08/24/2016 15:12:02,08/27/2016 15:12:02,09/10/2016 15:12:02,CN=Oswaldo Ferreira-Lund/OU=CHPSID/O=TACOM,0,,[TACOM];[CSR];[Admin];[ReadOnlyAudit];LocalDomainServers,17
F4D8E3DFD4C9FA5C068AB5642CEFA8A0,D092,,05/04/2013 18:28:20,05/19/2013 22:28:20,CN=Oswaldo Ferreira-Lund/OU=CHPSID/O=TACOM,,ENG-2013-00571,VMA-2013-000034,"Gastrelle, William",Complete,Routine,Bronze Star Medal :: W. GASTRELLE;Silver Star :: W. GASTRELLE;Purple Heart :: W. GASTRELLE,W. GASTRELLE,Script,Hand,Spelling verified against authorization record;Award matches line item,05/04/2013 18:28:20,05/07/2013 18:28:20,05/19/2013 22:28:20,CN=Oswaldo Ferreira-Lund/OU=CHPSID/O=TACOM,0,,[TACOM];[CSR];[Admin];[ReadOnlyAudit];LocalDomainServers,15
5FB057AA3ED8896F67CD827BA59B56D3,D096,,07/02/2010 22:25:20,07/09/2010 02:25:20,CN=Hector Amundsen/OU=CHPSID/O=TACOM,,ENG-2010-00620,VMA-2010-000035,"Prendergast, Gary",Complete,Routine,Army Commendation Medal :: G. PRENDERGAST,G. PRENDERGAST,Block,Rotary-A,Spelling verified against authorization record;Award matches line item,07/02/2010 22:25:20,07/02/2010 22:25:20,07/09/2010 02:25:20,CN=Hector Amundsen/OU=CHPSID/O=TACOM,0,,[TACOM];[CSR];[Admin];[ReadOnlyAudit];LocalDomainServers,7
61FEDB17CC61944EC3234A3DD4D258B1,D09A,,01/01/2026 16:50:23,01/01/2026 16:50:23,CN=Hector Amundsen/OU=CHPSID/O=TACOM,,ENG-2026-00646,VMA-2025-000066,"Ormsbee, Eugene",In Progress,Routine,Bronze Star Medal :: E. ORMSBEE,E. ORMSBEE,Block,Laser-1,Spelling verified against authorization record,01/01/2026 16:50:23,01/01/2026 16:50:23,,CN=Hector Amundsen/OU=CHPSID/O=TACOM,0,,[TACOM];[CSR];[Admin];[ReadOnlyAudit];LocalDomainServers,243
CE78C2C0182F10FBAFFFD6D79D981D18,D09E,,06/09/2026 20:16:22,06/09/2026 20:16:22,CN=Dwayne Petrakis/OU=CHPSID/O=TACOM,,ENG-2026-00774,VMA-2026-000328,"Ledesma, Heather",Queued,Routine,Air Medal :: H. LEDESMA;Silver Star :: H. LEDESMA;Bronze Star Medal :: H. LEDESMA,H. LEDESMA,Block,,,06/09/2026 20:16:22,,,,0,,[TACOM];[CSR];[Admin];[ReadOnlyAudit];LocalDomainServers,84
FBA8D8FD53DC9BDF2CC40858132746D9,D0A2,,03/01/2014 18:09:09,03/18/2014 19:09:09,CN=Oswaldo Ferreira-Lund/OU=CHPSID/O=TACOM,,ENG-2014-01328,VMA-2014-000111,"Templeton, Sandra",Complete,Routine,Bronze Star Medal :: S. E. TEMPLETON,S. E. TEMPLETON,Block,Laser-2,Spelling verified against authorization record;Award matches line item,03/01/2014 18:09:09,03/03/2014 18:09:09,03/18/2014 19:09:09,CN=Oswaldo Ferreira-Lund/OU=CHPSID/O=TACOM,0,,[TACOM];[CSR];[Admin];[ReadOnlyAudit];LocalDomainServers,17
CB42E2804AA57442AA080E105B787D53,D0A6,,10/03/2018 08:23:45,10/03/2018 08:23:45,CN=Ret Hamlin/OU=CHPSID/O=TACOM,,ENG-2018-00644,VMA-2018-000050,"Fairweather, Elizabeth",Cancelled,Routine,Army Commendation Medal :: E. FAIRWEATHER,E. FAIRWEATHER,Block,,,10/03/2018 08:23:45,,,,0,,[TACOM];[CSR];[Admin];[ReadOnlyAudit];LocalDomainServers,0
3E4AB8A682704DB0592ACD02A845C613,D0AA,,05/02/2021 16:24:02,05/06/2021 21:24:02,CN=Oswaldo Ferreira-Lund/OU=CHPSID/O=TACOM,,ENG-2021-00872,VMA-2021-000076,"Kellerhaus, Kevin",Complete,Routine,Purple Heart :: K. E. KELLERHAUS,K. E. KELLERHAUS,Script,Laser-1,Spelling verified against authorization record;Award matches line item,05/02/2021 16:24:02,05/04/2021 16:24:02,05/06/2021 21:24:02,CN=Oswaldo Ferreira-Lund/OU=CHPSID/O=TACOM,1,Rework: name misspelled on first pass - verified against DD-214.,[TACOM];[CSR];[Admin];[ReadOnlyAudit];LocalDomainServers,4
A8573A7E48B6D5EC920AD06BBF6F3417,D0AE,,10/02/2025 17:43:26,10/10/2025 22:43:26,CN=Oswaldo Ferreira-Lund/OU=CHPSID/O=TACOM,,ENG-2025-00719,VMA-2025-000076,"Yarrowdale, Hector",Complete,Expedite,Air Medal :: H. S. YARROWDALE;Bronze Star Medal :: H. S. YARROWDALE,H. S. YARROWDALE,Script,Laser-1,Spelling verified against authorization record;Award matches line item,10/02/2025 17:43:26,10/04/2025 17:43:26,10/10/2025 22:43:26,CN=Oswaldo Ferreira-Lund/OU=CHPSID/O=TACOM,1,Rework: name misspelled on first pass - verified against DD-214.,[TACOM];[CSR];[Admin];[ReadOnlyAudit];LocalDomainServers,8
D37F7DBDFDC99F7FA1808910034BF39F,D0B2,,01/08/2022 07:44:20,01/25/2022 08:44:20,CN=Hector Amundsen/OU=CHPSID/O=TACOM,,ENG-2022-00415,VMA-2021-000036,"Castellanos, Helen",Complete,Congressional,Army Commendation Medal :: H. CASTELLANOS,H. CASTELLANOS,Block,Laser-2,Spelling verified against authorization record;Award matches line item,01/08/2022 07:44:20,01/12/2022 07:44:20,01/25/2022 08:44:20,CN=Hector Amundsen/OU=CHPSID/O=TACOM,0,,[TACOM];[CSR];[Admin];[ReadOnlyAudit];LocalDomainServers,17
126E4F8B1EA733CACD79C5F56F9503E0,D0B6,,07/16/2026 11:30:54,07/28/2026 13:30:54,CN=Hector Amundsen/OU=CHPSID/O=TACOM,,ENG-2026-01044,VMA-2026-000461,"Quinonez, Helen",Complete,Routine,Purple Heart :: H. P. QUINONEZ,H. P. QUINONEZ,Block,Laser-1,Spelling verified against authorization record;Award matches line item,07/16/2026 11:30:54,07/18/2026 11:30:54,07/28/2026 13:30:54,CN=Hector Amundsen/OU=CHPSID/O=TACOM,0,,[TACOM];[CSR];[Admin];[ReadOnlyAudit];LocalDomainServers,12
089E24D3F5AC051855CE0770BF6E3091,D0BA,,04/10/2012 12:59:37,04/27/2012 12:59:37,CN=Hector Amundsen/OU=CHPSID/O=TACOM,,ENG-2012-00796,VMA-2012-000075,"Washington, Clarence",Complete,Routine,Army Commendation Medal :: C. A. WASHINGTON,C. A. WASHINGTON,Block,Laser-2,Spelling verified against authorization record;Award matches line item,04/10/2012 12:59:37,04/13/2012 12:59:37,04/27/2012 12:59:37,CN=Hector Amundsen/OU=CHPSID/O=TACOM,0,,[TACOM];[CSR];[Admin];[ReadOnlyAudit];LocalDomainServers,17
5E4A3A9E923F0B09BBF921BCDB21DDC2,D0BE,,11/28/2022 13:57:48,12/07/2022 16:57:48,CN=Oswaldo Ferreira-Lund/OU=CHPSID/O=TACOM,,ENG-2022-00193,VMA-2022-000020,"Ahlquist-Bane, Mary",Complete,Expedite,Army Commendation Medal :: M. N. AHLQUIST-BANE;Purple Heart :: M. N. AHLQUIST-BANE,M. N. AHLQUIST-BANE,Block,Hand,Spelling verified against authorization record;Award matches line item,11/28/2022 13:57:48,11/28/2022 13:57:48,12/07/2022 16:57:48,CN=Oswaldo Ferreira-Lund/OU=CHPSID/O=TACOM,0,,[TACOM];[CSR];[Admin];[ReadOnlyAudit];LocalDomainServers,9
1A982D46256FB4FF1AB7546B2A6BEB5E,D0C2,,06/21/2026 14:34:38,07/04/2026 18:34:38,CN=Hector Amundsen/OU=CHPSID/O=TACOM,,ENG-2026-01380,VMA-2026-000603,"Rathbourne, Ralph",Complete,Routine,Bronze Star Medal :: R. A. RATHBOURNE,R. A. RATHBOURNE,Block,Hand,Spelling verified against authorization record;Award matches line item,06/21/2026 14:34:38,06/23/2026 14:34:38,07/04/2026 18:34:38,CN=Hector Amundsen/OU=CHPSID/O=TACOM,0,,[TACOM];[CSR];[Admin];[ReadOnlyAudit];LocalDomainServers,13
126383D4186806024EA7D2708F6A1CFE,D0C6,,09/25/2010 18:53:16,10/08/2010 19:53:16,CN=Oswaldo Ferreira-Lund/OU=CHPSID/O=TACOM,,ENG-2010-00740,VMA-2010-000043,"Jessup-Kane, Matthew",Complete,Routine,Army Commendation Medal :: M. R. JESSUP-KANE,M. R. JESSUP-KANE,Script,Rotary-A,Spelling verified against authorization record;Award matches line item,09/25/2010 18:53:16,09/29/2010 18:53:16,10/08/2010 19:53:16,CN=Oswaldo Ferreira-Lund/OU=CHPSID/O=TACOM,0,,[TACOM];[CSR];[Admin];[ReadOnlyAudit];LocalDomainServers,13
84E5C8DD0DB963D692FF9A20E8A9C652,D0CA,,06/24/2026 17:13:47,07/04/2026 20:13:47,CN=Oswaldo Ferreira-Lund/OU=CHPSID/O=TACOM,,ENG-2026-00289,VMA-2026-000102,"Urquhart, Frances",Complete,Routine,Bronze Star Medal :: F. D. URQUHART,F. D. URQUHART,Block,Laser-2,Spelling verified against authorization record;Award matches line item,06/24/2026 17:13:47,06/26/2026 17:13:47,07/04/2026 20:13:47,CN=Oswaldo Ferreira-Lund/OU=CHPSID/O=TACOM,0,,[TACOM];[CSR];[Admin];[ReadOnlyAudit];LocalDomainServers,10
C0F813C7545242D60CDF56B678514A84,D0CE,,03/28/2008 15:53:52,04/08/2008 20:53:52,CN=Hector Amundsen/OU=CHPSID/O=TACOM,,ENG-2008-00996,VMA-2008-000067,"Abernook, Jose",Complete,Routine,Army Commendation Medal :: J. H. ABERNOOK,J. H. ABERNOOK,Block,Hand,Spelling verified against authorization record;Award matches line item,03/28/2008 15:53:52,03/29/2008 15:53:52,04/08/2008 20:53:52,CN=Hector Amundsen/OU=CHPSID/O=TACOM,0,,[TACOM];[CSR];[Admin];[ReadOnlyAudit];LocalDomainServers,11
53AB5BA4C89E339E266A644544B548BA,D0D2,,12/25/2014 10:47:23,12/30/2014 10:47:23,CN=Hector Amundsen/OU=CHPSID/O=TACOM,,ENG-2014-01075,VMA-2014-000093,"Vanterpool, Charles",Complete,Routine,Purple Heart :: C. VANTERPOOL;Bronze Star Medal :: C. VANTERPOOL,C. VANTERPOOL,Roman,Hand,Spelling verified against authorization record;Award matches line item,12/25/2014 10:47:23,12/27/2014 10:47:23,12/30/2014 10:47:23,CN=Hector Amundsen/OU=CHPSID/O=TACOM,0,,[TACOM];[CSR];[Admin];[ReadOnlyAudit];LocalDomainServers,5
85AF65689D869B09BFB5378EFB386B46,D0D6,,09/18/2012 17:47:54,09/25/2012 22:47:54,CN=Oswaldo Ferreira-Lund/OU=CHPSID/O=TACOM,,ENG-2012-00633,VMA-2011-000027,"Templeton, Donald",Complete,Routine,Bronze Star Medal :: D. TEMPLETON,D. TEMPLETON,Roman,Laser-1,Spelling verified against authorization record;Award matches line item,09/18/2012 17:47:54,09/18/2012 17:47:54,09/25/2012 22:47:54,CN=Oswaldo Ferreira-Lund/OU=CHPSID/O=TACOM,0,,[TACOM];[CSR];[Admin];[ReadOnlyAudit];LocalDomainServers,7
EDD8E5B99D7DD8BB1AEC57BEFC309663,D0DA,,05/09/2010 09:33:43,05/21/2010 11:33:43,CN=Oswaldo Ferreira-Lund/OU=CHPSID/O=TACOM,,ENG-2010-00409,VMA-2010-000029,"Wickersham Jr., Sandra",Complete,Congressional,Silver Star :: S. WICKERSHAM JR.;Bronze Star Medal :: S. WICKERSHAM JR.,S. WICKERSHAM JR.,Block,Laser-1,Spelling verified against authorization record;Award matches line item,05/09/2010 09:33:43,05/11/2010 09:33:43,05/21/2010 11:33:43,CN=Oswaldo Ferreira-Lund/OU=CHPSID/O=TACOM,0,,[TACOM];[CSR];[Admin];[ReadOnlyAudit];LocalDomainServers,12
13611A02A4DE020AD2E4A04A2C789834,D0DE,,10/15/2006 12:16:00,10/24/2006 16:16:00,CN=Oswaldo Ferreira-Lund/OU=CHPSID/O=TACOM,,ENG-2006-00850,VMA-2006-000067,"Jessup-Kane, Barbara",Complete,Routine,Air Medal :: B. JESSUP-KANE,B. JESSUP-KANE,Block,Hand,Spelling verified against authorization record;Award matches line item,10/15/2006 12:16:00,10/15/2006 12:16:00,10/24/2006 16:16:00,CN=Oswaldo Ferreira-Lund/OU=CHPSID/O=TACOM,1,Rework: name misspelled on first pass - verified against DD-214.,[TACOM];[CSR];[Admin];[ReadOnlyAudit];LocalDomainServers,9
12E526E9C260A820E1F17059420236A2,D0E2,,08/09/2024 19:57:47,08/09/2024 19:57:47,CN=Lorraine Whitcombe/OU=CHPSID/O=TACOM,,ENG-2024-01151,VMA-2024-000093,"Cartlewood, Mark",Cancelled,Congressional,Bronze Star Medal :: M. K. CARTLEWOOD,M. K. CARTLEWOOD,Roman,,,08/09/2024 19:57:47,,,,0,,[TACOM];[CSR];[Admin];[ReadOnlyAudit];LocalDomainServers,0
8D8456D016C243DDB070336CBA1DB438,D0E6,,06/08/2010 17:42:12,06/19/2010 21:42:12,CN=Oswaldo Ferreira-Lund/OU=CHPSID/O=TACOM,,ENG-2010-01111,VMA-2010-000076,"Fairweather, Lisa",Complete,Routine,Bronze Star Medal :: L. M. FAIRWEATHER,L. M. FAIRWEATHER,Block,Rotary-A,Spelling verified against authorization record;Award matches line item,06/08/2010 17:42:12,06/10/2010 17:42:12,06/19/2010 21:42:12,CN=Oswaldo Ferreira-Lund/OU=CHPSID/O=TACOM,0,,[TACOM];[CSR];[Admin];[ReadOnlyAudit];LocalDomainServers,11
1C7DC49E5419624AA7A7E97B8BAD77C1,D0EA,,10/26/2018 12:10:22,11/10/2018 14:10:22,CN=Oswaldo Ferreira-Lund/OU=CHPSID/O=TACOM,,ENG-2018-00977,VMA-2018-000074,"Isherwood, Richard",Complete,Routine,Air Medal :: R. G. ISHERWOOD,R. G. ISHERWOOD,Script,Hand,Spelling verified against authorization record;Award matches line item,10/26/2018 12:10:22,10/27/2018 12:10:22,11/10/2018 14:10:22,CN=Oswaldo Ferreira-Lund/OU=CHPSID/O=TACOM,0,,[TACOM];[CSR];[Admin];[ReadOnlyAudit];LocalDomainServers,15
04C51BDEB7EB69BA1D243030C0AA4E96,D0EE,,10/02/2007 09:32:28,10/10/2007 13:32:28,CN=Hector Amundsen/OU=CHPSID/O=TACOM,,ENG-2007-00091,VMA-2007-000009,"Nakashima, Leonard",Complete,Congressional,Purple Heart :: L. E. NAKASHIMA;Silver Star :: L. E. NAKASHIMA,L. E. NAKASHIMA,Script,Laser-1,Spelling verified against authorization record;Award matches line item,10/02/2007 09:32:28,10/03/2007 09:32:28,10/10/2007 13:32:28,CN=Hector Amundsen/OU=CHPSID/O=TACOM,0,,[TACOM];[CSR];[Admin];[ReadOnlyAudit];LocalDomainServers,8
D4F940C451A4BD8A82E30F60CE17AD32,D0F2,,08/07/2008 10:42:32,08/20/2008 13:42:32,CN=Oswaldo Ferreira-Lund/OU=CHPSID/O=TACOM,,ENG-2008-01078,VMA-2008-000073,"Guajardo, Richard",Complete,Routine,Purple Heart :: R. A. GUAJARDO,R. A. GUAJARDO,Block,Laser-1,Spelling verified against authorization record;Award matches line item,08/07/2008 10:42:32,08/07/2008 10:42:32,08/20/2008 13:42:32,CN=Oswaldo Ferreira-Lund/OU=CHPSID/O=TACOM,0,,[TACOM];[CSR];[Admin];[ReadOnlyAudit];LocalDomainServers,13
5AC07F4AA65649130666F8F77930D0D4,D0F6,,12/03/2022 21:07:38,12/09/2022 21:07:38,CN=Oswaldo Ferreira-Lund/OU=CHPSID/O=TACOM,,ENG-2022-01197,VMA-2022-000082,"Vosburgh, Mildred",Complete,Routine,Bronze Star Medal :: M. D. VOSBURGH,M. D. VOSBURGH,Block,Rotary-A,Spelling verified against authorization record;Award matches line item,12/03/2022 21:07:38,12/03/2022 21:07:38,12/09/2022 21:07:38,CN=Oswaldo Ferreira-Lund/OU=CHPSID/O=TACOM,0,,[TACOM];[CSR];[Admin];[ReadOnlyAudit];LocalDomainServers,6
3DEAC90033597618F32BE1D443D70207,D0FA,,08/26/2026 17:00:53,08/31/2026 17:30:00,CN=Oswaldo Ferreira-Lund/OU=CHPSID/O=TACOM,,ENG-2026-00560,VMA-2026-000241,"Umberlake, Luis",Complete,Routine,Silver Star :: L. J. UMBERLAKE,L. J. UMBERLAKE,Block,Hand,Spelling verified against authorization record;Award matches line item,08/26/2026 17:00:53,08/30/2026 17:00:53,08/31/2026 17:30:00,CN=Oswaldo Ferreira-Lund/OU=CHPSID/O=TACOM,0,,[TACOM];[CSR];[Admin];[ReadOnlyAudit];LocalDomainServers,5
E2B2659579F02D1ACD59CF5755D67CC3,D0FE,,03/19/2008 13:29:21,03/23/2008 15:29:21,CN=Hector Amundsen/OU=CHPSID/O=TACOM,,ENG-2008-00962,VMA-2008-000065,"Altamirano, Justin",Complete,Routine,Silver Star :: J. W. ALTAMIRANO,J. W. ALTAMIRANO,Script,Hand,Spelling verified against authorization record;Award matches line item,03/19/2008 13:29:21,03/23/2008 13:29:21,03/23/2008 15:29:21,CN=Hector Amundsen/OU=CHPSID/O=TACOM,0,,[TACOM];[CSR];[Admin];[ReadOnlyAudit];LocalDomainServers,4
8B12DDC33BAF615D38210347A324FCAE,D102,,05/02/2019 18:03:55,05/18/2019 23:03:55,CN=Hector Amundsen/OU=CHPSID/O=TACOM,,ENG-2019-00472,VMA-2019-000038,"Ormsbee, Nancy",Complete,Routine,Army Commendation Medal :: N. M. ORMSBEE,N. M. ORMSBEE,Block,Hand,Spelling verified against authorization record;Award matches line item,05/02/2019 18:03:55,05/05/2019 18:03:55,05/18/2019 23:03:55,CN=Hector Amundsen/OU=CHPSID/O=TACOM,0,,[TACOM];[CSR];[Admin];[ReadOnlyAudit];LocalDomainServers,16
7C94F7DBA6434CC6B19834FDA6C97237,D106,,04/05/2014 10:37:13,04/11/2014 12:37:13,CN=Oswaldo Ferreira-Lund/OU=CHPSID/O=TACOM,,ENG-2014-00662,VMA-2014-000048,"Reyes, Howard",Complete,Routine,Purple Heart :: H. J. REYES,H. J. REYES,Block,Laser-1,Spelling verified against authorization record;Award matches line item,04/05/2014 10:37:13,04/08/2014 10:37:13,04/11/2014 12:37:13,CN=Oswaldo Ferreira-Lund/OU=CHPSID/O=TACOM,0,,[TACOM];[CSR];[Admin];[ReadOnlyAudit];LocalDomainServers,6
653C0713F14A901C830A8FD38D54DB2C,D10A,,03/08/2006 11:45:10,03/24/2006 13:45:10,CN=Oswaldo Ferreira-Lund/OU=CHPSID/O=TACOM,,ENG-2006-01393,VMA-2006-000102,"Greaves, Brian",Complete,Routine,Air Medal :: B. GREAVES,B. GREAVES,Roman,Rotary-A,Spelling verified against authorization record;Award matches line item,03/08/2006 11:45:10,03/10/2006 11:45:10,03/24/2006 13:45:10,CN=Oswaldo Ferreira-Lund/OU=CHPSID/O=TACOM,0,,[TACOM];[CSR];[Admin];[ReadOnlyAudit];LocalDomainServers,16
FB18C4E6F72C413C353D2C299244B092,D10E,,05/12/2023 13:42:54,05/24/2023 13:42:54,CN=Hector Amundsen/OU=CHPSID/O=TACOM,,ENG-2023-00864,VMA-2023-000048,"Gastrelle, David",Complete,Routine,Purple Heart :: D. GASTRELLE;Silver Star :: D. GASTRELLE,D. GASTRELLE,Block,Laser-1,Spelling verified against authorization record;Award matches line item,05/12/2023 13:42:54,05/12/2023 13:42:54,05/24/2023 13:42:54,CN=Hector Amundsen/OU=CHPSID/O=TACOM,0,,[TACOM];[CSR];[Admin];[ReadOnlyAudit];LocalDomainServers,12
A3F5570A0CF2EE2C98E0F52D4D7737E2,D112,,09/07/2005 17:44:43,09/23/2005 19:44:43,CN=Oswaldo Ferreira-Lund/OU=CHPSID/O=TACOM,,ENG-2005-00600,VMA-2005-000055,"Maldonado-Vega, Carl",Complete,Routine,Silver Star :: C. N. MALDONADO-VEGA,C. N. MALDONADO-VEGA,Script,Rotary-A,Spelling verified against authorization record;Award matches line item,09/07/2005 17:44:43,09/07/2005 17:44:43,09/23/2005 19:44:43,CN=Oswaldo Ferreira-Lund/OU=CHPSID/O=TACOM,0,,[TACOM];[CSR];[Admin];[ReadOnlyAudit];LocalDomainServers,16
7A453994632A7026B7DAD55AADDD5CE3,D116,,07/24/2025 22:25:35,08/11/2025 01:25:35,CN=Hector Amundsen/OU=CHPSID/O=TACOM,,ENG-2025-00159,VMA-2025-000013,"Delgadillo, Angela",Complete,Routine,Army Commendation Medal :: A. H. DELGADILLO,A. H. DELGADILLO,Block,Hand,Spelling verified against authorization record;Award matches line item,07/24/2025 22:25:35,07/28/2025 22:25:35,08/11/2025 01:25:35,CN=Hector Amundsen/OU=CHPSID/O=TACOM,0,,[TACOM];[CSR];[Admin];[ReadOnlyAudit];LocalDomainServers,18
C3A5EBCE65B017CF60F8B34E0B30423D,D11A,,06/11/2020 08:47:30,06/24/2020 10:47:30,CN=Hector Amundsen/OU=CHPSID/O=TACOM,,ENG-2020-00875,VMA-2020-000061,"Montgomerie, Marcus",Complete,Routine,Purple Heart :: M. MONTGOMERIE;Army Commendation Medal :: M. MONTGOMERIE,M. MONTGOMERIE,Block,Laser-2,Spelling verified against authorization record;Award matches line item,06/11/2020 08:47:30,06/15/2020 08:47:30,06/24/2020 10:47:30,CN=Hector Amundsen/OU=CHPSID/O=TACOM,0,,[TACOM];[CSR];[Admin];[ReadOnlyAudit];LocalDomainServers,13
522DE1C80EF46E8A4D01AE4EAEB1D052,D11E,,02/20/2021 21:18:01,03/09/2021 23:18:01,CN=Hector Amundsen/OU=CHPSID/O=TACOM,,ENG-2021-01025,VMA-2021-000084,"Hinojosa, Jessica",Complete,Routine,Army Commendation Medal :: J. P. HINOJOSA,J. P. HINOJOSA,Block,Laser-2,Spelling verified against authorization record;Award matches line item,02/20/2021 21:18:01,02/21/2021 21:18:01,03/09/2021 23:18:01,CN=Hector Amundsen/OU=CHPSID/O=TACOM,0,,[TACOM];[CSR];[Admin];[ReadOnlyAudit];LocalDomainServers,17
23B2057F55DCB8919162BD4C3AF4A1BC,D122,,08/09/2012 15:35:22,08/13/2012 16:35:22,CN=Oswaldo Ferreira-Lund/OU=CHPSID/O=TACOM,,ENG-2012-00990,VMA-2012-000091,"Kellerhaus, Carol",Complete,Congressional,Purple Heart :: C. E. KELLERHAUS,C. E. KELLERHAUS,Block,Laser-2,Spelling verified against authorization record;Award matches line item,08/09/2012 15:35:22,08/09/2012 15:35:22,08/13/2012 16:35:22,CN=Oswaldo Ferreira-Lund/OU=CHPSID/O=TACOM,0,,[TACOM];[CSR];[Admin];[ReadOnlyAudit];LocalDomainServers,4
BD4F8A00E815EA80DFDF849D7FE51FAE,D126,,06/05/2014 16:27:00,06/16/2014 17:27:00,CN=Hector Amundsen/OU=CHPSID/O=TACOM,,ENG-2014-01222,VMA-2014-000104,"Vandermolen, Andre",Complete,Routine,Army Commendation Medal :: A. T. VANDERMOLEN,A. T. VANDERMOLEN,Roman,Rotary-A,Spelling verified against authorization record;Award matches line item,06/05/2014 16:27:00,06/09/2014 16:27:00,06/16/2014 17:27:00,CN=Hector Amundsen/OU=CHPSID/O=TACOM,0,,[TACOM];[CSR];[Admin];[ReadOnlyAudit];LocalDomainServers,11
E07CBEBD96895A681EA230322C094678,D12A,,08/12/2026 14:53:25,08/15/2026 14:53:25,CN=Oswaldo Ferreira-Lund/OU=CHPSID/O=TACOM,,ENG-2026-01450,VMA-2026-000635,"Reyes, Kevin",In Progress,Routine,Silver Star :: K. H. REYES,K. H. REYES,Block,Laser-1,Spelling verified against authorization record,08/12/2026 14:53:25,08/15/2026 14:53:25,,CN=Oswaldo Ferreira-Lund/OU=CHPSID/O=TACOM,0,,[TACOM];[CSR];[Admin];[ReadOnlyAudit];LocalDomainServers,20
8C5438197EDC5C8D66CC79997EE93766,D12E,,09/03/2022 13:01:39,09/12/2022 16:01:39,CN=Oswaldo Ferreira-Lund/OU=CHPSID/O=TACOM,,ENG-2022-00010,VMA-2022-000002,"Iverstone, Thomas",Complete,Congressional,Silver Star :: T. L. IVERSTONE;Bronze Star Medal :: T. L. IVERSTONE,T. L. IVERSTONE,Block,Hand,Spelling verified against authorization record;Award matches line item,09/03/2022 13:01:39,09/05/2022 13:01:39,09/12/2022 16:01:39,CN=Oswaldo Ferreira-Lund/OU=CHPSID/O=TACOM,0,,[TACOM];[CSR];[Admin];[ReadOnlyAudit];LocalDomainServers,9
7DB950D376D269DA1AD32986F718A379,D132,,05/31/2009 07:59:13,06/07/2009 11:59:13,CN=Oswaldo Ferreira-Lund/OU=CHPSID/O=TACOM,,ENG-2009-00070,VMA-2009-000003,"Figueroa, Dorothy",Complete,Congressional,Purple Heart :: D. B. FIGUEROA,D. B. FIGUEROA,Script,Laser-2,Spelling verified against authorization record;Award matches line item,05/31/2009 07:59:13,05/31/2009 07:59:13,06/07/2009 11:59:13,CN=Oswaldo Ferreira-Lund/OU=CHPSID/O=TACOM,0,,[TACOM];[CSR];[Admin];[ReadOnlyAudit];LocalDomainServers,7
1706D59D7CEA38E09556593E110549B5,D136,,07/29/2017 18:18:23,08/16/2017 23:18:23,CN=Hector Amundsen/OU=CHPSID/O=TACOM,,ENG-2017-00016,VMA-2017-000004,"Trevino, Rafael",Complete,Routine,Army Commendation Medal :: R. T. TREVINO,R. T. TREVINO,Script,Laser-2,Spelling verified against authorization record;Award matches line item,07/29/2017 18:18:23,07/31/2017 18:18:23,08/16/2017 23:18:23,CN=Hector Amundsen/OU=CHPSID/O=TACOM,0,,[TACOM];[CSR];[Admin];[ReadOnlyAudit];LocalDomainServers,18
A895E2565E94E5D33E2F59E2DC8D54A3,D13A,,08/17/2019 15:38:55,09/02/2019 19:38:55,CN=Oswaldo Ferreira-Lund/OU=CHPSID/O=TACOM,,ENG-2019-01223,VMA-2019-000099,"Coldwater, Carol",Complete,Congressional,Distinguished Flying Cross :: C. COLDWATER,C. COLDWATER,Roman,Laser-1,Spelling verified against authorization record;Award matches line item,08/17/2019 15:38:55,08/21/2019 15:38:55,09/02/2019 19:38:55,CN=Oswaldo Ferreira-Lund/OU=CHPSID/O=TACOM,0,,[TACOM];[CSR];[Admin];[ReadOnlyAudit];LocalDomainServers,16
267CDA92FDA1FDC949DAB9FC7B00AD9C,D13E,,07/31/2026 12:28:59,08/14/2026 14:28:59,CN=Oswaldo Ferreira-Lund/OU=CHPSID/O=TACOM,,ENG-2026-00911,VMA-2026-000404,"Quimbley, Gary",Complete,Routine,Bronze Star Medal :: G. G. QUIMBLEY,G. G. QUIMBLEY,Roman,Laser-2,Spelling verified against authorization record;Award matches line item,07/31/2026 12:28:59,08/04/2026 12:28:59,08/14/2026 14:28:59,CN=Oswaldo Ferreira-Lund/OU=CHPSID/O=TACOM,0,,[TACOM];[CSR];[Admin];[ReadOnlyAudit];LocalDomainServers,14
754FA533FB3BCA8E818CD8F2C62ED153,D142,,08/28/2013 11:29:31,09/07/2013 14:29:31,CN=Hector Amundsen/OU=CHPSID/O=TACOM,,ENG-2013-00356,VMA-2013-000018,"Ormsbee, Earl",Complete,Routine,Air Medal :: E. ORMSBEE,E. ORMSBEE,Script,Rotary-A,Spelling verified against authorization record;Award matches line item,08/28/2013 11:29:31,08/31/2013 11:29:31,09/07/2013 14:29:31,CN=Hector Amundsen/OU=CHPSID/O=TACOM,0,,[TACOM];[CSR];[Admin];[ReadOnlyAudit];LocalDomainServers,10
23A94273397DFEF6D38676A9D4612341,D146,,06/21/2025 12:17:35,07/05/2025 13:17:35,CN=Oswaldo Ferreira-Lund/OU=CHPSID/O=TACOM,,ENG-2025-01238,VMA-2025-000140,"Ashcroft, Amanda",Complete,Routine,Distinguished Flying Cross :: A. R. ASHCROFT,A. R. ASHCROFT,Block,Laser-2,Spelling verified against authorization record;Award matches line item,06/21/2025 12:17:35,06/25/2025 12:17:35,07/05/2025 13:17:35,CN=Oswaldo Ferreira-Lund/OU=CHPSID/O=TACOM,0,,[TACOM];[CSR];[Admin];[ReadOnlyAudit];LocalDomainServers,14
BDC6744B31D8FA016A05A22AEB74DF83,D14A,,08/26/2009 13:19:08,09/02/2009 13:19:08,CN=Hector Amundsen/OU=CHPSID/O=TACOM,,ENG-2009-00036,VMA-2009-000002,"Bramwold, Richard",Complete,Congressional,Air Medal :: R. BRAMWOLD,R. BRAMWOLD,Roman,Laser-1,Spelling verified against authorization record;Award matches line item,08/26/2009 13:19:08,08/27/2009 13:19:08,09/02/2009 13:19:08,CN=Hector Amundsen/OU=CHPSID/O=TACOM,1,Rework: name misspelled on first pass - verified against DD-214.,[TACOM];[CSR];[Admin];[ReadOnlyAudit];LocalDomainServers,7
F0BA3F2A0062DF4E1B3BAECDF160B240,D14E,,06/11/2014 10:34:02,06/21/2014 13:34:02,CN=Hector Amundsen/OU=CHPSID/O=TACOM,,ENG-2014-00673,VMA-2014-000051,"Jaramillo, Matthew",Complete,Routine,Purple Heart :: M. G. JARAMILLO,M. G. JARAMILLO,Block,Laser-1,Spelling verified against authorization record;Award matches line item,06/11/2014 10:34:02,06/12/2014 10:34:02,06/21/2014 13:34:02,CN=Hector Amundsen/OU=CHPSID/O=TACOM,0,,[TACOM];[CSR];[Admin];[ReadOnlyAudit];LocalDomainServers,10
C5438E076FF35A547488803DB48AF145,D152,,05/17/2026 13:40:20,06/02/2026 15:40:20,CN=Oswaldo Ferreira-Lund/OU=CHPSID/O=TACOM,,ENG-2026-01360,VMA-2026-000588,"JARVINEN-ROE, Eugene",Complete,Routine,Army Commendation Medal :: E. JARVINEN-ROE,E. JARVINEN-ROE,Block,Laser-1,Spelling verified against authorization record;Award matches line item,05/17/2026 13:40:20,05/19/2026 13:40:20,06/02/2026 15:40:20,CN=Oswaldo Ferreira-Lund/OU=CHPSID/O=TACOM,0,,[TACOM];[CSR];[Admin];[ReadOnlyAudit];LocalDomainServers,16
10F26B9EEC8BE45E83A9D0B6256E14EB,D156,,09/18/2025 10:22:04,09/26/2025 11:22:04,CN=Oswaldo Ferreira-Lund/OU=CHPSID/O=TACOM,,ENG-2025-00029,VMA-2025-000003,"Yeardley, Clarence",Complete,Expedite,Purple Heart :: C. M. YEARDLEY,C. M. YEARDLEY,Block,Laser-2,Spelling verified against authorization record;Award matches line item,09/18/2025 10:22:04,09/18/2025 10:22:04,09/26/2025 11:22:04,CN=Oswaldo Ferreira-Lund/OU=CHPSID/O=TACOM,0,,[TACOM];[CSR];[Admin];[ReadOnlyAudit];LocalDomainServers,8
91892DE5C14D49A56ED541E646F772B3,D15A,,06/13/2026 17:09:20,06/23/2026 17:09:20,CN=Oswaldo Ferreira-Lund/OU=CHPSID/O=TACOM,,ENG-2026-00129,VMA-2026-000052,"Underhill, Brandon",Complete,Routine,Bronze Star Medal :: B. A. UNDERHILL;Silver Star :: B. A. UNDERHILL;Purple Heart :: B. A. UNDERHILL,B. A. UNDERHILL,Block,Laser-1,Spelling verified against authorization record;Award matches line item,06/13/2026 17:09:20,06/16/2026 17:09:20,06/23/2026 17:09:20,CN=Oswaldo Ferreira-Lund/OU=CHPSID/O=TACOM,0,,[TACOM];[CSR];[Admin];[ReadOnlyAudit];LocalDomainServers,10
EEDD0293956F6E2535B9B845BA1B4328,D15E,,12/08/2020 17:33:39,12/23/2020 20:33:39,CN=Hector Amundsen/OU=CHPSID/O=TACOM,,ENG-2020-00566,VMA-2020-000048,"Umberlake, Susan",Complete,Congressional,Army Commendation Medal :: S. R. UMBERLAKE,S. R. UMBERLAKE,Roman,Laser-1,Spelling verified against authorization record;Award matches line item,12/08/2020 17:33:39,12/10/2020 17:33:39,12/23/2020 20:33:39,CN=Hector Amundsen/OU=CHPSID/O=TACOM,0,,[TACOM];[CSR];[Admin];[ReadOnlyAudit];LocalDomainServers,15
F386C255C96373A66844616345AA346C,D162,,05/25/2011 08:57:19,06/05/2011 09:57:19,CN=Hector Amundsen/OU=CHPSID/O=TACOM,,ENG-2011-00753,VMA-2011-000073,"Montgomerie, Arthur",Complete,Routine,Army Commendation Medal :: A. MONTGOMERIE,A. MONTGOMERIE,Roman,Rotary-A,Spelling verified against authorization record;Award matches line item,05/25/2011 08:57:19,05/27/2011 08:57:19,06/05/2011 09:57:19,CN=Hector Amundsen/OU=CHPSID/O=TACOM,0,,[TACOM];[CSR];[Admin];[ReadOnlyAudit];LocalDomainServers,11
FC9A05611EF83958B9BF5BE7DFD61150,D166,,08/20/2010 19:51:37,09/07/2010 00:51:37,CN=Hector Amundsen/OU=CHPSID/O=TACOM,,ENG-2010-01332,VMA-2010-000088,"Pemberley, Eugene",Complete,Routine,Air Medal :: E. F. PEMBERLEY;Bronze Star Medal :: E. F. PEMBERLEY,E. F. PEMBERLEY,Block,Laser-1,Spelling verified against authorization record;Award matches line item,08/20/2010 19:51:37,08/20/2010 19:51:37,09/07/2010 00:51:37,CN=Hector Amundsen/OU=CHPSID/O=TACOM,0,,[TACOM];[CSR];[Admin];[ReadOnlyAudit];LocalDomainServers,18
6BEF840ABCEEE9507AA1A3C4D06A8F02,D16A,,07/13/2026 14:47:10,07/26/2026 14:47:10,CN=Hector Amundsen/OU=CHPSID/O=TACOM,,ENG-2026-00163,VMA-2026-000065,"Villanueva, Karen",Complete,Routine,Purple Heart :: K. VILLANUEVA;Bronze Star Medal :: K. VILLANUEVA,K. VILLANUEVA,Script,Laser-1,Spelling verified against authorization record;Award matches line item,07/13/2026 14:47:10,07/16/2026 14:47:10,07/26/2026 14:47:10,CN=Hector Amundsen/OU=CHPSID/O=TACOM,0,,[TACOM];[CSR];[Admin];[ReadOnlyAudit];LocalDomainServers,13
78D0EAE0D2B697F61A76B75A7BA6A150,D16E,,09/15/2009 20:20:48,09/29/2009 00:20:48,CN=Hector Amundsen/OU=CHPSID/O=TACOM,,ENG-2009-01325,VMA-2019-000043,"Stanwycke, Nancy",Complete,Congressional,Purple Heart :: N. E. STANWYCKE;Air Medal :: N. E. STANWYCKE,N. E. STANWYCKE,Block,Laser-1,Spelling verified against authorization record;Award matches line item,09/15/2009 20:20:48,09/15/2009 20:20:48,09/29/2009 00:20:48,CN=Hector Amundsen/OU=CHPSID/O=TACOM,0,,[TACOM];[CSR];[Admin];[ReadOnlyAudit];LocalDomainServers,14
68E70F0E6F9369B09A47E79B5D0F2B56,D172,,11/18/2006 16:25:00,11/23/2006 18:25:00,CN=Oswaldo Ferreira-Lund/OU=CHPSID/O=TACOM,,ENG-2006-00225,VMA-2006-000016,"Vosburgh, Tyler",Complete,Routine,Purple Heart :: T. S. VOSBURGH;Distinguished Flying Cross :: T. S. VOSBURGH;Silver Star :: T. S. VOSBURGH,T. S. VOSBURGH,Block,Laser-2,Spelling verified against authorization record;Award matches line item,11/18/2006 16:25:00,11/20/2006 16:25:00,11/23/2006 18:25:00,CN=Oswaldo Ferreira-Lund/OU=CHPSID/O=TACOM,0,,[TACOM];[CSR];[Admin];[ReadOnlyAudit];LocalDomainServers,5
307FA0F71D56E305F2387BF70237798C,D176,,01/18/2021 15:30:14,01/25/2021 18:30:14,CN=Oswaldo Ferreira-Lund/OU=CHPSID/O=TACOM,,ENG-2021-01294,VMA-2021-000106,"Stanwycke, Donald",Complete,Routine,Purple Heart :: D. R. STANWYCKE,D. R. STANWYCKE,Block,Laser-2,Spelling verified against authorization record;Award matches line item,01/18/2021 15:30:14,01/20/2021 15:30:14,01/25/2021 18:30:14,CN=Oswaldo Ferreira-Lund/OU=CHPSID/O=TACOM,0,,[TACOM];[CSR];[Admin];[ReadOnlyAudit];LocalDomainServers,7
DFCC8B98D7BE036209695ECC13A48B67,D17A,,08/05/2016 21:33:26,08/22/2016 22:33:26,CN=Oswaldo Ferreira-Lund/OU=CHPSID/O=TACOM,,ENG-2016-00674,VMA-2016-000046,"Gastrelle, Howard",Complete,Routine,Army Commendation Medal :: H. R. GASTRELLE,H. R. GASTRELLE,Roman,Rotary-A,Spelling verified against authorization record;Award matches line item,08/05/2016 21:33:26,08/07/2016 21:33:26,08/22/2016 22:33:26,CN=Oswaldo Ferreira-Lund/OU=CHPSID/O=TACOM,0,,[TACOM];[CSR];[Admin];[ReadOnlyAudit];LocalDomainServers,17
EEBEC1B533B773F8F6BE382CC10535B0,D17E,,02/04/2026 11:33:41,02/19/2026 11:33:41,CN=Hector Amundsen/OU=CHPSID/O=TACOM,,ENG-2026-00388,VMA-2026-000149,"Hinojosa, Jamal",Complete,Congressional,Purple Heart :: J. C. HINOJOSA,J. C. HINOJOSA,Script,Laser-1,Spelling verified against authorization record;Award matches line item,02/04/2026 11:33:41,02/04/2026 11:33:41,02/19/2026 11:33:41,CN=Hector Amundsen/OU=CHPSID/O=TACOM,0,,[TACOM];[CSR];[Admin];[ReadOnlyAudit];LocalDomainServers,15
DAB6EAE5A9224C30FF15360A53A39E25,D182,,02/01/2010 17:40:30,02/17/2010 21:40:30,CN=Oswaldo Ferreira-Lund/OU=CHPSID/O=TACOM,,ENG-2010-00982,VMA-2010-000064,"Fortenbury, Rafael",Complete,Routine,Air Medal :: R. FORTENBURY,R. FORTENBURY,Roman,Laser-1,Spelling verified against authorization record;Award matches line item,02/01/2010 17:40:30,02/02/2010 17:40:30,02/17/2010 21:40:30,CN=Oswaldo Ferreira-Lund/OU=CHPSID/O=TACOM,0,,[TACOM];[CSR];[Admin];[ReadOnlyAudit];LocalDomainServers,16
624E0B6629058CFA8AADB2B9C4680586,D186,,09/05/2023 13:45:24,09/11/2023 16:45:24,CN=Oswaldo Ferreira-Lund/OU=CHPSID/O=TACOM,,ENG-2023-01115,VMA-2023-000070,"Quimbley, Anthony",Complete,Routine,Purple Heart :: A. QUIMBLEY,A. QUIMBLEY,Script,Hand,Spelling verified against authorization record;Award matches line item,09/05/2023 13:45:24,09/07/2023 13:45:24,09/11/2023 16:45:24,CN=Oswaldo Ferreira-Lund/OU=CHPSID/O=TACOM,0,,[TACOM];[CSR];[Admin];[ReadOnlyAudit];LocalDomainServers,6
9AF3B5DE3C3AEF264F7D8BF4B178F588,D18A,,09/01/2026 04:30:00,09/01/2026 04:30:00,CN=Ret Hamlin/OU=CHPSID/O=TACOM,,ENG-2026-00582,VMA-2026-000249,"Iverstone, Karen",Queued,Routine,Purple Heart :: K. A. IVERSTONE,K. A. IVERSTONE,Block,,,09/01/2026 04:30:00,,,,0,,[TACOM];[CSR];[Admin];[ReadOnlyAudit];LocalDomainServers,0
E83435E1F10B7AE53FE523070A81566A,D18E,,03/09/2017 11:29:08,03/19/2017 14:29:08,CN=Hector Amundsen/OU=CHPSID/O=TACOM,,ENG-2017-01317,VMA-2017-000099,"Jessup, Donna",Complete,Expedite,Bronze Star Medal :: D. W. JESSUP;Army Commendation Medal :: D. W. JESSUP,D. W. JESSUP,Roman,Hand,Spelling verified against authorization record;Award matches line item,03/09/2017 11:29:08,03/11/2017 11:29:08,03/19/2017 14:29:08,CN=Hector Amundsen/OU=CHPSID/O=TACOM,0,,[TACOM];[CSR];[Admin];[ReadOnlyAudit];LocalDomainServers,10
6BDEE141A03EC8492161A8548C9378FC,D192,,04/07/2014 17:24:03,04/14/2014 19:24:03,CN=Hector Amundsen/OU=CHPSID/O=TACOM,,ENG-2014-00605,VMA-2014-000043,"Ellingboe, Raymond",Complete,Routine,Air Medal :: R. ELLINGBOE,R. ELLINGBOE,Block,Laser-1,Spelling verified against authorization record;Award matches line item,04/07/2014 17:24:03,04/10/2014 17:24:03,04/14/2014 19:24:03,CN=Hector Amundsen/OU=CHPSID/O=TACOM,0,,[TACOM];[CSR];[Admin];[ReadOnlyAudit];LocalDomainServers,7
A3483E35B1AD6A6E4F50807C879A3CC8,D196,,07/09/2018 11:26:09,07/19/2018 14:26:09,CN=Oswaldo Ferreira-Lund/OU=CHPSID/O=TACOM,,ENG-2018-00085,VMA-2018-000011,"Ellsworthy, Thomas",Complete,Routine,Purple Heart :: T. ELLSWORTHY,T. ELLSWORTHY,Block,Laser-1,Spelling verified against authorization record;Award matches line item,07/09/2018 11:26:09,07/13/2018 11:26:09,07/19/2018 14:26:09,CN=Oswaldo Ferreira-Lund/OU=CHPSID/O=TACOM,0,,[TACOM];[CSR];[Admin];[ReadOnlyAudit];LocalDomainServers,10
45DD014FFCB809A0AC12C8375ACB391D,D19A,,06/14/2026 19:36:45,06/19/2026 23:36:45,CN=Hector Amundsen/OU=CHPSID/O=TACOM,,ENG-2026-01444,VMA-2026-000631,"Isherwood, Sarah",Complete,Routine,Army Commendation Medal :: S. B. ISHERWOOD,S. B. ISHERWOOD,Script,Hand,Spelling verified against authorization record;Award matches line item,06/14/2026 19:36:45,06/15/2026 19:36:45,06/19/2026 23:36:45,CN=Hector Amundsen/OU=CHPSID/O=TACOM,0,,[TACOM];[CSR];[Admin];[ReadOnlyAudit];LocalDomainServers,5
F1DBC70C34FD8B430054AAB3C5FF12E6,D19E,,02/02/2009 13:53:19,02/15/2009 15:53:19,CN=Hector Amundsen/OU=CHPSID/O=TACOM,,ENG-2009-00819,VMA-2009-000056,"Benavidez-Cruz, Sarah",Complete,Routine,Air Medal :: S. P. BENAVIDEZ-CRUZ,S. P. BENAVIDEZ-CRUZ,Block,Rotary-A,Spelling verified against authorization record;Award matches line item,02/02/2009 13:53:19,02/04/2009 13:53:19,02/15/2009 15:53:19,CN=Hector Amundsen/OU=CHPSID/O=TACOM,0,,[TACOM];[CSR];[Admin];[ReadOnlyAudit];LocalDomainServers,13
C1EC60EC72CF67CB73DD2EB84DF8F709,D1A2,,10/02/2019 17:05:29,10/08/2019 19:05:29,CN=Oswaldo Ferreira-Lund/OU=CHPSID/O=TACOM,,ENG-2019-01434,VMA-2019-000113,"Barrowclough, Mary",Complete,Expedite,Bronze Star Medal :: M. S. BARROWCLOUGH;Silver Star :: M. S. BARROWCLOUGH,M. S. BARROWCLOUGH,Roman,Laser-2,Spelling verified against authorization record;Award matches line item,10/02/2019 17:05:29,10/03/2019 17:05:29,10/08/2019 19:05:29,CN=Oswaldo Ferreira-Lund/OU=CHPSID/O=TACOM,0,,[TACOM];[CSR];[Admin];[ReadOnlyAudit];LocalDomainServers,6
F997ECC7726C313B338AE434CF7C068D,D1A6,,08/14/2026 16:11:13,08/18/2026 19:11:13,CN=Oswaldo Ferreira-Lund/OU=CHPSID/O=TACOM,,ENG-2026-00899,VMA-2026-000398,"Dellacroix, Justin",Complete,Expedite,Silver Star :: J. R. DELLACROIX,J. R. DELLACROIX,Block,Laser-2,Spelling verified against authorization record;Award matches line item,08/14/2026 16:11:13,08/14/2026 16:11:13,08/18/2026 19:11:13,CN=Oswaldo Ferreira-Lund/OU=CHPSID/O=TACOM,0,,[TACOM];[CSR];[Admin];[ReadOnlyAudit];LocalDomainServers,4
56DE24953B5D342CC578F44923F9AD81,D1AA,,05/12/2026 16:34:54,05/12/2026 16:34:54,CN=Benedetta Kowalczyk/OU=CHPSID/O=TACOM,,ENG-2026-01085,VMA-2026-000472,"Oakhurst, Justin",Queued,Congressional,Bronze Star Medal :: J. OAKHURST,J. OAKHURST,Block,,,05/12/2026 16:34:54,,,,0,,[TACOM];[CSR];[Admin];[ReadOnlyAudit];LocalDomainServers,112
22D5FB3EBF24AED9007380E5D868F6EC,D1AE,,09/11/2006 13:01:35,09/16/2006 14:01:35,CN=Hector Amundsen/OU=CHPSID/O=TACOM,,ENG-2006-00008,VMA-2006-000002,"BENAVIDEZ-CRUZ, Matthew",Complete,Expedite,Army Commendation Medal :: M. S. BENAVIDEZ-CRUZ,M. S. BENAVIDEZ-CRUZ,Script,Laser-2,Spelling verified against authorization record;Award matches line item,09/11/2006 13:01:35,09/11/2006 13:01:35,09/16/2006 14:01:35,CN=Hector Amundsen/OU=CHPSID/O=TACOM,0,,[TACOM];[CSR];[Admin];[ReadOnlyAudit];LocalDomainServers,5
417748439E13E5D6549F71F9F00DA52B,D1B2,,11/23/2006 11:20:09,12/02/2006 14:20:09,CN=Oswaldo Ferreira-Lund/OU=CHPSID/O=TACOM,,ENG-2006-00950,VMA-2006-000072,"Lindquarry, Leonard",Complete,Routine,Bronze Star Medal :: L. E. LINDQUARRY;Army Commendation Medal :: L. E. LINDQUARRY,L. E. LINDQUARRY,Block,Laser-1,Spelling verified against authorization record;Award matches line item,11/23/2006 11:20:09,11/24/2006 11:20:09,12/02/2006 14:20:09,CN=Oswaldo Ferreira-Lund/OU=CHPSID/O=TACOM,0,,[TACOM];[CSR];[Admin];[ReadOnlyAudit];LocalDomainServers,9
00D8E327CABFF64254D549533F9FF5B3,D1B6,,12/30/2019 09:13:42,01/12/2020 11:13:42,CN=Oswaldo Ferreira-Lund/OU=CHPSID/O=TACOM,,ENG-2019-00803,VMA-2019-000066,"Fairweather, Brian",Complete,Routine,Silver Star :: B. M. FAIRWEATHER,B. M. FAIRWEATHER,Block,Laser-2,Spelling verified against authorization record;Award matches line item,12/30/2019 09:13:42,12/31/2019 09:13:42,01/12/2020 11:13:42,CN=Oswaldo Ferreira-Lund/OU=CHPSID/O=TACOM,0,,[TACOM];[CSR];[Admin];[ReadOnlyAudit];LocalDomainServers,13
0C280A15F1D84AD0D6FEB65EB5A1D2FC,D1BA,,09/15/2012 11:42:50,09/22/2012 13:42:50,CN=Oswaldo Ferreira-Lund/OU=CHPSID/O=TACOM,,ENG-2012-01028,VMA-2012-000094,"Quinonez, Sarah",Complete,Routine,Purple Heart :: S. F. QUINONEZ,S. F. QUINONEZ,Block,Hand,Spelling verified against authorization record;Award matches line item,09/15/2012 11:42:50,09/17/2012 11:42:50,09/22/2012 13:42:50,CN=Oswaldo Ferreira-Lund/OU=CHPSID/O=TACOM,0,,[TACOM];[CSR];[Admin];[ReadOnlyAudit];LocalDomainServers,7
E3675B86AA2BDB1A012CEB43B97CAAD7,D1BE,,02/28/2026 16:36:45,03/03/2026 17:36:45,CN=Oswaldo Ferreira-Lund/OU=CHPSID/O=TACOM,,ENG-2026-00360,VMA-2026-000142,"Jarvinen, Raymond",Complete,Routine,Bronze Star Medal :: R. F. JARVINEN;Air Medal :: R. F. JARVINEN,R. F. JARVINEN,Block,Laser-2,Spelling verified against authorization record;Award matches line item,02/28/2026 16:36:45,02/28/2026 16:36:45,03/03/2026 17:36:45,CN=Oswaldo Ferreira-Lund/OU=CHPSID/O=TACOM,0,,[TACOM];[CSR];[Admin];[ReadOnlyAudit];LocalDomainServers,3
0D4979FAF5CE45D214F9C7F1362886AE,D1C2,,06/20/2009 15:35:56,07/05/2009 20:35:56,CN=Oswaldo Ferreira-Lund/OU=CHPSID/O=TACOM,,ENG-2009-00681,VMA-2009-000044,"Yellowley, Gary",Complete,Routine,Army Commendation Medal :: G. W. YELLOWLEY,G. W. YELLOWLEY,Block,Laser-2,Spelling verified against authorization record;Award matches line item,06/20/2009 15:35:56,06/24/2009 15:35:56,07/05/2009 20:35:56,CN=Oswaldo Ferreira-Lund/OU=CHPSID/O=TACOM,0,,[TACOM];[CSR];[Admin];[ReadOnlyAudit];LocalDomainServers,15
30136ED58ADFC6CB274EC46CC25A962F,D1C6,,10/16/2022 14:06:57,10/24/2022 14:06:57,CN=Oswaldo Ferreira-Lund/OU=CHPSID/O=TACOM,,ENG-2022-00020,VMA-2022-000003,"Cartlewood, Nicole",Complete,Routine,Purple Heart :: N. E. CARTLEWOOD,N. E. CARTLEWOOD,Block,Hand,Spelling verified against authorization record;Award matches line item,10/16/2022 14:06:57,10/17/2022 14:06:57,10/24/2022 14:06:57,CN=Oswaldo Ferreira-Lund/OU=CHPSID/O=TACOM,0,,[TACOM];[CSR];[Admin];[ReadOnlyAudit];LocalDomainServers,8
D26849BCAAA5C7B9745C69A74690865B,D1CA,,12/10/2021 15:28:37,12/16/2021 16:28:37,CN=Oswaldo Ferreira-Lund/OU=CHPSID/O=TACOM,,ENG-2021-00902,VMA-2021-000079,"Zellinger, Frances",Complete,Congressional,Silver Star :: F. J. ZELLINGER,F. J. ZELLINGER,Block,Laser-2,Spelling verified against authorization record;Award matches line item,12/10/2021 15:28:37,12/13/2021 15:28:37,12/16/2021 16:28:37,CN=Oswaldo Ferreira-Lund/OU=CHPSID/O=TACOM,0,,[TACOM];[CSR];[Admin];[ReadOnlyAudit];LocalDomainServers,6
FAC1A28CF2FBE23F3A7603C12C6D884A,D1CE,,07/30/2021 12:01:23,08/17/2021 15:01:23,CN=Hector Amundsen/OU=CHPSID/O=TACOM,,ENG-2021-00404,VMA-2021-000035,"Barrowclough, Jose",Complete,Routine,Bronze Star Medal :: J. L. BARROWCLOUGH,J. L. BARROWCLOUGH,Block,Rotary-A,Spelling verified against authorization record;Award matches line item,07/30/2021 12:01:23,08/01/2021 12:01:23,08/17/2021 15:01:23,CN=Hector Amundsen/OU=CHPSID/O=TACOM,0,,[TACOM];[CSR];[Admin];[ReadOnlyAudit];LocalDomainServers,18
958298826ABB7DAC12EE453A6608F38A,D1D2,,07/19/2026 14:04:59,07/20/2026 14:04:59,CN=Hector Amundsen/OU=CHPSID/O=TACOM,,ENG-2026-01011,VMA-2026-000446,"Ostrowski, David",Rework,Routine,Distinguished Flying Cross :: D. OSTROWSKI,D. OSTROWSKI,Block,Hand,,07/19/2026 14:04:59,07/20/2026 14:04:59,,CN=Hector Amundsen/OU=CHPSID/O=TACOM,1,Rework: name misspelled on first pass - verified against DD-214.,[TACOM];[CSR];[Admin];[ReadOnlyAudit];LocalDomainServers,44
EB78C5C15ED1A4425DC8A09DB91EE8C0,D1D6,,12/17/2017 13:22:32,01/03/2018 13:22:32,CN=Oswaldo Ferreira-Lund/OU=CHPSID/O=TACOM,,ENG-2017-00726,VMA-2017-000060,"Templeton, Clarence",Complete,Routine,Army Commendation Medal :: C. B. TEMPLETON,C. B. TEMPLETON,Block,Hand,Spelling verified against authorization record;Award matches line item,12/17/2017 13:22:32,12/17/2017 13:22:32,01/03/2018 13:22:32,CN=Oswaldo Ferreira-Lund/OU=CHPSID/O=TACOM,0,,[TACOM];[CSR];[Admin];[ReadOnlyAudit];LocalDomainServers,17
4168C8181D4087483A0FA12373D3FE57,D1DA,,12/28/2023 20:16:56,01/02/2024 23:16:56,CN=Hector Amundsen/OU=CHPSID/O=TACOM,,ENG-2023-00093,VMA-2023-000001,"Guajardo, Frances",Complete,Expedite,Distinguished Flying Cross :: F. L. GUAJARDO;Air Medal :: F. L. GUAJARDO;Bronze Star Medal :: F. L. GUAJARDO,F. L. GUAJARDO,Script,Rotary-A,Spelling verified against authorization record;Award matches line item,12/28/2023 20:16:56,12/30/2023 20:16:56,01/02/2024 23:16:56,CN=Hector Amundsen/OU=CHPSID/O=TACOM,0,,[TACOM];[CSR];[Admin];[ReadOnlyAudit];LocalDomainServers,5
3E04FBB0AC99ECC63882EB540F873F1E,D1DE,,08/30/2013 10:00:19,09/14/2013 14:00:19,CN=Oswaldo Ferreira-Lund/OU=CHPSID/O=TACOM,,ENG-2013-00219,VMA-2013-000008,"Lattimore, Darnell",Complete,Routine,Purple Heart :: D. N. LATTIMORE,D. N. LATTIMORE,Roman,Hand,Spelling verified against authorization record;Award matches line item,08/30/2013 10:00:19,09/02/2013 10:00:19,09/14/2013 14:00:19,CN=Oswaldo Ferreira-Lund/OU=CHPSID/O=TACOM,0,,[TACOM];[CSR];[Admin];[ReadOnlyAudit];LocalDomainServers,15
CE21008FBDBE00A0D1E1491D9424BAC0,D1E2,,03/27/2026 15:44:41,04/04/2026 17:44:41,CN=Oswaldo Ferreira-Lund/OU=CHPSID/O=TACOM,,ENG-2026-00340,VMA-2026-000132,"Galbreath, Charles",Complete,Congressional,Purple Heart :: C. GALBREATH,C. GALBREATH,Block,Rotary-A,Spelling verified against authorization record;Award matches line item,03/27/2026 15:44:41,03/30/2026 15:44:41,04/04/2026 17:44:41,CN=Oswaldo Ferreira-Lund/OU=CHPSID/O=TACOM,0,,[TACOM];[CSR];[Admin];[ReadOnlyAudit];LocalDomainServers,8
5E786D86408E8F8F4BE83D8ED4EAFDE1,D1E6,,08/10/2026 16:57:05,08/25/2026 19:57:05,CN=Hector Amundsen/OU=CHPSID/O=TACOM,,ENG-2026-00687,VMA-2026-000295,"Xanthopoulos, Carlos",Complete,Expedite,Silver Star :: C. W. XANTHOPOULOS,C. W. XANTHOPOULOS,Roman,Laser-2,Spelling verified against authorization record;Award matches line item,08/10/2026 16:57:05,08/10/2026 16:57:05,08/25/2026 19:57:05,CN=Hector Amundsen/OU=CHPSID/O=TACOM,0,,[TACOM];[CSR];[Admin];[ReadOnlyAudit];LocalDomainServers,15
525E859C938134D300096E8F9E229B98,D1EA,,11/08/2013 13:27:57,11/23/2013 13:27:57,CN=Oswaldo Ferreira-Lund/OU=CHPSID/O=TACOM,,ENG-2013-00642,VMA-2013-000041,"Tarquinio, Joshua",Complete,Routine,Bronze Star Medal :: J. L. TARQUINIO,J. L. TARQUINIO,Roman,Rotary-A,Spelling verified against authorization record;Award matches line item,11/08/2013 13:27:57,11/09/2013 13:27:57,11/23/2013 13:27:57,CN=Oswaldo Ferreira-Lund/OU=CHPSID/O=TACOM,1,Rework: name misspelled on first pass - verified against DD-214.,[TACOM];[CSR];[Admin];[ReadOnlyAudit];LocalDomainServers,15
4A78A378AFE3C3903A75980511FBFE25,D1EE,,10/09/2018 17:25:57,10/23/2018 19:25:57,CN=Oswaldo Ferreira-Lund/OU=CHPSID/O=TACOM,,ENG-2018-00122,VMA-2018-000013,"Castellanos, Nancy",Complete,Congressional,Bronze Star Medal :: N. R. CASTELLANOS,N. R. CASTELLANOS,Block,Rotary-A,Spelling verified against authorization record;Award matches line item,10/09/2018 17:25:57,10/11/2018 17:25:57,10/23/2018 19:25:57,CN=Oswaldo Ferreira-Lund/OU=CHPSID/O=TACOM,0,,[TACOM];[CSR];[Admin];[ReadOnlyAudit];LocalDomainServers,14
FE45B4BBAE5328776CB6E096C7237FCD,D1F2,,10/27/2019 14:38:33,11/01/2019 16:38:33,CN=Hector Amundsen/OU=CHPSID/O=TACOM,,ENG-2019-00417,VMA-2019-000033,"Fairweather, Kevin",Complete,Routine,Silver Star :: K. P. FAIRWEATHER,K. P. FAIRWEATHER,Block,Rotary-A,Spelling verified against authorization record;Award matches line item,10/27/2019 14:38:33,10/29/2019 14:38:33,11/01/2019 16:38:33,CN=Hector Amundsen/OU=CHPSID/O=TACOM,0,,[TACOM];[CSR];[Admin];[ReadOnlyAudit];LocalDomainServers,5
3C629FE47F16CAAB735D22F004A336DC,D1F6,,10/03/2020 13:21:46,10/10/2020 18:21:46,CN=Hector Amundsen/OU=CHPSID/O=TACOM,,ENG-2020-00583,VMA-2020-000049,"Yarrowdale, Rafael",Complete,Routine,Bronze Star Medal :: R. T. YARROWDALE,R. T. YARROWDALE,Block,Hand,Spelling verified against authorization record;Award matches line item,10/03/2020 13:21:46,10/05/2020 13:21:46,10/10/2020 18:21:46,CN=Hector Amundsen/OU=CHPSID/O=TACOM,0,,[TACOM];[CSR];[Admin];[ReadOnlyAudit];LocalDomainServers,7
F4CC52467F8806C36991DB4A2BCE7481,D1FA,,01/08/2021 14:51:07,01/14/2021 17:51:07,CN=Oswaldo Ferreira-Lund/OU=CHPSID/O=TACOM,,ENG-2021-01189,VMA-2020-000086,"Zellinger, Virginia",Complete,Routine,Silver Star :: V. W. ZELLINGER,V. W. ZELLINGER,Block,Rotary-A,Spelling verified against authorization record;Award matches line item,01/08/2021 14:51:07,01/12/2021 14:51:07,01/14/2021 17:51:07,CN=Oswaldo Ferreira-Lund/OU=CHPSID/O=TACOM,0,,[TACOM];[CSR];[Admin];[ReadOnlyAudit];LocalDomainServers,6
D2D690474E2ECB8CCB7BCFB3164BAE86,D1FE,,04/05/2026 18:56:57,04/22/2026 21:56:57,CN=Hector Amundsen/OU=CHPSID/O=TACOM,,ENG-2026-01187,VMA-2026-000516,"Ellsworthy, David",Complete,Congressional,Silver Star :: D. B. ELLSWORTHY;Purple Heart :: D. B. ELLSWORTHY,D. B. ELLSWORTHY,Block,Rotary-A,Spelling verified against authorization record;Award matches line item,04/05/2026 18:56:57,04/07/2026 18:56:57,04/22/2026 21:56:57,CN=Hector Amundsen/OU=CHPSID/O=TACOM,0,,[TACOM];[CSR];[Admin];[ReadOnlyAudit];LocalDomainServers,17
D76D80E85427A1F456A2884ADDB25F1E,D202,,01/29/2022 11:12:57,02/13/2022 13:12:57,CN=Oswaldo Ferreira-Lund/OU=CHPSID/O=TACOM,,ENG-2022-00188,VMA-2022-000019,"Tarquinio, Darnell",Complete,Routine,Purple Heart :: D. TARQUINIO;Distinguished Flying Cross :: D. TARQUINIO,D. TARQUINIO,Block,Rotary-A,Spelling verified against authorization record;Award matches line item,01/29/2022 11:12:57,01/30/2022 11:12:57,02/13/2022 13:12:57,CN=Oswaldo Ferreira-Lund/OU=CHPSID/O=TACOM,0,,[TACOM];[CSR];[Admin];[ReadOnlyAudit];LocalDomainServers,15
CECCC08E906D6AF4A196D93C89210818,D206,,04/21/2021 22:01:11,05/06/2021 23:01:11,CN=Oswaldo Ferreira-Lund/OU=CHPSID/O=TACOM,,ENG-2021-00706,VMA-2021-000059,"Kestleman, Richard",Complete,Congressional,Bronze Star Medal :: R. J. KESTLEMAN,R. J. KESTLEMAN,Block,Rotary-A,Spelling verified against authorization record;Award matches line item,04/21/2021 22:01:11,04/25/2021 22:01:11,05/06/2021 23:01:11,CN=Oswaldo Ferreira-Lund/OU=CHPSID/O=TACOM,0,,[TACOM];[CSR];[Admin];[ReadOnlyAudit];LocalDomainServers,15
95EC51105BADC06CB3D00AA10BFF8504,D20A,,06/12/2021 17:16:42,06/19/2021 17:16:42,CN=Oswaldo Ferreira-Lund/OU=CHPSID/O=TACOM,,ENG-2021-00128,VMA-2021-000010,"Wickersham, Joshua",Complete,Congressional,Purple Heart :: J. K. WICKERSHAM;Air Medal :: J. K. WICKERSHAM;Silver Star :: J. K. WICKERSHAM;Distinguished Flying Cross :: J. K. WICKERSHAM,J. K. WICKERSHAM,Block,Laser-1,Spelling verified against authorization record;Award matches line item,06/12/2021 17:16:42,06/15/2021 17:16:42,06/19/2021 17:16:42,CN=Oswaldo Ferreira-Lund/OU=CHPSID/O=TACOM,0,,[TACOM];[CSR];[Admin];[ReadOnlyAudit];LocalDomainServers,7
68DB99F84ADE075569F12199319614F6,D20E,,07/03/2026 16:12:46,07/20/2026 19:12:46,CN=Hector Amundsen/OU=CHPSID/O=TACOM,,ENG-2026-00448,VMA-2026-000178,"Montgomerie, Jose",Complete,Routine,Army Commendation Medal :: J. T. MONTGOMERIE,J. T. MONTGOMERIE,Roman,Laser-2,Spelling verified against authorization record;Award matches line item,07/03/2026 16:12:46,07/03/2026 16:12:46,07/20/2026 19:12:46,CN=Hector Amundsen/OU=CHPSID/O=TACOM,0,,[TACOM];[CSR];[Admin];[ReadOnlyAudit];LocalDomainServers,17
E6CD3D5DE4D903812F96723D2CE2B053,D212,,11/24/2018 17:58:43,12/06/2018 17:58:43,CN=Hector Amundsen/OU=CHPSID/O=TACOM,,ENG-2018-00097,VMA-2018-000012,"Zellinger, Jose",Complete,Routine,Silver Star :: J. E. ZELLINGER,J. E. ZELLINGER,Script,Rotary-A,Spelling verified against authorization record;Award matches line item,11/24/2018 17:58:43,11/25/2018 17:58:43,12/06/2018 17:58:43,CN=Hector Amundsen/OU=CHPSID/O=TACOM,0,,[TACOM];[CSR];[Admin];[ReadOnlyAudit];LocalDomainServers,12
0236EBB3913033780DACCF03666A5140,D216,,04/25/2008 12:40:45,05/05/2008 15:40:45,CN=Oswaldo Ferreira-Lund/OU=CHPSID/O=TACOM,,ENG-2008-00565,VMA-2008-000042,"Trevino, Jamal",Complete,Routine,Bronze Star Medal :: J. B. TREVINO,J. B. TREVINO,Block,Hand,Spelling verified against authorization record;Award matches line item,04/25/2008 12:40:45,04/28/2008 12:40:45,05/05/2008 15:40:45,CN=Oswaldo Ferreira-Lund/OU=CHPSID/O=TACOM,0,,[TACOM];[CSR];[Admin];[ReadOnlyAudit];LocalDomainServers,10
0FA60F864E967E547E11294DE5C5FF48,D21A,,04/12/2017 11:49:41,04/16/2017 13:49:41,CN=Oswaldo Ferreira-Lund/OU=CHPSID/O=TACOM,,ENG-2017-00041,VMA-2017-000007,"Ostrowski, Michael",Complete,Congressional,Bronze Star Medal :: M. E. OSTROWSKI,M. E. OSTROWSKI,Block,Hand,Spelling verified against authorization record;Award matches line item,04/12/2017 11:49:41,04/15/2017 11:49:41,04/16/2017 13:49:41,CN=Oswaldo Ferreira-Lund/OU=CHPSID/O=TACOM,0,,[TACOM];[CSR];[Admin];[ReadOnlyAudit];LocalDomainServers,4
E54B2A5063DC1C83C1DAF90128234CC5,D21E,,01/30/2020 16:48:27,02/05/2020 21:48:27,CN=Hector Amundsen/OU=CHPSID/O=TACOM,,ENG-2020-00420,VMA-2020-000033,"Ormsbee, Richard",Complete,Expedite,Silver Star :: R. W. ORMSBEE,R. W. ORMSBEE,Block,Hand,Spelling verified against authorization record;Award matches line item,01/30/2020 16:48:27,01/30/2020 16:48:27,02/05/2020 21:48:27,CN=Hector Amundsen/OU=CHPSID/O=TACOM,0,,[TACOM];[CSR];[Admin];[ReadOnlyAudit];LocalDomainServers,6
B5A777BAD9FE471AB40B1BB6D83D1D79,D222,,07/15/2026 11:05:25,07/29/2026 11:05:25,CN=Oswaldo Ferreira-Lund/OU=CHPSID/O=TACOM,,ENG-2026-00811,VMA-2026-000341,"Zabrowski, Gary",Complete,Routine,Bronze Star Medal :: G. S. ZABROWSKI,G. S. ZABROWSKI,Script,Rotary-A,Spelling verified against authorization record;Award matches line item,07/15/2026 11:05:25,07/18/2026 11:05:25,07/29/2026 11:05:25,CN=Oswaldo Ferreira-Lund/OU=CHPSID/O=TACOM,0,,[TACOM];[CSR];[Admin];[ReadOnlyAudit];LocalDomainServers,14
307E3656FFE13D2D74BCACD1D0A6FB60,D226,,05/02/2012 22:53:15,05/11/2012 00:53:15,CN=Oswaldo Ferreira-Lund/OU=CHPSID/O=TACOM,,ENG-2012-00229,VMA-2012-000023,"Ullswater, Norman",Complete,Expedite,Army Commendation Medal :: N. ULLSWATER,N. ULLSWATER,Block,Laser-1,Spelling verified against authorization record;Award matches line item,05/02/2012 22:53:15,05/04/2012 22:53:15,05/11/2012 00:53:15,CN=Oswaldo Ferreira-Lund/OU=CHPSID/O=TACOM,1,Rework: name misspelled on first pass - verified against DD-214.,[TACOM];[CSR];[Admin];[ReadOnlyAudit];LocalDomainServers,9
55E4DC909AF8C84724C4C93F3C3C08F2,D22A,,03/12/2012 14:20:54,03/27/2012 17:20:54,CN=Hector Amundsen/OU=CHPSID/O=TACOM,,ENG-2012-01038,VMA-2012-000095,"Beddingfield, Susan",Complete,Routine,Army Commendation Medal :: S. F. BEDDINGFIELD,S. F. BEDDINGFIELD,Block,Hand,Spelling verified against authorization record;Award matches line item,03/12/2012 14:20:54,03/13/2012 14:20:54,03/27/2012 17:20:54,CN=Hector Amundsen/OU=CHPSID/O=TACOM,0,,[TACOM];[CSR];[Admin];[ReadOnlyAudit];LocalDomainServers,15
183E99D3250821B01666722D0FA6397B,D22E,,03/04/2013 14:05:39,03/15/2013 18:05:39,CN=Oswaldo Ferreira-Lund/OU=CHPSID/O=TACOM,,ENG-2013-00403,VMA-2013-000021,"Escobedo, Dorothy",Complete,Routine,Silver Star :: D. K. ESCOBEDO,D. K. ESCOBEDO,Block,Laser-2,Spelling verified against authorization record;Award matches line item,03/04/2013 14:05:39,03/04/2013 14:05:39,03/15/2013 18:05:39,CN=Oswaldo Ferreira-Lund/OU=CHPSID/O=TACOM,0,,[TACOM];[CSR];[Admin];[ReadOnlyAudit];LocalDomainServers,11
A477EC86C7D80A7246DBBE75D50CF25B,D232,,09/24/2014 14:13:11,09/24/2014 14:13:11,CN=Ret Hamlin/OU=CHPSID/O=TACOM,,ENG-2014-01342,VMA-2014-000115,"Ellingboe, Brian",Cancelled,Congressional,Bronze Star Medal :: B. N. ELLINGBOE,B. N. ELLINGBOE,Script,,,09/24/2014 14:13:11,,,,0,,[TACOM];[CSR];[Admin];[ReadOnlyAudit];LocalDomainServers,0
1DF5F4C407AD9B140671C6E9015BFD18,D236,,03/27/2009 12:19:50,04/02/2009 16:19:50,CN=Hector Amundsen/OU=CHPSID/O=TACOM,,ENG-2009-01394,VMA-2009-000106,"Benavidez, Tyler",Complete,Routine,Air Medal :: T. N. BENAVIDEZ;Silver Star :: T. N. BENAVIDEZ,T. N. BENAVIDEZ,Block,Laser-1,Spelling verified against authorization record;Award matches line item,03/27/2009 12:19:50,03/30/2009 12:19:50,04/02/2009 16:19:50,CN=Hector Amundsen/OU=CHPSID/O=TACOM,0,,[TACOM];[CSR];[Admin];[ReadOnlyAudit];LocalDomainServers,6
D030DF3F82F537A1F52355DBD38BE7D1,D23A,,01/07/2011 19:47:20,01/16/2011 19:47:20,CN=Hector Amundsen/OU=CHPSID/O=TACOM,,ENG-2011-01196,VMA-2010-000083,"Cartlewood, Terrence",Complete,Routine,Purple Heart :: T. N. CARTLEWOOD,T. N. CARTLEWOOD,Roman,Rotary-A,Spelling verified against authorization record;Award matches line item,01/07/2011 19:47:20,01/09/2011 19:47:20,01/16/2011 19:47:20,CN=Hector Amundsen/OU=CHPSID/O=TACOM,1,Rework: name misspelled on first pass - verified against DD-214.,[TACOM];[CSR];[Admin];[ReadOnlyAudit];LocalDomainServers,9
9982342F2DF231CE8F00C3D86860395A,D23E,,03/31/2007 13:41:08,04/08/2007 14:41:08,CN=Oswaldo Ferreira-Lund/OU=CHPSID/O=TACOM,,ENG-2007-00303,VMA-2007-000023,"Ostrowski, Elizabeth",Complete,Routine,Bronze Star Medal :: E. OSTROWSKI,E. OSTROWSKI,Block,Laser-2,Spelling verified against authorization record;Award matches line item,03/31/2007 13:41:08,03/31/2007 13:41:08,04/08/2007 14:41:08,CN=Oswaldo Ferreira-Lund/OU=CHPSID/O=TACOM,0,,[TACOM];[CSR];[Admin];[ReadOnlyAudit];LocalDomainServers,8
DDB2E582B68B170EFFA9A860BAD0AB35,D242,,11/09/2012 14:34:40,11/21/2012 19:34:40,CN=Oswaldo Ferreira-Lund/OU=CHPSID/O=TACOM,,ENG-2012-01373,VMA-2012-000122,"Wexcombe, Anthony",Complete,Routine,Silver Star :: A. B. WEXCOMBE,A. B. WEXCOMBE,Roman,Hand,Spelling verified against authorization record;Award matches line item,11/09/2012 14:34:40,11/10/2012 14:34:40,11/21/2012 19:34:40,CN=Oswaldo Ferreira-Lund/OU=CHPSID/O=TACOM,0,,[TACOM];[CSR];[Admin];[ReadOnlyAudit];LocalDomainServers,12
981607D577F06DA22F530B9F515C626D,D246,,01/13/2017 22:12:58,01/31/2017 01:12:58,CN=Oswaldo Ferreira-Lund/OU=CHPSID/O=TACOM,,ENG-2017-01021,VMA-2017-000083,"Lattimore, Margaret",Complete,Routine,Purple Heart :: M. H. LATTIMORE,M. H. LATTIMORE,Script,Hand,Spelling verified against authorization record;Award matches line item,01/13/2017 22:12:58,01/14/2017 22:12:58,01/31/2017 01:12:58,CN=Oswaldo Ferreira-Lund/OU=CHPSID/O=TACOM,0,,[TACOM];[CSR];[Admin];[ReadOnlyAudit];LocalDomainServers,18
70D3299F70D1F17CBD85B19B6EE4B63A,D24A,,10/08/2025 18:17:42,10/15/2025 19:17:42,CN=Oswaldo Ferreira-Lund/OU=CHPSID/O=TACOM,,ENG-2025-00174,VMA-2025-000018,"Kestleman, Betty",Complete,Routine,Bronze Star Medal :: B. A. KESTLEMAN;Purple Heart :: B. A. KESTLEMAN,B. A. KESTLEMAN,Script,Laser-1,Spelling verified against authorization record;Award matches line item,10/08/2025 18:17:42,10/11/2025 18:17:42,10/15/2025 19:17:42,CN=Oswaldo Ferreira-Lund/OU=CHPSID/O=TACOM,0,,[TACOM];[CSR];[Admin];[ReadOnlyAudit];LocalDomainServers,7
B494D836593A664F86417EBB473A6D3B,D24E,,03/03/2006 19:46:03,03/11/2006 21:46:03,CN=Hector Amundsen/OU=CHPSID/O=TACOM,,ENG-2006-00669,VMA-2006-000050,"Abernook, Ralph",Complete,Congressional,Purple Heart :: R. K. ABERNOOK;Bronze Star Medal :: R. K. ABERNOOK,R. K. ABERNOOK,Block,Hand,Spelling verified against authorization record;Award matches line item,03/03/2006 19:46:03,03/03/2006 19:46:03,03/11/2006 21:46:03,CN=Hector Amundsen/OU=CHPSID/O=TACOM,0,,[TACOM];[CSR];[Admin];[ReadOnlyAudit];LocalDomainServers,8
8E1A5C996446743006EDB4215F4A17D8,D252,,09/24/2008 07:26:23,10/05/2008 10:26:23,CN=Oswaldo Ferreira-Lund/OU=CHPSID/O=TACOM,,ENG-2008-01227,VMA-2008-000083,"Vosburgh, Clarence",Complete,Routine,Bronze Star Medal :: C. E. VOSBURGH,C. E. VOSBURGH,Block,Laser-2,Spelling verified against authorization record;Award matches line item,09/24/2008 07:26:23,09/28/2008 07:26:23,10/05/2008 10:26:23,CN=Oswaldo Ferreira-Lund/OU=CHPSID/O=TACOM,0,,[TACOM];[CSR];[Admin];[ReadOnlyAudit];LocalDomainServers,11
0E86A8E4AEB8DE8570343422F5521B11,D256,,09/09/2017 14:14:44,09/17/2017 19:14:44,CN=Oswaldo Ferreira-Lund/OU=CHPSID/O=TACOM,,ENG-2017-00702,VMA-2017-000056,"Stroudmoor, Mildred",Complete,Routine,Army Commendation Medal :: M. L. STROUDMOOR,M. L. STROUDMOOR,Roman,Hand,Spelling verified against authorization record;Award matches line item,09/09/2017 14:14:44,09/11/2017 14:14:44,09/17/2017 19:14:44,CN=Oswaldo Ferreira-Lund/OU=CHPSID/O=TACOM,0,,[TACOM];[CSR];[Admin];[ReadOnlyAudit];LocalDomainServers,8
45BDE52F49B3E94C21F28BE7FF733336,D25A,,08/16/2021 17:56:15,08/30/2021 21:56:15,CN=Hector Amundsen/OU=CHPSID/O=TACOM,,ENG-2021-00947,VMA-2021-000081,"Saldivar, Nicole",Complete,Routine,Purple Heart :: N. M. SALDIVAR,N. M. SALDIVAR,Block,Laser-1,Spelling verified against authorization record;Award matches line item,08/16/2021 17:56:15,08/17/2021 17:56:15,08/30/2021 21:56:15,CN=Hector Amundsen/OU=CHPSID/O=TACOM,0,,[TACOM];[CSR];[Admin];[ReadOnlyAudit];LocalDomainServers,14
B3FA8623DCF01FAC798C9C7FD70B67CB,D25E,,06/29/2026 20:37:37,06/29/2026 20:37:37,CN=Benedetta Kowalczyk/OU=CHPSID/O=TACOM,,ENG-2026-00068,VMA-2026-000026,"Thornbury, Richard",Queued,Congressional,Bronze Star Medal :: R. M. THORNBURY,R. M. THORNBURY,Roman,,,06/29/2026 20:37:37,,,,0,,[TACOM];[CSR];[Admin];[ReadOnlyAudit];LocalDomainServers,64
A37DE3B50D6B2A390786B01FB98DA406,D262,,02/02/2012 10:48:26,02/02/2012 10:48:26,CN=Renata Vasquez-Holm/OU=CHPSID/O=TACOM,,ENG-2012-01456,VMA-2012-000239,"Maldonado-Vega, Walter",Queued,Routine,Army Commendation Medal :: L. ROCKWELL-SAYRE,,Block,,,02/02/2012 10:48:26,,,,0,,[TACOM];[CSR];[Admin];[ReadOnlyAudit];LocalDomainServers,5325
5385D38AB5D6CCD473044CB7B6E27CAE,D266,,11/01/2013 13:45:19,11/01/2013 13:45:19,CN=Marlene Okafor/OU=CHPSID/O=TACOM,,ENG-2013-01457,VMA-2013-000045,"Fennimark, Luis",Rework,Routine,Army Commendation Medal :: R. FIGUEROA-PAZ,,Block,,,11/01/2013 13:45:19,,,,0,,[TACOM];[CSR];[Admin];[ReadOnlyAudit];LocalDomainServers,4687
FEF1861C000CC14E5A99B6A2C851CB44,D26A,,03/18/2013 16:06:43,03/18/2013 16:06:43,CN=Lorraine Whitcombe/OU=CHPSID/O=TACOM,,ENG-2013-01458,VMA-2013-000755,"Crandall-Mott, Steven",Queued,Routine,Army Commendation Medal :: N. GASTRELLE,,Block,,,03/18/2013 16:06:43,,,,0,,[TACOM];[CSR];[Admin];[ReadOnlyAudit];LocalDomainServers,4915
1E03766AAA31876B78468BBAA4AEF009,D26E,,09/08/2014 08:58:16,09/08/2014 08:58:16,CN=Dwayne Petrakis/OU=CHPSID/O=TACOM,,ENG-2014-01459,VMA-2014-000755,"Fairweather, Susan",Rework,Routine,Army Commendation Medal :: A. TEMPLETON-ASH,,Block,,,09/08/2014 08:58:16,,,,0,,[TACOM];[CSR];[Admin];[ReadOnlyAudit];LocalDomainServers,4376
35A63ACC45D3891FAA997920CD95BDAC,D272,,07/13/2015 15:59:30,07/13/2015 15:59:30,CN=Renata Vasquez-Holm/OU=CHPSID/O=TACOM,,ENG-2015-01460,VMA-2015-000340,"Everleigh, Timothy",Queued,Routine,Army Commendation Medal :: S. ZAPATA-KELL,,Block,,,07/13/2015 15:59:30,,,,0,,[TACOM];[CSR];[Admin];[ReadOnlyAudit];LocalDomainServers,4068
FCF09DAA55845E1EC74450B770D3E93D,D276,,03/15/2018 16:01:36,03/15/2018 16:01:36,CN=Renata Vasquez-Holm/OU=CHPSID/O=TACOM,,ENG-2018-01461,VMA-2018-000837,"Everleigh, Mildred",Rework,Routine,Army Commendation Medal :: P. DRAKEFORD,,Block,,,03/15/2018 16:01:36,,,,0,,[TACOM];[CSR];[Admin];[ReadOnlyAudit];LocalDomainServers,3092
9A26B3D0E500C7410BF047820869CD0C,D27A,,04/20/2017 14:47:58,04/20/2017 14:47:58,CN=Marlene Okafor/OU=CHPSID/O=TACOM,,ENG-2017-01462,VMA-2017-000282,"Umberlake, Andre",Rework,Routine,Army Commendation Medal :: S. ZIMMERLY,,Block,,,04/20/2017 14:47:58,,,,0,,[TACOM];[CSR];[Admin];[ReadOnlyAudit];LocalDomainServers,3421
E739449748DFAFFAC22DBA7BAD3FFF7B,D27E,,08/06/2015 13:20:58,08/06/2015 13:20:58,CN=Lorraine Whitcombe/OU=CHPSID/O=TACOM,,ENG-2015-01463,VMA-2015-000414,"Benavidez-Cruz, Luis",Rework,Routine,Army Commendation Medal :: T. ZAPATA-KELL,,Block,,,08/06/2015 13:20:58,,,,0,,[TACOM];[CSR];[Admin];[ReadOnlyAudit];LocalDomainServers,4044
7F244B6AAE2C15DBB22E196BC225FD10,D282,,03/03/2014 13:29:00,03/03/2014 13:29:00,CN=Dwayne Petrakis/OU=CHPSID/O=TACOM,,ENG-2014-01464,VMA-2014-000193,"Nethercott, Elizabeth",Rework,Routine,Army Commendation Medal :: J. NORTHWAY,,Block,,,03/03/2014 13:29:00,,,,0,,[TACOM];[CSR];[Admin];[ReadOnlyAudit];LocalDomainServers,4565
265327CE1BFAE77B854E895A08751850,D286,,11/05/2016 12:29:31,11/05/2016 12:29:31,CN=Dwayne Petrakis/OU=CHPSID/O=TACOM,,ENG-2016-01465,VMA-2016-000802,"Villanueva-Cox, Howard",Queued,Routine,Army Commendation Medal :: A. HAVERSTOCK,,Block,,,11/05/2016 12:29:31,,,,0,,[TACOM];[CSR];[Admin];[ReadOnlyAudit];LocalDomainServers,3587
